Timestamp,JX,JY,B1_Dur,B2_Dur,Grip,Pitch,Roll,FSR_L_KG,FSR_R_KG,FSR_L_Newton,FSR_R_Newton,Fatigue_Live_KG,Vib_Active,Servo_Angle,Tremor_Flag,Tremor_Var,UI_Mode,FS_Up,FS_Down,FS_Left,FS_Right,FS_Trigger,FS_Thumb
1782456912.354,0,0,0,0,0,0.14,-1.08,0.0,0.0,0.0,0.0,0.0,0,90,0,0.0,0,False,False,False,False,False,False
1782456912.377,0,0,0,0,0,0.5,-3.98,0.0,0.0,0.0,0.0,0.0,0,90,0,0.0,0,False,False,False,False,False,False
1782456912.401,0,0,0,0,0,0.81,-6.72,0.0,0.0,0.0,0.0,0.0,0,90,0,0.0,0,False,False,False,False,False,False
1782456912.426,0,0,0,0,0,0.93,-7.83,0.0,0.0,0.0,0.0,0.0,0,90,0,0.0,0,False,False,False,False,False,False
1782456912.451,0,0,0,0,0,0.93,-7.89,0.0,0.0,0.0,0.0,0.0,0,90,0,0.0,0,False,False,False,False,False,False
1782456912.473,0,0,0,0,0,0.91,-7.64,0.0,0.0,0.0,0.0,0.0,0,90,0,0.0,0,False,False,False,False,False,False
1782456912.491,0,0,0,0,0,0.89,-7.46,0.0,0.0,0.0,0.0,0.0,0,90,0,0.0,0,False,False,False,False,False,False
1782456912.517,0,0,0,0,0,0.87,-7.4,0.0,0.0,0.0,0.0,0.0,0,90,0,0.0,0,False,False,False,False,False,False
1782456912.545,0,0,0,0,0,0.85,-7.42,0.0,0.0,0.0,0.0,0.0,0,90,0,0.0,0,False,False,False,False,False,False
1782456912.562,0,0,0,0,0,0.84,-7.44,0.0,0.0,0.0,0.0,0.0,0,90,0,0.0,0,False,False,False,False,False,False
1782456912.585,0,0,0,0,0,0.83,-7.46,0.0,0.0,0.0,0.0,0.0,0,90,0,0.0,0,False,False,False,False,False,False
1782456912.609,0,0,0,0,0,0.82,-7.46,0.0,0.0,0.0,0.0,0.0,0,90,0,0.0,0,False,False,False,False,False,False
1782456912.629,0,0,0,0,0,0.81,-7.45,0.0,0.0,0.0,0.0,0.0,0,90,0,0.0,0,False,False,False,False,False,False
1782456912.652,0,0,0,0,0,0.82,-7.45,0.0,0.0,0.0,0.0,0.0,0,90,0,0.0,0,False,False,False,False,False,False
1782456912.675,0,0,0,0,0,0.85,-7.45,0.0,0.0,0.0,0.0,0.0,0,90,0,0.0,0,False,False,False,False,False,False
1782456912.7,0,0,0,0,0,0.92,-7.44,0.0,0.0,0.0,0.0,0.0,0,90,0,0.0,0,False,False,False,False,False,False
1782456912.723,0,0,0,0,0,0.96,-7.43,0.0,0.0,0.0,0.0,0.0,0,90,0,0.0,0,False,False,False,False,False,False
1782456912.747,0,0,0,0,0,0.98,-7.42,0.0,0.0,0.0,0.0,0.0,0,90,0,0.0,0,False,False,False,False,False,False
1782456912.77,0,0,0,0,0,0.97,-7.42,0.0,0.0,0.0,0.0,0.0,0,90,0,0.0,0,False,False,False,False,False,False
1782456912.794,0,0,0,0,0,0.94,-7.43,0.0,0.0,0.0,0.0,0.0,0,90,0,0.0,0,False,False,False,False,False,False
1782456912.818,0,0,0,0,0,0.92,-7.44,0.0,0.0,0.0,0.0,0.0,0,90,0,0.0,0,False,False,False,False,False,False
1782456912.842,0,0,0,0,0,0.91,-7.43,0.0,0.0,0.0,0.0,0.0,0,90,0,0.0,0,False,False,False,False,False,False
1782456912.865,0,0,0,0,0,0.89,-7.43,0.0,0.0,0.0,0.0,0.0,0,90,0,0.0,0,False,False,False,False,False,False
1782456912.889,0,0,0,0,0,0.84,-7.45,0.0,0.0,0.0,0.0,0.0,0,90,0,0.0,0,False,False,False,False,False,False
1782456912.913,0,0,0,0,0,0.8,-7.46,0.0,0.0,0.0,0.0,0.0,0,90,0,0.0,0,False,False,False,False,False,False
1782456912.931,0,0,0,0,0,0.79,-7.48,0.0,0.0,0.0,0.0,0.0,0,90,0,0.0,0,False,False,False,False,False,False
1782456912.955,0,0,0,0,0,0.79,-7.47,0.0,0.0,0.0,0.0,0.0,0,90,0,0.0,0,False,False,False,False,False,False
1782456912.978,0,0,0,0,0,0.78,-7.47,0.0,0.0,0.0,0.0,0.0,0,90,0,0.0,0,False,False,False,False,False,False
1782456913.002,0,0,0,0,0,0.77,-7.46,0.0,0.0,0.0,0.0,0.0,0,90,0,0.0,0,False,False,False,False,False,False
1782456913.026,0,0,0,0,0,0.77,-7.46,0.0,0.0,0.0,0.0,0.0,0,90,0,0.0,0,False,False,False,False,False,False
1782456913.085,0,0,0,0,0,0.8,-7.46,0.0,0.0,0.0,0.0,0.0,0,90,0,0.0,0,False,False,False,False,False,False
1782456913.087,0,0,0,0,0,0.86,-7.46,0.0,0.0,0.0,0.0,0.0,0,90,0,0.0,0,False,False,False,False,False,False
1782456913.098,0,0,0,0,0,0.92,-7.45,0.0,0.0,0.0,0.0,0.0,0,90,0,0.0,0,False,False,False,False,False,False
1782456913.121,0,0,0,0,0,0.97,-7.45,0.0,0.0,0.0,0.0,0.0,0,90,0,0.0,0,False,False,False,False,False,False
1782456913.145,0,0,0,0,0,0.98,-7.46,0.0,0.0,0.0,0.0,0.0,0,90,0,0.0,0,False,False,False,False,False,False
1782456913.17,0,0,0,0,0,0.96,-7.47,0.0,0.0,0.0,0.0,0.0,0,90,0,0.0,0,False,False,False,False,False,False
1782456913.193,0,0,0,0,0,0.92,-7.48,0.0,0.0,0.0,0.0,0.0,0,90,0,0.0,0,False,False,False,False,False,False
1782456913.218,0,0,0,0,0,0.88,-7.48,0.0,0.0,0.0,0.0,0.0,0,90,0,0.0,0,False,False,False,False,False,False
1782456913.239,0,0,0,0,0,0.86,-7.47,0.0,0.0,0.0,0.0,0.0,0,90,0,0.0,0,False,False,False,False,False,False
1782456913.264,0,0,0,0,0,0.87,-7.47,0.0,0.0,0.0,0.0,0.0,0,90,0,0.0,0,False,False,False,False,False,False
1782456913.288,0,0,0,0,0,0.89,-7.47,0.0,0.0,0.0,0.0,0.0,0,90,0,0.0,0,False,False,False,False,False,False
1782456913.312,0,0,0,0,0,0.92,-7.48,0.0,0.0,0.0,0.0,0.0,0,90,0,0.0,0,False,False,False,False,False,False
1782456913.335,0,0,0,0,0,0.95,-7.48,0.0,0.0,0.0,0.0,0.0,0,90,0,0.0,0,False,False,False,False,False,False
1782456913.359,0,0,0,0,0,0.95,-7.48,0.0,0.0,0.0,0.0,0.0,0,90,0,0.0,0,False,False,False,False,False,False
1782456913.385,0,0,0,0,0,0.93,-7.48,0.0,0.0,0.0,0.0,0.0,0,90,0,0.0,0,False,False,False,False,False,False
1782456913.407,0,0,0,0,0,0.93,-7.47,0.0,0.0,0.0,0.0,0.0,0,90,0,0.0,0,False,False,False,False,False,False
1782456913.43,0,0,0,0,0,0.94,-7.47,0.0,0.0,0.0,0.0,0.0,0,90,0,0.0,0,False,False,False,False,False,False
1782456913.453,0,0,0,0,0,0.94,-7.47,0.0,0.0,0.0,0.0,0.0,0,90,0,0.0,0,False,False,False,False,False,False
1782456913.479,0,0,0,0,0,0.94,-7.46,0.0,0.0,0.0,0.0,0.0,0,90,0,0.0,0,False,False,False,False,False,False
1782456913.502,0,0,0,0,0,0.95,-7.45,0.0,0.0,0.0,0.0,0.0,0,90,0,0.0,0,False,False,False,False,False,False
1782456913.526,0,0,0,0,0,0.96,-7.45,0.0,0.0,0.0,0.0,0.0,0,90,0,0.0,0,False,False,False,False,False,False
1782456913.548,0,0,0,0,0,0.96,-7.45,0.0,0.0,0.0,0.0,0.0,0,90,0,0.0,0,False,False,False,False,False,False
1782456913.568,0,0,0,0,0,0.94,-7.45,0.0,0.0,0.0,0.0,0.0,0,90,0,0.0,0,False,False,False,False,False,False
1782456913.591,0,0,0,0,0,0.9,-7.45,0.0,0.0,0.0,0.0,0.0,0,90,0,0.0,0,False,False,False,False,False,False
1782456913.615,0,0,0,0,0,0.87,-7.45,0.0,0.0,0.0,0.0,0.0,0,90,0,0.0,0,False,False,False,False,False,False
1782456913.638,0,0,0,0,0,0.84,-7.45,0.0,0.0,0.0,0.0,0.0,0,90,0,0.0,0,False,False,False,False,False,False
1782456913.662,0,0,0,0,0,0.82,-7.44,0.0,0.0,0.0,0.0,0.0,0,90,0,0.0,0,False,False,False,False,False,False
1782456913.686,0,0,0,0,0,0.84,-7.42,0.0,0.0,0.0,0.0,0.0,0,90,0,0.0,0,False,False,False,False,False,False
1782456913.71,0,0,0,0,0,0.87,-7.41,0.0,0.0,0.0,0.0,0.0,0,90,0,0.0,0,False,False,False,False,False,False
1782456913.733,0,0,0,0,0,0.93,-7.41,0.0,0.0,0.0,0.0,0.0,0,90,0,0.22,0,False,False,False,False,False,False
1782456913.775,0,0,0,0,0,0.98,-7.41,0.0,0.0,0.0,0.0,0.0,0,90,0,0.22,0,False,False,False,False,False,False
1782456913.781,0,0,0,0,0,1.01,-7.42,0.0,0.0,0.0,0.0,0.0,0,90,0,0.22,0,False,False,False,False,False,False
1782456913.804,0,0,0,0,0,0.99,-7.43,0.0,0.0,0.0,0.0,0.0,0,90,0,0.22,0,False,False,False,False,False,False
1782456913.828,0,0,0,0,0,0.94,-7.44,0.0,0.0,0.0,0.0,0.0,0,90,0,0.21,0,False,False,False,False,False,False
1782456913.852,0,0,0,0,0,0.9,-7.44,0.0,0.0,0.0,0.0,0.0,0,90,0,0.21,0,False,False,False,False,False,False
1782456913.875,0,0,0,0,0,0.9,-7.44,0.0,0.0,0.0,0.0,0.0,0,90,0,0.2,0,False,False,False,False,False,False
1782456913.9,0,0,0,0,0,0.93,-7.43,0.0,0.0,0.0,0.0,0.0,0,90,0,0.18,0,False,False,False,False,False,False
1782456913.923,0,0,0,0,0,0.97,-7.43,0.0,0.0,0.0,0.0,0.0,0,90,0,0.14,0,False,False,False,False,False,False
1782456913.947,0,0,0,0,0,0.95,-7.44,0.0,0.0,0.0,0.0,0.0,0,90,0,0.12,0,False,False,False,False,False,False
1782456913.971,0,0,0,0,0,0.92,-7.44,0.0,0.0,0.0,0.0,0.0,0,90,0,0.12,0,False,False,False,False,False,False
1782456913.995,0,0,0,0,0,0.89,-7.44,0.0,0.0,0.0,0.0,0.0,0,90,0,0.11,0,False,False,False,False,False,False
1782456914.019,0,0,0,0,0,0.88,-7.45,0.0,0.0,0.0,0.0,0.0,0,90,0,0.09,0,False,False,False,False,False,False
1782456914.038,0,0,0,0,0,0.86,-7.46,0.0,0.0,0.0,0.0,0.0,0,90,0,0.06,0,False,False,False,False,False,False
1782456914.062,0,0,0,0,0,0.84,-7.48,0.0,0.0,0.0,0.0,0.0,0,90,0,0.04,0,False,False,False,False,False,False
1782456914.085,0,0,0,0,0,0.83,-7.48,0.0,0.0,0.0,0.0,0.0,0,90,0,0.04,0,False,False,False,False,False,False
1782456914.108,0,0,0,0,0,0.84,-7.48,0.0,0.0,0.0,0.0,0.0,0,90,0,0.04,0,False,False,False,False,False,False
1782456914.132,0,0,0,0,0,0.85,-7.48,0.0,0.0,0.0,0.0,0.0,0,90,0,0.03,0,False,False,False,False,False,False
1782456914.155,0,0,0,0,0,0.88,-7.47,0.0,0.0,0.0,0.0,0.0,0,90,0,0.02,0,False,False,False,False,False,False
1782456914.179,0,0,0,0,0,0.89,-7.46,0.0,0.0,0.0,0.0,0.0,0,90,0,0.01,0,False,False,False,False,False,False
1782456914.202,0,0,0,0,0,0.9,-7.45,0.0,0.0,0.0,0.0,0.0,0,90,0,0.01,0,False,False,False,False,False,False
1782456914.226,0,0,0,0,0,0.91,-7.45,0.0,0.0,0.0,0.0,0.0,0,90,0,0.01,0,False,False,False,False,False,False
1782456914.252,0,0,0,0,0,0.93,-7.45,0.0,0.0,0.0,0.0,0.0,0,90,0,0.01,0,False,False,False,False,False,False
1782456914.273,0,0,0,0,0,0.96,-7.45,0.0,0.0,0.0,0.0,0.0,0,90,0,0.0,0,False,False,False,False,False,False
1782456914.297,0,0,0,0,0,0.98,-7.45,0.0,0.0,0.0,0.0,0.0,0,90,0,0.0,0,False,False,False,False,False,False
1782456914.321,0,0,0,0,0,0.99,-7.46,0.0,0.0,0.0,0.0,0.0,0,90,0,0.0,0,False,False,False,False,False,False
1782456914.34,0,0,0,0,0,1.0,-7.46,0.0,0.0,0.0,0.0,0.0,0,90,0,0.0,0,False,False,False,False,False,False
1782456914.363,0,0,0,0,0,1.01,-7.46,0.0,0.0,0.0,0.0,0.0,0,90,0,0.0,0,False,False,False,False,False,False
1782456914.387,0,0,0,0,0,1.02,-7.46,0.0,0.0,0.0,0.0,0.0,0,90,0,0.0,0,False,False,False,False,False,False
1782456914.41,0,0,0,0,0,1.03,-7.46,0.0,0.0,0.0,0.0,0.0,0,90,0,0.0,0,False,False,False,False,False,False
1782456914.435,0,0,0,0,0,1.03,-7.45,0.0,0.0,0.0,0.0,0.0,0,90,0,0.0,0,False,False,False,False,False,False
1782456914.459,0,0,0,0,0,1.03,-7.44,0.0,0.0,0.0,0.0,0.0,0,90,0,0.0,0,False,False,False,False,False,False
1782456914.481,0,0,0,0,0,1.04,-7.43,0.0,0.0,0.0,0.0,0.0,0,90,0,0.0,0,False,False,False,False,False,False
1782456914.505,0,0,0,0,0,1.04,-7.43,0.0,0.0,0.0,0.0,0.0,0,90,0,0.0,0,False,False,False,False,False,False
1782456914.529,0,0,0,0,0,1.02,-7.42,0.0,0.0,0.0,0.0,0.0,0,90,0,0.0,0,False,False,False,False,False,False
1782456914.554,0,0,0,0,0,1.01,-7.42,0.0,0.0,0.0,0.0,0.0,0,90,0,0.0,0,False,False,False,False,False,False
1782456914.576,0,0,0,0,0,1.0,-7.43,0.0,0.0,0.0,0.0,0.0,0,90,0,0.0,0,False,False,False,False,False,False
1782456914.601,0,0,0,0,0,1.0,-7.43,0.0,0.0,0.0,0.0,0.0,0,90,0,0.0,0,False,False,False,False,False,False
1782456914.624,0,0,0,0,0,1.01,-7.41,0.0,0.0,0.0,0.0,0.0,0,90,0,0.0,0,False,False,False,False,False,False
1782456914.648,0,0,0,0,0,1.01,-7.41,0.0,0.0,0.0,0.0,0.0,0,90,0,0.0,0,False,False,False,False,False,False
1782456914.666,0,0,0,0,0,1.01,-7.42,0.0,0.0,0.0,0.0,0.0,0,90,0,0.0,0,False,False,False,False,False,False
1782456914.69,0,0,0,0,0,1.0,-7.43,0.0,0.0,0.0,0.0,0.0,0,90,0,0.0,0,False,False,False,False,False,False
1782456914.713,0,0,0,0,0,0.96,-7.44,0.0,0.0,0.0,0.0,0.0,0,90,0,0.0,0,False,False,False,False,False,False
1782456914.737,0,0,0,0,0,0.93,-7.44,0.0,0.0,0.0,0.0,0.0,0,90,0,0.0,0,False,False,False,False,False,False
1782456914.761,0,0,0,0,0,0.91,-7.44,0.0,0.0,0.0,0.0,0.0,0,90,0,0.0,0,False,False,False,False,False,False
1782456914.786,0,0,0,0,0,0.91,-7.44,0.0,0.0,0.0,0.0,0.0,0,90,0,0.0,0,False,False,False,False,False,False
1782456914.808,0,0,0,0,0,0.92,-7.44,0.0,0.0,0.0,0.0,0.0,0,90,0,0.0,0,False,False,False,False,False,False
1782456914.832,0,0,0,0,0,0.93,-7.44,0.0,0.0,0.0,0.0,0.0,0,90,0,0.0,0,False,False,False,False,False,False
1782456914.856,0,0,0,0,0,0.92,-7.45,0.0,0.0,0.0,0.0,0.0,0,90,0,0.0,0,False,False,False,False,False,False
1782456914.879,0,0,0,0,0,0.91,-7.45,0.0,0.0,0.0,0.0,0.0,0,90,0,0.0,0,False,False,False,False,False,False
1782456914.904,0,0,0,0,0,0.9,-7.46,0.0,0.0,0.0,0.0,0.0,0,90,0,0.0,0,False,False,False,False,False,False
1782456914.927,0,0,0,0,0,0.91,-7.46,0.0,0.0,0.0,0.0,0.0,0,90,0,0.0,0,False,False,False,False,False,False
1782456914.952,0,0,0,0,0,0.94,-7.46,0.0,0.0,0.0,0.0,0.0,0,90,0,0.0,0,False,False,False,False,False,False
1782456914.975,0,0,0,0,0,0.97,-7.47,0.0,0.0,0.0,0.0,0.0,0,90,0,0.0,0,False,False,False,False,False,False
1782456914.999,0,0,0,0,0,0.98,-7.47,0.0,0.0,0.0,0.0,0.0,0,90,0,0.0,0,False,False,False,False,False,False
1782456915.022,0,0,0,0,0,0.98,-7.46,0.0,0.0,0.0,0.0,0.0,0,90,0,0.0,0,False,False,False,False,False,False
1782456915.045,0,0,0,0,0,0.98,-7.44,0.0,0.0,0.0,0.0,0.0,0,90,0,0.0,0,False,False,False,False,False,False
1782456915.071,0,0,0,0,0,0.98,-7.42,0.0,0.0,0.0,0.0,0.0,0,90,0,0.0,0,False,False,False,False,False,False
1782456915.094,0,0,0,0,0,0.97,-7.42,0.0,0.0,0.0,0.0,0.0,0,90,0,0.0,0,False,False,False,False,False,False
1782456915.119,0,0,0,0,0,0.92,-7.43,0.0,0.0,0.0,0.0,0.0,0,90,0,0.0,0,False,False,False,False,False,False
1782456915.141,0,0,0,0,0,0.89,-7.45,0.0,0.0,0.0,0.0,0.0,0,90,0,0.0,0,False,False,False,False,False,False
1782456915.164,0,0,0,0,0,0.91,-7.47,0.0,0.0,0.0,0.0,0.0,0,90,0,0.0,0,False,False,False,False,False,False
1782456915.189,0,0,0,0,0,0.93,-7.47,0.0,0.0,0.0,0.0,0.0,0,90,0,0.0,0,False,False,False,False,False,False
1782456915.212,0,0,0,0,0,0.95,-7.46,0.0,0.0,0.0,0.0,0.0,0,90,0,0.0,0,False,False,False,False,False,False
1782456915.236,0,0,0,0,0,0.96,-7.46,0.0,0.0,0.0,0.0,0.0,0,90,0,0.0,0,False,False,False,False,False,False
1782456915.26,0,0,0,0,0,0.95,-7.45,0.0,0.0,0.0,0.0,0.0,0,90,0,0.0,0,False,False,False,False,False,False
1782456915.283,0,0,0,0,0,0.94,-7.46,0.0,0.0,0.0,0.0,0.0,0,90,0,0.0,0,False,False,False,False,False,False
1782456915.307,0,0,0,0,0,0.94,-7.45,0.0,0.0,0.0,0.0,0.0,0,90,0,0.0,0,False,False,False,False,False,False
1782456915.33,0,0,0,0,0,0.95,-7.44,0.0,0.0,0.0,0.0,0.0,0,90,0,0.0,0,False,False,False,False,False,False
1782456915.355,0,0,0,0,0,0.94,-7.44,0.0,0.0,0.0,0.0,0.0,0,90,0,0.0,0,False,False,False,False,False,False
1782456915.378,0,0,0,0,0,0.94,-7.45,0.0,0.0,0.0,0.0,0.0,0,90,0,0.0,0,False,False,False,False,False,False
1782456915.404,0,0,0,0,0,0.95,-7.46,0.0,0.0,0.0,0.0,0.0,0,90,0,0.0,0,False,False,False,False,False,False
1782456915.425,0,0,0,0,0,0.96,-7.46,0.0,0.0,0.0,0.0,0.0,0,90,0,0.0,0,False,False,False,False,False,False
1782456915.45,0,0,0,0,0,0.97,-7.46,0.0,0.0,0.0,0.0,0.0,0,90,0,0.0,0,False,False,False,False,False,False
1782456915.473,0,0,0,0,0,0.97,-7.44,0.0,0.0,0.0,0.0,0.0,0,90,0,0.0,0,False,False,False,False,False,False
1782456915.497,0,0,0,0,0,0.97,-7.43,0.0,0.0,0.0,0.0,0.0,0,90,0,0.0,0,False,False,False,False,False,False
1782456915.52,0,0,0,0,0,0.97,-7.46,0.0,0.0,0.0,0.0,0.0,0,90,0,0.0,0,False,False,False,False,False,False
1782456915.544,0,0,0,0,0,0.98,-7.49,0.0,0.0,0.0,0.0,0.0,0,90,0,0.0,0,False,False,False,False,False,False
1782456915.568,0,0,0,0,0,0.98,-7.5,0.0,0.0,0.0,0.0,0.0,0,90,0,0.0,0,False,False,False,False,False,False
1782456915.591,0,0,0,0,0,0.97,-7.56,0.0,0.0,0.0,0.0,0.0,0,90,0,0.0,0,False,False,False,False,False,False
1782456915.614,0,0,0,0,0,0.95,-7.64,0.0,0.0,0.0,0.0,0.0,0,90,0,0.0,0,False,False,False,False,False,False
1782456915.637,0,0,0,0,0,0.88,-7.7,0.0,0.0,0.0,0.0,0.0,0,90,0,0.0,0,False,False,False,False,False,False
1782456915.661,0,0,0,0,0,0.84,-7.78,0.0,0.0,0.0,0.0,0.0,0,90,0,0.0,0,False,False,False,False,False,False
1782456915.687,0,0,0,0,0,0.84,-7.83,0.0,0.0,0.0,0.0,0.0,0,90,0,0.0,0,False,False,False,False,False,False
1782456915.708,0,0,0,0,0,0.86,-7.79,0.0,0.0,0.0,0.0,0.0,0,90,0,0.0,0,False,False,False,False,False,False
1782456915.731,0,0,0,0,0,0.9,-7.72,0.0,0.0,0.0,0.0,0.0,0,90,0,0.0,0,False,False,False,False,False,False
1782456915.755,0,0,0,0,0,0.98,-7.6,0.0,0.0,0.0,0.0,0.0,0,90,0,0.0,0,False,False,False,False,False,False
1782456915.778,0,0,0,0,0,1.05,-7.45,0.0,0.0,0.0,0.0,0.0,0,90,0,0.0,0,False,False,False,False,False,False
1782456915.803,0,0,0,0,0,1.05,-7.3,0.0,0.0,0.0,0.0,0.0,0,90,0,0.0,0,False,False,False,False,False,False
1782456915.825,0,0,0,0,0,1.01,-7.18,0.0,0.0,0.0,0.0,0.0,0,90,0,0.0,0,False,False,False,False,False,False
1782456915.849,0,0,0,0,0,0.99,-7.06,0.0,0.0,0.0,0.0,0.0,0,90,0,0.0,0,False,False,False,False,False,False
1782456915.873,0,0,0,0,0,1.03,-6.91,0.0,0.0,0.0,0.0,0.0,0,90,0,0.0,0,False,False,False,False,False,False
1782456915.896,0,0,0,0,0,1.1,-6.8,0.0,0.0,0.0,0.0,0.0,0,90,0,0.0,0,False,False,False,False,False,False
1782456915.923,0,0,0,0,0,1.15,-6.73,0.0,0.0,0.0,0.0,0.0,0,90,0,0.0,0,False,False,False,False,False,False
1782456915.942,0,0,0,0,0,1.15,-6.71,0.0,0.0,0.0,0.0,0.0,0,90,0,0.0,0,False,False,False,False,False,False
1782456915.965,0,0,0,0,0,1.13,-6.68,0.0,0.0,0.0,0.0,0.0,0,90,0,0.0,0,False,False,False,False,False,False
1782456915.989,0,0,0,0,0,1.13,-6.66,0.0,0.0,0.0,0.0,0.0,0,90,0,0.0,0,False,False,False,False,False,False
1782456916.013,0,0,0,0,0,1.16,-6.67,0.0,0.0,0.0,0.0,0.0,0,90,0,0.0,0,False,False,False,False,False,False
1782456916.036,0,0,0,0,0,1.19,-6.68,0.0,0.0,0.0,0.0,0.0,0,90,0,0.0,0,False,False,False,False,False,False
1782456916.059,0,0,0,0,0,1.19,-6.55,0.0,0.0,0.0,0.0,0.0,0,90,0,0.0,0,False,False,False,False,False,False
1782456916.084,0,0,0,0,0,1.16,-6.24,0.0,0.0,0.0,0.0,0.0,0,90,0,0.0,0,False,False,False,False,False,False
1782456916.105,0,0,0,0,0,1.14,-5.93,0.0,0.0,0.0,0.0,0.0,0,90,0,0.0,0,False,False,False,False,False,False
1782456916.13,0,0,0,0,0,1.12,-5.81,0.0,0.0,0.0,0.0,0.0,0,90,0,0.0,0,False,False,False,False,False,False
1782456916.154,0,0,0,0,0,1.13,-5.86,0.0,0.0,0.0,0.0,0.0,0,90,0,0.0,0,False,False,False,False,False,False
1782456916.177,0,0,0,0,0,1.16,-5.97,0.0,0.0,0.0,0.0,0.0,0,90,0,0.0,0,False,False,False,False,False,False
1782456916.2,0,0,0,0,0,1.17,-6.05,0.0,0.0,0.0,0.0,0.0,0,90,0,0.0,0,False,False,False,False,False,False
1782456916.224,0,0,0,0,0,1.16,-6.1,0.0,0.0,0.0,0.0,0.0,0,90,0,0.0,0,False,False,False,False,False,False
1782456916.247,0,0,0,0,0,1.11,-6.12,0.0,0.0,0.0,0.0,0.0,0,90,0,0.0,0,False,False,False,False,False,False
1782456916.271,0,0,0,0,0,1.04,-6.14,0.0,0.0,0.0,0.0,0.0,0,90,0,0.0,0,False,False,False,False,False,False
1782456916.293,0,0,0,0,0,1.02,-6.16,0.0,0.0,0.0,0.0,0.0,0,90,0,0.0,0,False,False,False,False,False,False
1782456916.316,0,0,0,0,0,1.05,-6.18,0.0,0.0,0.0,0.0,0.0,0,90,0,0.0,0,False,False,False,False,False,False
1782456916.34,0,0,0,0,0,1.07,-6.19,0.0,0.0,0.0,0.0,0.0,0,90,0,0.0,0,False,False,False,False,False,False
1782456916.362,0,0,0,0,0,1.04,-6.2,0.0,0.0,0.0,0.0,0.0,0,90,0,0.0,0,False,False,False,False,False,False
1782456916.388,0,0,0,0,0,1.0,-6.2,0.0,0.0,0.0,0.0,0.0,0,90,0,0.0,0,False,False,False,False,False,False
1782456916.41,0,0,0,0,0,0.97,-6.18,0.0,0.0,0.0,0.0,0.0,0,90,0,0.0,0,False,False,False,False,False,False
1782456916.433,0,0,0,0,0,1.0,-6.18,0.0,0.0,0.0,0.0,0.0,0,90,0,0.0,0,False,False,False,False,False,False
1782456916.458,0,0,0,0,0,1.07,-6.17,0.0,0.0,0.0,0.0,0.0,0,90,0,0.0,0,False,False,False,False,False,False
1782456916.481,0,0,0,0,0,1.12,-6.11,0.0,0.0,0.0,0.0,0.0,0,90,0,0.0,0,False,False,False,False,False,False
1782456916.504,0,0,0,0,0,1.14,-5.93,0.0,0.0,0.0,0.0,0.0,0,90,0,0.0,0,False,False,False,False,False,False
1782456916.527,0,0,0,0,0,1.13,-5.7,0.0,0.0,0.0,0.0,0.0,0,90,0,0.0,0,False,False,False,False,False,False
1782456916.55,0,0,0,0,0,1.13,-5.49,0.0,0.0,0.0,0.0,0.0,0,90,0,0.01,0,False,False,False,False,False,False
1782456916.574,0,0,0,0,0,1.13,-5.33,0.0,0.0,0.0,0.0,0.0,0,90,0,0.01,0,False,False,False,False,False,False
1782456916.597,0,0,0,0,0,1.13,-5.2,0.0,0.0,0.0,0.0,0.0,0,90,0,0.01,0,False,False,False,False,False,False
1782456916.621,0,0,0,0,0,1.14,-5.1,0.0,0.0,0.0,0.0,0.0,0,90,0,0.01,0,False,False,False,False,False,False
1782456916.643,0,0,0,0,0,1.15,-5.03,0.0,0.0,0.0,0.0,0.0,0,90,0,0.01,0,False,False,False,False,False,False
1782456916.67,0,0,0,0,0,1.15,-4.98,0.0,0.0,0.0,0.0,0.0,0,90,0,0.01,0,False,False,False,False,False,False
1782456916.691,0,0,0,0,0,1.14,-4.98,0.0,0.0,0.0,0.0,0.0,0,90,0,0.01,0,False,False,False,False,False,False
1782456916.715,0,0,0,0,0,1.12,-5.02,0.0,0.0,0.0,0.0,0.0,0,90,0,0.01,0,False,False,False,False,False,False
1782456916.738,0,0,0,0,0,1.11,-5.1,0.0,0.0,0.0,0.0,0.0,0,90,0,0.01,0,False,False,False,False,False,False
1782456916.761,0,0,0,0,0,1.09,-5.17,0.0,0.0,0.0,0.0,0.0,0,90,0,0.01,0,False,False,False,False,False,False
1782456916.784,0,0,0,0,0,1.07,-5.25,0.0,0.0,0.0,0.0,0.0,0,90,0,0.01,0,False,False,False,False,False,False
1782456916.809,0,0,0,0,0,1.05,-5.48,0.0,0.0,0.0,0.0,0.0,0,90,0,0.01,0,False,False,False,False,False,False
1782456916.831,0,0,0,0,0,1.02,-5.85,0.0,0.0,0.0,0.0,0.0,0,90,0,0.01,0,False,False,False,False,False,False
1782456916.855,0,0,0,0,0,1.0,-6.23,0.0,0.0,0.0,0.0,0.0,0,90,0,0.01,0,False,False,False,False,False,False
1782456916.879,0,0,0,0,0,0.99,-6.61,0.0,0.0,0.0,0.0,0.0,0,90,0,0.01,0,False,False,False,False,False,False
1782456916.904,0,0,0,0,0,0.98,-6.91,0.0,0.0,0.0,0.0,0.0,0,90,0,0.01,0,False,False,False,False,False,False
1782456916.925,0,0,0,0,0,0.96,-7.02,0.0,0.0,0.0,0.0,0.0,0,90,0,0.01,0,False,False,False,False,False,False
1782456916.95,0,0,0,0,0,0.93,-6.93,0.0,0.0,0.0,0.0,0.0,0,90,0,0.01,0,False,False,False,False,False,False
1782456916.972,0,0,0,0,0,0.91,-6.72,0.0,0.0,0.0,0.0,0.0,0,90,0,0.01,0,False,False,False,False,False,False
1782456916.997,0,0,0,0,0,0.9,-6.52,0.0,0.0,0.0,0.0,0.0,0,90,0,0.01,0,False,False,False,False,False,False
1782456917.02,0,0,0,0,0,0.9,-6.39,0.0,0.0,0.0,0.0,0.0,0,90,0,0.01,0,False,False,False,False,False,False
1782456917.043,0,0,0,0,0,0.91,-6.36,0.0,0.0,0.0,0.0,0.0,0,90,0,0.01,0,False,False,False,False,False,False
1782456917.067,0,0,0,0,0,0.92,-6.43,0.0,0.0,0.0,0.0,0.0,0,90,0,0.01,0,False,False,False,False,False,False
1782456917.09,0,0,0,0,0,0.92,-6.53,0.0,0.0,0.0,0.0,0.0,0,90,0,0.01,0,False,False,False,False,False,False
1782456917.114,0,0,0,0,0,0.93,-6.55,0.0,0.0,0.0,0.0,0.0,0,90,0,0.01,0,False,False,False,False,False,False
1782456917.137,0,0,0,0,0,0.94,-6.53,0.0,0.0,0.0,0.0,0.0,0,90,0,0.01,0,False,False,False,False,False,False
1782456917.161,0,0,0,0,0,0.95,-6.58,0.0,0.0,0.0,0.0,0.0,0,90,0,0.01,0,False,False,False,False,False,False
1782456917.184,0,0,0,0,0,0.95,-6.62,0.0,0.0,0.0,0.0,0.0,0,90,0,0.01,0,False,False,False,False,False,False
1782456917.207,0,0,0,0,0,0.95,-6.6,0.0,0.0,0.0,0.0,0.0,0,90,0,0.01,0,False,False,False,False,False,False
1782456917.231,0,0,0,0,0,0.94,-6.61,0.0,0.0,0.0,0.0,0.0,0,90,0,0.01,0,False,False,False,False,False,False
1782456917.256,0,0,0,0,0,0.93,-6.67,0.0,0.0,0.0,0.0,0.0,0,90,0,0.01,0,False,False,False,False,False,False
1782456917.278,0,0,0,0,0,0.93,-6.74,0.0,0.0,0.0,0.0,0.0,0,90,0,0.01,0,False,False,False,False,False,False
1782456917.301,0,0,0,0,0,0.94,-6.74,0.0,0.0,0.0,0.0,0.0,0,90,0,0.01,0,False,False,False,False,False,False
1782456917.324,0,0,0,0,0,0.95,-6.7,0.0,0.0,0.0,0.0,0.0,0,90,0,0.01,0,False,False,False,False,False,False
1782456917.348,0,0,0,0,0,0.93,-6.7,0.0,0.0,0.0,0.0,0.0,0,90,0,0.02,0,False,False,False,False,False,False
1782456917.372,0,0,0,0,0,0.91,-6.74,0.0,0.0,0.0,0.0,0.0,0,90,0,0.02,0,False,False,False,False,False,False
1782456917.395,0,0,0,0,0,0.89,-6.76,0.0,0.0,0.0,0.0,0.0,0,90,0,0.02,0,False,False,False,False,False,False
1782456917.418,0,0,0,0,0,0.88,-6.77,0.0,0.0,0.0,0.0,0.0,0,90,0,0.02,0,False,False,False,False,False,False
1782456917.442,0,0,0,0,0,0.89,-6.76,0.0,0.0,0.0,0.0,0.0,0,90,0,0.02,0,False,False,False,False,False,False
1782456917.465,0,0,0,0,0,0.9,-6.73,0.0,0.0,0.0,0.0,0.0,0,90,0,0.02,0,False,False,False,False,False,False
1782456917.489,0,0,0,0,0,0.91,-6.72,0.0,0.0,0.0,0.0,0.0,0,90,0,0.02,0,False,False,False,False,False,False
1782456917.513,0,0,0,0,0,0.93,-6.72,0.0,0.0,0.0,0.0,0.0,0,90,0,0.02,0,False,False,False,False,False,False
1782456917.536,0,0,0,0,0,0.94,-6.41,0.0,0.0,0.0,0.0,0.0,0,90,0,0.01,0,False,False,False,False,False,False
1782456917.559,0,0,0,0,0,0.94,-5.6,0.0,0.0,0.0,0.0,0.0,0,90,0,0.02,0,False,False,False,False,False,False
1782456917.583,0,0,0,0,0,0.93,-4.76,0.0,0.0,0.0,0.0,0.0,0,90,0,0.02,0,False,False,False,False,False,False
1782456917.606,0,0,0,0,0,0.93,-4.3,0.0,0.0,0.0,0.0,0.0,0,90,0,0.02,0,False,False,False,False,False,False
1782456917.629,0,0,0,0,0,0.94,-4.13,0.0,0.0,0.0,0.0,0.0,0,90,0,0.01,0,False,False,False,False,False,False
1782456917.654,0,0,0,0,0,0.94,-4.07,0.0,0.0,0.0,0.0,0.0,0,90,0,0.01,0,False,False,False,False,False,False
1782456917.676,0,0,0,0,0,0.94,-4.05,0.0,0.0,0.0,0.0,0.0,0,90,0,0.02,0,False,False,False,False,False,False
1782456917.7,0,0,0,0,0,0.98,-4.04,0.0,0.0,0.0,0.0,0.0,0,90,0,0.02,0,False,False,False,False,False,False
1782456917.723,0,0,0,0,0,1.07,-4.0,0.0,0.0,0.0,0.0,0.0,0,90,0,0.02,0,False,False,False,False,False,False
1782456917.747,0,0,0,0,0,1.14,-3.93,0.0,0.0,0.0,0.0,0.0,0,90,0,0.02,0,False,False,False,False,False,False
1782456917.771,0,0,0,0,0,1.17,-3.88,0.0,0.0,0.0,0.0,0.0,0,90,0,0.02,0,False,False,False,False,False,False
1782456917.794,0,0,0,0,0,1.14,-3.89,0.0,0.0,0.0,0.0,0.0,0,90,0,0.02,0,False,False,False,False,False,False
1782456917.816,0,0,0,0,0,1.1,-3.96,0.0,0.0,0.0,0.0,0.0,0,90,0,0.02,0,False,False,False,False,False,False
1782456917.841,0,0,0,0,0,1.07,-4.03,0.0,0.0,0.0,0.0,0.0,0,90,0,0.03,0,False,False,False,False,False,False
1782456917.864,0,0,0,0,0,1.04,-4.04,0.0,0.0,0.0,0.0,0.0,0,90,0,0.03,0,False,False,False,False,False,False
1782456917.889,0,0,0,0,0,1.0,-4.18,0.0,0.0,0.0,0.0,0.0,0,90,0,0.03,0,False,False,False,False,False,False
1782456917.911,0,0,0,0,0,0.99,-4.71,0.0,0.0,0.0,0.0,0.0,0,90,0,0.03,0,False,False,False,False,False,False
1782456917.935,0,0,0,0,0,1.0,-5.43,0.0,0.0,0.0,0.0,0.0,0,90,0,0.03,0,False,False,False,False,False,False
1782456917.958,0,0,0,0,0,1.02,-6.0,0.0,0.0,0.0,0.0,0.0,0,90,0,0.03,0,False,False,False,False,False,False
1782456917.982,0,0,0,0,0,1.03,-6.28,0.0,0.0,0.0,0.0,0.0,0,90,0,0.03,0,False,False,False,False,False,False
1782456918.005,0,0,0,0,0,1.05,-6.25,0.0,0.0,0.0,0.0,0.0,0,90,0,0.03,0,False,False,False,False,False,False
1782456918.028,0,0,0,0,0,1.06,-6.02,0.0,0.0,0.0,0.0,0.0,0,90,0,0.03,0,False,False,False,False,False,False
1782456918.052,0,0,0,0,0,1.08,-5.73,0.0,0.0,0.0,0.0,0.0,0,90,0,0.03,0,False,False,False,False,False,False
1782456918.074,0,0,0,0,0,1.09,-5.52,0.0,0.0,0.0,0.0,0.0,0,90,0,0.04,0,False,False,False,False,False,False
1782456918.098,0,0,0,0,0,1.1,-5.42,0.0,0.0,0.0,0.0,0.0,0,90,0,0.04,0,False,False,False,False,False,False
1782456918.123,0,0,0,0,0,1.07,-5.43,0.0,0.0,0.0,0.0,0.0,0,90,0,0.04,0,False,False,False,False,False,False
1782456918.145,0,0,0,0,0,1.03,-5.53,0.0,0.0,0.0,0.0,0.0,0,90,0,0.04,0,False,False,False,False,False,False
1782456918.168,0,0,0,0,0,1.01,-5.65,0.0,0.0,0.0,0.0,0.0,0,90,0,0.05,0,False,False,False,False,False,False
1782456918.192,0,0,0,0,0,1.0,-5.75,0.0,0.0,0.0,0.0,0.0,0,90,0,0.05,0,False,False,False,False,False,False
1782456918.215,0,0,0,0,0,1.0,-5.94,0.0,0.0,0.0,0.0,0.0,0,90,0,0.05,0,False,False,False,False,False,False
1782456918.238,0,0,0,0,0,0.99,-6.12,0.0,0.0,0.0,0.0,0.0,0,90,0,0.05,0,False,False,False,False,False,False
1782456918.263,0,0,0,0,0,0.99,-6.13,0.0,0.0,0.0,0.0,0.0,0,90,0,0.05,0,False,False,False,False,False,False
1782456918.286,0,0,0,0,0,0.97,-6.03,0.0,0.0,0.0,0.0,0.0,0,90,0,0.05,0,False,False,False,False,False,False
1782456918.309,0,0,0,0,0,0.96,-5.93,0.0,0.0,0.0,0.0,0.0,0,90,0,0.06,0,False,False,False,False,False,False
1782456918.333,0,0,0,0,0,0.96,-5.92,0.0,0.0,0.0,0.0,0.0,0,90,0,0.06,0,False,False,False,False,False,False
1782456918.357,0,0,0,0,0,0.95,-6.01,0.0,0.0,0.0,0.0,0.0,0,90,0,0.06,0,False,False,False,False,False,False
1782456918.38,0,0,0,0,0,0.95,-6.13,0.0,0.0,0.0,0.0,0.0,0,90,0,0.06,0,False,False,False,False,False,False
1782456918.404,0,0,0,0,0,0.95,-6.19,0.0,0.0,0.0,0.0,0.0,0,90,0,0.06,0,False,False,False,False,False,False
1782456918.426,0,0,0,0,0,0.94,-6.18,0.0,0.0,0.0,0.0,0.0,0,90,0,0.06,0,False,False,False,False,False,False
1782456918.451,0,0,0,0,0,0.93,-6.18,0.0,0.0,0.0,0.0,0.0,0,90,0,0.06,0,False,False,False,False,False,False
1782456918.473,0,0,0,0,0,0.93,-6.23,0.0,0.0,0.0,0.0,0.0,0,90,0,0.06,0,False,False,False,False,False,False
1782456918.497,0,0,0,0,0,0.92,-6.28,0.0,0.0,0.0,0.0,0.0,0,90,0,0.06,0,False,False,False,False,False,False
1782456918.521,0,0,0,0,0,0.9,-6.33,0.0,0.0,0.0,0.0,0.0,0,90,0,0.06,0,False,False,False,False,False,False
1782456918.544,0,0,0,0,0,0.87,-6.44,0.0,0.0,0.0,0.0,0.0,0,90,0,0.06,0,False,False,False,False,False,False
1782456918.568,0,0,0,0,0,0.87,-6.63,0.0,0.0,0.0,0.0,0.0,0,90,0,0.06,0,False,False,False,False,False,False
1782456918.591,0,0,0,0,0,0.85,-6.86,0.0,0.0,0.0,0.0,0.0,0,90,0,0.06,0,False,False,False,False,False,False
1782456918.615,0,0,0,0,0,0.8,-7.11,0.0,0.0,0.0,0.0,0.0,0,90,0,0.06,0,False,False,False,False,False,False
1782456918.639,0,0,0,0,0,0.81,-7.38,0.0,0.0,0.0,0.0,0.0,0,90,0,0.06,0,False,False,False,False,False,False
1782456918.662,0,0,0,0,0,0.88,-7.69,0.0,0.0,0.0,0.0,0.0,0,90,0,0.06,0,False,False,False,False,False,False
1782456918.686,0,0,0,0,0,0.94,-8.0,0.0,0.0,0.0,0.0,0.0,0,90,0,0.06,0,False,False,False,False,False,False
1782456918.708,0,0,0,0,0,0.94,-8.29,0.0,0.0,0.0,0.0,0.0,0,90,0,0.06,0,False,False,False,False,False,False
1782456918.733,0,0,0,0,0,0.89,-8.56,0.0,0.0,0.0,0.0,0.0,0,90,0,0.06,0,False,False,False,False,False,False
1782456918.757,0,0,0,0,0,0.83,-8.85,0.0,0.0,0.0,0.0,0.0,0,90,0,0.06,0,False,False,False,False,False,False
1782456918.779,0,0,0,0,0,0.83,-9.14,0.0,0.0,0.0,0.0,0.0,0,90,0,0.06,0,False,False,False,False,False,False
1782456918.802,0,0,0,0,0,0.77,-9.36,0.0,0.0,0.0,0.0,0.0,0,90,0,0.06,0,False,False,False,False,False,False
1782456918.825,0,0,0,0,0,0.6,-9.48,0.0,0.0,0.0,0.0,0.0,0,90,0,0.06,0,False,False,False,False,False,False
1782456918.85,0,0,0,0,0,0.53,-9.53,0.0,0.0,0.0,0.0,0.0,0,90,0,0.06,0,False,False,False,False,False,False
1782456918.874,0,0,0,0,0,0.64,-9.65,0.0,0.0,0.0,0.0,0.0,0,90,0,0.06,0,False,False,False,False,False,False
1782456918.897,0,0,0,0,0,0.74,-9.78,0.0,0.0,0.0,0.0,0.0,0,90,0,0.06,0,False,False,False,False,False,False
1782456918.92,0,0,0,0,0,0.69,-9.75,0.0,0.0,0.0,0.0,0.0,0,90,0,0.06,0,False,False,False,False,False,False
1782456918.944,0,0,0,0,0,0.46,-9.99,0.0,0.0,0.0,0.0,0.0,0,90,0,0.06,0,False,False,False,False,False,False
1782456918.967,0,0,0,0,0,0.11,-10.87,0.0,0.0,0.0,0.0,0.0,0,90,0,0.06,0,False,False,False,False,False,False
1782456918.991,0,0,0,0,0,-0.31,-11.9,0.0,0.0,0.0,0.0,0.0,0,90,0,0.06,0,False,False,False,False,False,False
1782456919.014,0,0,0,0,0,-0.74,-12.64,0.0,0.0,0.0,0.0,0.0,0,90,0,0.06,0,False,False,False,False,False,False
1782456919.04,0,0,0,0,0,-1.15,-13.08,0.0,0.0,0.0,0.0,0.0,0,90,0,0.06,0,False,False,False,False,False,False
1782456919.062,0,0,0,0,0,-1.52,-13.25,0.0,0.0,0.0,0.0,0.0,0,90,0,0.06,0,False,False,False,False,False,False
1782456919.085,0,0,0,0,0,-1.84,-13.27,0.0,0.0,0.0,0.0,0.0,0,90,0,0.06,0,False,False,False,False,False,False
1782456919.108,0,0,0,0,0,-2.14,-13.35,0.0,0.0,0.0,0.0,0.0,0,90,0,0.06,0,False,False,False,False,False,False
1782456919.131,0,0,0,0,0,-2.44,-13.45,0.0,0.0,0.0,0.0,0.0,0,90,0,0.06,0,False,False,False,False,False,False
1782456919.157,0,0,0,0,0,-2.67,-13.52,0.0,0.0,0.0,0.0,0.0,0,90,0,0.06,0,False,False,False,False,False,False
1782456919.179,0,0,0,0,0,-2.74,-13.67,0.0,0.0,0.0,0.0,0.0,0,90,0,0.06,0,False,False,False,False,False,False
1782456919.203,0,0,0,0,0,-2.66,-13.88,0.0,0.0,0.0,0.0,0.0,0,90,0,0.06,0,False,False,False,False,False,False
1782456919.225,0,0,0,0,0,-2.52,-13.98,0.0,0.0,0.0,0.0,0.0,0,90,0,0.06,0,False,False,False,False,False,False
1782456919.249,0,0,0,0,0,-2.48,-13.99,0.0,0.0,0.0,0.0,0.0,0,90,0,0.06,0,False,False,False,False,False,False
1782456919.274,0,0,0,0,0,-2.3,-13.96,0.0,0.0,0.0,0.0,0.0,0,90,0,0.07,0,False,False,False,False,False,False
1782456919.295,0,0,0,0,0,-1.74,-13.94,0.0,0.0,0.0,0.0,0.0,0,90,0,0.07,0,False,False,False,False,False,False
1782456919.32,0,0,0,0,0,-1.17,-13.94,0.0,0.0,0.0,0.0,0.0,0,90,0,0.07,0,False,False,False,False,False,False
1782456919.343,0,0,0,0,0,-0.95,-13.97,0.0,0.0,0.0,0.0,0.0,0,90,0,0.07,0,False,False,False,False,False,False
1782456919.361,0,0,0,0,0,-1.01,-14.02,0.0,0.0,0.0,0.0,0.0,0,90,0,0.06,0,False,False,False,False,False,False
1782456919.386,0,0,0,0,0,-1.2,-14.5,0.0,0.0,0.0,0.0,0.0,0,90,0,0.06,0,False,False,False,False,False,False
1782456919.409,0,0,0,0,0,-1.44,-15.75,0.0,0.0,0.0,0.0,0.0,0,90,0,0.06,0,False,False,False,False,False,False
1782456919.433,0,0,0,0,0,-1.69,-17.28,0.0,0.0,0.0,0.0,0.0,0,90,0,0.07,0,False,False,False,False,False,False
1782456919.459,0,0,0,0,0,-1.89,-18.54,0.0,0.0,0.0,0.0,0.0,0,90,0,0.07,0,False,False,False,False,False,False
1782456919.482,0,0,0,0,0,-2.0,-19.56,0.0,0.0,0.0,0.0,0.0,0,90,0,0.06,0,False,False,False,False,False,False
1782456919.507,0,0,0,0,0,-2.03,-20.53,0.0,0.0,0.0,0.0,0.0,0,90,0,0.06,0,False,False,False,False,False,False
1782456919.529,0,0,0,0,0,-2.03,-21.58,0.0,0.0,0.0,0.0,0.0,0,90,0,0.06,0,False,False,False,False,False,False
1782456919.553,0,0,0,0,0,-2.01,-22.6,0.0,0.0,0.0,0.0,0.0,0,90,0,0.07,0,False,False,False,False,False,False
1782456919.578,0,0,0,0,0,-2.01,-23.35,0.0,0.0,0.0,0.0,0.0,0,90,0,0.07,0,False,False,False,False,False,False
1782456919.602,0,0,0,0,0,-2.11,-23.67,0.0,0.0,0.0,0.0,0.0,0,90,0,0.07,0,False,False,False,False,False,False
1782456919.625,0,0,0,0,0,-2.36,-23.65,0.0,0.0,0.0,0.0,0.0,0,90,0,0.07,0,False,False,False,False,False,False
1782456919.649,0,0,0,0,0,-2.59,-23.47,0.0,0.0,0.0,0.0,0.0,0,90,0,0.07,0,False,False,False,False,False,False
1782456919.674,0,0,0,0,0,-2.67,-23.3,0.0,0.0,0.0,0.0,0.0,0,90,0,0.07,0,False,False,False,False,False,False
1782456919.696,0,0,0,0,0,-2.64,-23.19,0.0,0.0,0.0,0.0,0.0,0,90,0,0.07,0,False,False,False,False,False,False
1782456919.721,0,0,0,0,0,-2.59,-23.13,0.0,0.0,0.0,0.0,0.0,0,90,0,0.07,0,False,False,False,False,False,False
1782456919.745,0,0,0,0,0,-2.54,-23.07,0.0,0.0,0.0,0.0,0.0,0,90,0,0.07,0,False,False,False,False,False,False
1782456919.769,0,0,0,0,0,-2.5,-22.99,0.0,0.0,0.0,0.0,0.0,0,90,0,0.07,0,False,False,False,False,False,False
1782456919.792,0,0,0,0,0,-2.48,-22.9,0.0,0.0,0.0,0.0,0.0,0,90,0,0.07,0,False,False,False,False,False,False
1782456919.816,0,0,0,0,0,-2.46,-22.82,0.0,0.0,0.0,0.0,0.0,0,90,0,0.07,0,False,False,False,False,False,False
1782456919.84,0,0,0,0,0,-2.44,-22.73,0.0,0.0,0.0,0.0,0.0,0,90,0,0.07,0,False,False,False,False,False,False
1782456919.864,0,0,0,0,0,-2.42,-22.64,0.0,0.0,0.0,0.0,0.0,0,90,0,0.07,0,False,False,False,False,False,False
1782456919.882,0,0,0,0,0,-2.4,-22.54,0.0,0.0,0.0,0.0,0.0,0,90,0,0.07,0,False,False,False,False,False,False
1782456919.908,0,0,0,0,0,-2.38,-22.45,0.0,0.0,0.0,0.0,0.0,0,90,0,0.07,0,False,False,False,False,False,False
1782456919.93,0,0,0,0,0,-2.36,-22.35,0.0,0.0,0.0,0.0,0.0,0,90,0,0.07,0,False,False,False,False,False,False
1782456919.954,0,0,0,0,0,-2.34,-22.25,0.0,0.0,0.0,0.0,0.0,0,90,0,0.07,0,False,False,False,False,False,False
1782456919.974,0,0,0,0,0,-2.32,-22.15,0.0,0.0,0.0,0.0,0.0,0,90,0,0.07,0,False,False,False,False,False,False
1782456919.995,0,0,0,0,0,-2.3,-22.06,0.0,0.0,0.0,0.0,0.0,0,90,0,0.07,0,False,False,False,False,False,False
1782456920.02,0,0,0,0,0,-2.28,-21.96,0.0,0.0,0.0,0.0,0.0,0,90,0,0.07,0,False,False,False,False,False,False
1782456920.044,0,0,0,0,0,-2.25,-21.87,0.0,0.0,0.0,0.0,0.0,0,90,0,0.07,0,False,False,False,False,False,False
1782456920.069,0,0,0,0,0,-2.23,-21.77,0.0,0.0,0.0,0.0,0.0,0,90,0,0.07,0,False,False,False,False,False,False
1782456920.093,0,0,0,0,0,-2.21,-21.66,0.0,0.0,0.0,0.0,0.0,0,90,0,0.07,0,False,False,False,False,False,False
1782456920.115,0,0,0,0,0,-2.19,-21.56,0.0,0.0,0.0,0.0,0.0,0,90,0,0.07,0,False,False,False,False,False,False
1782456920.134,0,0,0,0,0,-2.17,-21.47,0.0,0.0,0.0,0.0,0.0,0,90,0,0.07,0,False,False,False,False,False,False
1782456920.16,0,0,0,0,0,-2.14,-21.39,0.0,0.0,0.0,0.0,0.0,0,90,0,0.07,0,False,False,False,False,False,False
1782456920.177,0,0,0,0,0,-2.12,-21.31,0.0,0.0,0.0,0.0,0.0,0,90,0,0.07,0,False,False,False,False,False,False
1782456920.201,0,0,0,0,0,-2.1,-21.23,0.0,0.0,0.0,0.0,0.0,0,90,0,0.07,0,False,False,False,False,False,False
1782456920.226,0,0,0,0,0,-2.08,-21.15,0.0,0.0,0.0,0.0,0.0,0,90,0,0.07,0,False,False,False,False,False,False
1782456920.249,0,0,0,0,0,-2.05,-21.06,0.0,0.0,0.0,0.0,0.0,0,90,0,0.07,0,False,False,False,False,False,False
1782456920.275,0,0,0,0,0,-2.03,-20.97,0.0,0.0,0.0,0.0,0.0,0,90,0,0.07,0,False,False,False,False,False,False
1782456920.297,0,0,0,0,0,-2.01,-20.88,0.0,0.0,0.0,0.0,0.0,0,90,0,0.07,0,False,False,False,False,False,False
1782456920.323,0,0,0,0,0,-1.98,-20.79,0.0,0.0,0.0,0.0,0.0,0,90,0,0.07,0,False,False,False,False,False,False
1782456920.346,0,0,0,0,0,-1.96,-20.7,0.0,0.0,0.0,0.0,0.0,0,90,0,0.07,0,False,False,False,False,False,False
1782456920.369,0,0,0,0,0,-1.93,-20.61,0.0,0.0,0.0,0.0,0.0,0,90,0,0.07,0,False,False,False,False,False,False
1782456920.389,0,0,0,0,0,-1.91,-20.52,0.0,0.0,0.0,0.0,0.0,0,90,0,0.07,0,False,False,False,False,False,False
1782456920.413,0,0,0,0,0,-1.89,-20.44,0.0,0.0,0.0,0.0,0.0,0,90,0,0.07,0,False,False,False,False,False,False
1782456920.431,0,0,0,0,0,-1.87,-20.36,0.0,0.0,0.0,0.0,0.0,0,90,0,0.07,0,False,False,False,False,False,False
1782456920.456,0,0,0,0,0,-1.85,-20.28,0.0,0.0,0.0,0.0,0.0,0,90,0,0.07,0,False,False,False,False,False,False
1782456920.48,0,0,0,0,0,-1.82,-20.2,0.0,0.0,0.0,0.0,0.0,0,90,0,0.07,0,False,False,False,False,False,False
1782456920.505,0,0,0,0,0,-1.8,-20.11,0.0,0.0,0.0,0.0,0.0,0,90,0,0.06,0,False,False,False,False,False,False
1782456920.529,0,0,0,0,0,-1.78,-20.02,0.0,0.0,0.0,0.0,0.0,0,90,0,0.06,0,False,False,False,False,False,False
1782456920.552,0,0,0,0,0,-1.75,-19.93,0.0,0.0,0.0,0.0,0.0,0,90,0,0.06,0,False,False,False,False,False,False
1782456920.577,0,0,0,0,0,-1.73,-19.84,0.0,0.0,0.0,0.0,0.0,0,90,0,0.06,0,False,False,False,False,False,False
1782456920.601,0,0,0,0,0,-1.7,-19.75,0.0,0.0,0.0,0.0,0.0,0,90,0,0.06,0,False,False,False,False,False,False
1782456920.626,0,0,0,0,0,-1.68,-19.66,0.0,0.0,0.0,0.0,0.0,0,90,0,0.05,0,False,False,False,False,False,False
1782456920.648,0,0,0,0,0,-1.66,-19.57,0.0,0.0,0.0,0.0,0.0,0,90,0,0.05,0,False,False,False,False,False,False
1782456920.673,0,0,0,0,0,-1.63,-19.48,0.0,0.0,0.0,0.0,0.0,0,90,0,0.05,0,False,False,False,False,False,False
1782456920.697,0,0,0,0,0,-1.6,-19.39,0.0,0.0,0.0,0.0,0.0,0,90,0,0.05,0,False,False,False,False,False,False
1782456920.72,0,0,0,0,0,-1.58,-19.29,0.0,0.0,0.0,0.0,0.0,0,90,0,0.05,0,False,False,False,False,False,False
1782456920.745,0,0,0,0,0,-1.55,-19.11,0.0,0.0,0.0,0.0,0.0,0,90,0,0.05,0,False,False,False,False,False,False
1782456920.768,0,0,0,0,0,-1.53,-18.95,0.0,0.0,0.0,0.0,0.0,0,90,0,0.04,0,False,False,False,False,False,False
1782456920.793,0,0,0,0,0,-1.54,-18.98,0.0,0.0,0.0,0.0,0.0,0,90,0,0.04,0,False,False,False,False,False,False
1782456920.815,0,0,0,0,0,-1.56,-18.66,0.0,0.0,0.0,0.0,0.0,0,90,0,0.04,0,False,False,False,False,False,False
1782456920.84,0,0,0,0,0,-1.59,-17.41,0.0,0.0,0.0,0.0,0.0,0,90,0,0.04,0,False,False,False,False,False,False
1782456920.863,0,0,0,0,0,-1.58,-15.8,0.0,0.0,0.0,0.0,0.0,0,90,0,0.04,0,False,False,False,False,False,False
1782456920.886,0,0,0,0,0,-1.53,-14.46,0.0,0.0,0.0,0.0,0.0,0,90,0,0.04,0,False,False,False,False,False,False
1782456920.91,0,0,0,0,0,-1.51,-13.29,0.0,0.0,0.0,0.0,0.0,0,90,0,0.04,0,False,False,False,False,False,False
1782456920.933,0,0,0,0,0,-1.51,-12.08,0.0,0.0,0.0,0.0,0.0,0,90,0,0.04,0,False,False,False,False,False,False
1782456920.959,0,0,0,0,0,-1.29,-10.95,0.0,0.0,0.0,0.0,0.0,0,90,0,0.03,0,False,False,False,False,False,False
1782456920.98,0,0,0,0,0,-0.75,-10.07,0.0,0.0,0.0,0.0,0.0,0,90,0,0.03,0,False,False,False,False,False,False
1782456921.003,0,0,0,0,0,-0.24,-9.44,0.0,0.0,0.0,0.0,0.0,0,90,0,0.03,0,False,False,False,False,False,False
1782456921.027,0,0,0,0,0,0.0,-8.99,0.0,0.0,0.0,0.0,0.0,0,90,0,0.03,0,False,False,False,False,False,False
1782456921.051,0,0,0,0,0,0.06,-8.66,0.0,0.0,0.0,0.0,0.0,0,90,0,0.04,0,False,False,False,False,False,False
1782456921.076,0,0,0,0,0,0.06,-8.45,0.0,0.0,0.0,0.0,0.0,0,90,0,0.04,0,False,False,False,False,False,False
1782456921.098,0,0,0,0,0,0.06,-8.33,0.0,0.0,0.0,0.0,0.0,0,90,0,0.04,0,False,False,False,False,False,False
1782456921.121,0,0,0,0,0,0.07,-8.25,0.0,0.0,0.0,0.0,0.0,0,90,0,0.04,0,False,False,False,False,False,False
1782456921.145,0,0,0,0,0,0.1,-8.18,0.0,0.0,0.0,0.0,0.0,0,90,0,0.04,0,False,False,False,False,False,False
1782456921.169,0,0,0,0,0,0.11,-8.11,0.0,0.0,0.0,0.0,0.0,0,90,0,0.04,0,False,False,False,False,False,False
1782456921.193,0,0,0,0,0,0.13,-8.05,0.0,0.0,0.0,0.0,0.0,0,90,0,0.04,0,False,False,False,False,False,False
1782456921.215,0,0,0,0,0,0.14,-8.01,0.0,0.0,0.0,0.0,0.0,0,90,0,0.04,0,False,False,False,False,False,False
1782456921.238,0,0,0,0,0,0.14,-8.03,0.0,0.0,0.0,0.0,0.0,0,90,0,0.04,0,False,False,False,False,False,False
1782456921.262,0,0,0,0,0,0.15,-8.12,0.0,0.0,0.0,0.0,0.0,0,90,0,0.04,0,False,False,False,False,False,False
1782456921.286,0,0,0,0,0,0.15,-8.22,0.0,0.0,0.0,0.0,0.0,0,90,0,0.04,0,False,False,False,False,False,False
1782456921.31,0,0,0,0,0,0.16,-8.29,0.0,0.0,0.0,0.0,0.0,0,90,0,0.04,0,False,False,False,False,False,False
1782456921.333,0,0,0,0,0,0.19,-8.49,0.0,0.0,0.0,0.0,0.0,0,90,0,0.04,0,False,False,False,False,False,False
1782456921.358,0,0,0,0,0,0.23,-8.76,0.0,0.0,0.0,0.0,0.0,0,90,0,0.04,0,False,False,False,False,False,False
1782456921.38,0,0,0,0,0,0.27,-8.99,0.0,0.0,0.0,0.0,0.0,0,90,0,0.04,0,False,False,False,False,False,False
1782456921.404,0,0,0,0,0,0.3,-9.18,0.0,0.0,0.0,0.0,0.0,0,90,0,0.04,0,False,False,False,False,False,False
1782456921.427,0,0,0,0,0,0.33,-9.36,0.0,0.0,0.0,0.0,0.0,0,90,0,0.04,0,False,False,False,False,False,False
1782456921.451,0,0,0,0,0,0.35,-9.57,0.0,0.0,0.0,0.0,0.0,0,90,0,0.04,0,False,False,False,False,False,False
1782456921.477,0,0,0,0,0,0.37,-9.82,0.0,0.0,0.0,0.0,0.0,0,90,0,0.04,0,False,False,False,False,False,False
1782456921.5,0,0,0,0,0,0.4,-10.11,0.0,0.0,0.0,0.0,0.0,0,90,0,0.04,0,False,False,False,False,False,False
1782456921.522,0,0,0,0,0,0.43,-10.45,0.0,0.0,0.0,0.0,0.0,0,90,0,0.04,0,False,False,False,False,False,False
1782456921.545,0,0,0,0,0,0.46,-10.81,0.0,0.0,0.0,0.0,0.0,0,90,0,0.04,0,False,False,False,False,False,False
1782456921.569,0,0,0,0,0,0.48,-11.07,0.0,0.0,0.0,0.0,0.0,0,90,0,0.04,0,False,False,False,False,False,False
1782456921.593,0,0,0,0,0,0.52,-11.14,0.0,0.0,0.0,0.0,0.0,0,90,0,0.04,0,False,False,False,False,False,False
1782456921.615,0,0,0,0,0,0.58,-11.02,0.0,0.0,0.0,0.0,0.0,0,90,0,0.04,0,False,False,False,False,False,False
1782456921.639,0,0,0,0,0,0.61,-10.86,0.0,0.0,0.0,0.0,0.0,0,90,0,0.04,0,False,False,False,False,False,False
1782456921.663,0,0,0,0,0,0.62,-10.82,0.0,0.0,0.0,0.0,0.0,0,90,0,0.04,0,False,False,False,False,False,False
1782456921.688,0,0,0,0,0,0.61,-10.84,0.0,0.0,0.0,0.0,0.0,0,90,0,0.04,0,False,False,False,False,False,False
1782456921.71,0,0,0,0,0,0.62,-10.22,0.0,0.0,0.0,0.0,0.0,0,90,0,0.04,0,False,False,False,False,False,False
1782456921.734,0,0,0,0,0,0.61,-8.51,0.0,0.0,0.0,0.0,0.0,0,90,0,0.04,0,False,False,False,False,False,False
1782456921.756,0,0,0,0,0,0.59,-6.56,0.0,0.0,0.0,0.0,0.0,0,90,0,0.04,0,False,False,False,False,False,False
1782456921.781,0,0,0,0,0,0.58,-5.11,0.0,0.0,0.0,0.0,0.0,0,90,0,0.04,0,False,False,False,False,False,False
1782456921.803,0,0,0,0,0,0.58,-4.03,0.0,0.0,0.0,0.0,0.0,0,90,0,0.04,0,False,False,False,False,False,False
1782456921.827,0,0,0,0,0,0.57,-3.09,0.0,0.0,0.0,0.0,0.0,0,90,0,0.04,0,False,False,False,False,False,False
1782456921.851,0,0,0,0,0,0.42,-2.19,0.0,0.0,0.0,0.0,0.0,0,90,0,0.04,0,False,False,False,False,False,False
1782456921.875,0,0,0,0,0,0.07,-1.36,0.0,0.0,0.0,0.0,0.0,0,90,0,0.05,0,False,False,False,False,False,False
1782456921.898,0,0,0,0,0,-0.26,-0.63,0.0,0.0,0.0,0.0,0.0,0,90,0,0.06,0,False,False,False,False,False,False
1782456921.921,0,0,0,0,0,-0.43,0.01,0.0,0.0,0.0,0.0,0.0,0,90,0,0.06,0,False,False,False,False,False,False
1782456921.944,0,0,0,0,0,-0.45,0.59,0.0,0.0,0.0,0.0,0.0,0,90,0,0.06,0,False,False,False,False,False,False
1782456921.968,0,0,0,0,0,-0.4,1.11,0.0,0.0,0.0,0.0,0.0,0,90,0,0.06,0,False,False,False,False,False,False
1782456921.993,0,0,0,0,0,-0.31,1.56,0.0,0.0,0.0,0.0,0.0,0,90,0,0.07,0,False,False,False,False,False,False
1782456922.015,0,0,0,0,0,-0.22,1.95,0.0,0.0,0.0,0.0,0.0,0,90,0,0.07,0,False,False,False,False,False,False
1782456922.038,0,0,0,0,0,-0.13,2.29,0.0,0.0,0.0,0.0,0.0,0,90,0,0.07,0,False,False,False,False,False,False
1782456922.061,0,0,0,0,0,-0.04,2.6,0.0,0.0,0.0,0.0,0.0,0,90,0,0.07,0,False,False,False,False,False,False
1782456922.085,0,0,0,0,0,0.05,2.9,0.0,0.0,0.0,0.0,0.0,0,90,0,0.07,0,False,False,False,False,False,False
1782456922.109,0,0,0,0,0,0.11,3.23,0.0,0.0,0.0,0.0,0.0,0,90,0,0.07,0,False,False,False,False,False,False
1782456922.132,0,0,0,0,0,0.12,3.62,0.0,0.0,0.0,0.0,0.0,0,90,0,0.08,0,False,False,False,False,False,False
1782456922.154,0,0,0,0,0,0.08,4.06,0.0,0.0,0.0,0.0,0.0,0,90,0,0.08,0,False,False,False,False,False,False
1782456922.178,0,0,0,0,0,0.02,4.52,0.0,0.0,0.0,0.0,0.0,0,90,0,0.08,0,False,False,False,False,False,False
1782456922.203,0,0,0,0,0,-0.04,4.97,0.0,0.0,0.0,0.0,0.0,0,90,0,0.08,0,False,False,False,False,False,False
1782456922.224,0,0,0,0,0,-0.12,5.4,0.0,0.0,0.0,0.0,0.0,0,90,0,0.08,0,False,False,False,False,False,False
1782456922.248,0,0,0,0,0,-0.23,5.81,0.0,0.0,0.0,0.0,0.0,0,90,0,0.08,0,False,False,False,False,False,False
1782456922.272,0,0,0,0,0,-0.36,6.25,0.0,0.0,0.0,0.0,0.0,0,90,0,0.08,0,False,False,False,False,False,False
1782456922.296,0,0,0,0,0,-0.45,6.73,0.0,0.0,0.0,0.0,0.0,0,90,0,0.07,0,False,False,False,False,False,False
1782456922.319,0,0,0,0,0,-0.52,7.23,0.0,0.0,0.0,0.0,0.0,0,90,0,0.07,0,False,False,False,False,False,False
1782456922.343,0,0,0,0,0,-0.56,7.72,0.0,0.0,0.0,0.0,0.0,0,90,0,0.07,0,False,False,False,False,False,False
1782456922.367,0,0,0,0,0,-0.57,8.18,0.0,0.0,0.0,0.0,0.0,0,90,0,0.07,0,False,False,False,False,False,False
1782456922.392,0,0,0,0,0,-0.54,8.63,0.0,0.0,0.0,0.0,0.0,0,90,0,0.07,0,False,False,False,False,False,False
1782456922.414,0,0,0,0,0,-0.46,9.04,0.0,0.0,0.0,0.0,0.0,0,90,0,0.06,0,False,False,False,False,False,False
1782456922.438,0,0,0,0,0,-0.39,9.47,0.0,0.0,0.0,0.0,0.0,0,90,0,0.06,0,False,False,False,False,False,False
1782456922.463,0,0,0,0,0,-0.37,10.01,0.0,0.0,0.0,0.0,0.0,0,90,0,0.05,0,False,False,False,False,False,False
1782456922.484,0,0,0,0,0,-0.49,10.71,0.0,0.0,0.0,0.0,0.0,0,90,0,0.05,0,False,False,False,False,False,False
1782456922.51,0,0,0,0,0,-0.77,11.57,0.0,0.0,0.0,0.0,0.0,0,90,0,0.05,0,False,False,False,False,False,False
1782456922.532,0,0,0,0,0,-0.97,12.52,0.0,0.0,0.0,0.0,0.0,0,90,0,0.05,0,False,False,False,False,False,False
1782456922.555,0,0,0,0,0,-1.03,13.52,0.0,0.0,0.0,0.0,0.0,0,90,0,0.05,0,False,False,False,False,False,False
1782456922.579,0,0,0,0,0,-1.26,14.56,0.0,0.0,0.0,0.0,0.0,0,90,0,0.05,0,False,False,False,False,False,False
1782456922.603,0,0,0,0,0,-1.65,15.61,0.0,0.0,0.0,0.0,0.0,0,90,0,0.04,0,False,False,False,False,False,False
1782456922.627,0,0,0,0,0,-1.98,16.61,0.0,0.0,0.0,0.0,0.0,0,90,0,0.04,0,False,False,False,False,False,False
1782456922.649,0,0,0,0,0,-2.24,17.48,0.0,0.0,0.0,0.0,0.0,0,90,0,0.04,0,False,False,False,False,False,False
1782456922.675,0,0,0,0,0,-2.46,18.23,0.0,0.0,0.0,0.0,0.0,0,90,0,0.04,0,False,False,False,False,False,False
1782456922.698,0,0,0,0,0,-2.64,18.86,0.0,0.0,0.0,0.0,0.0,0,90,0,0.04,0,False,False,False,False,False,False
1782456922.722,0,0,0,0,0,-2.8,19.38,0.0,0.0,0.0,0.0,0.0,0,90,0,0.04,0,False,False,False,False,False,False
1782456922.745,0,0,0,0,0,-2.95,19.75,0.0,0.0,0.0,0.0,0.0,0,90,0,0.04,0,False,False,False,False,False,False
1782456922.769,0,0,0,0,0,-3.13,20.0,0.0,0.0,0.0,0.0,0.0,0,90,0,0.04,0,False,False,False,False,False,False
1782456922.794,0,0,0,0,0,-3.29,20.11,0.0,0.0,0.0,0.0,0.0,0,90,0,0.04,0,False,False,False,False,False,False
1782456922.817,0,0,0,0,0,-3.41,20.09,0.0,0.0,0.0,0.0,0.0,0,90,0,0.04,0,False,False,False,False,False,False
1782456922.84,0,0,0,0,0,-3.48,19.91,0.0,0.0,0.0,0.0,0.0,0,90,0,0.04,0,False,False,False,False,False,False
1782456922.861,0,0,0,0,0,-3.53,19.54,0.0,0.0,0.0,0.0,0.0,0,90,0,0.04,0,False,False,False,False,False,False
1782456922.883,0,0,0,0,0,-3.57,19.27,0.0,0.0,0.0,0.0,0.0,0,90,0,0.04,0,False,False,False,False,False,False
1782456922.909,0,0,0,0,0,-3.64,18.99,0.0,0.0,0.0,0.0,0.0,0,90,0,0.04,0,False,False,False,False,False,False
1782456922.931,0,0,0,0,0,-3.7,18.12,0.0,0.0,0.0,0.0,0.0,0,90,0,0.04,0,False,False,False,False,False,False
1782456922.954,0,0,0,0,0,-3.69,16.82,0.0,0.0,0.0,0.0,0.0,0,90,0,0.04,0,False,False,False,False,False,False
1782456922.978,0,0,0,0,0,-3.76,15.69,0.0,0.0,0.0,0.0,0.0,0,90,0,0.04,0,False,False,False,False,False,False
1782456923.002,0,0,0,0,0,-4.05,14.86,0.0,0.0,0.0,0.0,0.0,0,90,0,0.04,0,False,False,False,False,False,False
1782456923.026,0,0,0,0,0,-4.49,14.24,0.0,0.0,0.0,0.0,0.0,0,90,0,0.04,0,False,False,False,False,False,False
1782456923.048,0,0,0,0,0,-4.98,13.73,0.0,0.0,0.0,0.0,0.0,0,90,0,0.05,0,False,False,False,False,False,False
1782456923.072,0,0,0,0,0,-5.4,13.28,0.0,0.0,0.0,0.0,0.0,0,90,0,0.05,0,False,False,False,False,False,False
1782456923.095,0,0,0,0,0,-5.51,12.78,0.0,0.0,0.0,0.0,0.0,0,90,0,0.05,0,False,False,False,False,False,False
1782456923.119,0,0,0,0,0,-5.14,12.13,0.0,0.0,0.0,0.0,0.0,0,90,0,0.05,0,False,False,False,False,False,False
1782456923.143,0,0,0,0,0,-4.38,11.35,0.0,0.0,0.0,0.0,0.0,0,90,0,0.05,0,False,False,False,False,False,False
1782456923.165,0,0,0,0,0,-3.41,10.48,0.0,0.0,0.0,0.0,0.0,0,90,0,0.05,0,False,False,False,False,False,False
1782456923.189,0,0,0,0,0,-2.37,9.54,0.0,0.0,0.0,0.0,0.0,0,90,0,0.05,0,False,False,False,False,False,False
1782456923.212,0,0,0,0,0,-1.39,8.5,0.0,0.0,0.0,0.0,0.0,0,90,0,0.06,0,False,False,False,False,False,False
1782456923.235,0,0,0,0,0,-0.64,7.38,0.0,0.0,0.0,0.0,0.0,0,90,0,0.06,0,False,False,False,False,False,False
1782456923.26,0,0,0,0,0,-0.19,6.27,0.0,0.0,0.0,0.0,0.0,0,90,0,0.05,0,False,False,False,False,False,False
1782456923.282,0,0,0,0,0,0.06,5.35,0.0,0.0,0.0,0.0,0.0,0,90,0,0.05,0,False,False,False,False,False,False
1782456923.307,0,0,0,0,0,0.2,4.71,0.0,0.0,0.0,0.0,0.0,0,90,0,0.04,0,False,False,False,False,False,False
1782456923.329,0,0,0,0,0,0.26,4.38,0.0,0.0,0.0,0.0,0.0,0,90,0,0.04,0,False,False,False,False,False,False
1782456923.353,0,0,0,0,0,0.27,4.32,0.0,0.0,0.0,0.0,0.0,0,90,0,0.05,0,False,False,False,False,False,False
1782456923.377,0,0,0,0,0,0.26,4.41,0.0,0.0,0.0,0.0,0.0,0,90,0,0.05,0,False,False,False,False,False,False
1782456923.4,0,0,0,0,0,0.27,4.54,0.0,0.0,0.0,0.0,0.0,0,90,0,0.05,0,False,False,False,False,False,False
1782456923.423,0,0,0,0,0,0.29,4.6,0.0,0.0,0.0,0.0,0.0,0,90,0,0.05,0,False,False,False,False,False,False
1782456923.448,0,0,0,0,0,0.3,4.55,0.0,0.0,0.0,0.0,0.0,0,90,0,0.06,0,False,False,False,False,False,False
1782456923.471,0,0,0,0,0,0.3,4.39,0.0,0.0,0.0,0.0,0.0,0,90,0,0.06,0,False,False,False,False,False,False
1782456923.494,0,0,0,0,0,0.29,4.25,0.0,0.0,0.0,0.0,0.0,0,90,0,0.06,0,False,False,False,False,False,False
1782456923.518,0,0,0,0,0,0.28,4.18,0.0,0.0,0.0,0.0,0.0,0,90,0,0.06,0,False,False,False,False,False,False
1782456923.542,0,0,0,0,0,0.28,4.01,0.0,0.0,0.0,0.0,0.0,0,90,0,0.06,0,False,False,False,False,False,False
1782456923.565,0,0,0,0,0,0.29,3.77,0.0,0.0,0.0,0.0,0.0,0,90,0,0.06,0,False,False,False,False,False,False
1782456923.588,0,0,0,0,0,0.3,3.61,0.0,0.0,0.0,0.0,0.0,0,90,0,0.06,0,False,False,False,False,False,False
1782456923.613,0,0,0,0,0,0.3,3.49,0.0,0.0,0.0,0.0,0.0,0,90,0,0.06,0,False,False,False,False,False,False
1782456923.635,0,0,0,0,0,0.3,3.38,0.0,0.0,0.0,0.0,0.0,0,90,0,0.06,0,False,False,False,False,False,False
1782456923.659,0,0,0,0,0,0.31,3.28,0.0,0.0,0.0,0.0,0.0,0,90,0,0.06,0,False,False,False,False,False,False
1782456923.682,0,0,0,0,0,0.31,3.19,0.0,0.0,0.0,0.0,0.0,0,90,0,0.06,0,False,False,False,False,False,False
1782456923.705,0,0,0,0,0,0.32,3.1,0.0,0.0,0.0,0.0,0.0,0,90,0,0.06,0,False,False,False,False,False,False
1782456923.73,0,0,0,0,0,0.33,3.01,0.0,0.0,0.0,0.0,0.0,0,90,0,0.06,0,False,False,False,False,False,False
1782456923.753,0,0,0,0,0,0.34,2.91,0.0,0.0,0.0,0.0,0.0,0,90,0,0.06,0,False,False,False,False,False,False
1782456923.777,0,0,0,0,0,0.34,2.81,0.0,0.0,0.0,0.0,0.0,0,90,0,0.06,0,False,False,False,False,False,False
1782456923.801,0,0,0,0,0,0.35,2.71,0.0,0.0,0.0,0.0,0.0,0,90,0,0.06,0,False,False,False,False,False,False
1782456923.824,0,0,0,0,0,0.36,2.62,0.0,0.0,0.0,0.0,0.0,0,90,0,0.06,0,False,False,False,False,False,False
1782456923.847,0,0,0,0,0,0.37,2.53,0.0,0.0,0.0,0.0,0.0,0,90,0,0.06,0,False,False,False,False,False,False
1782456923.871,0,0,0,0,0,0.38,2.43,0.0,0.0,0.0,0.0,0.0,0,90,0,0.06,0,False,False,False,False,False,False
1782456923.896,0,0,0,0,0,0.38,2.34,0.0,0.0,0.0,0.0,0.0,0,90,0,0.06,0,False,False,False,False,False,False
1782456923.919,0,0,0,0,0,0.39,2.25,0.0,0.0,0.0,0.0,0.0,0,90,0,0.06,0,False,False,False,False,False,False
1782456923.944,0,0,0,0,0,0.4,2.15,0.0,0.0,0.0,0.0,0.0,0,90,0,0.06,0,False,False,False,False,False,False
1782456923.967,0,0,0,0,0,0.4,2.05,0.0,0.0,0.0,0.0,0.0,0,90,0,0.06,0,False,False,False,False,False,False
1782456923.99,0,0,0,0,0,0.41,1.96,0.0,0.0,0.0,0.0,0.0,0,90,0,0.06,0,False,False,False,False,False,False
1782456924.014,0,0,0,0,0,0.42,1.86,0.0,0.0,0.0,0.0,0.0,0,90,0,0.06,0,False,False,False,False,False,False
1782456924.037,0,0,0,0,0,0.42,1.77,0.0,0.0,0.0,0.0,0.0,0,90,0,0.06,0,False,False,False,False,False,False
1782456924.062,0,0,0,0,0,0.43,1.67,0.0,0.0,0.0,0.0,0.0,0,90,0,0.06,0,False,False,False,False,False,False
1782456924.084,0,0,0,0,0,0.44,1.57,0.0,0.0,0.0,0.0,0.0,0,90,0,0.06,0,False,False,False,False,False,False
1782456924.108,0,0,0,0,0,0.45,1.47,0.0,0.0,0.0,0.0,0.0,0,90,0,0.06,0,False,False,False,False,False,False
1782456924.132,0,0,0,0,0,0.46,1.38,0.0,0.0,0.0,0.0,0.0,0,90,0,0.06,0,False,False,False,False,False,False
1782456924.155,0,0,0,0,0,0.46,1.28,0.0,0.0,0.0,0.0,0.0,0,90,0,0.06,0,False,False,False,False,False,False
1782456924.179,0,0,0,0,0,0.47,1.18,0.0,0.0,0.0,0.0,0.0,0,90,0,0.06,0,False,False,False,False,False,False
1782456924.203,0,0,0,0,0,0.48,1.09,0.0,0.0,0.0,0.0,0.0,0,90,0,0.06,0,False,False,False,False,False,False
1782456924.228,0,0,0,0,0,0.49,0.99,0.0,0.0,0.0,0.0,0.0,0,90,0,0.06,0,False,False,False,False,False,False
1782456924.25,0,0,0,0,0,0.49,0.9,0.0,0.0,0.0,0.0,0.0,0,90,0,0.06,0,False,False,False,False,False,False
1782456924.275,0,0,0,0,0,0.5,0.8,0.0,0.0,0.0,0.0,0.0,0,90,0,0.06,0,False,False,False,False,False,False
1782456924.298,0,0,0,0,0,0.51,0.7,0.0,0.0,0.0,0.0,0.0,0,90,0,0.06,0,False,False,False,False,False,False
1782456924.322,0,0,0,0,0,0.51,0.61,0.0,0.0,0.0,0.0,0.0,0,90,0,0.06,0,False,False,False,False,False,False
1782456924.345,0,0,0,0,0,0.52,0.51,0.0,0.0,0.0,0.0,0.0,0,90,0,0.06,0,False,False,False,False,False,False
1782456924.368,0,0,0,0,0,0.53,0.42,0.0,0.0,0.0,0.0,0.0,0,90,0,0.06,0,False,False,False,False,False,False
1782456924.392,0,0,0,0,0,0.53,0.33,0.0,0.0,0.0,0.0,0.0,0,90,0,0.06,0,False,False,False,False,False,False
1782456924.415,0,0,0,0,0,0.54,0.24,0.0,0.0,0.0,0.0,0.0,0,90,0,0.06,0,False,False,False,False,False,False
1782456924.439,0,0,0,0,0,0.55,0.15,0.0,0.0,0.0,0.0,0.0,0,90,0,0.06,0,False,False,False,False,False,False
1782456924.463,0,0,0,0,0,0.55,0.06,0.0,0.0,0.0,0.0,0.0,0,90,0,0.06,0,False,False,False,False,False,False
1782456924.486,0,0,0,0,0,0.56,-0.04,0.0,0.0,0.0,0.0,0.0,0,90,0,0.06,0,False,False,False,False,False,False
1782456924.51,0,0,0,0,0,0.57,-0.14,0.0,0.0,0.0,0.0,0.0,0,90,0,0.06,0,False,False,False,False,False,False
1782456924.533,0,0,0,0,0,0.57,-0.24,0.0,0.0,0.0,0.0,0.0,0,90,0,0.06,0,False,False,False,False,False,False
1782456924.558,0,0,0,0,0,0.58,-0.33,0.0,0.0,0.0,0.0,0.0,0,90,0,0.06,0,False,False,False,False,False,False
1782456924.58,0,0,0,0,0,0.59,-0.43,0.0,0.0,0.0,0.0,0.0,0,90,0,0.06,0,False,False,False,False,False,False
1782456924.604,0,0,0,0,0,0.59,-0.52,0.0,0.0,0.0,0.0,0.0,0,90,0,0.05,0,False,False,False,False,False,False
1782456924.628,0,0,0,0,0,0.59,-0.61,0.0,0.0,0.0,0.0,0.0,0,90,0,0.05,0,False,False,False,False,False,False
1782456924.651,0,0,0,0,0,0.6,-0.71,0.0,0.0,0.0,0.0,0.0,0,90,0,0.05,0,False,False,False,False,False,False
1782456924.674,0,0,0,0,0,0.61,-0.81,0.0,0.0,0.0,0.0,0.0,0,90,0,0.05,0,False,False,False,False,False,False
1782456924.699,0,0,0,0,0,0.62,-0.9,0.0,0.0,0.0,0.0,0.0,0,90,0,0.04,0,False,False,False,False,False,False
1782456924.722,0,0,0,0,0,0.63,-0.99,0.0,0.0,0.0,0.0,0.0,0,90,0,0.04,0,False,False,False,False,False,False
1782456924.745,0,0,0,0,0,0.63,-1.09,0.0,0.0,0.0,0.0,0.0,0,90,0,0.03,0,False,False,False,False,False,False
1782456924.769,0,0,0,0,0,0.64,-1.19,0.0,0.0,0.0,0.0,0.0,0,90,0,0.03,0,False,False,False,False,False,False
1782456924.795,0,0,0,0,0,0.64,-1.29,0.0,0.0,0.0,0.0,0.0,0,90,0,0.02,0,False,False,False,False,False,False
1782456924.818,0,0,0,0,0,0.64,-1.38,0.0,0.0,0.0,0.0,0.0,0,90,0,0.02,0,False,False,False,False,False,False
1782456924.841,0,0,0,0,0,0.65,-1.48,0.0,0.0,0.0,0.0,0.0,0,90,0,0.02,0,False,False,False,False,False,False
1782456924.864,0,0,0,0,0,0.65,-1.58,0.0,0.0,0.0,0.0,0.0,0,90,0,0.02,0,False,False,False,False,False,False
1782456924.889,0,0,0,0,0,0.66,-1.68,0.0,0.0,0.0,0.0,0.0,0,90,0,0.02,0,False,False,False,False,False,False
1782456924.912,0,0,0,0,0,0.66,-1.77,0.0,0.0,0.0,0.0,0.0,0,90,0,0.01,0,False,False,False,False,False,False
1782456924.936,0,0,0,0,0,0.66,-1.87,0.0,0.0,0.0,0.0,0.0,0,90,0,0.01,0,False,False,False,False,False,False
1782456924.961,0,0,0,0,0,0.67,-1.96,0.0,0.0,0.0,0.0,0.0,0,90,0,0.01,0,False,False,False,False,False,False
1782456924.984,0,0,0,0,0,0.67,-2.06,0.0,0.0,0.0,0.0,0.0,0,90,0,0.01,0,False,False,False,False,False,False
1782456925.006,0,0,0,0,0,0.68,-2.16,0.0,0.0,0.0,0.0,0.0,0,90,0,0.01,0,False,False,False,False,False,False
1782456925.031,0,0,0,0,0,0.69,-2.26,0.0,0.0,0.0,0.0,0.0,0,90,0,0.01,0,False,False,False,False,False,False
1782456925.055,0,0,0,0,0,0.7,-2.36,0.0,0.0,0.0,0.0,0.0,0,90,0,0.0,0,False,False,False,False,False,False
1782456925.079,0,0,0,0,0,0.71,-2.45,0.0,0.0,0.0,0.0,0.0,0,90,0,0.0,0,False,False,False,False,False,False
1782456925.101,0,0,0,0,0,0.72,-2.55,0.0,0.0,0.0,0.0,0.0,0,90,0,0.0,0,False,False,False,False,False,False
1782456925.125,0,0,0,0,0,0.72,-2.64,0.0,0.0,0.0,0.0,0.0,0,90,0,0.0,0,False,False,False,False,False,False
1782456925.148,0,0,0,0,0,0.73,-2.74,0.0,0.0,0.0,0.0,0.0,0,90,0,0.0,0,False,False,False,False,False,False
1782456925.173,0,0,0,0,0,0.73,-2.83,0.0,0.0,0.0,0.0,0.0,0,90,0,0.0,0,False,False,False,False,False,False
1782456925.198,0,0,0,0,0,0.73,-2.93,0.0,0.0,0.0,0.0,0.0,0,90,0,0.0,0,False,False,False,False,False,False
1782456925.22,0,0,0,0,0,0.73,-3.03,0.0,0.0,0.0,0.0,0.0,0,90,0,0.0,0,False,False,False,False,False,False
1782456925.243,0,0,0,0,0,0.73,-3.12,0.0,0.0,0.0,0.0,0.0,0,90,0,0.0,0,False,False,False,False,False,False
1782456925.267,0,0,0,0,0,0.74,-3.22,0.0,0.0,0.0,0.0,0.0,0,90,0,0.0,0,False,False,False,False,False,False
1782456925.291,0,0,0,0,0,0.74,-3.32,0.0,0.0,0.0,0.0,0.0,0,90,0,0.0,0,False,False,False,False,False,False
1782456925.314,0,0,0,0,0,0.74,-3.42,0.0,0.0,0.0,0.0,0.0,0,90,0,0.0,0,False,False,False,False,False,False
1782456925.338,0,0,0,0,0,0.74,-3.51,0.0,0.0,0.0,0.0,0.0,0,90,0,0.0,0,False,False,False,False,False,False
1782456925.363,0,0,0,0,0,0.74,-3.61,0.0,0.0,0.0,0.0,0.0,0,90,0,0.0,0,False,False,False,False,False,False
1782456925.385,0,0,0,0,0,0.75,-3.71,0.0,0.0,0.0,0.0,0.0,0,90,0,0.0,0,False,False,False,False,False,False
1782456925.409,0,0,0,0,0,0.76,-3.8,0.0,0.0,0.0,0.0,0.0,0,90,0,0.0,0,False,False,False,False,False,False
1782456925.432,0,0,0,0,0,0.77,-3.9,0.0,0.0,0.0,0.0,0.0,0,90,0,0.0,0,False,False,False,False,False,False
1782456925.458,0,0,0,0,0,0.78,-4.0,0.0,0.0,0.0,0.0,0.0,0,90,0,0.0,0,False,False,False,False,False,False
1782456925.481,0,0,0,0,0,0.78,-4.09,0.0,0.0,0.0,0.0,0.0,0,90,0,0.0,0,False,False,False,False,False,False
1782456925.504,0,0,0,0,0,0.78,-4.19,0.0,0.0,0.0,0.0,0.0,0,90,0,0.0,0,False,False,False,False,False,False
1782456925.528,0,0,0,0,0,0.78,-4.29,0.0,0.0,0.0,0.0,0.0,0,90,0,0.0,0,False,False,False,False,False,False
1782456925.551,0,0,0,0,0,0.78,-4.39,0.0,0.0,0.0,0.0,0.0,0,90,0,0.0,0,False,False,False,False,False,False
1782456925.575,0,0,0,0,0,0.79,-4.48,0.0,0.0,0.0,0.0,0.0,0,90,0,0.0,0,False,False,False,False,False,False
1782456925.598,0,0,0,0,0,0.79,-4.58,0.0,0.0,0.0,0.0,0.0,0,90,0,0.0,0,False,False,False,False,False,False
1782456925.621,0,0,0,0,0,0.8,-4.68,0.0,0.0,0.0,0.0,0.0,0,90,0,0.0,0,False,False,False,False,False,False
1782456925.647,0,0,0,0,0,0.81,-4.78,0.0,0.0,0.0,0.0,0.0,0,90,0,0.0,0,False,False,False,False,False,False
1782456925.669,0,0,0,0,0,0.82,-4.87,0.0,0.0,0.0,0.0,0.0,0,90,0,0.0,0,False,False,False,False,False,False
1782456925.693,0,0,0,0,0,0.82,-4.97,0.0,0.0,0.0,0.0,0.0,0,90,0,0.0,0,False,False,False,False,False,False
1782456925.717,0,0,0,0,0,0.82,-5.07,0.0,0.0,0.0,0.0,0.0,0,90,0,0.0,0,False,False,False,False,False,False
1782456925.741,0,0,0,0,0,0.82,-5.17,0.0,0.0,0.0,0.0,0.0,0,90,0,0.0,0,False,False,False,False,False,False
1782456925.764,0,0,0,0,0,0.82,-5.26,0.0,0.0,0.0,0.0,0.0,0,90,0,0.0,0,False,False,False,False,False,False
1782456925.787,0,0,0,0,0,0.83,-5.36,0.0,0.0,0.0,0.0,0.0,0,90,0,0.0,0,False,False,False,False,False,False
1782456925.813,0,0,0,0,0,0.84,-5.46,0.0,0.0,0.0,0.0,0.0,0,90,0,0.0,0,False,False,False,False,False,False
1782456925.834,0,0,0,0,0,0.84,-5.55,0.0,0.0,0.0,0.0,0.0,0,90,0,0.0,0,False,False,False,False,False,False
1782456925.858,0,0,0,0,0,0.85,-5.64,0.0,0.0,0.0,0.0,0.0,0,90,0,0.0,0,False,False,False,False,False,False
1782456925.882,0,0,0,0,0,0.85,-5.71,0.0,0.0,0.0,0.0,0.0,0,90,0,0.0,0,False,False,False,False,False,False
1782456925.905,0,0,0,0,0,0.85,-5.78,0.0,0.0,0.0,0.0,0.0,0,90,0,0.0,0,False,False,False,False,False,False
1782456925.93,0,0,0,0,0,0.87,-5.85,0.0,0.0,0.0,0.0,0.0,0,90,0,0.0,0,False,False,False,False,False,False
1782456925.953,0,0,0,0,0,0.93,-5.93,0.0,0.0,0.0,0.0,0.0,0,90,0,0.0,0,False,False,False,False,False,False
1782456925.977,0,0,0,0,0,0.99,-6.01,0.0,0.0,0.0,0.0,0.0,0,90,0,0.0,0,False,False,False,False,False,False
1782456926.0,0,0,0,0,0,1.0,-6.1,0.0,0.0,0.0,0.0,0.0,0,90,0,0.0,0,False,False,False,False,False,False
1782456926.018,0,0,0,0,0,0.99,-6.18,0.0,0.0,0.0,0.0,0.0,0,90,0,0.0,0,False,False,False,False,False,False
1782456926.042,0,0,0,0,0,0.98,-6.25,0.0,0.0,0.0,0.0,0.0,0,90,0,0.0,0,False,False,False,False,False,False
1782456926.065,0,0,0,0,0,0.98,-6.3,0.0,0.0,0.0,0.0,0.0,0,90,0,0.0,0,False,False,False,False,False,False
1782456926.09,0,0,0,0,0,0.98,-6.34,0.0,0.0,0.0,0.0,0.0,0,90,0,0.0,0,False,False,False,False,False,False
1782456926.113,0,0,0,0,0,0.97,-6.4,0.0,0.0,0.0,0.0,0.0,0,90,0,0.0,0,False,False,False,False,False,False
1782456926.135,0,0,0,0,0,0.96,-6.46,0.0,0.0,0.0,0.0,0.0,0,90,0,0.0,0,False,False,False,False,False,False
1782456926.16,0,0,0,0,0,0.96,-6.53,0.0,0.0,0.0,0.0,0.0,0,90,0,0.0,0,False,False,False,False,False,False
1782456926.184,0,0,0,0,0,0.96,-6.6,0.0,0.0,0.0,0.0,0.0,0,90,0,0.0,0,False,False,False,False,False,False
1782456926.206,0,0,0,0,0,0.95,-6.65,0.0,0.0,0.0,0.0,0.0,0,90,0,0.0,0,False,False,False,False,False,False
1782456926.232,0,0,0,0,0,0.93,-6.67,0.0,0.0,0.0,0.0,0.0,0,90,0,0.0,0,False,False,False,False,False,False
1782456926.253,0,0,0,0,0,0.93,-6.69,0.0,0.0,0.0,0.0,0.0,0,90,0,0.0,0,False,False,False,False,False,False
1782456926.278,0,0,0,0,0,0.95,-6.72,0.0,0.0,0.0,0.0,0.0,0,90,0,0.0,0,False,False,False,False,False,False
1782456926.3,0,0,0,0,0,0.96,-6.72,0.0,0.0,0.0,0.0,0.0,0,90,0,0.0,0,False,False,False,False,False,False
1782456926.324,0,0,0,0,0,0.97,-6.71,0.0,0.0,0.0,0.0,0.0,0,90,0,0.0,0,False,False,False,False,False,False
1782456926.348,0,0,0,0,0,0.98,-6.7,0.0,0.0,0.0,0.0,0.0,0,90,0,0.0,0,False,False,False,False,False,False
1782456926.371,0,0,0,0,0,0.97,-6.7,0.0,0.0,0.0,0.0,0.0,0,90,0,0.0,0,False,False,False,False,False,False
1782456926.398,0,0,0,0,0,0.95,-6.72,0.0,0.0,0.0,0.0,0.0,0,90,0,0.0,0,False,False,False,False,False,False
1782456926.418,0,0,0,0,0,0.95,-6.76,0.0,0.0,0.0,0.0,0.0,0,90,0,0.0,0,False,False,False,False,False,False
1782456926.443,0,0,0,0,0,0.97,-6.79,0.0,0.0,0.0,0.0,0.0,0,90,0,0.0,0,False,False,False,False,False,False
1782456926.465,0,0,0,0,0,0.98,-6.81,0.0,0.0,0.0,0.0,0.0,0,90,0,0.0,0,False,False,False,False,False,False
1782456926.489,0,0,0,0,0,0.99,-6.83,0.0,0.0,0.0,0.0,0.0,0,90,0,0.0,0,False,False,False,False,False,False
1782456926.514,0,0,0,0,0,0.99,-6.85,0.0,0.0,0.0,0.0,0.0,0,90,0,0.0,0,False,False,False,False,False,False
1782456926.537,0,0,0,0,0,0.97,-6.87,0.0,0.0,0.0,0.0,0.0,0,90,0,0.0,0,False,False,False,False,False,False
1782456926.56,0,0,0,0,0,0.96,-6.88,0.0,0.0,0.0,0.0,0.0,0,90,0,0.0,0,False,False,False,False,False,False
1782456926.584,0,0,0,0,0,0.95,-6.9,0.0,0.0,0.0,0.0,0.0,0,90,0,0.0,0,False,False,False,False,False,False
1782456926.609,0,0,0,0,0,0.95,-6.89,0.0,0.0,0.0,0.0,0.0,0,90,0,0.0,0,False,False,False,False,False,False
1782456926.631,0,0,0,0,0,0.95,-6.9,0.0,0.0,0.0,0.0,0.0,0,90,0,0.0,0,False,False,False,False,False,False
1782456926.656,0,0,0,0,0,0.95,-6.91,0.0,0.0,0.0,0.0,0.0,0,90,0,0.0,0,False,False,False,False,False,False
1782456926.68,0,0,0,0,0,0.94,-6.93,0.0,0.0,0.0,0.0,0.0,0,90,0,0.0,0,False,False,False,False,False,False
1782456926.703,0,0,0,0,0,0.92,-6.94,0.0,0.0,0.0,0.0,0.0,0,90,0,0.0,0,False,False,False,False,False,False
1782456926.726,0,0,0,0,0,0.9,-6.95,0.0,0.0,0.0,0.0,0.0,0,90,0,0.0,0,False,False,False,False,False,False
1782456926.75,0,0,0,0,0,0.89,-6.96,0.0,0.0,0.0,0.0,0.0,0,90,0,0.0,0,False,False,False,False,False,False
1782456926.773,0,0,0,0,0,0.88,-6.97,0.0,0.0,0.0,0.0,0.0,0,90,0,0.0,0,False,False,False,False,False,False
1782456926.798,0,0,0,0,0,0.87,-6.97,0.0,0.0,0.0,0.0,0.0,0,90,0,0.0,0,False,False,False,False,False,False
1782456926.82,0,0,0,0,0,0.86,-6.98,0.0,0.0,0.0,0.0,0.0,0,90,0,0.0,0,False,False,False,False,False,False
1782456926.847,0,0,0,0,0,0.85,-6.98,0.0,0.0,0.0,0.0,0.0,0,90,0,0.0,0,False,False,False,False,False,False
1782456926.868,0,0,0,0,0,0.85,-6.98,0.0,0.0,0.0,0.0,0.0,0,90,0,0.0,0,False,False,False,False,False,False
1782456926.892,0,0,0,0,0,0.87,-6.99,0.0,0.0,0.0,0.0,0.0,0,90,0,0.0,0,False,False,False,False,False,False
1782456926.915,0,0,0,0,0,0.87,-7.02,0.0,0.0,0.0,0.0,0.0,0,90,0,0.0,0,False,False,False,False,False,False
1782456926.939,0,0,0,0,0,0.86,-7.03,0.0,0.0,0.0,0.0,0.0,0,90,0,0.0,0,False,False,False,False,False,False
1782456926.957,0,0,0,0,0,0.85,-7.04,0.0,0.0,0.0,0.0,0.0,0,90,0,0.0,0,False,False,False,False,False,False
1782456926.983,0,0,0,0,0,0.84,-7.03,0.0,0.0,0.0,0.0,0.0,0,90,0,0.0,0,False,False,False,False,False,False
1782456927.004,0,0,0,0,0,0.83,-7.02,0.0,0.0,0.0,0.0,0.0,0,90,0,0.0,0,False,False,False,False,False,False
1782456927.029,0,0,0,0,0,0.84,-7.02,0.0,0.0,0.0,0.0,0.0,0,90,0,0.0,0,False,False,False,False,False,False
1782456927.051,0,0,0,0,0,0.87,-7.0,0.0,0.0,0.0,0.0,0.0,0,90,0,0.0,0,False,False,False,False,False,False
1782456927.075,0,0,0,0,0,0.88,-6.99,0.0,0.0,0.0,0.0,0.0,0,90,0,0.0,0,False,False,False,False,False,False
1782456927.099,0,0,0,0,0,0.87,-6.97,0.0,0.0,0.0,0.0,0.0,0,90,0,0.0,0,False,False,False,False,False,False
1782456927.124,0,0,0,0,0,0.85,-6.97,0.0,0.0,0.0,0.0,0.0,0,90,0,0.0,0,False,False,False,False,False,False
1782456927.147,0,0,0,0,0,0.85,-6.97,0.0,0.0,0.0,0.0,0.0,0,90,0,0.0,0,False,False,False,False,False,False
1782456927.17,0,0,0,0,0,0.88,-6.98,0.0,0.0,0.0,0.0,0.0,0,90,0,0.0,0,False,False,False,False,False,False
1782456927.193,0,0,0,0,0,0.91,-6.98,0.0,0.0,0.0,0.0,0.0,0,90,0,0.0,0,False,False,False,False,False,False
1782456927.217,0,0,0,0,0,0.93,-6.97,0.0,0.0,0.0,0.0,0.0,0,90,0,0.0,0,False,False,False,False,False,False
1782456927.241,0,0,0,0,0,0.93,-6.97,0.0,0.0,0.0,0.0,0.0,0,90,0,0.0,0,False,False,False,False,False,False
1782456927.265,0,0,0,0,0,0.9,-6.98,0.0,0.0,0.0,0.0,0.0,0,90,0,0.0,0,False,False,False,False,False,False
1782456927.288,0,0,0,0,0,0.88,-6.98,0.0,0.0,0.0,0.0,0.0,0,90,0,0.0,0,False,False,False,False,False,False
1782456927.315,0,0,0,0,0,0.9,-6.99,0.0,0.0,0.0,0.0,0.0,0,90,0,0.0,0,False,False,False,False,False,False
1782456927.336,0,0,0,0,0,0.92,-7.01,0.0,0.0,0.0,0.0,0.0,0,90,0,0.0,0,False,False,False,False,False,False
1782456927.36,0,0,0,0,0,0.91,-7.01,0.0,0.0,0.0,0.0,0.0,0,90,0,0.0,0,False,False,False,False,False,False
1782456927.384,0,0,0,0,0,0.88,-7.01,0.0,0.0,0.0,0.0,0.0,0,90,0,0.0,0,False,False,False,False,False,False
1782456927.407,0,0,0,0,0,0.87,-7.0,0.0,0.0,0.0,0.0,0.0,0,90,0,0.0,0,False,False,False,False,False,False
1782456927.432,0,0,0,0,0,0.91,-6.99,0.0,0.0,0.0,0.0,0.0,0,90,0,0.0,0,False,False,False,False,False,False
1782456927.455,0,0,0,0,0,0.95,-7.0,0.0,0.0,0.0,0.0,0.0,0,90,0,0.0,0,False,False,False,False,False,False
1782456927.481,0,0,0,0,0,0.97,-7.01,0.0,0.0,0.0,0.0,0.0,0,90,0,0.0,0,False,False,False,False,False,False
1782456927.502,0,0,0,0,0,0.95,-7.01,0.0,0.0,0.0,0.0,0.0,0,90,0,0.0,0,False,False,False,False,False,False
1782456927.527,0,0,0,0,0,0.89,-7.01,0.0,0.0,0.0,0.0,0.0,0,90,0,0.0,0,False,False,False,False,False,False
1782456927.549,0,0,0,0,0,0.83,-7.02,0.0,0.0,0.0,0.0,0.0,0,90,0,0.0,0,False,False,False,False,False,False
1782456927.574,0,0,0,0,0,0.82,-7.03,0.0,0.0,0.0,0.0,0.0,0,90,0,0.0,0,False,False,False,False,False,False
1782456927.598,0,0,0,0,0,0.86,-7.03,0.0,0.0,0.0,0.0,0.0,0,90,0,0.0,0,False,False,False,False,False,False
1782456927.621,0,0,0,0,0,0.92,-7.03,0.0,0.0,0.0,0.0,0.0,0,90,0,0.0,0,False,False,False,False,False,False
1782456927.644,0,0,0,0,0,0.97,-7.02,0.0,0.0,0.0,0.0,0.0,0,90,0,0.0,0,False,False,False,False,False,False
1782456927.668,0,0,0,0,0,0.97,-7.02,0.0,0.0,0.0,0.0,0.0,0,90,0,0.0,0,False,False,False,False,False,False
1782456927.692,0,0,0,0,0,0.96,-7.03,0.0,0.0,0.0,0.0,0.0,0,90,0,0.0,0,False,False,False,False,False,False
1782456927.717,0,0,0,0,0,0.95,-7.06,0.0,0.0,0.0,0.0,0.0,0,90,0,0.0,0,False,False,False,False,False,False
1782456927.739,0,0,0,0,0,0.93,-7.08,0.0,0.0,0.0,0.0,0.0,0,90,0,0.0,0,False,False,False,False,False,False
1782456927.765,0,0,0,0,0,0.92,-7.07,0.0,0.0,0.0,0.0,0.0,0,90,0,0.0,0,False,False,False,False,False,False
1782456927.787,0,0,0,0,0,0.91,-7.04,0.0,0.0,0.0,0.0,0.0,0,90,0,0.0,0,False,False,False,False,False,False
1782456927.811,0,0,0,0,0,0.89,-7.01,0.0,0.0,0.0,0.0,0.0,0,90,0,0.0,0,False,False,False,False,False,False
1782456927.835,0,0,0,0,0,0.88,-6.99,0.0,0.0,0.0,0.0,0.0,0,90,0,0.0,0,False,False,False,False,False,False
1782456927.86,0,0,0,0,0,0.88,-6.97,0.0,0.0,0.0,0.0,0.0,0,90,0,0.0,0,False,False,False,False,False,False
1782456927.882,0,0,0,0,0,0.89,-6.98,0.0,0.0,0.0,0.0,0.0,0,90,0,0.0,0,False,False,False,False,False,False
1782456927.905,0,0,0,0,0,0.9,-6.99,0.0,0.0,0.0,0.0,0.0,0,90,0,0.0,0,False,False,False,False,False,False
1782456927.93,0,0,0,0,0,0.91,-7.0,0.0,0.0,0.0,0.0,0.0,0,90,0,0.0,0,False,False,False,False,False,False
1782456927.952,0,0,0,0,0,0.94,-6.99,0.0,0.0,0.0,0.0,0.0,0,90,0,0.0,0,False,False,False,False,False,False
1782456927.978,0,0,0,0,0,0.95,-6.98,0.0,0.0,0.0,0.0,0.0,0,90,0,0.0,0,False,False,False,False,False,False
1782456928.0,0,0,0,0,0,0.94,-6.98,0.0,0.0,0.0,0.0,0.0,0,90,0,0.0,0,False,False,False,False,False,False
1782456928.025,0,0,0,0,0,0.92,-7.0,0.0,0.0,0.0,0.0,0.0,0,90,0,0.0,0,False,False,False,False,False,False
1782456928.048,0,0,0,0,0,0.91,-7.01,0.0,0.0,0.0,0.0,0.0,0,90,0,0.0,0,False,False,False,False,False,False
1782456928.072,0,0,0,0,0,0.94,-7.02,0.0,0.0,0.0,0.0,0.0,0,90,0,0.0,0,False,False,False,False,False,False
1782456928.095,0,0,0,0,0,0.96,-7.03,0.0,0.0,0.0,0.0,0.0,0,90,0,0.0,0,False,False,False,False,False,False
1782456928.119,0,0,0,0,0,0.94,-7.03,0.0,0.0,0.0,0.0,0.0,0,90,0,0.0,0,False,False,False,False,False,False
1782456928.142,0,0,0,0,0,0.89,-7.03,0.0,0.0,0.0,0.0,0.0,0,90,0,0.0,0,False,False,False,False,False,False
1782456928.167,0,0,0,0,0,0.86,-7.04,0.0,0.0,0.0,0.0,0.0,0,90,0,0.0,0,False,False,False,False,False,False
1782456928.19,0,0,0,0,0,0.86,-7.06,0.0,0.0,0.0,0.0,0.0,0,90,0,0.0,0,False,False,False,False,False,False
1782456928.214,0,0,0,0,0,0.9,-7.08,0.0,0.0,0.0,0.0,0.0,0,90,0,0.0,0,False,False,False,False,False,False
1782456928.238,0,0,0,0,0,0.93,-7.08,0.0,0.0,0.0,0.0,0.0,0,90,0,0.0,0,False,False,False,False,False,False
1782456928.261,0,0,0,0,0,0.94,-7.07,0.0,0.0,0.0,0.0,0.0,0,90,0,0.0,0,False,False,False,False,False,False
1782456928.285,0,0,0,0,0,0.94,-7.06,0.0,0.0,0.0,0.0,0.0,0,90,0,0.0,0,False,False,False,False,False,False
1782456928.309,0,0,0,0,0,0.94,-7.04,0.0,0.0,0.0,0.0,0.0,0,90,0,0.0,0,False,False,False,False,False,False
1782456928.334,0,0,0,0,0,0.93,-7.05,0.0,0.0,0.0,0.0,0.0,0,90,0,0.0,0,False,False,False,False,False,False
1782456928.356,0,0,0,0,0,0.91,-7.07,0.0,0.0,0.0,0.0,0.0,0,90,0,0.0,0,False,False,False,False,False,False
1782456928.381,0,0,0,0,0,0.9,-7.08,0.0,0.0,0.0,0.0,0.0,0,90,0,0.0,0,False,False,False,False,False,False
1782456928.404,0,0,0,0,0,0.88,-7.08,0.0,0.0,0.0,0.0,0.0,0,90,0,0.0,0,False,False,False,False,False,False
1782456928.426,0,0,0,0,0,0.86,-7.07,0.0,0.0,0.0,0.0,0.0,0,90,0,0.0,0,False,False,False,False,False,False
1782456928.452,0,0,0,0,0,0.88,-7.07,0.0,0.0,0.0,0.0,0.0,0,90,0,0.0,0,False,False,False,False,False,False
1782456928.473,0,0,0,0,0,0.89,-7.07,0.0,0.0,0.0,0.0,0.0,0,90,0,0.0,0,False,False,False,False,False,False
1782456928.5,0,0,0,0,0,0.91,-7.06,0.0,0.0,0.0,0.0,0.0,0,90,0,0.0,0,False,False,False,False,False,False
1782456928.521,0,0,0,0,0,0.92,-7.05,0.0,0.0,0.0,0.0,0.0,0,90,0,0.0,0,False,False,False,False,False,False
1782456928.545,0,0,0,0,0,0.92,-7.04,0.0,0.0,0.0,0.0,0.0,0,90,0,0.0,0,False,False,False,False,False,False
1782456928.569,0,0,0,0,0,0.91,-7.05,0.0,0.0,0.0,0.0,0.0,0,90,0,0.0,0,False,False,False,False,False,False
1782456928.587,0,0,0,0,0,0.91,-7.04,0.0,0.0,0.0,0.0,0.0,0,90,0,0.0,0,False,False,False,False,False,False
1782456928.611,0,0,0,0,0,0.91,-7.02,0.0,0.0,0.0,0.0,0.0,0,90,0,0.0,0,False,False,False,False,False,False
1782456928.635,0,0,0,0,0,0.93,-7.02,0.0,0.0,0.0,0.0,0.0,0,90,0,0.0,0,False,False,False,False,False,False
1782456928.659,0,0,0,0,0,0.94,-7.03,0.0,0.0,0.0,0.0,0.0,0,90,0,0.0,0,False,False,False,False,False,False
1782456928.683,0,0,0,0,0,0.95,-7.03,0.0,0.0,0.0,0.0,0.0,0,90,0,0.0,0,False,False,False,False,False,False
1782456928.707,0,0,0,0,0,0.95,-7.03,0.0,0.0,0.0,0.0,0.0,0,90,0,0.0,0,False,False,False,False,False,False
1782456928.729,0,0,0,0,0,0.93,-7.03,0.0,0.0,0.0,0.0,0.0,0,90,0,0.0,0,False,False,False,False,False,False
1782456928.754,0,0,0,0,0,0.9,-7.02,0.0,0.0,0.0,0.0,0.0,0,90,0,0.0,0,False,False,False,False,False,False
1782456928.777,0,0,0,0,0,0.88,-7.02,0.0,0.0,0.0,0.0,0.0,0,90,0,0.0,0,False,False,False,False,False,False
1782456928.801,0,0,0,0,0,0.88,-7.01,0.0,0.0,0.0,0.0,0.0,0,90,0,0.0,0,False,False,False,False,False,False
1782456928.824,0,0,0,0,0,0.89,-6.99,0.0,0.0,0.0,0.0,0.0,0,90,0,0.0,0,False,False,False,False,False,False
1782456928.85,0,0,0,0,0,0.9,-6.98,0.0,0.0,0.0,0.0,0.0,0,90,0,0.0,0,False,False,False,False,False,False
1782456928.872,0,0,0,0,0,0.9,-6.98,0.0,0.0,0.0,0.0,0.0,0,90,0,0.0,0,False,False,False,False,False,False
1782456928.897,0,0,0,0,0,0.9,-6.99,0.0,0.0,0.0,0.0,0.0,0,90,0,0.0,0,False,False,False,False,False,False
1782456928.919,0,0,0,0,0,0.9,-6.99,0.0,0.0,0.0,0.0,0.0,0,90,0,0.0,0,False,False,False,False,False,False
1782456928.943,0,0,0,0,0,0.9,-7.0,0.0,0.0,0.0,0.0,0.0,0,90,0,0.0,0,False,False,False,False,False,False
1782456928.967,0,0,0,0,0,0.9,-7.02,0.0,0.0,0.0,0.0,0.0,0,90,0,0.0,0,False,False,False,False,False,False
1782456928.991,0,0,0,0,0,0.89,-7.03,0.0,0.0,0.0,0.0,0.0,0,90,0,0.0,0,False,False,False,False,False,False
1782456929.015,0,0,0,0,0,0.89,-7.03,0.0,0.0,0.0,0.0,0.0,0,90,0,0.0,0,False,False,False,False,False,False
1782456929.038,0,0,0,0,0,0.9,-7.04,0.0,0.0,0.0,0.0,0.0,0,90,0,0.0,0,False,False,False,False,False,False
1782456929.062,0,0,0,0,0,0.91,-7.05,0.0,0.0,0.0,0.0,0.0,0,90,0,0.0,0,False,False,False,False,False,False
1782456929.085,0,0,0,0,0,0.91,-7.03,0.0,0.0,0.0,0.0,0.0,0,90,0,0.0,0,False,False,False,False,False,False
1782456929.109,0,0,0,0,0,0.93,-6.99,0.0,0.0,0.0,0.0,0.0,0,90,0,0.0,0,False,False,False,False,False,False
1782456929.132,0,0,0,0,0,0.94,-6.99,0.0,0.0,0.0,0.0,0.0,0,90,0,0.0,0,False,False,False,False,False,False
1782456929.157,0,0,0,0,0,0.96,-7.03,0.0,0.0,0.0,0.0,0.0,0,90,0,0.0,0,False,False,False,False,False,False
1782456929.179,0,0,0,0,0,0.97,-7.06,0.0,0.0,0.0,0.0,0.0,0,90,0,0.0,0,False,False,False,False,False,False
1782456929.204,0,0,0,0,0,0.97,-7.07,0.0,0.0,0.0,0.0,0.0,0,90,0,0.0,0,False,False,False,False,False,False
1782456929.226,0,0,0,0,0,0.95,-7.08,0.0,0.0,0.0,0.0,0.0,0,90,0,0.0,0,False,False,False,False,False,False
1782456929.253,0,0,0,0,0,0.92,-7.07,0.0,0.0,0.0,0.0,0.0,0,90,0,0.0,0,False,False,False,False,False,False
1782456929.274,0,0,0,0,0,0.91,-7.03,0.0,0.0,0.0,0.0,0.0,0,90,0,0.0,0,False,False,False,False,False,False
1782456929.299,0,0,0,0,0,0.91,-7.02,0.0,0.0,0.0,0.0,0.0,0,90,0,0.0,0,False,False,False,False,False,False
1782456929.321,0,0,0,0,0,0.92,-7.08,0.0,0.0,0.0,0.0,0.0,0,90,0,0.0,0,False,False,False,False,False,False
1782456929.343,0,0,0,0,0,0.92,-7.17,0.0,0.0,0.0,0.0,0.0,0,90,0,0.0,0,False,False,False,False,False,False
1782456929.369,0,0,0,0,0,0.93,-7.15,0.0,0.0,0.0,0.0,0.0,0,90,0,0.0,0,False,False,False,False,False,False
1782456929.39,0,0,0,0,0,0.94,-6.97,0.0,0.0,0.0,0.0,0.0,0,90,0,0.0,0,False,False,False,False,False,False
1782456929.417,0,0,0,0,0,0.94,-6.77,0.0,0.0,0.0,0.0,0.0,0,90,0,0.0,0,False,False,False,False,False,False
1782456929.438,0,0,0,0,0,0.95,-6.55,0.0,0.0,0.0,0.0,0.0,0,90,0,0.0,0,False,False,False,False,False,False
1782456929.462,0,0,0,0,0,0.98,-6.02,0.0,0.0,0.0,0.0,0.0,0,90,0,0.0,0,False,False,False,False,False,False
1782456929.485,0,0,0,0,0,1.03,-5.43,0.0,0.0,0.0,0.0,0.0,0,90,0,0.0,0,False,False,False,False,False,False
1782456929.509,0,0,0,0,0,1.06,-5.29,0.0,0.0,0.0,0.0,0.0,0,90,0,0.0,0,False,False,False,False,False,False
1782456929.532,0,0,0,0,0,1.0,-5.63,0.0,0.0,0.0,0.0,0.0,0,90,0,0.0,0,False,False,False,False,False,False
1782456929.556,0,0,0,0,0,0.84,-6.21,0.0,0.0,0.0,0.0,0.0,0,90,0,0.0,0,False,False,False,False,False,False
1782456929.58,0,0,0,0,0,0.7,-6.75,0.0,0.0,0.0,0.0,0.0,0,90,0,0.0,0,False,False,False,False,False,False
1782456929.603,0,0,0,0,0,0.66,-7.17,0.0,0.0,0.0,0.0,0.0,0,90,0,0.01,0,False,False,False,False,False,False
1782456929.626,0,0,0,0,0,0.69,-7.45,0.0,0.0,0.0,0.0,0.0,0,90,0,0.01,0,False,False,False,False,False,False
1782456929.651,0,0,0,0,0,0.73,-7.63,0.0,0.0,0.0,0.0,0.0,0,90,0,0.01,0,False,False,False,False,False,False
1782456929.674,0,0,0,0,0,0.76,-7.7,0.0,0.0,0.0,0.0,0.0,0,90,0,0.01,0,False,False,False,False,False,False
1782456929.698,0,0,0,0,0,0.75,-7.73,0.0,0.0,0.0,0.0,0.0,0,90,0,0.02,0,False,False,False,False,False,False
1782456929.721,0,0,0,0,0,0.75,-7.74,0.0,0.0,0.0,0.0,0.0,0,90,0,0.02,0,False,False,False,False,False,False
1782456929.745,0,0,0,0,0,0.75,-7.75,0.0,0.0,0.0,0.0,0.0,0,90,0,0.02,0,False,False,False,False,False,False
1782456929.768,0,0,0,0,0,0.76,-7.76,0.0,0.0,0.0,0.0,0.0,0,90,0,0.02,0,False,False,False,False,False,False
1782456929.793,0,0,0,0,0,0.76,-7.79,0.0,0.0,0.0,0.0,0.0,0,90,0,0.02,0,False,False,False,False,False,False
1782456929.817,0,0,0,0,0,0.78,-7.82,0.0,0.0,0.0,0.0,0.0,0,90,0,0.03,0,False,False,False,False,False,False
1782456929.838,0,0,0,0,0,0.79,-7.81,0.0,0.0,0.0,0.0,0.0,0,90,0,0.03,0,False,False,False,False,False,False
1782456929.862,0,0,0,0,0,0.76,-7.81,0.0,0.0,0.0,0.0,0.0,0,90,0,0.03,0,False,False,False,False,False,False
1782456929.886,0,0,0,0,0,0.69,-7.99,0.0,0.0,0.0,0.0,0.0,0,90,0,0.03,0,False,False,False,False,False,False
1782456929.908,0,0,0,0,0,0.62,-8.52,0.0,0.0,0.0,0.0,0.0,0,90,0,0.03,0,False,False,False,False,False,False
1782456929.934,0,0,0,0,0,0.54,-9.22,0.0,0.0,0.0,0.0,0.0,0,90,0,0.03,0,False,False,False,False,False,False
1782456929.955,0,0,0,0,0,0.43,-9.94,0.0,0.0,0.0,0.0,0.0,0,90,0,0.03,0,False,False,False,False,False,False
1782456929.983,0,0,0,0,0,0.34,-10.73,0.0,0.0,0.0,0.0,0.0,0,90,0,0.03,0,False,False,False,False,False,False
1782456930.003,0,0,0,0,0,0.25,-11.57,0.0,0.0,0.0,0.0,0.0,0,90,0,0.03,0,False,False,False,False,False,False
1782456930.028,0,0,0,0,0,-0.02,-12.41,0.0,0.0,0.0,0.0,0.0,0,90,0,0.03,0,False,False,False,False,False,False
1782456930.051,0,0,0,0,0,-0.39,-13.18,0.0,0.0,0.0,0.0,0.0,0,90,0,0.03,0,False,False,False,False,False,False
1782456930.074,0,0,0,0,0,-0.71,-13.83,0.0,0.0,0.0,0.0,0.0,0,90,0,0.03,0,False,False,False,False,False,False
1782456930.1,0,0,0,0,0,-0.95,-14.39,0.0,0.0,0.0,0.0,0.0,0,90,0,0.03,0,False,False,False,False,False,False
1782456930.122,0,0,0,0,0,-1.12,-14.85,0.0,0.0,0.0,0.0,0.0,0,90,0,0.03,0,False,False,False,False,False,False
1782456930.145,0,0,0,0,0,-1.25,-15.2,0.0,0.0,0.0,0.0,0.0,0,90,0,0.03,0,False,False,False,False,False,False
1782456930.17,0,0,0,0,0,-1.33,-15.44,0.0,0.0,0.0,0.0,0.0,0,90,0,0.03,0,False,False,False,False,False,False
1782456930.194,0,0,0,0,0,-1.39,-15.59,0.0,0.0,0.0,0.0,0.0,0,90,0,0.03,0,False,False,False,False,False,False
1782456930.219,0,0,0,0,0,-1.44,-15.71,0.0,0.0,0.0,0.0,0.0,0,90,0,0.03,0,False,False,False,False,False,False
1782456930.241,0,0,0,0,0,-1.5,-15.81,0.0,0.0,0.0,0.0,0.0,0,90,0,0.03,0,False,False,False,False,False,False
1782456930.267,0,0,0,0,0,-1.54,-15.92,0.0,0.0,0.0,0.0,0.0,0,90,0,0.03,0,False,False,False,False,False,False
1782456930.29,0,0,0,0,0,-1.55,-16.01,0.0,0.0,0.0,0.0,0.0,0,90,0,0.03,0,False,False,False,False,False,False
1782456930.313,0,0,0,0,0,-1.55,-16.06,0.0,0.0,0.0,0.0,0.0,0,90,0,0.03,0,False,False,False,False,False,False
1782456930.338,0,0,0,0,0,-1.56,-16.1,0.0,0.0,0.0,0.0,0.0,0,90,0,0.03,0,False,False,False,False,False,False
1782456930.362,0,0,0,0,0,-1.56,-16.17,0.0,0.0,0.0,0.0,0.0,0,90,0,0.03,0,False,False,False,False,False,False
1782456930.381,0,0,0,0,0,-1.57,-16.23,0.0,0.0,0.0,0.0,0.0,0,90,0,0.03,0,False,False,False,False,False,False
1782456930.404,0,0,0,0,0,-1.57,-16.27,0.0,0.0,0.0,0.0,0.0,0,90,0,0.03,0,False,False,False,False,False,False
1782456930.43,0,0,0,0,0,-1.58,-16.37,0.0,0.0,0.0,0.0,0.0,0,90,0,0.03,0,False,False,False,False,False,False
1782456930.452,0,0,0,0,0,-1.61,-16.48,0.0,0.0,0.0,0.0,0.0,0,90,0,0.03,0,False,False,False,False,False,False
1782456930.477,0,0,0,0,0,-1.63,-16.5,0.0,0.0,0.0,0.0,0.0,0,90,0,0.03,0,False,False,False,False,False,False
1782456930.502,0,0,0,0,0,-1.63,-16.43,0.0,0.0,0.0,0.0,0.0,0,90,0,0.03,0,False,False,False,False,False,False
1782456930.524,0,0,0,0,0,-1.62,-16.34,0.0,0.0,0.0,0.0,0.0,0,90,0,0.03,0,False,False,False,False,False,False
1782456930.548,0,0,0,0,0,-1.62,-16.26,0.0,0.0,0.0,0.0,0.0,0,90,0,0.03,0,False,False,False,False,False,False
1782456930.571,0,0,0,0,0,-1.63,-16.19,0.0,0.0,0.0,0.0,0.0,0,90,0,0.03,0,False,False,False,False,False,False
1782456930.595,0,0,0,0,0,-1.63,-16.12,0.0,0.0,0.0,0.0,0.0,0,90,0,0.03,0,False,False,False,False,False,False
1782456930.619,0,0,0,0,0,-1.62,-16.04,0.0,0.0,0.0,0.0,0.0,0,90,0,0.03,0,False,False,False,False,False,False
1782456930.644,0,0,0,0,0,-1.59,-15.95,0.0,0.0,0.0,0.0,0.0,0,90,0,0.03,0,False,False,False,False,False,False
1782456930.668,0,0,0,0,0,-1.57,-15.84,0.0,0.0,0.0,0.0,0.0,0,90,0,0.03,0,False,False,False,False,False,False
1782456930.693,0,0,0,0,0,-1.54,-15.75,0.0,0.0,0.0,0.0,0.0,0,90,0,0.03,0,False,False,False,False,False,False
1782456930.71,0,0,0,0,0,-1.51,-15.66,0.0,0.0,0.0,0.0,0.0,0,90,0,0.03,0,False,False,False,False,False,False
1782456930.735,0,0,0,0,0,-1.49,-15.58,0.0,0.0,0.0,0.0,0.0,0,90,0,0.03,0,False,False,False,False,False,False
1782456930.754,0,0,0,0,0,-1.46,-15.5,0.0,0.0,0.0,0.0,0.0,0,90,0,0.03,0,False,False,False,False,False,False
1782456930.778,0,0,0,0,0,-1.44,-15.42,0.0,0.0,0.0,0.0,0.0,0,90,0,0.03,0,False,False,False,False,False,False
1782456930.797,0,0,0,0,0,-1.42,-15.34,0.0,0.0,0.0,0.0,0.0,0,90,0,0.03,0,False,False,False,False,False,False
1782456930.823,0,0,0,0,0,-1.39,-15.26,0.0,0.0,0.0,0.0,0.0,0,90,0,0.03,0,False,False,False,False,False,False
1782456930.84,0,0,0,0,0,-1.37,-15.18,0.0,0.0,0.0,0.0,0.0,0,90,0,0.03,0,False,False,False,False,False,False
1782456930.864,0,0,0,0,0,-1.34,-15.1,0.0,0.0,0.0,0.0,0.0,0,90,0,0.03,0,False,False,False,False,False,False
1782456930.885,0,0,0,0,0,-1.32,-15.02,0.0,0.0,0.0,0.0,0.0,0,90,0,0.03,0,False,False,False,False,False,False
1782456930.908,0,0,0,0,0,-1.3,-14.94,0.0,0.0,0.0,0.0,0.0,0,90,0,0.03,0,False,False,False,False,False,False
1782456930.925,0,0,0,0,0,-1.27,-14.86,0.0,0.0,0.0,0.0,0.0,0,90,0,0.03,0,False,False,False,False,False,False
1782456930.951,0,0,0,0,0,-1.24,-14.78,0.0,0.0,0.0,0.0,0.0,0,90,0,0.03,0,False,False,False,False,False,False
1782456930.973,0,0,0,0,0,-1.22,-14.7,0.0,0.0,0.0,0.0,0.0,0,90,0,0.03,0,False,False,False,False,False,False
1782456930.998,0,0,0,0,0,-1.19,-14.62,0.0,0.0,0.0,0.0,0.0,0,90,0,0.03,0,False,False,False,False,False,False
1782456931.021,0,0,0,0,0,-1.16,-14.53,0.0,0.0,0.0,0.0,0.0,0,90,0,0.03,0,False,False,False,False,False,False
1782456931.044,0,0,0,0,0,-1.14,-14.45,0.0,0.0,0.0,0.0,0.0,0,90,0,0.03,0,False,False,False,False,False,False
1782456931.069,0,0,0,0,0,-1.11,-14.36,0.0,0.0,0.0,0.0,0.0,0,90,0,0.02,0,False,False,False,False,False,False
1782456931.092,0,0,0,0,0,-1.08,-14.27,0.0,0.0,0.0,0.0,0.0,0,90,0,0.02,0,False,False,False,False,False,False
1782456931.117,0,0,0,0,0,-1.06,-14.18,0.0,0.0,0.0,0.0,0.0,0,90,0,0.01,0,False,False,False,False,False,False
1782456931.141,0,0,0,0,0,-1.03,-14.09,0.0,0.0,0.0,0.0,0.0,0,90,0,0.01,0,False,False,False,False,False,False
1782456931.163,0,0,0,0,0,-1.0,-14.01,0.0,0.0,0.0,0.0,0.0,0,90,0,0.01,0,False,False,False,False,False,False
1782456931.182,0,0,0,0,0,-0.98,-13.92,0.0,0.0,0.0,0.0,0.0,0,90,0,0.01,0,False,False,False,False,False,False
1782456931.205,0,0,0,0,0,-0.95,-13.85,0.0,0.0,0.0,0.0,0.0,0,90,0,0.01,0,False,False,False,False,False,False
1782456931.23,0,0,0,0,0,-0.93,-13.76,0.0,0.0,0.0,0.0,0.0,0,90,0,0.01,0,False,False,False,False,False,False
1782456931.253,0,0,0,0,0,-0.9,-13.68,0.0,0.0,0.0,0.0,0.0,0,90,0,0.0,0,False,False,False,False,False,False
1782456931.277,0,0,0,0,0,-0.88,-13.59,0.0,0.0,0.0,0.0,0.0,0,90,0,0.0,0,False,False,False,False,False,False
1782456931.302,0,0,0,0,0,-0.85,-13.51,0.0,0.0,0.0,0.0,0.0,0,90,0,0.0,0,False,False,False,False,False,False
1782456931.325,0,0,0,0,0,-0.83,-13.42,0.0,0.0,0.0,0.0,0.0,0,90,0,0.0,0,False,False,False,False,False,False
1782456931.348,0,0,0,0,0,-0.8,-13.33,0.0,0.0,0.0,0.0,0.0,0,90,0,0.0,0,False,False,False,False,False,False
1782456931.373,0,0,0,0,0,-0.78,-13.24,0.0,0.0,0.0,0.0,0.0,0,90,0,0.0,0,False,False,False,False,False,False
1782456931.395,0,0,0,0,0,-0.75,-13.15,0.0,0.0,0.0,0.0,0.0,0,90,0,0.0,0,False,False,False,False,False,False
1782456931.42,0,0,0,0,0,-0.72,-13.07,0.0,0.0,0.0,0.0,0.0,0,90,0,0.0,0,False,False,False,False,False,False
1782456931.442,0,0,0,0,0,-0.7,-12.98,0.0,0.0,0.0,0.0,0.0,0,90,0,0.0,0,False,False,False,False,False,False
1782456931.47,0,0,0,0,0,-0.67,-12.89,0.0,0.0,0.0,0.0,0.0,0,90,0,0.0,0,False,False,False,False,False,False
1782456931.49,0,0,0,0,0,-0.65,-12.8,0.0,0.0,0.0,0.0,0.0,0,90,0,0.0,0,False,False,False,False,False,False
1782456931.515,0,0,0,0,0,-0.62,-12.71,0.0,0.0,0.0,0.0,0.0,0,90,0,0.0,0,False,False,False,False,False,False
1782456931.538,0,0,0,0,0,-0.59,-12.63,0.0,0.0,0.0,0.0,0.0,0,90,0,0.0,0,False,False,False,False,False,False
1782456931.562,0,0,0,0,0,-0.57,-12.54,0.0,0.0,0.0,0.0,0.0,0,90,0,0.0,0,False,False,False,False,False,False
1782456931.587,0,0,0,0,0,-0.54,-12.45,0.0,0.0,0.0,0.0,0.0,0,90,0,0.0,0,False,False,False,False,False,False
1782456931.61,0,0,0,0,0,-0.52,-12.36,0.0,0.0,0.0,0.0,0.0,0,90,0,0.0,0,False,False,False,False,False,False
1782456931.633,0,0,0,0,0,-0.49,-12.27,0.0,0.0,0.0,0.0,0.0,0,90,0,0.0,0,False,False,False,False,False,False
1782456931.653,0,0,0,0,0,-0.47,-12.18,0.0,0.0,0.0,0.0,0.0,0,90,0,0.0,0,False,False,False,False,False,False
1782456931.676,0,0,0,0,0,-0.45,-12.1,0.0,0.0,0.0,0.0,0.0,0,90,0,0.0,0,False,False,False,False,False,False
1782456931.7,0,0,0,0,0,-0.42,-12.02,0.0,0.0,0.0,0.0,0.0,0,90,0,0.0,0,False,False,False,False,False,False
1782456931.723,0,0,0,0,0,-0.4,-11.94,0.0,0.0,0.0,0.0,0.0,0,90,0,0.0,0,False,False,False,False,False,False
1782456931.747,0,0,0,0,0,-0.38,-11.85,0.0,0.0,0.0,0.0,0.0,0,90,0,0.0,0,False,False,False,False,False,False
1782456931.771,0,0,0,0,0,-0.36,-11.76,0.0,0.0,0.0,0.0,0.0,0,90,0,0.0,0,False,False,False,False,False,False
1782456931.795,0,0,0,0,0,-0.33,-11.69,0.0,0.0,0.0,0.0,0.0,0,90,0,0.0,0,False,False,False,False,False,False
1782456931.819,0,0,0,0,0,-0.3,-11.66,0.0,0.0,0.0,0.0,0.0,0,90,0,0.0,0,False,False,False,False,False,False
1782456931.841,0,0,0,0,0,-0.27,-11.68,0.0,0.0,0.0,0.0,0.0,0,90,0,0.0,0,False,False,False,False,False,False
1782456931.865,0,0,0,0,0,-0.24,-11.72,0.0,0.0,0.0,0.0,0.0,0,90,0,0.0,0,False,False,False,False,False,False
1782456931.888,0,0,0,0,0,-0.2,-11.75,0.0,0.0,0.0,0.0,0.0,0,90,0,0.0,0,False,False,False,False,False,False
1782456931.911,0,0,0,0,0,-0.15,-11.76,0.0,0.0,0.0,0.0,0.0,0,90,0,0.0,0,False,False,False,False,False,False
1782456931.936,0,0,0,0,0,-0.09,-11.73,0.0,0.0,0.0,0.0,0.0,0,90,0,0.0,0,False,False,False,False,False,False
1782456931.959,0,0,0,0,0,-0.0,-11.71,0.0,0.0,0.0,0.0,0.0,0,90,0,0.0,0,False,False,False,False,False,False
1782456931.982,0,0,0,0,0,0.14,-11.66,0.0,0.0,0.0,0.0,0.0,0,90,0,0.0,0,False,False,False,False,False,False
1782456932.005,0,0,0,0,0,0.31,-11.15,0.0,0.0,0.0,0.0,0.0,0,90,0,0.0,0,False,False,False,False,False,False
1782456932.029,0,0,0,0,0,0.47,-9.97,0.0,0.0,0.0,0.0,0.0,0,90,0,0.0,0,False,False,False,False,False,False
1782456932.053,0,0,0,0,0,0.64,-8.78,0.0,0.0,0.0,0.0,0.0,0,90,0,0.0,0,False,False,False,False,False,False
1782456932.076,0,0,0,0,0,0.82,-8.09,0.0,0.0,0.0,0.0,0.0,0,90,0,0.0,0,False,False,False,False,False,False
1782456932.099,0,0,0,0,0,1.0,-7.75,0.0,0.0,0.0,0.0,0.0,0,90,0,0.0,0,False,False,False,False,False,False
1782456932.122,0,0,0,0,0,1.1,-7.49,0.0,0.0,0.0,0.0,0.0,0,90,0,0.0,0,False,False,False,False,False,False
1782456932.146,0,0,0,0,0,1.13,-7.09,0.0,0.0,0.0,0.0,0.0,0,90,0,0.01,0,False,False,False,False,False,False
1782456932.169,0,0,0,0,0,1.16,-6.43,0.0,0.0,0.0,0.0,0.0,0,90,0,0.01,0,False,False,False,False,False,False
1782456932.192,0,0,0,0,0,1.15,-5.49,0.0,0.0,0.0,0.0,0.0,0,90,0,0.01,0,False,False,False,False,False,False
1782456932.215,0,0,0,0,0,1.14,-4.34,0.0,0.0,0.0,0.0,0.0,0,90,0,0.01,0,False,False,False,False,False,False
1782456932.24,0,0,0,0,0,1.5,-3.02,0.0,0.0,0.0,0.0,0.0,0,90,0,0.02,0,False,False,False,False,False,False
1782456932.263,0,0,0,0,0,2.37,-1.57,0.0,0.0,0.0,0.0,0.0,0,90,0,0.02,0,False,False,False,False,False,False
1782456932.286,0,0,0,0,0,3.1,-0.04,0.0,0.0,0.0,0.0,0.0,0,90,0,0.03,0,False,False,False,False,False,False
1782456932.311,0,0,0,0,0,3.15,1.45,0.0,0.0,0.0,0.0,0.0,0,90,0,0.03,0,False,False,False,False,False,False
1782456932.332,0,0,0,0,0,2.69,2.82,0.0,0.0,0.0,0.0,0.0,0,90,0,0.03,0,False,False,False,False,False,False
1782456932.357,0,0,0,0,0,1.99,4.12,0.0,0.0,0.0,0.0,0.0,0,90,0,0.03,0,False,False,False,False,False,False
1782456932.381,0,0,0,0,0,1.26,5.28,0.0,0.0,0.0,0.0,0.0,0,90,0,0.04,0,False,False,False,False,False,False
1782456932.404,0,0,0,0,0,0.67,6.09,0.0,0.0,0.0,0.0,0.0,0,90,0,0.04,0,False,False,False,False,False,False
1782456932.427,0,0,0,0,0,0.32,6.43,0.0,0.0,0.0,0.0,0.0,0,90,0,0.05,0,False,False,False,False,False,False
1782456932.451,0,0,0,0,0,0.21,6.43,0.0,0.0,0.0,0.0,0.0,0,90,0,0.05,0,False,False,False,False,False,False
1782456932.473,0,0,0,0,0,0.22,6.29,0.0,0.0,0.0,0.0,0.0,0,90,0,0.05,0,False,False,False,False,False,False
1782456932.498,0,0,0,0,0,0.24,6.16,0.0,0.0,0.0,0.0,0.0,0,90,0,0.05,0,False,False,False,False,False,False
1782456932.522,0,0,0,0,0,0.23,6.13,0.0,0.0,0.0,0.0,0.0,0,90,0,0.05,0,False,False,False,False,False,False
1782456932.544,0,0,0,0,0,0.24,6.03,0.0,0.0,0.0,0.0,0.0,0,90,0,0.05,0,False,False,False,False,False,False
1782456932.569,0,0,0,0,0,0.24,5.67,0.0,0.0,0.0,0.0,0.0,0,90,0,0.06,0,False,False,False,False,False,False
1782456932.591,0,0,0,0,0,0.09,5.33,0.0,0.0,0.0,0.0,0.0,0,90,0,0.06,0,False,False,False,False,False,False
1782456932.614,0,0,0,0,0,-0.31,5.21,0.0,0.0,0.0,0.0,0.0,0,90,0,0.06,0,False,False,False,False,False,False
1782456932.638,0,0,0,0,0,-0.74,5.23,0.0,0.0,0.0,0.0,0.0,0,90,0,0.06,0,False,False,False,False,False,False
1782456932.661,0,0,0,0,0,-1.02,5.3,0.0,0.0,0.0,0.0,0.0,0,90,0,0.06,0,False,False,False,False,False,False
1782456932.686,0,0,0,0,0,-1.2,5.32,0.0,0.0,0.0,0.0,0.0,0,90,0,0.06,0,False,False,False,False,False,False
1782456932.707,0,0,0,0,0,-1.36,5.39,0.0,0.0,0.0,0.0,0.0,0,90,0,0.06,0,False,False,False,False,False,False
1782456932.731,0,0,0,0,0,-1.58,5.59,0.0,0.0,0.0,0.0,0.0,0,90,0,0.06,0,False,False,False,False,False,False
1782456932.754,0,0,0,0,0,-1.81,5.81,0.0,0.0,0.0,0.0,0.0,0,90,0,0.07,0,False,False,False,False,False,False
1782456932.779,0,0,0,0,0,-1.97,6.01,0.0,0.0,0.0,0.0,0.0,0,90,0,0.07,0,False,False,False,False,False,False
1782456932.801,0,0,0,0,0,-2.06,6.17,0.0,0.0,0.0,0.0,0.0,0,90,0,0.07,0,False,False,False,False,False,False
1782456932.825,0,0,0,0,0,-2.06,6.26,0.0,0.0,0.0,0.0,0.0,0,90,0,0.07,0,False,False,False,False,False,False
1782456932.849,0,0,0,0,0,-2.0,6.52,0.0,0.0,0.0,0.0,0.0,0,90,0,0.07,0,False,False,False,False,False,False
1782456932.872,0,0,0,0,0,-1.92,6.91,0.0,0.0,0.0,0.0,0.0,0,90,0,0.07,0,False,False,False,False,False,False
1782456932.896,0,0,0,0,0,-1.91,7.34,0.0,0.0,0.0,0.0,0.0,0,90,0,0.07,0,False,False,False,False,False,False
1782456932.92,0,0,0,0,0,-1.79,7.64,0.0,0.0,0.0,0.0,0.0,0,90,0,0.07,0,False,False,False,False,False,False
1782456932.942,0,0,0,0,0,-1.4,7.86,0.0,0.0,0.0,0.0,0.0,0,90,0,0.07,0,False,False,False,False,False,False
1782456932.966,0,0,0,0,0,-1.03,8.55,0.0,0.0,0.0,0.0,0.0,0,90,0,0.07,0,False,False,False,False,False,False
1782456932.99,0,0,0,0,0,-0.91,9.57,0.0,0.0,0.0,0.0,0.0,0,90,0,0.07,0,False,False,False,False,False,False
1782456933.014,0,0,0,0,0,-0.91,10.53,0.0,0.0,0.0,0.0,0.0,0,90,0,0.07,0,False,False,False,False,False,False
1782456933.038,0,0,0,0,0,-0.91,11.58,0.0,0.0,0.0,0.0,0.0,0,90,0,0.07,0,False,False,False,False,False,False
1782456933.06,0,0,0,0,0,-0.9,12.92,0.0,0.0,0.0,0.0,0.0,0,90,0,0.07,0,False,False,False,False,False,False
1782456933.083,0,0,0,0,0,-0.9,14.58,0.0,0.0,0.0,0.0,0.0,0,90,0,0.07,0,False,False,False,False,False,False
1782456933.109,0,0,0,0,0,-0.62,16.39,0.0,0.0,0.0,0.0,0.0,0,90,0,0.07,0,False,False,False,False,False,False
1782456933.131,0,0,0,0,0,0.1,18.18,0.0,0.0,0.0,0.0,0.0,0,90,0,0.07,0,False,False,False,False,False,False
1782456933.155,0,0,0,0,0,0.82,19.81,0.0,0.0,0.0,0.0,0.0,0,90,0,0.08,0,False,False,False,False,False,False
1782456933.18,0,0,0,0,0,1.28,21.15,0.0,0.0,0.0,0.0,0.0,0,90,0,0.08,0,False,False,False,False,False,False
1782456933.204,0,0,0,0,0,1.68,22.07,0.0,0.0,0.0,0.0,0.0,0,90,0,0.08,0,False,False,False,False,False,False
1782456933.227,0,0,0,0,0,2.23,22.51,0.0,0.0,0.0,0.0,0.0,0,90,0,0.08,0,False,False,False,False,False,False
1782456933.25,0,0,0,0,0,3.0,22.59,0.0,0.0,0.0,0.0,0.0,0,90,0,0.08,0,False,False,False,False,False,False
1782456933.274,0,0,0,0,0,4.02,22.56,0.0,0.0,0.0,0.0,0.0,0,90,0,0.08,0,False,False,False,False,False,False
1782456933.298,0,0,0,0,0,5.31,22.62,0.0,0.0,0.0,0.0,0.0,0,90,0,0.08,0,False,False,False,False,False,False
1782456933.322,0,0,0,0,0,6.73,22.73,0.0,0.0,0.0,0.0,0.0,0,90,0,0.08,0,False,False,False,False,False,False
1782456933.346,0,0,0,0,0,8.06,22.72,0.0,0.0,0.0,0.0,0.0,0,90,0,0.08,0,False,False,False,False,False,False
1782456933.365,0,0,0,0,0,9.21,22.91,0.0,0.0,0.0,0.0,0.0,0,90,0,0.09,0,False,False,False,False,False,False
1782456933.388,0,0,0,0,0,10.2,23.63,0.0,0.0,0.0,0.0,0.0,0,90,0,0.1,0,False,False,False,False,False,False
1782456933.413,0,0,0,0,0,11.08,24.48,0.0,0.0,0.0,0.0,0.0,0,90,0,0.1,0,False,False,False,False,False,False
1782456933.441,0,0,0,0,0,11.87,25.06,0.0,0.0,0.0,0.0,0.0,0,90,0,0.1,0,False,False,False,False,False,False
1782456933.46,0,0,0,0,0,12.46,25.31,0.0,0.0,0.0,0.0,0.0,0,90,0,0.1,0,False,False,False,False,False,False
1782456933.486,0,0,0,0,0,12.7,25.17,0.0,0.0,0.0,0.0,0.0,0,90,0,0.1,0,False,False,False,False,False,False
1782456933.508,0,0,0,0,0,12.53,24.66,0.0,0.0,0.0,0.0,0.0,0,90,0,0.11,0,False,False,False,False,False,False
1782456933.532,0,0,0,0,0,12.14,24.14,0.0,0.0,0.0,0.0,0.0,0,90,0,0.12,0,False,False,False,False,False,False
1782456933.556,0,0,0,0,0,11.86,23.94,0.0,0.0,0.0,0.0,0.0,0,90,0,0.13,0,False,False,False,False,False,False
1782456933.575,0,0,0,0,0,11.92,24.05,0.0,0.0,0.0,0.0,0.0,0,90,0,0.12,0,False,False,False,False,False,False
1782456933.598,0,0,0,0,0,12.27,24.28,0.0,0.0,0.0,0.0,0.0,0,90,0,0.12,0,False,False,False,False,False,False
1782456933.623,0,0,0,0,0,12.62,24.5,0.0,0.0,0.0,0.0,0.0,0,90,0,0.13,0,False,False,False,False,False,False
1782456933.646,0,0,0,0,0,12.69,24.6,0.0,0.0,0.0,0.0,0.0,0,90,0,0.14,0,False,False,False,False,False,False
1782456933.671,0,0,0,0,0,12.55,24.63,0.0,0.0,0.0,0.0,0.0,0,90,0,0.14,0,False,False,False,False,False,False
1782456933.694,0,0,0,0,0,12.5,24.7,0.0,0.0,0.0,0.0,0.0,0,90,0,0.14,0,False,False,False,False,False,False
1782456933.713,0,0,0,0,0,12.74,24.78,0.0,0.0,0.0,0.0,0.0,0,90,0,0.14,0,False,False,False,False,False,False
1782456933.738,0,0,0,0,0,13.1,24.86,0.0,0.0,0.0,0.0,0.0,0,90,0,0.14,0,False,False,False,False,False,False
1782456933.761,0,0,0,0,0,13.29,25.09,0.0,0.0,0.0,0.0,0.0,0,90,0,0.15,0,False,False,False,False,False,False
1782456933.787,0,0,0,0,0,13.13,25.54,0.0,0.0,0.0,0.0,0.0,0,90,0,0.14,0,False,False,False,False,False,False
1782456933.809,0,0,0,0,0,12.67,25.88,0.0,0.0,0.0,0.0,0.0,0,90,0,0.14,0,False,False,False,False,False,False
1782456933.832,0,0,0,0,0,12.08,26.17,0.0,0.0,0.0,0.0,0.0,0,90,0,0.13,0,False,False,False,False,False,False
1782456933.856,0,0,0,0,0,11.58,26.88,0.0,0.0,0.0,0.0,0.0,0,90,0,0.13,0,False,False,False,False,False,False
1782456933.88,0,0,0,0,0,11.36,27.76,0.0,0.0,0.0,0.0,0.0,0,90,0,0.13,0,False,False,False,False,False,False
1782456933.905,0,0,0,0,0,11.46,28.31,0.0,0.0,0.0,0.0,0.0,0,90,0,0.14,0,False,False,False,False,False,False
1782456933.928,0,0,0,0,0,11.72,28.55,0.0,0.0,0.0,0.0,0.0,0,90,0,0.13,0,False,False,False,False,False,False
1782456933.952,0,0,0,0,0,11.88,28.69,0.0,0.0,0.0,0.0,0.0,0,90,0,0.13,0,False,False,False,False,False,False
1782456933.976,0,0,0,0,0,11.75,28.89,0.0,0.0,0.0,0.0,0.0,0,90,0,0.13,0,False,False,False,False,False,False
1782456934.0,0,0,0,0,0,11.45,29.07,0.0,0.0,0.0,0.0,0.0,0,90,0,0.13,0,False,False,False,False,False,False
1782456934.024,0,0,0,0,0,11.19,29.28,0.0,0.0,0.0,0.0,0.0,0,90,0,0.13,0,False,False,False,False,False,False
1782456934.047,0,0,0,0,0,11.01,29.96,0.0,0.0,0.0,0.0,0.0,0,90,0,0.13,0,False,False,False,False,False,False
1782456934.071,0,0,0,0,0,10.77,30.96,0.0,0.0,0.0,0.0,0.0,0,90,0,0.13,0,False,False,False,False,False,False
1782456934.09,0,0,0,0,0,10.4,31.8,0.0,0.0,0.0,0.0,0.0,0,90,0,0.13,0,False,False,False,False,False,False
1782456934.114,0,0,0,0,0,9.94,32.44,0.0,0.0,0.0,0.0,0.0,0,90,0,0.14,0,False,False,False,False,False,False
1782456934.138,0,0,0,0,0,9.44,32.95,0.0,0.0,0.0,0.0,0.0,0,90,0,0.14,0,False,False,False,False,False,False
1782456934.161,0,0,0,0,0,8.98,33.34,0.0,0.0,0.0,0.0,0.0,0,90,0,0.14,0,False,False,False,False,False,False
1782456934.181,0,0,0,0,0,8.63,33.61,0.0,0.0,0.0,0.0,0.0,0,90,0,0.14,0,False,False,False,False,False,False
1782456934.204,0,0,0,0,0,8.35,33.84,0.0,0.0,0.0,0.0,0.0,0,90,0,0.15,0,False,False,False,False,False,False
1782456934.227,0,0,0,0,0,8.07,34.13,0.0,0.0,0.0,0.0,0.0,0,90,0,0.15,0,False,False,False,False,False,False
1782456934.251,0,0,0,0,0,7.7,34.55,0.0,0.0,0.0,0.0,0.0,0,90,0,0.15,0,False,False,False,False,False,False
1782456934.275,0,0,0,0,0,7.22,35.05,0.0,0.0,0.0,0.0,0.0,0,90,0,0.15,0,False,False,False,False,False,False
1782456934.299,0,0,0,0,0,6.73,35.5,0.0,0.0,0.0,0.0,0.0,0,90,0,0.15,0,False,False,False,False,False,False
1782456934.323,0,0,0,0,0,6.35,35.83,0.0,0.0,0.0,0.0,0.0,0,90,0,0.16,0,False,False,False,False,False,False
1782456934.341,0,0,0,0,0,6.09,36.02,0.0,0.0,0.0,0.0,0.0,0,90,0,0.16,0,False,False,False,False,False,False
1782456934.365,0,0,0,0,0,5.95,36.12,0.0,0.0,0.0,0.0,0.0,0,90,0,0.16,0,False,False,False,False,False,False
1782456934.39,0,0,0,0,0,5.89,36.21,0.0,0.0,0.0,0.0,0.0,0,90,0,0.16,0,False,False,False,False,False,False
1782456934.415,0,0,0,0,0,5.89,36.34,0.0,0.0,0.0,0.0,0.0,0,90,0,0.16,0,False,False,False,False,False,False
1782456934.439,0,0,0,0,0,5.94,36.5,0.0,0.0,0.0,0.0,0.0,0,90,0,0.16,0,False,False,False,False,False,False
1782456934.46,0,0,0,0,0,6.0,36.62,0.0,0.0,0.0,0.0,0.0,0,90,0,0.16,0,False,False,False,False,False,False
1782456934.487,0,0,0,0,0,6.07,36.65,0.0,0.0,0.0,0.0,0.0,0,90,0,0.16,0,False,False,False,False,False,False
1782456934.509,0,0,0,0,0,6.16,36.57,0.0,0.0,0.0,0.0,0.0,0,90,0,0.16,0,False,False,False,False,False,False
1782456934.533,0,0,0,0,0,6.23,36.41,0.0,0.0,0.0,0.0,0.0,0,90,0,0.16,0,False,False,False,False,False,False
1782456934.556,0,0,0,0,0,6.33,36.27,0.0,0.0,0.0,0.0,0.0,0,90,0,0.16,0,False,False,False,False,False,False
1782456934.581,0,0,0,0,0,6.62,36.27,0.0,0.0,0.0,0.0,0.0,0,90,0,0.16,0,False,False,False,False,False,False
1782456934.607,0,0,0,0,0,7.04,36.42,0.0,0.0,0.0,0.0,0.0,0,90,0,0.16,0,False,False,False,False,False,False
1782456934.628,0,0,0,0,0,7.37,36.68,0.0,0.0,0.0,0.0,0.0,0,90,0,0.16,0,False,False,False,False,False,False
1782456934.652,0,0,0,0,0,7.56,36.93,0.0,0.0,0.0,0.0,0.0,0,90,0,0.15,0,False,False,False,False,False,False
1782456934.675,0,0,0,0,0,7.63,37.07,0.0,0.0,0.0,0.0,0.0,0,90,0,0.15,0,False,False,False,False,False,False
1782456934.701,0,0,0,0,0,7.65,37.14,0.0,0.0,0.0,0.0,0.0,0,90,0,0.15,0,False,False,False,False,False,False
1782456934.724,0,0,0,0,0,7.65,37.18,0.0,0.0,0.0,0.0,0.0,0,90,0,0.15,0,False,False,False,False,False,False
1782456934.748,0,0,0,0,0,7.63,37.25,0.0,0.0,0.0,0.0,0.0,0,90,0,0.15,0,False,False,False,False,False,False
1782456934.772,0,0,0,0,0,7.59,37.3,0.0,0.0,0.0,0.0,0.0,0,90,0,0.14,0,False,False,False,False,False,False
1782456934.796,0,0,0,0,0,7.58,37.38,0.0,0.0,0.0,0.0,0.0,0,90,0,0.13,0,False,False,False,False,False,False
1782456934.814,0,0,0,0,0,7.51,37.6,0.0,0.0,0.0,0.0,0.0,0,90,0,0.13,0,False,False,False,False,False,False
1782456934.838,0,0,0,0,0,7.27,37.88,0.0,0.0,0.0,0.0,0.0,0,90,0,0.13,0,False,False,False,False,False,False
1782456934.861,0,0,0,0,0,7.01,38.07,0.0,0.0,0.0,0.0,0.0,0,90,0,0.13,0,False,False,False,False,False,False
1782456934.888,0,0,0,0,0,6.89,38.15,0.0,0.0,0.0,0.0,0.0,0,90,0,0.12,0,False,False,False,False,False,False
1782456934.909,0,0,0,0,0,6.85,38.15,0.0,0.0,0.0,0.0,0.0,0,90,0,0.12,0,False,False,False,False,False,False
1782456934.933,0,0,0,0,0,6.81,38.09,0.0,0.0,0.0,0.0,0.0,0,90,0,0.1,0,False,False,False,False,False,False
1782456934.957,0,0,0,0,0,6.72,38.04,0.0,0.0,0.0,0.0,0.0,0,90,0,0.1,0,False,False,False,False,False,False
1782456934.976,0,0,0,0,0,6.59,38.0,0.0,0.0,0.0,0.0,0.0,0,90,0,0.1,0,False,False,False,False,False,False
1782456934.999,0,0,0,0,0,6.49,38.0,0.0,0.0,0.0,0.0,0.0,0,90,0,0.09,0,False,False,False,False,False,False
1782456935.023,0,0,0,0,0,6.45,38.02,0.0,0.0,0.0,0.0,0.0,0,90,0,0.09,0,False,False,False,False,False,False
1782456935.047,0,0,0,0,0,6.47,38.03,0.0,0.0,0.0,0.0,0.0,0,90,0,0.07,0,False,False,False,False,False,False
1782456935.065,0,0,0,0,0,6.53,38.02,0.0,0.0,0.0,0.0,0.0,0,90,0,0.07,0,False,False,False,False,False,False
1782456935.09,0,0,0,0,0,6.6,37.99,0.0,0.0,0.0,0.0,0.0,0,90,0,0.06,0,False,False,False,False,False,False
1782456935.113,0,0,0,0,0,6.68,37.93,0.0,0.0,0.0,0.0,0.0,0,90,0,0.06,0,False,False,False,False,False,False
1782456935.139,0,0,0,0,0,6.76,37.88,0.0,0.0,0.0,0.0,0.0,0,90,0,0.06,0,False,False,False,False,False,False
1782456935.162,0,0,0,0,0,6.83,37.89,0.0,0.0,0.0,0.0,0.0,0,90,0,0.05,0,False,False,False,False,False,False
1782456935.185,0,0,0,0,0,6.84,37.9,0.0,0.0,0.0,0.0,0.0,0,90,0,0.05,0,False,False,False,False,False,False
1782456935.209,0,0,0,0,0,6.77,37.69,0.0,0.0,0.0,0.0,0.0,0,90,0,0.05,0,False,False,False,False,False,False
1782456935.233,0,0,0,0,0,6.7,37.21,0.0,0.0,0.0,0.0,0.0,0,90,0,0.05,0,False,False,False,False,False,False
1782456935.257,0,0,0,0,0,6.68,36.74,0.0,0.0,0.0,0.0,0.0,0,90,0,0.05,0,False,False,False,False,False,False
1782456935.28,0,0,0,0,0,6.07,36.28,0.0,0.0,0.0,0.0,0.0,0,90,0,0.05,0,False,False,False,False,False,False
1782456935.306,0,0,0,0,0,4.25,35.95,0.0,0.0,0.0,0.0,0.0,0,90,0,0.05,0,False,False,False,False,False,False
1782456935.329,0,0,0,0,0,1.9,36.04,0.0,0.0,0.0,0.0,0.0,0,90,0,0.05,0,False,False,False,False,False,False
1782456935.352,0,0,0,0,0,0.04,35.78,0.0,0.0,0.0,0.0,0.0,0,90,0,0.05,0,False,False,False,False,False,False
1782456935.376,0,0,0,0,0,-0.99,34.61,0.0,0.0,0.0,0.0,0.0,0,90,0,0.05,0,False,False,False,False,False,False
1782456935.4,0,0,0,0,0,-1.41,33.45,0.0,0.0,0.0,0.0,0.0,0,90,0,0.04,0,False,False,False,False,False,False
1782456935.423,0,0,0,0,0,-1.75,33.14,0.0,0.0,0.0,0.0,0.0,0,90,0,0.04,0,False,False,False,False,False,False
1782456935.447,0,0,0,0,0,-2.03,33.5,0.0,0.0,0.0,0.0,0.0,0,90,0,0.05,0,False,False,False,False,False,False
1782456935.472,0,0,0,0,0,-2.58,34.09,0.0,0.0,0.0,0.0,0.0,0,90,0,0.06,0,False,False,False,False,False,False
1782456935.49,0,0,0,0,0,-4.4,34.61,0.0,0.0,0.0,0.0,0.0,0,90,0,0.06,0,False,False,False,False,False,False
1782456935.513,0,0,0,0,0,-6.95,35.05,0.0,0.0,0.0,0.0,0.0,0,90,0,0.07,0,False,False,False,False,False,False
1782456935.539,0,0,0,0,0,-9.11,35.51,0.0,0.0,0.0,0.0,0.0,0,90,0,0.09,0,False,False,False,False,False,False
1782456935.561,0,0,0,0,0,-10.72,36.01,0.0,0.0,0.0,0.0,0.0,0,90,0,0.12,0,False,False,False,False,False,False
1782456935.583,0,0,0,0,0,-11.85,36.45,0.0,0.0,0.0,0.0,0.0,0,90,0,0.14,0,False,False,False,False,False,False
1782456935.604,0,0,0,0,0,-12.66,36.67,0.0,0.0,0.0,0.0,0.0,0,90,0,0.14,0,False,False,False,False,False,False
1782456935.628,0,0,0,0,0,-13.26,36.62,0.0,0.0,0.0,0.0,0.0,0,90,0,0.15,0,False,False,False,False,False,False
1782456935.651,0,0,0,0,0,-13.66,36.3,0.0,0.0,0.0,0.0,0.0,0,90,0,0.18,0,False,False,False,False,False,False
1782456935.669,0,0,0,0,0,-13.79,35.72,0.0,0.0,0.0,0.0,0.0,0,90,0,0.21,0,False,False,False,False,False,False
1782456935.694,0,0,0,0,0,-13.72,35.27,0.0,0.0,0.0,0.0,0.0,0,90,0,0.22,0,False,False,False,False,False,False
1782456935.717,0,0,0,0,0,-13.62,34.68,0.0,0.0,0.0,0.0,0.0,0,90,0,0.22,0,False,False,False,False,False,False
1782456935.741,0,0,0,0,0,-13.48,32.65,0.0,0.0,0.0,0.0,0.0,0,90,0,0.23,0,False,False,False,False,False,False
1782456935.76,0,0,0,0,0,-13.3,29.44,0.0,0.0,0.0,0.0,0.0,0,90,0,0.24,0,False,False,False,False,False,False
1782456935.784,0,0,0,0,0,-13.31,26.18,0.0,0.0,0.0,0.0,0.0,0,90,0,0.26,0,False,False,False,False,False,False
1782456935.808,0,0,0,0,0,-13.1,23.17,0.0,0.0,0.0,0.0,0.0,0,90,0,0.27,0,False,False,False,False,False,False
1782456935.832,0,0,0,0,0,-12.14,20.52,0.0,0.0,0.0,0.0,0.0,0,90,0,0.27,0,False,False,False,False,False,False
1782456935.857,0,0,0,0,0,-10.98,18.52,0.0,0.0,0.0,0.0,0.0,0,90,0,0.27,0,False,False,False,False,False,False
1782456935.88,0,0,0,0,0,-10.2,17.49,0.0,0.0,0.0,0.0,0.0,0,90,0,0.28,0,False,False,False,False,False,False
1782456935.905,0,0,0,0,0,-9.94,17.65,0.0,0.0,0.0,0.0,0.0,0,90,0,0.29,0,False,False,False,False,False,False
1782456935.929,0,0,0,0,0,-10.26,19.01,0.0,0.0,0.0,0.0,0.0,0,90,0,0.29,0,False,False,False,False,False,False
1782456935.95,0,0,0,0,0,-10.82,21.3,0.0,0.0,0.0,0.0,0.0,0,90,0,0.29,0,False,False,False,False,False,False
1782456935.974,0,0,0,0,0,-10.97,24.22,0.0,0.0,0.0,0.0,0.0,0,90,0,0.29,0,False,False,False,False,False,False
1782456935.999,0,0,0,0,0,-10.94,27.61,0.0,0.0,0.0,0.0,0.0,0,90,0,0.3,0,False,False,False,False,False,False
1782456936.024,0,0,0,0,0,-12.82,31.27,0.0,0.0,0.0,0.0,0.0,0,90,1,0.3,0,False,False,False,False,False,False
1782456936.047,0,0,0,0,0,-17.9,34.76,0.0,0.0,0.0,0.0,0.0,0,90,1,0.31,0,False,False,False,False,False,False
1782456936.073,0,0,0,0,0,-23.47,37.49,0.0,0.0,0.0,0.0,0.0,0,90,1,0.31,0,False,False,False,False,False,False
1782456936.094,0,0,0,0,0,-26.82,39.04,0.0,0.0,0.0,0.0,0.0,0,90,1,0.32,0,False,False,False,False,False,False
1782456936.118,0,0,0,0,0,-27.97,39.4,0.0,0.0,0.0,0.0,0.0,0,90,1,0.33,0,False,False,False,False,False,False
1782456936.142,0,0,0,0,0,-27.81,39.04,0.0,0.0,0.0,0.0,0.0,0,90,1,0.35,0,False,False,False,False,False,False
1782456936.165,0,0,0,0,0,-27.18,38.49,0.0,0.0,0.0,0.0,0.0,0,90,1,0.42,0,False,False,False,False,False,False
1782456936.191,0,0,0,0,0,-26.54,37.98,0.0,0.0,0.0,0.0,0.0,0,90,1,0.53,0,False,False,False,False,False,False
1782456936.213,0,0,0,0,0,-26.0,37.45,0.0,0.0,0.0,0.0,0.0,0,90,1,0.61,0,False,False,False,False,False,False
1782456936.238,0,0,0,0,0,-25.41,37.1,0.0,0.0,0.0,0.0,0.0,0,90,1,0.62,0,False,False,False,False,False,False
1782456936.26,0,0,0,0,0,-24.53,37.2,0.0,0.0,0.0,0.0,0.0,0,90,1,0.63,0,False,False,False,False,False,False
1782456936.285,0,0,0,0,0,-23.19,37.28,0.0,0.0,0.0,0.0,0.0,0,90,1,0.71,0,False,False,False,False,False,False
1782456936.309,0,0,0,0,0,-21.45,35.28,0.0,0.0,0.0,0.0,0.0,0,90,1,0.83,0,False,False,False,False,False,False
1782456936.333,0,0,0,0,0,-19.55,29.79,0.0,0.0,0.0,0.0,0.0,0,90,1,0.9,0,False,False,False,False,False,False
1782456936.35,0,0,0,0,0,-17.68,23.04,0.0,0.0,0.0,0.0,0.0,0,90,1,0.91,0,False,False,False,False,False,False
1782456936.375,0,0,0,0,0,-15.88,17.17,0.0,0.0,0.0,0.0,0.0,0,90,1,0.91,0,False,False,False,False,False,False
1782456936.397,0,0,0,0,0,-13.85,11.94,0.0,0.0,0.0,0.0,0.0,0,90,1,0.93,0,False,False,False,False,False,False
1782456936.42,0,0,0,0,0,-11.25,7.3,0.0,0.0,0.0,0.0,0.0,0,90,1,0.96,0,False,False,False,False,False,False
1782456936.443,0,0,0,0,0,-8.01,3.8,0.0,0.0,0.0,0.0,0.0,0,90,1,0.99,0,False,False,False,False,False,False
1782456936.469,0,0,0,0,0,-4.52,1.46,0.0,0.0,0.0,0.0,0.0,0,90,1,1.0,0,False,False,False,False,False,False
1782456936.491,0,0,0,0,0,-1.44,-0.42,0.0,0.0,0.0,0.0,0.0,0,90,1,1.14,0,False,False,False,False,False,False
1782456936.514,0,0,0,0,0,0.64,-2.34,0.0,0.0,0.0,0.0,0.0,0,90,1,1.31,0,False,False,False,False,False,False
1782456936.54,0,0,0,0,0,1.55,-4.06,0.0,0.0,0.0,0.0,0.0,0,90,1,1.35,0,False,False,False,False,False,False
1782456936.561,0,0,0,0,0,1.68,-5.09,0.0,0.0,0.0,0.0,0.0,0,90,1,1.36,0,False,False,False,False,False,False
1782456936.585,0,0,0,0,0,1.56,-5.35,0.0,0.0,0.0,0.0,0.0,0,90,1,1.41,0,False,False,False,False,False,False
1782456936.608,0,0,0,0,0,1.48,-5.16,0.0,0.0,0.0,0.0,0.0,0,90,1,1.51,0,False,False,False,False,False,False
1782456936.632,0,0,0,0,0,1.46,-4.85,0.0,0.0,0.0,0.0,0.0,0,90,1,1.6,0,False,False,False,False,False,False
1782456936.656,0,0,0,0,0,1.47,-4.57,0.0,0.0,0.0,0.0,0.0,0,90,1,1.64,0,False,False,False,False,False,False
1782456936.678,0,0,0,0,0,1.5,-4.38,0.0,0.0,0.0,0.0,0.0,0,90,1,1.65,0,False,False,False,False,False,False
1782456936.703,0,0,0,0,0,1.52,-4.27,0.0,0.0,0.0,0.0,0.0,0,90,1,1.65,0,False,False,False,False,False,False
1782456936.726,0,0,0,0,0,1.51,-4.25,0.0,0.0,0.0,0.0,0.0,0,90,1,1.66,0,False,False,False,False,False,False
1782456936.748,0,0,0,0,0,1.48,-4.31,0.0,0.0,0.0,0.0,0.0,0,90,1,1.67,0,False,False,False,False,False,False
1782456936.775,0,0,0,0,0,1.45,-4.32,0.0,0.0,0.0,0.0,0.0,0,90,1,1.67,0,False,False,False,False,False,False
1782456936.795,0,0,0,0,0,1.43,-4.18,0.0,0.0,0.0,0.0,0.0,0,90,1,1.67,0,False,False,False,False,False,False
1782456936.819,0,0,0,0,0,1.42,-4.02,0.0,0.0,0.0,0.0,0.0,0,90,1,1.67,0,False,False,False,False,False,False
1782456936.843,0,0,0,0,0,1.42,-4.01,0.0,0.0,0.0,0.0,0.0,0,90,1,1.67,0,False,False,False,False,False,False
1782456936.865,0,0,0,0,0,1.4,-3.68,0.0,0.0,0.0,0.0,0.0,0,90,1,1.67,0,False,False,False,False,False,False
1782456936.889,0,0,0,0,0,1.35,-2.54,0.0,0.0,0.0,0.0,0.0,0,90,1,1.67,0,False,False,False,False,False,False
1782456936.913,0,0,0,0,0,1.29,-1.05,0.0,0.0,0.0,0.0,0.0,0,90,1,1.67,0,False,False,False,False,False,False
1782456936.937,0,0,0,0,0,1.19,0.25,0.0,0.0,0.0,0.0,0.0,0,90,1,1.67,0,False,False,False,False,False,False
1782456936.959,0,0,0,0,0,1.1,1.37,0.0,0.0,0.0,0.0,0.0,0,90,1,1.67,0,False,False,False,False,False,False
1782456936.983,0,0,0,0,0,1.04,2.46,0.0,0.0,0.0,0.0,0.0,0,90,1,1.67,0,False,False,False,False,False,False
1782456937.007,0,0,0,0,0,1.02,3.66,0.0,0.0,0.0,0.0,0.0,0,90,1,1.66,0,False,False,False,False,False,False
1782456937.03,0,0,0,0,0,1.0,5.05,0.0,0.0,0.0,0.0,0.0,0,90,1,1.66,0,False,False,False,False,False,False
1782456937.054,0,0,0,0,0,0.98,6.56,0.0,0.0,0.0,0.0,0.0,0,90,1,1.66,0,False,False,False,False,False,False
1782456937.077,0,0,0,0,0,0.97,7.85,0.0,0.0,0.0,0.0,0.0,0,90,1,1.66,0,False,False,False,False,False,False
1782456937.1,0,0,0,0,0,0.92,8.6,0.0,0.0,0.0,0.0,0.0,0,90,1,1.66,0,False,False,False,False,False,False
1782456937.124,0,0,0,0,0,0.9,8.72,0.0,0.0,0.0,0.0,0.0,0,90,1,1.66,0,False,False,False,False,False,False
1782456937.148,0,0,0,0,0,0.96,8.26,0.0,0.0,0.0,0.0,0.0,0,90,1,1.66,0,False,False,False,False,False,False
1782456937.171,0,0,0,0,0,1.08,7.39,0.0,0.0,0.0,0.0,0.0,0,90,1,1.66,0,False,False,False,False,False,False
1782456937.194,0,0,0,0,0,1.17,6.45,0.0,0.0,0.0,0.0,0.0,0,90,1,1.66,0,False,False,False,False,False,False
1782456937.218,0,0,0,0,0,1.22,5.75,0.0,0.0,0.0,0.0,0.0,0,90,1,1.66,0,False,False,False,False,False,False
1782456937.241,0,0,0,0,0,1.22,5.33,0.0,0.0,0.0,0.0,0.0,0,90,1,1.66,0,False,False,False,False,False,False
1782456937.265,0,0,0,0,0,1.22,5.13,0.0,0.0,0.0,0.0,0.0,0,90,1,1.66,0,False,False,False,False,False,False
1782456937.289,0,0,0,0,0,1.21,5.02,0.0,0.0,0.0,0.0,0.0,0,90,1,1.66,0,False,False,False,False,False,False
1782456937.312,0,0,0,0,0,1.21,4.89,0.0,0.0,0.0,0.0,0.0,0,90,1,1.65,0,False,False,False,False,False,False
1782456937.335,0,0,0,0,0,1.21,4.68,0.0,0.0,0.0,0.0,0.0,0,90,1,1.62,0,False,False,False,False,False,False
1782456937.359,0,0,0,0,0,1.22,4.38,0.0,0.0,0.0,0.0,0.0,0,90,1,1.58,0,False,False,False,False,False,False
1782456937.382,0,0,0,0,0,1.22,4.0,0.0,0.0,0.0,0.0,0.0,0,90,1,1.57,0,False,False,False,False,False,False
1782456937.407,0,0,0,0,0,1.22,3.51,0.0,0.0,0.0,0.0,0.0,0,90,1,1.57,0,False,False,False,False,False,False
1782456937.43,0,0,0,0,0,1.21,2.9,0.0,0.0,0.0,0.0,0.0,0,90,1,1.58,0,False,False,False,False,False,False
1782456937.453,0,0,0,0,0,1.18,2.26,0.0,0.0,0.0,0.0,0.0,0,90,1,1.55,0,False,False,False,False,False,False
1782456937.478,0,0,0,0,0,1.09,1.76,0.0,0.0,0.0,0.0,0.0,0,90,1,1.51,0,False,False,False,False,False,False
1782456937.5,0,0,0,0,0,1.02,1.52,0.0,0.0,0.0,0.0,0.0,0,90,1,1.46,0,False,False,False,False,False,False
1782456937.525,0,0,0,0,0,1.02,1.52,0.0,0.0,0.0,0.0,0.0,0,90,1,1.42,0,False,False,False,False,False,False
1782456937.547,0,0,0,0,0,1.05,1.65,0.0,0.0,0.0,0.0,0.0,0,90,1,1.4,0,False,False,False,False,False,False
1782456937.571,0,0,0,0,0,1.08,1.79,0.0,0.0,0.0,0.0,0.0,0,90,1,1.4,0,False,False,False,False,False,False
1782456937.594,0,0,0,0,0,1.11,1.88,0.0,0.0,0.0,0.0,0.0,0,90,1,1.4,0,False,False,False,False,False,False
1782456937.617,0,0,0,0,0,1.13,1.92,0.0,0.0,0.0,0.0,0.0,0,90,1,1.39,0,False,False,False,False,False,False
1782456937.642,0,0,0,0,0,1.13,1.89,0.0,0.0,0.0,0.0,0.0,0,90,1,1.35,0,False,False,False,False,False,False
1782456937.664,0,0,0,0,0,1.14,1.82,0.0,0.0,0.0,0.0,0.0,0,90,1,1.3,0,False,False,False,False,False,False
1782456937.691,0,0,0,0,0,1.13,1.75,0.0,0.0,0.0,0.0,0.0,0,90,1,1.27,0,False,False,False,False,False,False
1782456937.712,0,0,0,0,0,1.13,1.69,0.0,0.0,0.0,0.0,0.0,0,90,1,1.25,0,False,False,False,False,False,False
1782456937.735,0,0,0,0,0,1.12,1.49,0.0,0.0,0.0,0.0,0.0,0,90,1,1.25,0,False,False,False,False,False,False
1782456937.759,0,0,0,0,0,1.13,1.27,0.0,0.0,0.0,0.0,0.0,0,90,1,1.2,0,False,False,False,False,False,False
1782456937.783,0,0,0,0,0,1.15,1.24,0.0,0.0,0.0,0.0,0.0,0,90,1,1.09,0,False,False,False,False,False,False
1782456937.806,0,0,0,0,0,1.15,0.87,0.0,0.0,0.0,0.0,0.0,0,90,1,0.99,0,False,False,False,False,False,False
1782456937.83,0,0,0,0,0,1.17,-0.33,0.0,0.0,0.0,0.0,0.0,0,90,1,0.97,0,False,False,False,False,False,False
1782456937.853,0,0,0,0,0,1.21,-1.67,0.0,0.0,0.0,0.0,0.0,0,90,1,0.96,0,False,False,False,False,False,False
1782456937.877,0,0,0,0,0,1.23,-2.51,0.0,0.0,0.0,0.0,0.0,0,90,1,0.85,0,False,False,False,False,False,False
1782456937.901,0,0,0,0,0,1.23,-2.96,0.0,0.0,0.0,0.0,0.0,0,90,1,0.64,0,False,False,False,False,False,False
1782456937.925,0,0,0,0,0,1.21,-3.29,0.0,0.0,0.0,0.0,0.0,0,90,1,0.47,0,False,False,False,False,False,False
1782456937.947,0,0,0,0,0,1.19,-3.64,0.0,0.0,0.0,0.0,0.0,0,90,1,0.41,0,False,False,False,False,False,False
1782456937.97,0,0,0,0,0,1.18,-4.0,0.0,0.0,0.0,0.0,0.0,0,90,1,0.41,0,False,False,False,False,False,False
1782456937.994,0,0,0,0,0,1.18,-4.32,0.0,0.0,0.0,0.0,0.0,0,90,1,0.37,0,False,False,False,False,False,False
1782456938.018,0,0,0,0,0,1.19,-4.56,0.0,0.0,0.0,0.0,0.0,0,90,0,0.28,0,False,False,False,False,False,False
1782456938.041,0,0,0,0,0,1.19,-4.74,0.0,0.0,0.0,0.0,0.0,0,90,0,0.19,0,False,False,False,False,False,False
1782456938.065,0,0,0,0,0,1.18,-4.89,0.0,0.0,0.0,0.0,0.0,0,90,0,0.16,0,False,False,False,False,False,False
1782456938.088,0,0,0,0,0,1.15,-5.08,0.0,0.0,0.0,0.0,0.0,0,90,0,0.15,0,False,False,False,False,False,False
1782456938.112,0,0,0,0,0,1.13,-5.36,0.0,0.0,0.0,0.0,0.0,0,90,0,0.15,0,False,False,False,False,False,False
1782456938.134,0,0,0,0,0,1.12,-5.72,0.0,0.0,0.0,0.0,0.0,0,90,0,0.14,0,False,False,False,False,False,False
1782456938.159,0,0,0,0,0,1.12,-6.06,0.0,0.0,0.0,0.0,0.0,0,90,0,0.13,0,False,False,False,False,False,False
1782456938.181,0,0,0,0,0,1.13,-6.33,0.0,0.0,0.0,0.0,0.0,0,90,0,0.13,0,False,False,False,False,False,False
1782456938.205,0,0,0,0,0,1.14,-6.51,0.0,0.0,0.0,0.0,0.0,0,90,0,0.13,0,False,False,False,False,False,False
1782456938.229,0,0,0,0,0,1.14,-6.63,0.0,0.0,0.0,0.0,0.0,0,90,0,0.13,0,False,False,False,False,False,False
1782456938.251,0,0,0,0,0,1.12,-6.73,0.0,0.0,0.0,0.0,0.0,0,90,0,0.13,0,False,False,False,False,False,False
1782456938.276,0,0,0,0,0,1.11,-6.84,0.0,0.0,0.0,0.0,0.0,0,90,0,0.13,0,False,False,False,False,False,False
1782456938.299,0,0,0,0,0,1.09,-6.95,0.0,0.0,0.0,0.0,0.0,0,90,0,0.13,0,False,False,False,False,False,False
1782456938.324,0,0,0,0,0,1.05,-7.06,0.0,0.0,0.0,0.0,0.0,0,90,0,0.13,0,False,False,False,False,False,False
1782456938.345,0,0,0,0,0,1.03,-7.1,0.0,0.0,0.0,0.0,0.0,0,90,0,0.13,0,False,False,False,False,False,False
1782456938.369,0,0,0,0,0,1.05,-6.96,0.0,0.0,0.0,0.0,0.0,0,90,0,0.13,0,False,False,False,False,False,False
1782456938.393,0,0,0,0,0,1.11,-6.63,0.0,0.0,0.0,0.0,0.0,0,90,0,0.13,0,False,False,False,False,False,False
1782456938.417,0,0,0,0,0,1.18,-6.28,0.0,0.0,0.0,0.0,0.0,0,90,0,0.12,0,False,False,False,False,False,False
1782456938.439,0,0,0,0,0,1.22,-6.08,0.0,0.0,0.0,0.0,0.0,0,90,0,0.12,0,False,False,False,False,False,False
1782456938.462,0,0,0,0,0,1.23,-6.08,0.0,0.0,0.0,0.0,0.0,0,90,0,0.12,0,False,False,False,False,False,False
1782456938.486,0,0,0,0,0,1.23,-6.18,0.0,0.0,0.0,0.0,0.0,0,90,0,0.12,0,False,False,False,False,False,False
1782456938.509,0,0,0,0,0,1.25,-6.22,0.0,0.0,0.0,0.0,0.0,0,90,0,0.12,0,False,False,False,False,False,False
1782456938.532,0,0,0,0,0,1.26,-6.17,0.0,0.0,0.0,0.0,0.0,0,90,0,0.12,0,False,False,False,False,False,False
1782456938.556,0,0,0,0,0,1.27,-6.09,0.0,0.0,0.0,0.0,0.0,0,90,0,0.12,0,False,False,False,False,False,False
1782456938.58,0,0,0,0,0,1.26,-6.08,0.0,0.0,0.0,0.0,0.0,0,90,0,0.12,0,False,False,False,False,False,False
1782456938.61,0,0,0,0,0,1.25,-6.23,0.0,0.0,0.0,0.0,0.0,0,90,0,0.12,0,False,False,False,False,False,False
1782456938.628,0,0,0,0,0,1.29,-6.57,0.0,0.0,0.0,0.0,0.0,0,90,0,0.11,0,False,False,False,False,False,False
1782456938.651,0,0,0,0,0,1.3,-6.85,0.0,0.0,0.0,0.0,0.0,0,90,0,0.11,0,False,False,False,False,False,False
1782456938.675,0,0,0,0,0,1.26,-6.84,0.0,0.0,0.0,0.0,0.0,0,90,0,0.11,0,False,False,False,False,False,False
1782456938.697,0,0,0,0,0,1.2,-6.54,0.0,0.0,0.0,0.0,0.0,0,90,0,0.1,0,False,False,False,False,False,False
1782456938.72,0,0,0,0,0,1.14,-6.15,0.0,0.0,0.0,0.0,0.0,0,90,0,0.09,0,False,False,False,False,False,False
1782456938.744,0,0,0,0,0,1.09,-5.89,0.0,0.0,0.0,0.0,0.0,0,90,0,0.09,0,False,False,False,False,False,False
1782456938.768,0,0,0,0,0,1.06,-5.88,0.0,0.0,0.0,0.0,0.0,0,90,0,0.09,0,False,False,False,False,False,False
1782456938.794,0,0,0,0,0,1.04,-6.02,0.0,0.0,0.0,0.0,0.0,0,90,0,0.08,0,False,False,False,False,False,False
1782456938.814,0,0,0,0,0,1.03,-6.12,0.0,0.0,0.0,0.0,0.0,0,90,0,0.08,0,False,False,False,False,False,False
1782456938.838,0,0,0,0,0,1.03,-6.02,0.0,0.0,0.0,0.0,0.0,0,90,0,0.07,0,False,False,False,False,False,False
1782456938.862,0,0,0,0,0,1.07,-5.8,0.0,0.0,0.0,0.0,0.0,0,90,0,0.06,0,False,False,False,False,False,False
1782456938.885,0,0,0,0,0,1.13,-5.67,0.0,0.0,0.0,0.0,0.0,0,90,0,0.06,0,False,False,False,False,False,False
1782456938.909,0,0,0,0,0,1.16,-5.75,0.0,0.0,0.0,0.0,0.0,0,90,0,0.06,0,False,False,False,False,False,False
1782456938.933,0,0,0,0,0,1.2,-5.92,0.0,0.0,0.0,0.0,0.0,0,90,0,0.06,0,False,False,False,False,False,False
1782456938.955,0,0,0,0,0,1.22,-5.99,0.0,0.0,0.0,0.0,0.0,0,90,0,0.05,0,False,False,False,False,False,False
1782456938.98,0,0,0,0,0,1.2,-5.89,0.0,0.0,0.0,0.0,0.0,0,90,0,0.05,0,False,False,False,False,False,False
1782456939.003,0,0,0,0,0,1.18,-5.82,0.0,0.0,0.0,0.0,0.0,0,90,0,0.04,0,False,False,False,False,False,False
1782456939.027,0,0,0,0,0,1.16,-5.9,0.0,0.0,0.0,0.0,0.0,0,90,0,0.04,0,False,False,False,False,False,False
1782456939.05,0,0,0,0,0,1.17,-6.02,0.0,0.0,0.0,0.0,0.0,0,90,0,0.04,0,False,False,False,False,False,False
1782456939.075,0,0,0,0,0,1.18,-6.09,0.0,0.0,0.0,0.0,0.0,0,90,0,0.04,0,False,False,False,False,False,False
1782456939.098,0,0,0,0,0,1.17,-6.13,0.0,0.0,0.0,0.0,0.0,0,90,0,0.03,0,False,False,False,False,False,False
1782456939.12,0,0,0,0,0,1.14,-6.2,0.0,0.0,0.0,0.0,0.0,0,90,0,0.03,0,False,False,False,False,False,False
1782456939.143,0,0,0,0,0,1.12,-6.27,0.0,0.0,0.0,0.0,0.0,0,90,0,0.03,0,False,False,False,False,False,False
1782456939.167,0,0,0,0,0,1.15,-6.32,0.0,0.0,0.0,0.0,0.0,0,90,0,0.03,0,False,False,False,False,False,False
1782456939.191,0,0,0,0,0,1.2,-6.36,0.0,0.0,0.0,0.0,0.0,0,90,0,0.03,0,False,False,False,False,False,False
1782456939.215,0,0,0,0,0,1.21,-6.42,0.0,0.0,0.0,0.0,0.0,0,90,0,0.03,0,False,False,False,False,False,False
1782456939.237,0,0,0,0,0,1.21,-6.49,0.0,0.0,0.0,0.0,0.0,0,90,0,0.03,0,False,False,False,False,False,False
1782456939.261,0,0,0,0,0,1.23,-6.52,0.0,0.0,0.0,0.0,0.0,0,90,0,0.03,0,False,False,False,False,False,False
1782456939.285,0,0,0,0,0,1.26,-6.44,0.0,0.0,0.0,0.0,0.0,0,90,0,0.02,0,False,False,False,False,False,False
1782456939.308,0,0,0,0,0,1.29,-6.36,0.0,0.0,0.0,0.0,0.0,0,90,0,0.02,0,False,False,False,False,False,False
1782456939.331,0,0,0,0,0,1.33,-6.33,0.0,0.0,0.0,0.0,0.0,0,90,0,0.02,0,False,False,False,False,False,False
1782456939.355,0,0,0,0,0,1.36,-6.01,0.0,0.0,0.0,0.0,0.0,0,90,0,0.02,0,False,False,False,False,False,False
1782456939.378,0,0,0,0,0,1.36,-5.18,0.0,0.0,0.0,0.0,0.0,0,90,0,0.02,0,False,False,False,False,False,False
1782456939.402,0,0,0,0,0,1.37,-4.46,0.0,0.0,0.0,0.0,0.0,0,90,0,0.02,0,False,False,False,False,False,False
1782456939.425,0,0,0,0,0,1.32,-4.3,0.0,0.0,0.0,0.0,0.0,0,90,0,0.02,0,False,False,False,False,False,False
1782456939.449,0,0,0,0,0,1.23,-4.56,0.0,0.0,0.0,0.0,0.0,0,90,0,0.02,0,False,False,False,False,False,False
1782456939.472,0,0,0,0,0,1.18,-4.99,0.0,0.0,0.0,0.0,0.0,0,90,0,0.02,0,False,False,False,False,False,False
1782456939.496,0,0,0,0,0,1.16,-5.4,0.0,0.0,0.0,0.0,0.0,0,90,0,0.02,0,False,False,False,False,False,False
1782456939.52,0,0,0,0,0,1.16,-5.73,0.0,0.0,0.0,0.0,0.0,0,90,0,0.02,0,False,False,False,False,False,False
1782456939.544,0,0,0,0,0,1.15,-5.98,0.0,0.0,0.0,0.0,0.0,0,90,0,0.02,0,False,False,False,False,False,False
1782456939.565,0,0,0,0,0,1.17,-6.16,0.0,0.0,0.0,0.0,0.0,0,90,0,0.02,0,False,False,False,False,False,False
1782456939.589,0,0,0,0,0,1.19,-6.24,0.0,0.0,0.0,0.0,0.0,0,90,0,0.02,0,False,False,False,False,False,False
1782456939.612,0,0,0,0,0,1.2,-6.22,0.0,0.0,0.0,0.0,0.0,0,90,0,0.03,0,False,False,False,False,False,False
1782456939.636,0,0,0,0,0,1.21,-6.11,0.0,0.0,0.0,0.0,0.0,0,90,0,0.03,0,False,False,False,False,False,False
1782456939.659,0,0,0,0,0,1.22,-5.91,0.0,0.0,0.0,0.0,0.0,0,90,0,0.03,0,False,False,False,False,False,False
1782456939.683,0,0,0,0,0,1.23,-5.76,0.0,0.0,0.0,0.0,0.0,0,90,0,0.03,0,False,False,False,False,False,False
1782456939.706,0,0,0,0,0,1.23,-5.61,0.0,0.0,0.0,0.0,0.0,0,90,0,0.03,0,False,False,False,False,False,False
1782456939.73,0,0,0,0,0,1.24,-5.16,0.0,0.0,0.0,0.0,0.0,0,90,0,0.03,0,False,False,False,False,False,False
1782456939.753,0,0,0,0,0,1.26,-4.57,0.0,0.0,0.0,0.0,0.0,0,90,0,0.04,0,False,False,False,False,False,False
1782456939.778,0,0,0,0,0,1.26,-4.24,0.0,0.0,0.0,0.0,0.0,0,90,0,0.04,0,False,False,False,False,False,False
1782456939.8,0,0,0,0,0,1.24,-4.26,0.0,0.0,0.0,0.0,0.0,0,90,0,0.04,0,False,False,False,False,False,False
1782456939.825,0,0,0,0,0,1.22,-4.46,0.0,0.0,0.0,0.0,0.0,0,90,0,0.04,0,False,False,False,False,False,False
1782456939.847,0,0,0,0,0,1.21,-4.62,0.0,0.0,0.0,0.0,0.0,0,90,0,0.04,0,False,False,False,False,False,False
1782456939.87,0,0,0,0,0,1.21,-4.64,0.0,0.0,0.0,0.0,0.0,0,90,0,0.04,0,False,False,False,False,False,False
1782456939.894,0,0,0,0,0,1.23,-4.56,0.0,0.0,0.0,0.0,0.0,0,90,0,0.04,0,False,False,False,False,False,False
1782456939.919,0,0,0,0,0,1.26,-4.45,0.0,0.0,0.0,0.0,0.0,0,90,0,0.04,0,False,False,False,False,False,False
1782456939.942,0,0,0,0,0,1.3,-4.34,0.0,0.0,0.0,0.0,0.0,0,90,0,0.04,0,False,False,False,False,False,False
1782456939.965,0,0,0,0,0,1.33,-4.25,0.0,0.0,0.0,0.0,0.0,0,90,0,0.04,0,False,False,False,False,False,False
1782456939.988,0,0,0,0,0,1.31,-4.2,0.0,0.0,0.0,0.0,0.0,0,90,0,0.04,0,False,False,False,False,False,False
1782456940.012,0,0,0,0,0,1.24,-4.18,0.0,0.0,0.0,0.0,0.0,0,90,0,0.04,0,False,False,False,False,False,False
1782456940.035,0,0,0,0,0,1.16,-4.19,0.0,0.0,0.0,0.0,0.0,0,90,0,0.04,0,False,False,False,False,False,False
1782456940.06,0,0,0,0,0,1.11,-4.2,0.0,0.0,0.0,0.0,0.0,0,90,0,0.04,0,False,False,False,False,False,False
1782456940.084,0,0,0,0,0,1.09,-4.18,0.0,0.0,0.0,0.0,0.0,0,90,0,0.04,0,False,False,False,False,False,False
1782456940.108,0,0,0,0,0,1.08,-4.15,0.0,0.0,0.0,0.0,0.0,0,90,0,0.04,0,False,False,False,False,False,False
1782456940.131,0,0,0,0,0,1.08,-4.12,0.0,0.0,0.0,0.0,0.0,0,90,0,0.04,0,False,False,False,False,False,False
1782456940.155,0,0,0,0,0,1.08,-4.05,0.0,0.0,0.0,0.0,0.0,0,90,0,0.04,0,False,False,False,False,False,False
1782456940.178,0,0,0,0,0,1.1,-3.98,0.0,0.0,0.0,0.0,0.0,0,90,0,0.04,0,False,False,False,False,False,False
1782456940.201,0,0,0,0,0,1.13,-3.98,0.0,0.0,0.0,0.0,0.0,0,90,0,0.04,0,False,False,False,False,False,False
1782456940.227,0,0,0,0,0,1.19,-4.01,0.0,0.0,0.0,0.0,0.0,0,90,0,0.04,0,False,False,False,False,False,False
1782456940.249,0,0,0,0,0,1.24,-4.07,0.0,0.0,0.0,0.0,0.0,0,90,0,0.04,0,False,False,False,False,False,False
1782456940.273,0,0,0,0,0,1.27,-4.12,0.0,0.0,0.0,0.0,0.0,0,90,0,0.04,0,False,False,False,False,False,False
1782456940.297,0,0,0,0,0,1.24,-4.13,0.0,0.0,0.0,0.0,0.0,0,90,0,0.04,0,False,False,False,False,False,False
1782456940.32,0,0,0,0,0,1.18,-4.11,0.0,0.0,0.0,0.0,0.0,0,90,0,0.04,0,False,False,False,False,False,False
1782456940.344,0,0,0,0,0,1.11,-4.06,0.0,0.0,0.0,0.0,0.0,0,90,0,0.04,0,False,False,False,False,False,False
1782456940.368,0,0,0,0,0,1.07,-4.0,0.0,0.0,0.0,0.0,0.0,0,90,0,0.04,0,False,False,False,False,False,False
1782456940.393,0,0,0,0,0,1.08,-3.98,0.0,0.0,0.0,0.0,0.0,0,90,0,0.04,0,False,False,False,False,False,False
1782456940.415,0,0,0,0,0,1.12,-3.98,0.0,0.0,0.0,0.0,0.0,0,90,0,0.04,0,False,False,False,False,False,False
1782456940.438,0,0,0,0,0,1.16,-3.98,0.0,0.0,0.0,0.0,0.0,0,90,0,0.04,0,False,False,False,False,False,False
1782456940.462,0,0,0,0,0,1.17,-3.96,0.0,0.0,0.0,0.0,0.0,0,90,0,0.04,0,False,False,False,False,False,False
1782456940.485,0,0,0,0,0,1.15,-3.95,0.0,0.0,0.0,0.0,0.0,0,90,0,0.04,0,False,False,False,False,False,False
1782456940.51,0,0,0,0,0,1.13,-3.96,0.0,0.0,0.0,0.0,0.0,0,90,0,0.04,0,False,False,False,False,False,False
1782456940.533,0,0,0,0,0,1.12,-4.03,0.0,0.0,0.0,0.0,0.0,0,90,0,0.04,0,False,False,False,False,False,False
1782456940.555,0,0,0,0,0,1.12,-4.18,0.0,0.0,0.0,0.0,0.0,0,90,0,0.04,0,False,False,False,False,False,False
1782456940.578,0,0,0,0,0,1.12,-4.29,0.0,0.0,0.0,0.0,0.0,0,90,0,0.04,0,False,False,False,False,False,False
1782456940.602,0,0,0,0,0,1.13,-4.27,0.0,0.0,0.0,0.0,0.0,0,90,0,0.04,0,False,False,False,False,False,False
1782456940.626,0,0,0,0,0,1.13,-4.19,0.0,0.0,0.0,0.0,0.0,0,90,0,0.04,0,False,False,False,False,False,False
1782456940.649,0,0,0,0,0,1.12,-4.14,0.0,0.0,0.0,0.0,0.0,0,90,0,0.04,0,False,False,False,False,False,False
1782456940.673,0,0,0,0,0,1.12,-4.16,0.0,0.0,0.0,0.0,0.0,0,90,0,0.04,0,False,False,False,False,False,False
1782456940.696,0,0,0,0,0,1.16,-4.23,0.0,0.0,0.0,0.0,0.0,0,90,0,0.04,0,False,False,False,False,False,False
1782456940.72,0,0,0,0,0,1.21,-4.3,0.0,0.0,0.0,0.0,0.0,0,90,0,0.04,0,False,False,False,False,False,False
1782456940.744,0,0,0,0,0,1.22,-4.34,0.0,0.0,0.0,0.0,0.0,0,90,0,0.04,0,False,False,False,False,False,False
1782456940.766,0,0,0,0,0,1.19,-4.47,0.0,0.0,0.0,0.0,0.0,0,90,0,0.04,0,False,False,False,False,False,False
1782456940.79,0,0,0,0,0,1.18,-4.65,0.0,0.0,0.0,0.0,0.0,0,90,0,0.04,0,False,False,False,False,False,False
1782456940.814,0,0,0,0,0,1.18,-4.77,0.0,0.0,0.0,0.0,0.0,0,90,0,0.04,0,False,False,False,False,False,False
1782456940.838,0,0,0,0,0,1.15,-4.8,0.0,0.0,0.0,0.0,0.0,0,90,0,0.04,0,False,False,False,False,False,False
1782456940.861,0,0,0,0,0,1.1,-4.8,0.0,0.0,0.0,0.0,0.0,0,90,0,0.04,0,False,False,False,False,False,False
1782456940.884,0,0,0,0,0,1.06,-4.78,0.0,0.0,0.0,0.0,0.0,0,90,0,0.04,0,False,False,False,False,False,False
1782456940.908,0,0,0,0,0,1.06,-4.76,0.0,0.0,0.0,0.0,0.0,0,90,0,0.03,0,False,False,False,False,False,False
1782456940.93,0,0,0,0,0,1.07,-4.76,0.0,0.0,0.0,0.0,0.0,0,90,0,0.03,0,False,False,False,False,False,False
1782456940.954,0,0,0,0,0,1.08,-4.76,0.0,0.0,0.0,0.0,0.0,0,90,0,0.03,0,False,False,False,False,False,False
1782456940.979,0,0,0,0,0,1.09,-4.68,0.0,0.0,0.0,0.0,0.0,0,90,0,0.03,0,False,False,False,False,False,False
1782456941.002,0,0,0,0,0,1.09,-4.49,0.0,0.0,0.0,0.0,0.0,0,90,0,0.03,0,False,False,False,False,False,False
1782456941.025,0,0,0,0,0,1.09,-4.29,0.0,0.0,0.0,0.0,0.0,0,90,0,0.02,0,False,False,False,False,False,False
1782456941.048,0,0,0,0,0,1.1,-4.16,0.0,0.0,0.0,0.0,0.0,0,90,0,0.02,0,False,False,False,False,False,False
1782456941.072,0,0,0,0,0,1.12,-4.11,0.0,0.0,0.0,0.0,0.0,0,90,0,0.01,0,False,False,False,False,False,False
1782456941.096,0,0,0,0,0,1.16,-4.12,0.0,0.0,0.0,0.0,0.0,0,90,0,0.01,0,False,False,False,False,False,False
1782456941.119,0,0,0,0,0,1.2,-4.14,0.0,0.0,0.0,0.0,0.0,0,90,0,0.01,0,False,False,False,False,False,False
1782456941.144,0,0,0,0,0,1.21,-4.16,0.0,0.0,0.0,0.0,0.0,0,90,0,0.01,0,False,False,False,False,False,False
1782456941.166,0,0,0,0,0,1.21,-4.19,0.0,0.0,0.0,0.0,0.0,0,90,0,0.01,0,False,False,False,False,False,False
1782456941.19,0,0,0,0,0,1.21,-4.2,0.0,0.0,0.0,0.0,0.0,0,90,0,0.01,0,False,False,False,False,False,False
1782456941.214,0,0,0,0,0,1.22,-4.18,0.0,0.0,0.0,0.0,0.0,0,90,0,0.01,0,False,False,False,False,False,False
1782456941.237,0,0,0,0,0,1.22,-4.16,0.0,0.0,0.0,0.0,0.0,0,90,0,0.01,0,False,False,False,False,False,False
1782456941.261,0,0,0,0,0,1.22,-4.0,0.0,0.0,0.0,0.0,0.0,0,90,0,0.01,0,False,False,False,False,False,False
1782456941.283,0,0,0,0,0,1.26,-3.62,0.0,0.0,0.0,0.0,0.0,0,90,0,0.01,0,False,False,False,False,False,False
1782456941.306,0,0,0,0,0,1.35,-3.26,0.0,0.0,0.0,0.0,0.0,0,90,0,0.01,0,False,False,False,False,False,False
1782456941.33,0,0,0,0,0,1.43,-3.12,0.0,0.0,0.0,0.0,0.0,0,90,0,0.01,0,False,False,False,False,False,False
1782456941.354,0,0,0,0,0,1.41,-3.12,0.0,0.0,0.0,0.0,0.0,0,90,0,0.01,0,False,False,False,False,False,False
1782456941.378,0,0,0,0,0,1.32,-3.15,0.0,0.0,0.0,0.0,0.0,0,90,0,0.01,0,False,False,False,False,False,False
1782456941.4,0,0,0,0,0,1.25,-3.25,0.0,0.0,0.0,0.0,0.0,0,90,0,0.01,0,False,False,False,False,False,False
1782456941.424,0,0,0,0,0,1.2,-3.48,0.0,0.0,0.0,0.0,0.0,0,90,0,0.01,0,False,False,False,False,False,False
1782456941.447,0,0,0,0,0,1.18,-3.72,0.0,0.0,0.0,0.0,0.0,0,90,0,0.01,0,False,False,False,False,False,False
1782456941.47,0,0,0,0,0,1.2,-3.88,0.0,0.0,0.0,0.0,0.0,0,90,0,0.01,0,False,False,False,False,False,False
1782456941.494,0,0,0,0,0,1.22,-3.93,0.0,0.0,0.0,0.0,0.0,0,90,0,0.01,0,False,False,False,False,False,False
1782456941.518,0,0,0,0,0,1.24,-3.9,0.0,0.0,0.0,0.0,0.0,0,90,0,0.01,0,False,False,False,False,False,False
1782456941.541,0,0,0,0,0,1.23,-3.8,0.0,0.0,0.0,0.0,0.0,0,90,0,0.01,0,False,False,False,False,False,False
1782456941.565,0,0,0,0,0,1.2,-3.71,0.0,0.0,0.0,0.0,0.0,0,90,0,0.01,0,False,False,False,False,False,False
1782456941.588,0,0,0,0,0,1.18,-3.69,0.0,0.0,0.0,0.0,0.0,0,90,0,0.01,0,False,False,False,False,False,False
1782456941.612,0,0,0,0,0,1.16,-3.75,0.0,0.0,0.0,0.0,0.0,0,90,0,0.01,0,False,False,False,False,False,False
1782456941.63,0,0,0,0,0,1.15,-3.85,0.0,0.0,0.0,0.0,0.0,0,90,0,0.01,0,False,False,False,False,False,False
1782456941.654,0,0,0,0,0,1.16,-3.95,0.0,0.0,0.0,0.0,0.0,0,90,0,0.01,0,False,False,False,False,False,False
1782456941.679,0,0,0,0,0,1.17,-3.99,0.0,0.0,0.0,0.0,0.0,0,90,0,0.01,0,False,False,False,False,False,False
1782456941.701,0,0,0,0,0,1.19,-3.96,0.0,0.0,0.0,0.0,0.0,0,90,0,0.01,0,False,False,False,False,False,False
1782456941.725,0,0,0,0,0,1.2,-3.89,0.0,0.0,0.0,0.0,0.0,0,90,0,0.01,0,False,False,False,False,False,False
1782456941.748,0,0,0,0,0,1.2,-3.85,0.0,0.0,0.0,0.0,0.0,0,90,0,0.01,0,False,False,False,False,False,False
1782456941.772,0,0,0,0,0,1.2,-3.89,0.0,0.0,0.0,0.0,0.0,0,90,0,0.01,0,False,False,False,False,False,False
1782456941.796,0,0,0,0,0,1.2,-3.96,0.0,0.0,0.0,0.0,0.0,0,90,0,0.01,0,False,False,False,False,False,False
1782456941.819,0,0,0,0,0,1.21,-3.99,0.0,0.0,0.0,0.0,0.0,0,90,0,0.01,0,False,False,False,False,False,False
1782456941.844,0,0,0,0,0,1.22,-3.96,0.0,0.0,0.0,0.0,0.0,0,90,0,0.01,0,False,False,False,False,False,False
1782456941.867,0,0,0,0,0,1.24,-3.9,0.0,0.0,0.0,0.0,0.0,0,90,0,0.01,0,False,False,False,False,False,False
1782456941.891,0,0,0,0,0,1.24,-3.86,0.0,0.0,0.0,0.0,0.0,0,90,0,0.02,0,False,False,False,False,False,False
1782456941.914,0,0,0,0,0,1.25,-3.89,0.0,0.0,0.0,0.0,0.0,0,90,0,0.02,0,False,False,False,False,False,False
1782456941.937,0,0,0,0,0,1.25,-3.96,0.0,0.0,0.0,0.0,0.0,0,90,0,0.02,0,False,False,False,False,False,False
1782456941.962,0,0,0,0,0,1.25,-4.01,0.0,0.0,0.0,0.0,0.0,0,90,0,0.02,0,False,False,False,False,False,False
1782456941.985,0,0,0,0,0,1.26,-3.99,0.0,0.0,0.0,0.0,0.0,0,90,0,0.02,0,False,False,False,False,False,False
1782456942.009,0,0,0,0,0,1.27,-3.93,0.0,0.0,0.0,0.0,0.0,0,90,0,0.02,0,False,False,False,False,False,False
1782456942.032,0,0,0,0,0,1.28,-3.89,0.0,0.0,0.0,0.0,0.0,0,90,0,0.02,0,False,False,False,False,False,False
1782456942.055,0,0,0,0,0,1.3,-3.89,0.0,0.0,0.0,0.0,0.0,0,90,0,0.02,0,False,False,False,False,False,False
1782456942.079,0,0,0,0,0,1.31,-3.94,0.0,0.0,0.0,0.0,0.0,0,90,0,0.01,0,False,False,False,False,False,False
1782456942.103,0,0,0,0,0,1.28,-3.97,0.0,0.0,0.0,0.0,0.0,0,90,0,0.01,0,False,False,False,False,False,False
1782456942.13,0,0,0,0,0,1.24,-3.96,0.0,0.0,0.0,0.0,0.0,0,90,0,0.01,0,False,False,False,False,False,False
1782456942.151,0,0,0,0,0,1.23,-3.93,0.0,0.0,0.0,0.0,0.0,0,90,0,0.01,0,False,False,False,False,False,False
1782456942.175,0,0,0,0,0,1.23,-3.91,0.0,0.0,0.0,0.0,0.0,0,90,0,0.01,0,False,False,False,False,False,False
1782456942.198,0,0,0,0,0,1.22,-3.92,0.0,0.0,0.0,0.0,0.0,0,90,0,0.01,0,False,False,False,False,False,False
1782456942.223,0,0,0,0,0,1.22,-3.92,0.0,0.0,0.0,0.0,0.0,0,90,0,0.01,0,False,False,False,False,False,False
1782456942.246,0,0,0,0,0,1.23,-3.89,0.0,0.0,0.0,0.0,0.0,0,90,0,0.01,0,False,False,False,False,False,False
1782456942.27,0,0,0,0,0,1.24,-3.87,0.0,0.0,0.0,0.0,0.0,0,90,0,0.01,0,False,False,False,False,False,False
1782456942.294,0,0,0,0,0,1.24,-3.89,0.0,0.0,0.0,0.0,0.0,0,90,0,0.01,0,False,False,False,False,False,False
1782456942.316,0,0,0,0,0,1.22,-3.92,0.0,0.0,0.0,0.0,0.0,0,90,0,0.01,0,False,False,False,False,False,False
1782456942.341,0,0,0,0,0,1.18,-3.92,0.0,0.0,0.0,0.0,0.0,0,90,0,0.01,0,False,False,False,False,False,False
1782456942.364,0,0,0,0,0,1.15,-3.89,0.0,0.0,0.0,0.0,0.0,0,90,0,0.01,0,False,False,False,False,False,False
1782456942.388,0,0,0,0,0,1.14,-3.9,0.0,0.0,0.0,0.0,0.0,0,90,0,0.01,0,False,False,False,False,False,False
1782456942.413,0,0,0,0,0,1.16,-3.94,0.0,0.0,0.0,0.0,0.0,0,90,0,0.01,0,False,False,False,False,False,False
1782456942.435,0,0,0,0,0,1.2,-3.95,0.0,0.0,0.0,0.0,0.0,0,90,0,0.01,0,False,False,False,False,False,False
1782456942.459,0,0,0,0,0,1.22,-3.92,0.0,0.0,0.0,0.0,0.0,0,90,0,0.01,0,False,False,False,False,False,False
1782456942.482,0,0,0,0,0,1.23,-3.89,0.0,0.0,0.0,0.0,0.0,0,90,0,0.01,0,False,False,False,False,False,False
1782456942.507,0,0,0,0,0,1.22,-3.89,0.0,0.0,0.0,0.0,0.0,0,90,0,0.01,0,False,False,False,False,False,False
1782456942.53,0,0,0,0,0,1.2,-3.9,0.0,0.0,0.0,0.0,0.0,0,90,0,0.01,0,False,False,False,False,False,False
1782456942.555,0,0,0,0,0,1.2,-3.89,0.0,0.0,0.0,0.0,0.0,0,90,0,0.01,0,False,False,False,False,False,False
1782456942.58,0,0,0,0,0,1.23,-3.87,0.0,0.0,0.0,0.0,0.0,0,90,0,0.01,0,False,False,False,False,False,False
1782456942.601,0,0,0,0,0,1.27,-3.89,0.0,0.0,0.0,0.0,0.0,0,90,0,0.01,0,False,False,False,False,False,False
1782456942.625,0,0,0,0,0,1.29,-3.95,0.0,0.0,0.0,0.0,0.0,0,90,0,0.01,0,False,False,False,False,False,False
1782456942.649,0,0,0,0,0,1.3,-3.99,0.0,0.0,0.0,0.0,0.0,0,90,0,0.01,0,False,False,False,False,False,False
1782456942.672,0,0,0,0,0,1.31,-3.97,0.0,0.0,0.0,0.0,0.0,0,90,0,0.01,0,False,False,False,False,False,False
1782456942.696,0,0,0,0,0,1.31,-3.94,0.0,0.0,0.0,0.0,0.0,0,90,0,0.01,0,False,False,False,False,False,False
1782456942.719,0,0,0,0,0,1.28,-3.95,0.0,0.0,0.0,0.0,0.0,0,90,0,0.01,0,False,False,False,False,False,False
1782456942.744,0,0,0,0,0,1.23,-3.99,0.0,0.0,0.0,0.0,0.0,0,90,0,0.01,0,False,False,False,False,False,False
1782456942.767,0,0,0,0,0,1.21,-4.01,0.0,0.0,0.0,0.0,0.0,0,90,0,0.01,0,False,False,False,False,False,False
1782456942.791,0,0,0,0,0,1.21,-3.97,0.0,0.0,0.0,0.0,0.0,0,90,0,0.01,0,False,False,False,False,False,False
1782456942.813,0,0,0,0,0,1.22,-3.91,0.0,0.0,0.0,0.0,0.0,0,90,0,0.01,0,False,False,False,False,False,False
1782456942.836,0,0,0,0,0,1.21,-3.89,0.0,0.0,0.0,0.0,0.0,0,90,0,0.01,0,False,False,False,False,False,False
1782456942.861,0,0,0,0,0,1.21,-3.93,0.0,0.0,0.0,0.0,0.0,0,90,0,0.01,0,False,False,False,False,False,False
1782456942.884,0,0,0,0,0,1.21,-3.98,0.0,0.0,0.0,0.0,0.0,0,90,0,0.01,0,False,False,False,False,False,False
1782456942.908,0,0,0,0,0,1.2,-3.99,0.0,0.0,0.0,0.0,0.0,0,90,0,0.01,0,False,False,False,False,False,False
1782456942.931,0,0,0,0,0,1.19,-3.97,0.0,0.0,0.0,0.0,0.0,0,90,0,0.01,0,False,False,False,False,False,False
1782456942.955,0,0,0,0,0,1.17,-3.97,0.0,0.0,0.0,0.0,0.0,0,90,0,0.01,0,False,False,False,False,False,False
1782456942.979,0,0,0,0,0,1.14,-4.02,0.0,0.0,0.0,0.0,0.0,0,90,0,0.01,0,False,False,False,False,False,False
1782456943.002,0,0,0,0,0,1.13,-4.08,0.0,0.0,0.0,0.0,0.0,0,90,0,0.01,0,False,False,False,False,False,False
1782456943.025,0,0,0,0,0,1.16,-4.09,0.0,0.0,0.0,0.0,0.0,0,90,0,0.01,0,False,False,False,False,False,False
1782456943.049,0,0,0,0,0,1.2,-4.05,0.0,0.0,0.0,0.0,0.0,0,90,0,0.01,0,False,False,False,False,False,False
1782456943.072,0,0,0,0,0,1.23,-4.0,0.0,0.0,0.0,0.0,0.0,0,90,0,0.0,0,False,False,False,False,False,False
1782456943.097,0,0,0,0,0,1.27,-4.0,0.0,0.0,0.0,0.0,0.0,0,90,0,0.0,0,False,False,False,False,False,False
1782456943.12,0,0,0,0,0,1.28,-4.05,0.0,0.0,0.0,0.0,0.0,0,90,0,0.0,0,False,False,False,False,False,False
1782456943.143,0,0,0,0,0,1.28,-4.09,0.0,0.0,0.0,0.0,0.0,0,90,0,0.0,0,False,False,False,False,False,False
1782456943.166,0,0,0,0,0,1.29,-4.07,0.0,0.0,0.0,0.0,0.0,0,90,0,0.0,0,False,False,False,False,False,False
1782456943.19,0,0,0,0,0,1.31,-4.01,0.0,0.0,0.0,0.0,0.0,0,90,0,0.0,0,False,False,False,False,False,False
1782456943.215,0,0,0,0,0,1.31,-3.99,0.0,0.0,0.0,0.0,0.0,0,90,0,0.0,0,False,False,False,False,False,False
1782456943.238,0,0,0,0,0,1.3,-4.0,0.0,0.0,0.0,0.0,0.0,0,90,0,0.0,0,False,False,False,False,False,False
1782456943.264,0,0,0,0,0,1.31,-4.0,0.0,0.0,0.0,0.0,0.0,0,90,0,0.0,0,False,False,False,False,False,False
1782456943.285,0,0,0,0,0,1.32,-3.99,0.0,0.0,0.0,0.0,0.0,0,90,0,0.0,0,False,False,False,False,False,False
1782456943.309,0,0,0,0,0,1.3,-3.96,0.0,0.0,0.0,0.0,0.0,0,90,0,0.0,0,False,False,False,False,False,False
1782456943.333,0,0,0,0,0,1.26,-3.93,0.0,0.0,0.0,0.0,0.0,0,90,0,0.0,0,False,False,False,False,False,False
1782456943.356,0,0,0,0,0,1.22,-3.89,0.0,0.0,0.0,0.0,0.0,0,90,0,0.0,0,False,False,False,False,False,False
1782456943.38,0,0,0,0,0,1.22,-3.83,0.0,0.0,0.0,0.0,0.0,0,90,0,0.0,0,False,False,False,False,False,False
1782456943.404,0,0,0,0,0,1.25,-3.8,0.0,0.0,0.0,0.0,0.0,0,90,0,0.0,0,False,False,False,False,False,False
1782456943.429,0,0,0,0,0,1.28,-3.83,0.0,0.0,0.0,0.0,0.0,0,90,0,0.0,0,False,False,False,False,False,False
1782456943.45,0,0,0,0,0,1.3,-3.89,0.0,0.0,0.0,0.0,0.0,0,90,0,0.0,0,False,False,False,False,False,False
1782456943.474,0,0,0,0,0,1.28,-3.91,0.0,0.0,0.0,0.0,0.0,0,90,0,0.0,0,False,False,False,False,False,False
1782456943.498,0,0,0,0,0,1.23,-3.88,0.0,0.0,0.0,0.0,0.0,0,90,0,0.0,0,False,False,False,False,False,False
1782456943.521,0,0,0,0,0,1.17,-3.87,0.0,0.0,0.0,0.0,0.0,0,90,0,0.0,0,False,False,False,False,False,False
1782456943.546,0,0,0,0,0,1.14,-3.88,0.0,0.0,0.0,0.0,0.0,0,90,0,0.0,0,False,False,False,False,False,False
1782456943.569,0,0,0,0,0,1.16,-3.88,0.0,0.0,0.0,0.0,0.0,0,90,0,0.0,0,False,False,False,False,False,False
1782456943.593,0,0,0,0,0,1.2,-3.87,0.0,0.0,0.0,0.0,0.0,0,90,0,0.0,0,False,False,False,False,False,False
1782456943.616,0,0,0,0,0,1.22,-3.89,0.0,0.0,0.0,0.0,0.0,0,90,0,0.0,0,False,False,False,False,False,False
1782456943.64,0,0,0,0,0,1.23,-3.92,0.0,0.0,0.0,0.0,0.0,0,90,0,0.0,0,False,False,False,False,False,False
1782456943.664,0,0,0,0,0,1.24,-3.92,0.0,0.0,0.0,0.0,0.0,0,90,0,0.0,0,False,False,False,False,False,False
1782456943.687,0,0,0,0,0,1.26,-3.91,0.0,0.0,0.0,0.0,0.0,0,90,0,0.0,0,False,False,False,False,False,False
1782456943.711,0,0,0,0,0,1.28,-3.93,0.0,0.0,0.0,0.0,0.0,0,90,0,0.0,0,False,False,False,False,False,False
1782456943.735,0,0,0,0,0,1.3,-3.95,0.0,0.0,0.0,0.0,0.0,0,90,0,0.0,0,False,False,False,False,False,False
1782456943.759,0,0,0,0,0,1.32,-3.94,0.0,0.0,0.0,0.0,0.0,0,90,0,0.0,0,False,False,False,False,False,False
1782456943.783,0,0,0,0,0,1.33,-3.92,0.0,0.0,0.0,0.0,0.0,0,90,0,0.0,0,False,False,False,False,False,False
1782456943.807,0,0,0,0,0,1.31,-3.92,0.0,0.0,0.0,0.0,0.0,0,90,0,0.0,0,False,False,False,False,False,False
1782456943.831,0,0,0,0,0,1.3,-3.91,0.0,0.0,0.0,0.0,0.0,0,90,0,0.0,0,False,False,False,False,False,False
1782456943.848,0,0,0,0,0,1.28,-3.89,0.0,0.0,0.0,0.0,0.0,0,90,0,0.0,0,False,False,False,False,False,False
1782456943.873,0,0,0,0,0,1.26,-3.87,0.0,0.0,0.0,0.0,0.0,0,90,0,0.0,0,False,False,False,False,False,False
1782456943.896,0,0,0,0,0,1.24,-3.86,0.0,0.0,0.0,0.0,0.0,0,90,0,0.0,0,False,False,False,False,False,False
1782456943.92,0,0,0,0,0,1.21,-3.85,0.0,0.0,0.0,0.0,0.0,0,90,0,0.0,0,False,False,False,False,False,False
1782456943.945,0,0,0,0,0,1.2,-3.84,0.0,0.0,0.0,0.0,0.0,0,90,0,0.0,0,False,False,False,False,False,False
1782456943.966,0,0,0,0,0,1.22,-3.84,0.0,0.0,0.0,0.0,0.0,0,90,0,0.0,0,False,False,False,False,False,False
1782456943.99,0,0,0,0,0,1.24,-3.85,0.0,0.0,0.0,0.0,0.0,0,90,0,0.0,0,False,False,False,False,False,False
1782456944.014,0,0,0,0,0,1.26,-3.87,0.0,0.0,0.0,0.0,0.0,0,90,0,0.0,0,False,False,False,False,False,False
1782456944.039,0,0,0,0,0,1.27,-3.87,0.0,0.0,0.0,0.0,0.0,0,90,0,0.0,0,False,False,False,False,False,False
1782456944.061,0,0,0,0,0,1.29,-3.87,0.0,0.0,0.0,0.0,0.0,0,90,0,0.0,0,False,False,False,False,False,False
1782456944.085,0,0,0,0,0,1.29,-3.86,0.0,0.0,0.0,0.0,0.0,0,90,0,0.0,0,False,False,False,False,False,False
1782456944.109,0,0,0,0,0,1.29,-3.84,0.0,0.0,0.0,0.0,0.0,0,90,0,0.0,0,False,False,False,False,False,False
1782456944.132,0,0,0,0,0,1.3,-3.83,0.0,0.0,0.0,0.0,0.0,0,90,0,0.0,0,False,False,False,False,False,False
1782456944.155,0,0,0,0,0,1.3,-3.85,0.0,0.0,0.0,0.0,0.0,0,90,0,0.0,0,False,False,False,False,False,False
1782456944.18,0,0,0,0,0,1.31,-3.89,0.0,0.0,0.0,0.0,0.0,0,90,0,0.0,0,False,False,False,False,False,False
1782456944.203,0,0,0,0,0,1.31,-3.92,0.0,0.0,0.0,0.0,0.0,0,90,0,0.0,0,False,False,False,False,False,False
1782456944.228,0,0,0,0,0,1.3,-3.94,0.0,0.0,0.0,0.0,0.0,0,90,0,0.0,0,False,False,False,False,False,False
1782456944.251,0,0,0,0,0,1.28,-3.93,0.0,0.0,0.0,0.0,0.0,0,90,0,0.0,0,False,False,False,False,False,False
1782456944.274,0,0,0,0,0,1.29,-3.9,0.0,0.0,0.0,0.0,0.0,0,90,0,0.0,0,False,False,False,False,False,False
1782456944.299,0,0,0,0,0,1.32,-3.88,0.0,0.0,0.0,0.0,0.0,0,90,0,0.0,0,False,False,False,False,False,False
1782456944.322,0,0,0,0,0,1.33,-3.86,0.0,0.0,0.0,0.0,0.0,0,90,0,0.0,0,False,False,False,False,False,False
1782456944.345,0,0,0,0,0,1.3,-3.84,0.0,0.0,0.0,0.0,0.0,0,90,0,0.0,0,False,False,False,False,False,False
1782456944.37,0,0,0,0,0,1.28,-3.84,0.0,0.0,0.0,0.0,0.0,0,90,0,0.0,0,False,False,False,False,False,False
1782456944.393,0,0,0,0,0,1.27,-3.83,0.0,0.0,0.0,0.0,0.0,0,90,0,0.0,0,False,False,False,False,False,False
1782456944.417,0,0,0,0,0,1.26,-3.82,0.0,0.0,0.0,0.0,0.0,0,90,0,0.0,0,False,False,False,False,False,False
1782456944.441,0,0,0,0,0,1.23,-3.84,0.0,0.0,0.0,0.0,0.0,0,90,0,0.0,0,False,False,False,False,False,False
1782456944.464,0,0,0,0,0,1.21,-3.86,0.0,0.0,0.0,0.0,0.0,0,90,0,0.0,0,False,False,False,False,False,False
1782456944.487,0,0,0,0,0,1.23,-3.88,0.0,0.0,0.0,0.0,0.0,0,90,0,0.0,0,False,False,False,False,False,False
1782456944.512,0,0,0,0,0,1.27,-3.9,0.0,0.0,0.0,0.0,0.0,0,90,0,0.0,0,False,False,False,False,False,False
1782456944.535,0,0,0,0,0,1.3,-3.91,0.0,0.0,0.0,0.0,0.0,0,90,0,0.0,0,False,False,False,False,False,False
1782456944.56,0,0,0,0,0,1.33,-3.89,0.0,0.0,0.0,0.0,0.0,0,90,0,0.0,0,False,False,False,False,False,False
1782456944.582,0,0,0,0,0,1.35,-3.88,0.0,0.0,0.0,0.0,0.0,0,90,0,0.0,0,False,False,False,False,False,False
1782456944.607,0,0,0,0,0,1.37,-3.86,0.0,0.0,0.0,0.0,0.0,0,90,0,0.0,0,False,False,False,False,False,False
1782456944.631,0,0,0,0,0,1.37,-3.84,0.0,0.0,0.0,0.0,0.0,0,90,0,0.0,0,False,False,False,False,False,False
1782456944.654,0,0,0,0,0,1.34,-3.83,0.0,0.0,0.0,0.0,0.0,0,90,0,0.0,0,False,False,False,False,False,False
1782456944.678,0,0,0,0,0,1.32,-3.83,0.0,0.0,0.0,0.0,0.0,0,90,0,0.0,0,False,False,False,False,False,False
1782456944.7,0,0,0,0,0,1.3,-3.82,0.0,0.0,0.0,0.0,0.0,0,90,0,0.0,0,False,False,False,False,False,False
1782456944.724,0,0,0,0,0,1.24,-3.81,0.0,0.0,0.0,0.0,0.0,0,90,0,0.0,0,False,False,False,False,False,False
1782456944.748,0,0,0,0,0,1.18,-3.82,0.0,0.0,0.0,0.0,0.0,0,90,0,0.0,0,False,False,False,False,False,False
1782456944.771,0,0,0,0,0,1.17,-3.83,0.0,0.0,0.0,0.0,0.0,0,90,0,0.0,0,False,False,False,False,False,False
1782456944.798,0,0,0,0,0,1.22,-3.85,0.0,0.0,0.0,0.0,0.0,0,90,0,0.0,0,False,False,False,False,False,False
1782456944.819,0,0,0,0,0,1.25,-3.84,0.0,0.0,0.0,0.0,0.0,0,90,0,0.0,0,False,False,False,False,False,False
1782456944.843,0,0,0,0,0,1.26,-3.85,0.0,0.0,0.0,0.0,0.0,0,90,0,0.0,0,False,False,False,False,False,False
1782456944.867,0,0,0,0,0,1.27,-3.87,0.0,0.0,0.0,0.0,0.0,0,90,0,0.0,0,False,False,False,False,False,False
1782456944.89,0,0,0,0,0,1.27,-3.89,0.0,0.0,0.0,0.0,0.0,0,90,0,0.0,0,False,False,False,False,False,False
1782456944.915,0,0,0,0,0,1.26,-3.87,0.0,0.0,0.0,0.0,0.0,0,90,0,0.0,0,False,False,False,False,False,False
1782456944.938,0,0,0,0,0,1.25,-3.85,0.0,0.0,0.0,0.0,0.0,0,90,0,0.0,0,False,False,False,False,False,False
1782456944.963,0,0,0,0,0,1.27,-3.85,0.0,0.0,0.0,0.0,0.0,0,90,0,0.0,0,False,False,False,False,False,False
1782456944.985,0,0,0,0,0,1.28,-3.88,0.0,0.0,0.0,0.0,0.0,0,90,0,0.0,0,False,False,False,False,False,False
1782456945.009,0,0,0,0,0,1.28,-3.88,0.0,0.0,0.0,0.0,0.0,0,90,0,0.0,0,False,False,False,False,False,False
1782456945.033,0,0,0,0,0,1.28,-3.86,0.0,0.0,0.0,0.0,0.0,0,90,0,0.0,0,False,False,False,False,False,False
1782456945.057,0,0,0,0,0,1.27,-3.86,0.0,0.0,0.0,0.0,0.0,0,90,0,0.0,0,False,False,False,False,False,False
1782456945.081,0,0,0,0,0,1.26,-3.89,0.0,0.0,0.0,0.0,0.0,0,90,0,0.0,0,False,False,False,False,False,False
1782456945.099,0,0,0,0,0,1.26,-3.89,0.0,0.0,0.0,0.0,0.0,0,90,0,0.0,0,False,False,False,False,False,False
1782456945.122,0,0,0,0,0,1.27,-3.86,0.0,0.0,0.0,0.0,0.0,0,90,0,0.0,0,False,False,False,False,False,False
1782456945.148,0,0,0,0,0,1.25,-3.84,0.0,0.0,0.0,0.0,0.0,0,90,0,0.0,0,False,False,False,False,False,False
1782456945.17,0,0,0,0,0,1.2,-3.83,0.0,0.0,0.0,0.0,0.0,0,90,0,0.0,0,False,False,False,False,False,False
1782456945.195,0,0,0,0,0,1.17,-3.82,0.0,0.0,0.0,0.0,0.0,0,90,0,0.0,0,False,False,False,False,False,False
1782456945.218,0,0,0,0,0,1.17,-3.82,0.0,0.0,0.0,0.0,0.0,0,90,0,0.0,0,False,False,False,False,False,False
1782456945.241,0,0,0,0,0,1.15,-3.83,0.0,0.0,0.0,0.0,0.0,0,90,0,0.0,0,False,False,False,False,False,False
1782456945.264,0,0,0,0,0,1.12,-3.82,0.0,0.0,0.0,0.0,0.0,0,90,0,0.0,0,False,False,False,False,False,False
1782456945.287,0,0,0,0,0,1.12,-3.83,0.0,0.0,0.0,0.0,0.0,0,90,0,0.0,0,False,False,False,False,False,False
1782456945.31,0,0,0,0,0,1.12,-3.84,0.0,0.0,0.0,0.0,0.0,0,90,0,0.0,0,False,False,False,False,False,False
1782456945.334,0,0,0,0,0,1.12,-3.84,0.0,0.0,0.0,0.0,0.0,0,90,0,0.0,0,False,False,False,False,False,False
1782456945.357,0,0,0,0,0,1.12,-3.84,0.0,0.0,0.0,0.0,0.0,0,90,0,0.0,0,False,False,False,False,False,False
1782456945.381,0,0,0,0,0,1.12,-3.88,0.0,0.0,0.0,0.0,0.0,0,90,0,0.0,0,False,False,False,False,False,False
1782456945.405,0,0,0,0,0,1.12,-3.98,0.0,0.0,0.0,0.0,0.0,0,90,0,0.0,0,False,False,False,False,False,False
1782456945.429,0,0,0,0,0,1.12,-4.05,0.0,0.0,0.0,0.0,0.0,0,90,0,0.0,0,False,False,False,False,False,False
1782456945.452,0,0,0,0,0,1.15,-4.03,0.0,0.0,0.0,0.0,0.0,0,90,0,0.0,0,False,False,False,False,False,False
1782456945.475,0,0,0,0,0,1.21,-3.98,0.0,0.0,0.0,0.0,0.0,0,90,0,0.0,0,False,False,False,False,False,False
1782456945.499,0,0,0,0,0,1.28,-3.94,0.0,0.0,0.0,0.0,0.0,0,90,0,0.0,0,False,False,False,False,False,False
1782456945.521,0,0,0,0,0,1.31,-3.89,0.0,0.0,0.0,0.0,0.0,0,90,0,0.0,0,False,False,False,False,False,False
1782456945.547,0,0,0,0,0,1.3,-3.85,0.0,0.0,0.0,0.0,0.0,0,90,0,0.0,0,False,False,False,False,False,False
1782456945.569,0,0,0,0,0,1.26,-3.89,0.0,0.0,0.0,0.0,0.0,0,90,0,0.0,0,False,False,False,False,False,False
1782456945.593,0,0,0,0,0,1.24,-3.95,0.0,0.0,0.0,0.0,0.0,0,90,0,0.0,0,False,False,False,False,False,False
1782456945.616,0,0,0,0,0,1.24,-3.97,0.0,0.0,0.0,0.0,0.0,0,90,0,0.0,0,False,False,False,False,False,False
1782456945.639,0,0,0,0,0,1.24,-3.94,0.0,0.0,0.0,0.0,0.0,0,90,0,0.0,0,False,False,False,False,False,False
1782456945.664,0,0,0,0,0,1.23,-3.89,0.0,0.0,0.0,0.0,0.0,0,90,0,0.0,0,False,False,False,False,False,False
1782456945.687,0,0,0,0,0,1.23,-3.9,0.0,0.0,0.0,0.0,0.0,0,90,0,0.0,0,False,False,False,False,False,False
1782456945.71,0,0,0,0,0,1.22,-3.97,0.0,0.0,0.0,0.0,0.0,0,90,0,0.0,0,False,False,False,False,False,False
1782456945.734,0,0,0,0,0,1.2,-4.03,0.0,0.0,0.0,0.0,0.0,0,90,0,0.0,0,False,False,False,False,False,False
1782456945.757,0,0,0,0,0,1.21,-4.05,0.0,0.0,0.0,0.0,0.0,0,90,0,0.0,0,False,False,False,False,False,False
1782456945.783,0,0,0,0,0,1.24,-4.01,0.0,0.0,0.0,0.0,0.0,0,90,0,0.0,0,False,False,False,False,False,False
1782456945.805,0,0,0,0,0,1.26,-3.95,0.0,0.0,0.0,0.0,0.0,0,90,0,0.0,0,False,False,False,False,False,False
1782456945.828,0,0,0,0,0,1.26,-3.93,0.0,0.0,0.0,0.0,0.0,0,90,0,0.0,0,False,False,False,False,False,False
1782456945.852,0,0,0,0,0,1.25,-3.94,0.0,0.0,0.0,0.0,0.0,0,90,0,0.0,0,False,False,False,False,False,False
1782456945.875,0,0,0,0,0,1.24,-3.95,0.0,0.0,0.0,0.0,0.0,0,90,0,0.0,0,False,False,False,False,False,False
1782456945.899,0,0,0,0,0,1.25,-3.93,0.0,0.0,0.0,0.0,0.0,0,90,0,0.0,0,False,False,False,False,False,False
1782456945.923,0,0,0,0,0,1.25,-3.88,0.0,0.0,0.0,0.0,0.0,0,90,0,0.0,0,False,False,False,False,False,False
1782456945.947,0,0,0,0,0,1.26,-3.84,0.0,0.0,0.0,0.0,0.0,0,90,0,0.0,0,False,False,False,False,False,False
1782456945.971,0,0,0,0,0,1.26,-3.84,0.0,0.0,0.0,0.0,0.0,0,90,0,0.0,0,False,False,False,False,False,False
1782456945.994,0,0,0,0,0,1.24,-3.87,0.0,0.0,0.0,0.0,0.0,0,90,0,0.0,0,False,False,False,False,False,False
1782456946.018,0,0,0,0,0,1.23,-3.87,0.0,0.0,0.0,0.0,0.0,0,90,0,0.0,0,False,False,False,False,False,False
1782456946.042,0,0,0,0,0,1.23,-3.84,0.0,0.0,0.0,0.0,0.0,0,90,0,0.0,0,False,False,False,False,False,False
1782456946.065,0,0,0,0,0,1.25,-3.83,0.0,0.0,0.0,0.0,0.0,0,90,0,0.0,0,False,False,False,False,False,False
1782456946.089,0,0,0,0,0,1.28,-3.84,0.0,0.0,0.0,0.0,0.0,0,90,0,0.0,0,False,False,False,False,False,False
1782456946.114,0,0,0,0,0,1.3,-3.85,0.0,0.0,0.0,0.0,0.0,0,90,0,0.0,0,False,False,False,False,False,False
1782456946.137,0,0,0,0,0,1.29,-3.87,0.0,0.0,0.0,0.0,0.0,0,90,0,0.0,0,False,False,False,False,False,False
1782456946.161,0,0,0,0,0,1.3,-3.91,0.0,0.0,0.0,0.0,0.0,0,90,0,0.0,0,False,False,False,False,False,False
1782456946.184,0,0,0,0,0,1.29,-3.95,0.0,0.0,0.0,0.0,0.0,0,90,0,0.0,0,False,False,False,False,False,False
1782456946.208,0,0,0,0,0,1.27,-3.97,0.0,0.0,0.0,0.0,0.0,0,90,0,0.0,0,False,False,False,False,False,False
1782456946.233,0,0,0,0,0,1.25,-3.94,0.0,0.0,0.0,0.0,0.0,0,90,0,0.0,0,False,False,False,False,False,False
1782456946.255,0,0,0,0,0,1.26,-3.88,0.0,0.0,0.0,0.0,0.0,0,90,0,0.0,0,False,False,False,False,False,False
1782456946.279,0,0,0,0,0,1.27,-3.85,0.0,0.0,0.0,0.0,0.0,0,90,0,0.0,0,False,False,False,False,False,False
1782456946.303,0,0,0,0,0,1.28,-3.84,0.0,0.0,0.0,0.0,0.0,0,90,0,0.0,0,False,False,False,False,False,False
1782456946.327,0,0,0,0,0,1.28,-3.85,0.0,0.0,0.0,0.0,0.0,0,90,0,0.0,0,False,False,False,False,False,False
1782456946.351,0,0,0,0,0,1.26,-3.89,0.0,0.0,0.0,0.0,0.0,0,90,0,0.0,0,False,False,False,False,False,False
1782456946.374,0,0,0,0,0,1.24,-3.94,0.0,0.0,0.0,0.0,0.0,0,90,0,0.0,0,False,False,False,False,False,False
1782456946.398,0,0,0,0,0,1.24,-3.94,0.0,0.0,0.0,0.0,0.0,0,90,0,0.0,0,False,False,False,False,False,False
1782456946.421,0,0,0,0,0,1.25,-3.91,0.0,0.0,0.0,0.0,0.0,0,90,0,0.0,0,False,False,False,False,False,False
1782456946.445,0,0,0,0,0,1.26,-3.88,0.0,0.0,0.0,0.0,0.0,0,90,0,0.0,0,False,False,False,False,False,False
1782456946.468,0,0,0,0,0,1.27,-3.88,0.0,0.0,0.0,0.0,0.0,0,90,0,0.0,0,False,False,False,False,False,False
1782456946.492,0,0,0,0,0,1.27,-3.89,0.0,0.0,0.0,0.0,0.0,0,90,0,0.0,0,False,False,False,False,False,False
1782456946.517,0,0,0,0,0,1.27,-3.88,0.0,0.0,0.0,0.0,0.0,0,90,0,0.0,0,False,False,False,False,False,False
1782456946.54,0,0,0,0,0,1.24,-3.86,0.0,0.0,0.0,0.0,0.0,0,90,0,0.0,0,False,False,False,False,False,False
1782456946.564,0,0,0,0,0,1.2,-3.89,0.0,0.0,0.0,0.0,0.0,0,90,0,0.0,0,False,False,False,False,False,False
1782456946.587,0,0,0,0,0,1.19,-3.94,0.0,0.0,0.0,0.0,0.0,0,90,0,0.0,0,False,False,False,False,False,False
1782456946.611,0,0,0,0,0,1.19,-3.95,0.0,0.0,0.0,0.0,0.0,0,90,0,0.0,0,False,False,False,False,False,False
1782456946.63,0,0,0,0,0,1.22,-3.91,0.0,0.0,0.0,0.0,0.0,0,90,0,0.0,0,False,False,False,False,False,False
1782456946.653,0,0,0,0,0,1.23,-3.9,0.0,0.0,0.0,0.0,0.0,0,90,0,0.0,0,False,False,False,False,False,False
1782456946.677,0,0,0,0,0,1.22,-3.93,0.0,0.0,0.0,0.0,0.0,0,90,0,0.0,0,False,False,False,False,False,False
1782456946.701,0,0,0,0,0,1.2,-3.95,0.0,0.0,0.0,0.0,0.0,0,90,0,0.0,0,False,False,False,False,False,False
1782456946.724,0,0,0,0,0,1.2,-3.93,0.0,0.0,0.0,0.0,0.0,0,90,0,0.0,0,False,False,False,False,False,False
1782456946.748,0,0,0,0,0,1.2,-3.89,0.0,0.0,0.0,0.0,0.0,0,90,0,0.0,0,False,False,False,False,False,False
1782456946.771,0,0,0,0,0,1.2,-3.89,0.0,0.0,0.0,0.0,0.0,0,90,0,0.0,0,False,False,False,False,False,False
1782456946.795,0,0,0,0,0,1.19,-3.92,0.0,0.0,0.0,0.0,0.0,0,90,0,0.0,0,False,False,False,False,False,False
1782456946.819,0,0,0,0,0,1.19,-3.91,0.0,0.0,0.0,0.0,0.0,0,90,0,0.0,0,False,False,False,False,False,False
1782456946.842,0,0,0,0,0,1.2,-3.87,0.0,0.0,0.0,0.0,0.0,0,90,0,0.0,0,False,False,False,False,False,False
1782456946.867,0,0,0,0,0,1.21,-3.86,0.0,0.0,0.0,0.0,0.0,0,90,0,0.0,0,False,False,False,False,False,False
1782456946.891,0,0,0,0,0,1.22,-3.89,0.0,0.0,0.0,0.0,0.0,0,90,0,0.0,0,False,False,False,False,False,False
1782456946.914,0,0,0,0,0,1.22,-3.89,0.0,0.0,0.0,0.0,0.0,0,90,0,0.0,0,False,False,False,False,False,False
1782456946.937,0,0,0,0,0,1.22,-3.85,0.0,0.0,0.0,0.0,0.0,0,90,0,0.0,0,False,False,False,False,False,False
1782456946.961,0,0,0,0,0,1.22,-3.81,0.0,0.0,0.0,0.0,0.0,0,90,0,0.0,0,False,False,False,False,False,False
1782456946.985,0,0,0,0,0,1.23,-3.83,0.0,0.0,0.0,0.0,0.0,0,90,0,0.0,0,False,False,False,False,False,False
1782456947.008,0,0,0,0,0,1.23,-3.87,0.0,0.0,0.0,0.0,0.0,0,90,0,0.0,0,False,False,False,False,False,False
1782456947.033,0,0,0,0,0,1.23,-3.89,0.0,0.0,0.0,0.0,0.0,0,90,0,0.0,0,False,False,False,False,False,False
1782456947.055,0,0,0,0,0,1.23,-3.87,0.0,0.0,0.0,0.0,0.0,0,90,0,0.0,0,False,False,False,False,False,False
1782456947.079,0,0,0,0,0,1.22,-3.86,0.0,0.0,0.0,0.0,0.0,0,90,0,0.0,0,False,False,False,False,False,False
1782456947.104,0,0,0,0,0,1.21,-3.88,0.0,0.0,0.0,0.0,0.0,0,90,0,0.0,0,False,False,False,False,False,False
1782456947.128,0,0,0,0,0,1.2,-3.88,0.0,0.0,0.0,0.0,0.0,0,90,0,0.0,0,False,False,False,False,False,False
1782456947.151,0,0,0,0,0,1.2,-3.86,0.0,0.0,0.0,0.0,0.0,0,90,0,0.0,0,False,False,False,False,False,False
1782456947.174,0,0,0,0,0,1.21,-3.83,0.0,0.0,0.0,0.0,0.0,0,90,0,0.0,0,False,False,False,False,False,False
1782456947.2,0,0,0,0,0,1.23,-3.83,0.0,0.0,0.0,0.0,0.0,0,90,0,0.0,0,False,False,False,False,False,False
1782456947.221,0,0,0,0,0,1.23,-3.87,0.0,0.0,0.0,0.0,0.0,0,90,0,0.0,0,False,False,False,False,False,False
1782456947.246,0,0,0,0,0,1.21,-3.89,0.0,0.0,0.0,0.0,0.0,0,90,0,0.0,0,False,False,False,False,False,False
1782456947.269,0,0,0,0,0,1.2,-3.86,0.0,0.0,0.0,0.0,0.0,0,90,0,0.0,0,False,False,False,False,False,False
1782456947.292,0,0,0,0,0,1.19,-3.85,0.0,0.0,0.0,0.0,0.0,0,90,0,0.0,0,False,False,False,False,False,False
1782456947.317,0,0,0,0,0,1.18,-3.85,0.0,0.0,0.0,0.0,0.0,0,90,0,0.0,0,False,False,False,False,False,False
1782456947.341,0,0,0,0,0,1.15,-3.87,0.0,0.0,0.0,0.0,0.0,0,90,0,0.0,0,False,False,False,False,False,False
1782456947.364,0,0,0,0,0,1.15,-3.89,0.0,0.0,0.0,0.0,0.0,0,90,0,0.0,0,False,False,False,False,False,False
1782456947.388,0,0,0,0,0,1.15,-3.9,0.0,0.0,0.0,0.0,0.0,0,90,0,0.0,0,False,False,False,False,False,False
1782456947.412,0,0,0,0,0,1.16,-3.9,0.0,0.0,0.0,0.0,0.0,0,90,0,0.0,0,False,False,False,False,False,False
1782456947.436,0,0,0,0,0,1.16,-3.88,0.0,0.0,0.0,0.0,0.0,0,90,0,0.0,0,False,False,False,False,False,False
1782456947.459,0,0,0,0,0,1.17,-3.87,0.0,0.0,0.0,0.0,0.0,0,90,0,0.0,0,False,False,False,False,False,False
1782456947.483,0,0,0,0,0,1.18,-3.85,0.0,0.0,0.0,0.0,0.0,0,90,0,0.0,0,False,False,False,False,False,False
1782456947.507,0,0,0,0,0,1.17,-3.82,0.0,0.0,0.0,0.0,0.0,0,90,0,0.0,0,False,False,False,False,False,False
1782456947.531,0,0,0,0,0,1.18,-3.82,0.0,0.0,0.0,0.0,0.0,0,90,0,0.0,0,False,False,False,False,False,False
1782456947.553,0,0,0,0,0,1.2,-3.85,0.0,0.0,0.0,0.0,0.0,0,90,0,0.0,0,False,False,False,False,False,False
1782456947.578,0,0,0,0,0,1.22,-3.87,0.0,0.0,0.0,0.0,0.0,0,90,0,0.0,0,False,False,False,False,False,False
1782456947.602,0,0,0,0,0,1.26,-3.87,0.0,0.0,0.0,0.0,0.0,0,90,0,0.0,0,False,False,False,False,False,False
1782456947.624,0,0,0,0,0,1.29,-3.88,0.0,0.0,0.0,0.0,0.0,0,90,0,0.0,0,False,False,False,False,False,False
1782456947.65,0,0,0,0,0,1.29,-3.87,0.0,0.0,0.0,0.0,0.0,0,90,0,0.0,0,False,False,False,False,False,False
1782456947.672,0,0,0,0,0,1.27,-3.84,0.0,0.0,0.0,0.0,0.0,0,90,0,0.0,0,False,False,False,False,False,False
1782456947.695,0,0,0,0,0,1.25,-3.83,0.0,0.0,0.0,0.0,0.0,0,90,0,0.0,0,False,False,False,False,False,False
1782456947.719,0,0,0,0,0,1.25,-3.87,0.0,0.0,0.0,0.0,0.0,0,90,0,0.0,0,False,False,False,False,False,False
1782456947.743,0,0,0,0,0,1.29,-3.89,0.0,0.0,0.0,0.0,0.0,0,90,0,0.0,0,False,False,False,False,False,False
1782456947.768,0,0,0,0,0,1.33,-3.87,0.0,0.0,0.0,0.0,0.0,0,90,0,0.0,0,False,False,False,False,False,False
1782456947.791,0,0,0,0,0,1.33,-3.86,0.0,0.0,0.0,0.0,0.0,0,90,0,0.0,0,False,False,False,False,False,False
1782456947.816,0,0,0,0,0,1.29,-3.87,0.0,0.0,0.0,0.0,0.0,0,90,0,0.0,0,False,False,False,False,False,False
1782456947.839,0,0,0,0,0,1.25,-3.88,0.0,0.0,0.0,0.0,0.0,0,90,0,0.0,0,False,False,False,False,False,False
1782456947.862,0,0,0,0,0,1.24,-3.85,0.0,0.0,0.0,0.0,0.0,0,90,0,0.0,0,False,False,False,False,False,False
1782456947.885,0,0,0,0,0,1.24,-3.84,0.0,0.0,0.0,0.0,0.0,0,90,0,0.0,0,False,False,False,False,False,False
1782456947.909,0,0,0,0,0,1.23,-3.85,0.0,0.0,0.0,0.0,0.0,0,90,0,0.0,0,False,False,False,False,False,False
1782456947.934,0,0,0,0,0,1.23,-3.86,0.0,0.0,0.0,0.0,0.0,0,90,0,0.0,0,False,False,False,False,False,False
1782456947.958,0,0,0,0,0,1.25,-3.85,0.0,0.0,0.0,0.0,0.0,0,90,0,0.0,0,False,False,False,False,False,False
1782456947.981,0,0,0,0,0,1.28,-3.84,0.0,0.0,0.0,0.0,0.0,0,90,0,0.0,0,False,False,False,False,False,False
1782456948.004,0,0,0,0,0,1.3,-3.85,0.0,0.0,0.0,0.0,0.0,0,90,0,0.0,0,False,False,False,False,False,False
1782456948.028,0,0,0,0,0,1.35,-3.89,0.0,0.0,0.0,0.0,0.0,0,90,0,0.0,0,False,False,False,False,False,False
1782456948.053,0,0,0,0,0,1.4,-3.92,0.0,0.0,0.0,0.0,0.0,0,90,0,0.0,0,False,False,False,False,False,False
1782456948.075,0,0,0,0,0,1.41,-3.91,0.0,0.0,0.0,0.0,0.0,0,90,0,0.0,0,False,False,False,False,False,False
1782456948.101,0,0,0,0,0,1.39,-3.9,0.0,0.0,0.0,0.0,0.0,0,90,0,0.0,0,False,False,False,False,False,False
1782456948.123,0,0,0,0,0,1.36,-3.91,0.0,0.0,0.0,0.0,0.0,0,90,0,0.0,0,False,False,False,False,False,False
1782456948.147,0,0,0,0,0,1.34,-3.9,0.0,0.0,0.0,0.0,0.0,0,90,0,0.0,0,False,False,False,False,False,False
1782456948.17,0,0,0,0,0,1.33,-3.87,0.0,0.0,0.0,0.0,0.0,0,90,0,0.0,0,False,False,False,False,False,False
1782456948.193,0,0,0,0,0,1.35,-3.85,0.0,0.0,0.0,0.0,0.0,0,90,0,0.0,0,False,False,False,False,False,False
1782456948.218,0,0,0,0,0,1.36,-3.87,0.0,0.0,0.0,0.0,0.0,0,90,0,0.0,0,False,False,False,False,False,False
1782456948.242,0,0,0,0,0,1.33,-3.9,0.0,0.0,0.0,0.0,0.0,0,90,0,0.0,0,False,False,False,False,False,False
1782456948.265,0,0,0,0,0,1.29,-3.88,0.0,0.0,0.0,0.0,0.0,0,90,0,0.0,0,False,False,False,False,False,False
1782456948.289,0,0,0,0,0,1.25,-3.85,0.0,0.0,0.0,0.0,0.0,0,90,0,0.0,0,False,False,False,False,False,False
1782456948.312,0,0,0,0,0,1.22,-3.86,0.0,0.0,0.0,0.0,0.0,0,90,0,0.0,0,False,False,False,False,False,False
1782456948.336,0,0,0,0,0,1.2,-3.92,0.0,0.0,0.0,0.0,0.0,0,90,0,0.0,0,False,False,False,False,False,False
1782456948.36,0,0,0,0,0,1.23,-3.95,0.0,0.0,0.0,0.0,0.0,0,90,0,0.0,0,False,False,False,False,False,False
1782456948.385,0,0,0,0,0,1.28,-3.93,0.0,0.0,0.0,0.0,0.0,0,90,0,0.0,0,False,False,False,False,False,False
1782456948.408,0,0,0,0,0,1.32,-3.89,0.0,0.0,0.0,0.0,0.0,0,90,0,0.0,0,False,False,False,False,False,False
1782456948.431,0,0,0,0,0,1.33,-3.89,0.0,0.0,0.0,0.0,0.0,0,90,0,0.0,0,False,False,False,False,False,False
1782456948.455,0,0,0,0,0,1.3,-3.93,0.0,0.0,0.0,0.0,0.0,0,90,0,0.0,0,False,False,False,False,False,False
1782456948.478,0,0,0,0,0,1.25,-3.94,0.0,0.0,0.0,0.0,0.0,0,90,0,0.0,0,False,False,False,False,False,False
1782456948.502,0,0,0,0,0,1.23,-3.91,0.0,0.0,0.0,0.0,0.0,0,90,0,0.0,0,False,False,False,False,False,False
1782456948.525,0,0,0,0,0,1.25,-3.85,0.0,0.0,0.0,0.0,0.0,0,90,0,0.0,0,False,False,False,False,False,False
1782456948.551,0,0,0,0,0,1.3,-3.83,0.0,0.0,0.0,0.0,0.0,0,90,0,0.0,0,False,False,False,False,False,False
1782456948.573,0,0,0,0,0,1.35,-3.86,0.0,0.0,0.0,0.0,0.0,0,90,0,0.0,0,False,False,False,False,False,False
1782456948.597,0,0,0,0,0,1.36,-3.88,0.0,0.0,0.0,0.0,0.0,0,90,0,0.0,0,False,False,False,False,False,False
1782456948.62,0,0,0,0,0,1.32,-3.87,0.0,0.0,0.0,0.0,0.0,0,90,0,0.0,0,False,False,False,False,False,False
1782456948.644,0,0,0,0,0,1.27,-3.84,0.0,0.0,0.0,0.0,0.0,0,90,0,0.0,0,False,False,False,False,False,False
1782456948.668,0,0,0,0,0,1.23,-3.84,0.0,0.0,0.0,0.0,0.0,0,90,0,0.0,0,False,False,False,False,False,False
1782456948.692,0,0,0,0,0,1.23,-3.89,0.0,0.0,0.0,0.0,0.0,0,90,0,0.0,0,False,False,False,False,False,False
1782456948.716,0,0,0,0,0,1.27,-3.92,0.0,0.0,0.0,0.0,0.0,0,90,0,0.0,0,False,False,False,False,False,False
1782456948.739,0,0,0,0,0,1.32,-3.9,0.0,0.0,0.0,0.0,0.0,0,90,0,0.0,0,False,False,False,False,False,False
1782456948.762,0,0,0,0,0,1.35,-3.85,0.0,0.0,0.0,0.0,0.0,0,90,0,0.0,0,False,False,False,False,False,False
1782456948.787,0,0,0,0,0,1.34,-3.83,0.0,0.0,0.0,0.0,0.0,0,90,0,0.0,0,False,False,False,False,False,False
1782456948.811,0,0,0,0,0,1.31,-3.86,0.0,0.0,0.0,0.0,0.0,0,90,0,0.0,0,False,False,False,False,False,False
1782456948.835,0,0,0,0,0,1.29,-3.9,0.0,0.0,0.0,0.0,0.0,0,90,0,0.0,0,False,False,False,False,False,False
1782456948.857,0,0,0,0,0,1.28,-3.9,0.0,0.0,0.0,0.0,0.0,0,90,0,0.0,0,False,False,False,False,False,False
1782456948.881,0,0,0,0,0,1.26,-3.88,0.0,0.0,0.0,0.0,0.0,0,90,0,0.0,0,False,False,False,False,False,False
1782456948.905,0,0,0,0,0,1.22,-3.9,0.0,0.0,0.0,0.0,0.0,0,90,0,0.0,0,False,False,False,False,False,False
1782456948.929,0,0,0,0,0,1.19,-3.95,0.0,0.0,0.0,0.0,0.0,0,90,0,0.0,0,False,False,False,False,False,False
1782456948.953,0,0,0,0,0,1.17,-3.98,0.0,0.0,0.0,0.0,0.0,0,90,0,0.0,0,False,False,False,False,False,False
1782456948.976,0,0,0,0,0,1.17,-3.95,0.0,0.0,0.0,0.0,0.0,0,90,0,0.0,0,False,False,False,False,False,False
1782456949.002,0,0,0,0,0,1.18,-3.89,0.0,0.0,0.0,0.0,0.0,0,90,0,0.0,0,False,False,False,False,False,False
1782456949.024,0,0,0,0,0,1.19,-3.87,0.0,0.0,0.0,0.0,0.0,0,90,0,0.0,0,False,False,False,False,False,False
1782456949.047,0,0,0,0,0,1.2,-3.9,0.0,0.0,0.0,0.0,0.0,0,90,0,0.0,0,False,False,False,False,False,False
1782456949.071,0,0,0,0,0,1.23,-3.9,0.0,0.0,0.0,0.0,0.0,0,90,0,0.0,0,False,False,False,False,False,False
1782456949.095,0,0,0,0,0,1.27,-3.86,0.0,0.0,0.0,0.0,0.0,0,90,0,0.0,0,False,False,False,False,False,False
1782456949.119,0,0,0,0,0,1.29,-3.83,0.0,0.0,0.0,0.0,0.0,0,90,0,0.0,0,False,False,False,False,False,False
1782456949.142,0,0,0,0,0,1.27,-3.84,0.0,0.0,0.0,0.0,0.0,0,90,0,0.0,0,False,False,False,False,False,False
1782456949.167,0,0,0,0,0,1.23,-3.86,0.0,0.0,0.0,0.0,0.0,0,90,0,0.0,0,False,False,False,False,False,False
1782456949.189,0,0,0,0,0,1.22,-3.85,0.0,0.0,0.0,0.0,0.0,0,90,0,0.0,0,False,False,False,False,False,False
1782456949.213,0,0,0,0,0,1.26,-3.84,0.0,0.0,0.0,0.0,0.0,0,90,0,0.0,0,False,False,False,False,False,False
1782456949.238,0,0,0,0,0,1.31,-3.86,0.0,0.0,0.0,0.0,0.0,0,90,0,0.0,0,False,False,False,False,False,False
1782456949.261,0,0,0,0,0,1.35,-3.88,0.0,0.0,0.0,0.0,0.0,0,90,0,0.0,0,False,False,False,False,False,False
1782456949.287,0,0,0,0,0,1.38,-3.9,0.0,0.0,0.0,0.0,0.0,0,90,0,0.0,0,False,False,False,False,False,False
1782456949.308,0,0,0,0,0,1.43,-3.91,0.0,0.0,0.0,0.0,0.0,0,90,0,0.0,0,False,False,False,False,False,False
1782456949.332,0,0,0,0,0,1.48,-3.88,0.0,0.0,0.0,0.0,0.0,0,90,0,0.0,0,False,False,False,False,False,False
1782456949.355,0,0,0,0,0,1.49,-3.85,0.0,0.0,0.0,0.0,0.0,0,90,0,0.0,0,False,False,False,False,False,False
1782456949.378,0,0,0,0,0,1.45,-3.86,0.0,0.0,0.0,0.0,0.0,0,90,0,0.0,0,False,False,False,False,False,False
1782456949.402,0,0,0,0,0,1.4,-3.94,0.0,0.0,0.0,0.0,0.0,0,90,0,0.0,0,False,False,False,False,False,False
1782456949.425,0,0,0,0,0,1.37,-4.03,0.0,0.0,0.0,0.0,0.0,0,90,0,0.0,0,False,False,False,False,False,False
1782456949.448,0,0,0,0,0,1.37,-4.09,0.0,0.0,0.0,0.0,0.0,0,90,0,0.0,0,False,False,False,False,False,False
1782456949.472,0,0,0,0,0,1.38,-4.07,0.0,0.0,0.0,0.0,0.0,0,90,0,0.0,0,False,False,False,False,False,False
1782456949.495,0,0,0,0,0,1.39,-3.99,0.0,0.0,0.0,0.0,0.0,0,90,0,0.0,0,False,False,False,False,False,False
1782456949.519,0,0,0,0,0,1.38,-3.94,0.0,0.0,0.0,0.0,0.0,0,90,0,0.0,0,False,False,False,False,False,False
1782456949.542,0,0,0,0,0,1.38,-3.96,0.0,0.0,0.0,0.0,0.0,0,90,0,0.0,0,False,False,False,False,False,False
1782456949.567,0,0,0,0,0,1.37,-4.04,0.0,0.0,0.0,0.0,0.0,0,90,0,0.0,0,False,False,False,False,False,False
1782456949.59,0,0,0,0,0,1.34,-4.12,0.0,0.0,0.0,0.0,0.0,0,90,0,0.0,0,False,False,False,False,False,False
1782456949.613,0,0,0,0,0,1.29,-4.16,0.0,0.0,0.0,0.0,0.0,0,90,0,0.0,0,False,False,False,False,False,False
1782456949.637,0,0,0,0,0,1.24,-4.12,0.0,0.0,0.0,0.0,0.0,0,90,0,0.0,0,False,False,False,False,False,False
1782456949.661,0,0,0,0,0,1.22,-4.03,0.0,0.0,0.0,0.0,0.0,0,90,0,0.0,0,False,False,False,False,False,False
1782456949.685,0,0,0,0,0,1.19,-3.98,0.0,0.0,0.0,0.0,0.0,0,90,0,0.0,0,False,False,False,False,False,False
1782456949.708,0,0,0,0,0,1.17,-3.99,0.0,0.0,0.0,0.0,0.0,0,90,0,0.0,0,False,False,False,False,False,False
1782456949.731,0,0,0,0,0,1.16,-4.05,0.0,0.0,0.0,0.0,0.0,0,90,0,0.0,0,False,False,False,False,False,False
1782456949.755,0,0,0,0,0,1.19,-4.1,0.0,0.0,0.0,0.0,0.0,0,90,0,0.0,0,False,False,False,False,False,False
1782456949.778,0,0,0,0,0,1.23,-4.07,0.0,0.0,0.0,0.0,0.0,0,90,0,0.0,0,False,False,False,False,False,False
1782456949.803,0,0,0,0,0,1.26,-4.0,0.0,0.0,0.0,0.0,0.0,0,90,0,0.0,0,False,False,False,False,False,False
1782456949.825,0,0,0,0,0,1.26,-3.93,0.0,0.0,0.0,0.0,0.0,0,90,0,0.0,0,False,False,False,False,False,False
1782456949.851,0,0,0,0,0,1.23,-3.9,0.0,0.0,0.0,0.0,0.0,0,90,0,0.0,0,False,False,False,False,False,False
1782456949.873,0,0,0,0,0,1.19,-3.9,0.0,0.0,0.0,0.0,0.0,0,90,0,0.0,0,False,False,False,False,False,False
1782456949.898,0,0,0,0,0,1.19,-3.89,0.0,0.0,0.0,0.0,0.0,0,90,0,0.0,0,False,False,False,False,False,False
1782456949.921,0,0,0,0,0,1.21,-3.88,0.0,0.0,0.0,0.0,0.0,0,90,0,0.0,0,False,False,False,False,False,False
1782456949.944,0,0,0,0,0,1.21,-3.9,0.0,0.0,0.0,0.0,0.0,0,90,0,0.0,0,False,False,False,False,False,False
1782456949.967,0,0,0,0,0,1.17,-3.92,0.0,0.0,0.0,0.0,0.0,0,90,0,0.0,0,False,False,False,False,False,False
1782456949.991,0,0,0,0,0,1.13,-3.91,0.0,0.0,0.0,0.0,0.0,0,90,0,0.0,0,False,False,False,False,False,False
1782456950.014,0,0,0,0,0,1.14,-3.88,0.0,0.0,0.0,0.0,0.0,0,90,0,0.0,0,False,False,False,False,False,False
1782456950.038,0,0,0,0,0,1.18,-3.87,0.0,0.0,0.0,0.0,0.0,0,90,0,0.0,0,False,False,False,False,False,False
1782456950.061,0,0,0,0,0,1.21,-3.9,0.0,0.0,0.0,0.0,0.0,0,90,0,0.0,0,False,False,False,False,False,False
1782456950.086,0,0,0,0,0,1.23,-3.94,0.0,0.0,0.0,0.0,0.0,0,90,0,0.0,0,False,False,False,False,False,False
1782456950.109,0,0,0,0,0,1.22,-3.97,0.0,0.0,0.0,0.0,0.0,0,90,0,0.0,0,False,False,False,False,False,False
1782456950.132,0,0,0,0,0,1.22,-3.95,0.0,0.0,0.0,0.0,0.0,0,90,0,0.0,0,False,False,False,False,False,False
1782456950.155,0,0,0,0,0,1.23,-3.92,0.0,0.0,0.0,0.0,0.0,0,90,0,0.0,0,False,False,False,False,False,False
1782456950.179,0,0,0,0,0,1.24,-3.93,0.0,0.0,0.0,0.0,0.0,0,90,0,0.0,0,False,False,False,False,False,False
1782456950.203,0,0,0,0,0,1.23,-4.0,0.0,0.0,0.0,0.0,0.0,0,90,0,0.0,0,False,False,False,False,False,False
1782456950.226,0,0,0,0,0,1.23,-4.06,0.0,0.0,0.0,0.0,0.0,0,90,0,0.0,0,False,False,False,False,False,False
1782456950.25,0,0,0,0,0,1.25,-4.07,0.0,0.0,0.0,0.0,0.0,0,90,0,0.0,0,False,False,False,False,False,False
1782456950.274,0,0,0,0,0,1.27,-4.02,0.0,0.0,0.0,0.0,0.0,0,90,0,0.0,0,False,False,False,False,False,False
1782456950.298,0,0,0,0,0,1.26,-3.99,0.0,0.0,0.0,0.0,0.0,0,90,0,0.0,0,False,False,False,False,False,False
1782456950.321,0,0,0,0,0,1.25,-4.01,0.0,0.0,0.0,0.0,0.0,0,90,0,0.0,0,False,False,False,False,False,False
1782456950.344,0,0,0,0,0,1.23,-4.06,0.0,0.0,0.0,0.0,0.0,0,90,0,0.0,0,False,False,False,False,False,False
1782456950.37,0,0,0,0,0,1.22,-4.1,0.0,0.0,0.0,0.0,0.0,0,90,0,0.0,0,False,False,False,False,False,False
1782456950.392,0,0,0,0,0,1.23,-4.08,0.0,0.0,0.0,0.0,0.0,0,90,0,0.0,0,False,False,False,False,False,False
1782456950.419,0,0,0,0,0,1.23,-4.05,0.0,0.0,0.0,0.0,0.0,0,90,0,0.0,0,False,False,False,False,False,False
1782456950.44,0,0,0,0,0,1.22,-4.06,0.0,0.0,0.0,0.0,0.0,0,90,0,0.0,0,False,False,False,False,False,False
1782456950.463,0,0,0,0,0,1.22,-4.08,0.0,0.0,0.0,0.0,0.0,0,90,0,0.0,0,False,False,False,False,False,False
1782456950.487,0,0,0,0,0,1.25,-4.08,0.0,0.0,0.0,0.0,0.0,0,90,0,0.0,0,False,False,False,False,False,False
1782456950.51,0,0,0,0,0,1.26,-4.02,0.0,0.0,0.0,0.0,0.0,0,90,0,0.0,0,False,False,False,False,False,False
1782456950.535,0,0,0,0,0,1.24,-3.98,0.0,0.0,0.0,0.0,0.0,0,90,0,0.0,0,False,False,False,False,False,False
1782456950.558,0,0,0,0,0,1.21,-3.98,0.0,0.0,0.0,0.0,0.0,0,90,0,0.0,0,False,False,False,False,False,False
1782456950.581,0,0,0,0,0,1.2,-4.03,0.0,0.0,0.0,0.0,0.0,0,90,0,0.0,0,False,False,False,False,False,False
1782456950.606,0,0,0,0,0,1.22,-4.05,0.0,0.0,0.0,0.0,0.0,0,90,0,0.0,0,False,False,False,False,False,False
1782456950.629,0,0,0,0,0,1.25,-4.01,0.0,0.0,0.0,0.0,0.0,0,90,0,0.0,0,False,False,False,False,False,False
1782456950.654,0,0,0,0,0,1.25,-3.97,0.0,0.0,0.0,0.0,0.0,0,90,0,0.0,0,False,False,False,False,False,False
1782456950.676,0,0,0,0,0,1.26,-3.97,0.0,0.0,0.0,0.0,0.0,0,90,0,0.0,0,False,False,False,False,False,False
1782456950.7,0,0,0,0,0,1.28,-4.0,0.0,0.0,0.0,0.0,0.0,0,90,0,0.0,0,False,False,False,False,False,False
1782456950.723,0,0,0,0,0,1.3,-4.06,0.0,0.0,0.0,0.0,0.0,0,90,0,0.0,0,False,False,False,False,False,False
1782456950.746,0,0,0,0,0,1.36,-4.2,0.0,0.0,0.0,0.0,0.0,0,90,0,0.0,0,False,False,False,False,False,False
1782456950.77,0,0,0,0,0,1.42,-4.36,0.0,0.0,0.0,0.0,0.0,0,90,0,0.0,0,False,False,False,False,False,False
1782456950.793,0,0,0,0,0,1.42,-4.44,0.0,0.0,0.0,0.0,0.0,0,90,0,0.0,0,False,False,False,False,False,False
1782456950.817,0,0,0,0,0,1.39,-4.41,0.0,0.0,0.0,0.0,0.0,0,90,0,0.0,0,False,False,False,False,False,False
1782456950.841,0,0,0,0,0,1.36,-4.37,0.0,0.0,0.0,0.0,0.0,0,90,0,0.0,0,False,False,False,False,False,False
1782456950.864,0,0,0,0,0,1.34,-4.35,0.0,0.0,0.0,0.0,0.0,0,90,0,0.0,0,False,False,False,False,False,False
1782456950.888,0,0,0,0,0,1.35,-4.33,0.0,0.0,0.0,0.0,0.0,0,90,0,0.0,0,False,False,False,False,False,False
1782456950.912,0,0,0,0,0,1.35,-4.31,0.0,0.0,0.0,0.0,0.0,0,90,0,0.0,0,False,False,False,False,False,False
1782456950.936,0,0,0,0,0,1.34,-4.31,0.0,0.0,0.0,0.0,0.0,0,90,0,0.0,0,False,False,False,False,False,False
1782456950.959,0,0,0,0,0,1.35,-4.29,0.0,0.0,0.0,0.0,0.0,0,90,0,0.0,0,False,False,False,False,False,False
1782456950.983,0,0,0,0,0,1.35,-4.27,0.0,0.0,0.0,0.0,0.0,0,90,0,0.0,0,False,False,False,False,False,False
1782456951.007,0,0,0,0,0,1.34,-4.26,0.0,0.0,0.0,0.0,0.0,0,90,0,0.0,0,False,False,False,False,False,False
1782456951.03,0,0,0,0,0,1.3,-4.24,0.0,0.0,0.0,0.0,0.0,0,90,0,0.0,0,False,False,False,False,False,False
1782456951.054,0,0,0,0,0,1.27,-4.24,0.0,0.0,0.0,0.0,0.0,0,90,0,0.0,0,False,False,False,False,False,False
1782456951.077,0,0,0,0,0,1.26,-4.25,0.0,0.0,0.0,0.0,0.0,0,90,0,0.0,0,False,False,False,False,False,False
1782456951.102,0,0,0,0,0,1.28,-4.25,0.0,0.0,0.0,0.0,0.0,0,90,0,0.0,0,False,False,False,False,False,False
1782456951.125,0,0,0,0,0,1.31,-4.26,0.0,0.0,0.0,0.0,0.0,0,90,0,0.0,0,False,False,False,False,False,False
1782456951.149,0,0,0,0,0,1.32,-4.27,0.0,0.0,0.0,0.0,0.0,0,90,0,0.0,0,False,False,False,False,False,False
1782456951.173,0,0,0,0,0,1.33,-4.25,0.0,0.0,0.0,0.0,0.0,0,90,0,0.0,0,False,False,False,False,False,False
1782456951.191,0,0,0,0,0,1.36,-4.21,0.0,0.0,0.0,0.0,0.0,0,90,0,0.0,0,False,False,False,False,False,False
1782456951.215,0,0,0,0,0,1.39,-4.18,0.0,0.0,0.0,0.0,0.0,0,90,0,0.0,0,False,False,False,False,False,False
1782456951.239,0,0,0,0,0,1.38,-4.17,0.0,0.0,0.0,0.0,0.0,0,90,0,0.0,0,False,False,False,False,False,False
1782456951.262,0,0,0,0,0,1.36,-4.17,0.0,0.0,0.0,0.0,0.0,0,90,0,0.0,0,False,False,False,False,False,False
1782456951.286,0,0,0,0,0,1.34,-4.18,0.0,0.0,0.0,0.0,0.0,0,90,0,0.0,0,False,False,False,False,False,False
1782456951.31,0,0,0,0,0,1.35,-4.18,0.0,0.0,0.0,0.0,0.0,0,90,0,0.0,0,False,False,False,False,False,False
1782456951.332,0,0,0,0,0,1.36,-4.18,0.0,0.0,0.0,0.0,0.0,0,90,0,0.0,0,False,False,False,False,False,False
1782456951.357,0,0,0,0,0,1.36,-4.18,0.0,0.0,0.0,0.0,0.0,0,90,0,0.0,0,False,False,False,False,False,False
1782456951.381,0,0,0,0,0,1.35,-4.18,0.0,0.0,0.0,0.0,0.0,0,90,0,0.0,0,False,False,False,False,False,False
1782456951.405,0,0,0,0,0,1.35,-4.17,0.0,0.0,0.0,0.0,0.0,0,90,0,0.0,0,False,False,False,False,False,False
1782456951.428,0,0,0,0,0,1.35,-4.17,0.0,0.0,0.0,0.0,0.0,0,90,0,0.0,0,False,False,False,False,False,False
1782456951.453,0,0,0,0,0,1.35,-4.16,0.0,0.0,0.0,0.0,0.0,0,90,0,0.0,0,False,False,False,False,False,False
1782456951.475,0,0,0,0,0,1.37,-4.17,0.0,0.0,0.0,0.0,0.0,0,90,0,0.0,0,False,False,False,False,False,False
1782456951.499,0,0,0,0,0,1.38,-4.18,0.0,0.0,0.0,0.0,0.0,0,90,0,0.0,0,False,False,False,False,False,False
1782456951.522,0,0,0,0,0,1.4,-4.19,0.0,0.0,0.0,0.0,0.0,0,90,0,0.0,0,False,False,False,False,False,False
1782456951.548,0,0,0,0,0,1.4,-4.19,0.0,0.0,0.0,0.0,0.0,0,90,0,0.0,0,False,False,False,False,False,False
1782456951.571,0,0,0,0,0,1.38,-4.19,0.0,0.0,0.0,0.0,0.0,0,90,0,0.0,0,False,False,False,False,False,False
1782456951.595,0,0,0,0,0,1.36,-4.19,0.0,0.0,0.0,0.0,0.0,0,90,0,0.0,0,False,False,False,False,False,False
1782456951.62,0,0,0,0,0,1.33,-4.2,0.0,0.0,0.0,0.0,0.0,0,90,0,0.0,0,False,False,False,False,False,False
1782456951.643,0,0,0,0,0,1.31,-4.21,0.0,0.0,0.0,0.0,0.0,0,90,0,0.0,0,False,False,False,False,False,False
1782456951.665,0,0,0,0,0,1.28,-4.19,0.0,0.0,0.0,0.0,0.0,0,90,0,0.0,0,False,False,False,False,False,False
1782456951.688,0,0,0,0,0,1.28,-4.15,0.0,0.0,0.0,0.0,0.0,0,90,0,0.0,0,False,False,False,False,False,False
1782456951.713,0,0,0,0,0,1.29,-4.14,0.0,0.0,0.0,0.0,0.0,0,90,0,0.0,0,False,False,False,False,False,False
1782456951.737,0,0,0,0,0,1.3,-4.17,0.0,0.0,0.0,0.0,0.0,0,90,0,0.0,0,False,False,False,False,False,False
1782456951.759,0,0,0,0,0,1.33,-4.22,0.0,0.0,0.0,0.0,0.0,0,90,0,0.0,0,False,False,False,False,False,False
1782456951.783,0,0,0,0,0,1.36,-4.23,0.0,0.0,0.0,0.0,0.0,0,90,0,0.0,0,False,False,False,False,False,False
1782456951.807,0,0,0,0,0,1.38,-4.24,0.0,0.0,0.0,0.0,0.0,0,90,0,0.0,0,False,False,False,False,False,False
1782456951.831,0,0,0,0,0,1.39,-4.26,0.0,0.0,0.0,0.0,0.0,0,90,0,0.0,0,False,False,False,False,False,False
1782456951.855,0,0,0,0,0,1.38,-4.28,0.0,0.0,0.0,0.0,0.0,0,90,0,0.0,0,False,False,False,False,False,False
1782456951.878,0,0,0,0,0,1.36,-4.25,0.0,0.0,0.0,0.0,0.0,0,90,0,0.0,0,False,False,False,False,False,False
1782456951.901,0,0,0,0,0,1.34,-4.22,0.0,0.0,0.0,0.0,0.0,0,90,0,0.0,0,False,False,False,False,False,False
1782456951.921,0,0,0,0,0,1.33,-4.2,0.0,0.0,0.0,0.0,0.0,0,90,0,0.0,0,False,False,False,False,False,False
1782456951.944,0,0,0,0,0,1.31,-4.19,0.0,0.0,0.0,0.0,0.0,0,90,0,0.0,0,False,False,False,False,False,False
1782456951.967,0,0,0,0,0,1.29,-4.18,0.0,0.0,0.0,0.0,0.0,0,90,0,0.0,0,False,False,False,False,False,False
1782456951.991,0,0,0,0,0,1.27,-4.2,0.0,0.0,0.0,0.0,0.0,0,90,0,0.0,0,False,False,False,False,False,False
1782456952.015,0,0,0,0,0,1.27,-4.22,0.0,0.0,0.0,0.0,0.0,0,90,0,0.0,0,False,False,False,False,False,False
1782456952.04,0,0,0,0,0,1.28,-4.2,0.0,0.0,0.0,0.0,0.0,0,90,0,0.0,0,False,False,False,False,False,False
1782456952.062,0,0,0,0,0,1.28,-4.17,0.0,0.0,0.0,0.0,0.0,0,90,0,0.0,0,False,False,False,False,False,False
1782456952.087,0,0,0,0,0,1.27,-4.15,0.0,0.0,0.0,0.0,0.0,0,90,0,0.0,0,False,False,False,False,False,False
1782456952.11,0,0,0,0,0,1.26,-4.14,0.0,0.0,0.0,0.0,0.0,0,90,0,0.0,0,False,False,False,False,False,False
1782456952.133,0,0,0,0,0,1.27,-4.15,0.0,0.0,0.0,0.0,0.0,0,90,0,0.0,0,False,False,False,False,False,False
1782456952.157,0,0,0,0,0,1.28,-4.17,0.0,0.0,0.0,0.0,0.0,0,90,0,0.0,0,False,False,False,False,False,False
1782456952.18,0,0,0,0,0,1.29,-4.17,0.0,0.0,0.0,0.0,0.0,0,90,0,0.0,0,False,False,False,False,False,False
1782456952.205,0,0,0,0,0,1.29,-4.15,0.0,0.0,0.0,0.0,0.0,0,90,0,0.0,0,False,False,False,False,False,False
1782456952.228,0,0,0,0,0,1.29,-4.14,0.0,0.0,0.0,0.0,0.0,0,90,0,0.0,0,False,False,False,False,False,False
1782456952.253,0,0,0,0,0,1.28,-4.12,0.0,0.0,0.0,0.0,0.0,0,90,0,0.0,0,False,False,False,False,False,False
1782456952.275,0,0,0,0,0,1.29,-4.11,0.0,0.0,0.0,0.0,0.0,0,90,0,0.0,0,False,False,False,False,False,False
1782456952.3,0,0,0,0,0,1.31,-4.12,0.0,0.0,0.0,0.0,0.0,0,90,0,0.0,0,False,False,False,False,False,False
1782456952.324,0,0,0,0,0,1.32,-4.12,0.0,0.0,0.0,0.0,0.0,0,90,0,0.0,0,False,False,False,False,False,False
1782456952.347,0,0,0,0,0,1.32,-4.12,0.0,0.0,0.0,0.0,0.0,0,90,0,0.0,0,False,False,False,False,False,False
1782456952.372,0,0,0,0,0,1.32,-4.12,0.0,0.0,0.0,0.0,0.0,0,90,0,0.0,0,False,False,False,False,False,False
1782456952.394,0,0,0,0,0,1.33,-4.12,0.0,0.0,0.0,0.0,0.0,0,90,0,0.0,0,False,False,False,False,False,False
1782456952.419,0,0,0,0,0,1.33,-4.12,0.0,0.0,0.0,0.0,0.0,0,90,0,0.0,0,False,False,False,False,False,False
1782456952.442,0,0,0,0,0,1.32,-4.12,0.0,0.0,0.0,0.0,0.0,0,90,0,0.0,0,False,False,False,False,False,False
1782456952.465,0,0,0,0,0,1.33,-4.13,0.0,0.0,0.0,0.0,0.0,0,90,0,0.0,0,False,False,False,False,False,False
1782456952.489,0,0,0,0,0,1.33,-4.16,0.0,0.0,0.0,0.0,0.0,0,90,0,0.0,0,False,False,False,False,False,False
1782456952.513,0,0,0,0,0,1.34,-4.19,0.0,0.0,0.0,0.0,0.0,0,90,0,0.0,0,False,False,False,False,False,False
1782456952.539,0,0,0,0,0,1.34,-4.2,0.0,0.0,0.0,0.0,0.0,0,90,0,0.0,0,False,False,False,False,False,False
1782456952.56,0,0,0,0,0,1.31,-4.2,0.0,0.0,0.0,0.0,0.0,0,90,0,0.0,0,False,False,False,False,False,False
1782456952.584,0,0,0,0,0,1.3,-4.19,0.0,0.0,0.0,0.0,0.0,0,90,0,0.0,0,False,False,False,False,False,False
1782456952.608,0,0,0,0,0,1.31,-4.2,0.0,0.0,0.0,0.0,0.0,0,90,0,0.0,0,False,False,False,False,False,False
1782456952.632,0,0,0,0,0,1.32,-4.21,0.0,0.0,0.0,0.0,0.0,0,90,0,0.0,0,False,False,False,False,False,False
1782456952.65,0,0,0,0,0,1.31,-4.21,0.0,0.0,0.0,0.0,0.0,0,90,0,0.0,0,False,False,False,False,False,False
1782456952.674,0,0,0,0,0,1.3,-4.22,0.0,0.0,0.0,0.0,0.0,0,90,0,0.0,0,False,False,False,False,False,False
1782456952.697,0,0,0,0,0,1.29,-4.22,0.0,0.0,0.0,0.0,0.0,0,90,0,0.0,0,False,False,False,False,False,False
1782456952.722,0,0,0,0,0,1.28,-4.22,0.0,0.0,0.0,0.0,0.0,0,90,0,0.0,0,False,False,False,False,False,False
1782456952.745,0,0,0,0,0,1.27,-4.24,0.0,0.0,0.0,0.0,0.0,0,90,0,0.0,0,False,False,False,False,False,False
1782456952.769,0,0,0,0,0,1.25,-4.24,0.0,0.0,0.0,0.0,0.0,0,90,0,0.0,0,False,False,False,False,False,False
1782456952.793,0,0,0,0,0,1.23,-4.23,0.0,0.0,0.0,0.0,0.0,0,90,0,0.0,0,False,False,False,False,False,False
1782456952.817,0,0,0,0,0,1.23,-4.22,0.0,0.0,0.0,0.0,0.0,0,90,0,0.0,0,False,False,False,False,False,False
1782456952.841,0,0,0,0,0,1.23,-4.22,0.0,0.0,0.0,0.0,0.0,0,90,0,0.0,0,False,False,False,False,False,False
1782456952.863,0,0,0,0,0,1.23,-4.21,0.0,0.0,0.0,0.0,0.0,0,90,0,0.0,0,False,False,False,False,False,False
1782456952.889,0,0,0,0,0,1.24,-4.23,0.0,0.0,0.0,0.0,0.0,0,90,0,0.0,0,False,False,False,False,False,False
1782456952.912,0,0,0,0,0,1.24,-4.24,0.0,0.0,0.0,0.0,0.0,0,90,0,0.0,0,False,False,False,False,False,False
1782456952.935,0,0,0,0,0,1.27,-4.23,0.0,0.0,0.0,0.0,0.0,0,90,0,0.0,0,False,False,False,False,False,False
1782456952.958,0,0,0,0,0,1.3,-4.25,0.0,0.0,0.0,0.0,0.0,0,90,0,0.0,0,False,False,False,False,False,False
1782456952.982,0,0,0,0,0,1.3,-4.27,0.0,0.0,0.0,0.0,0.0,0,90,0,0.0,0,False,False,False,False,False,False
1782456953.006,0,0,0,0,0,1.3,-4.28,0.0,0.0,0.0,0.0,0.0,0,90,0,0.0,0,False,False,False,False,False,False
1782456953.03,0,0,0,0,0,1.31,-4.31,0.0,0.0,0.0,0.0,0.0,0,90,0,0.0,0,False,False,False,False,False,False
1782456953.054,0,0,0,0,0,1.32,-4.32,0.0,0.0,0.0,0.0,0.0,0,90,0,0.0,0,False,False,False,False,False,False
1782456953.077,0,0,0,0,0,1.35,-4.31,0.0,0.0,0.0,0.0,0.0,0,90,0,0.0,0,False,False,False,False,False,False
1782456953.101,0,0,0,0,0,1.37,-4.28,0.0,0.0,0.0,0.0,0.0,0,90,0,0.0,0,False,False,False,False,False,False
1782456953.125,0,0,0,0,0,1.37,-4.26,0.0,0.0,0.0,0.0,0.0,0,90,0,0.0,0,False,False,False,False,False,False
1782456953.148,0,0,0,0,0,1.36,-4.25,0.0,0.0,0.0,0.0,0.0,0,90,0,0.0,0,False,False,False,False,False,False
1782456953.173,0,0,0,0,0,1.35,-4.23,0.0,0.0,0.0,0.0,0.0,0,90,0,0.0,0,False,False,False,False,False,False
1782456953.196,0,0,0,0,0,1.35,-4.21,0.0,0.0,0.0,0.0,0.0,0,90,0,0.0,0,False,False,False,False,False,False
1782456953.221,0,0,0,0,0,1.37,-4.21,0.0,0.0,0.0,0.0,0.0,0,90,0,0.0,0,False,False,False,False,False,False
1782456953.24,0,0,0,0,0,1.39,-4.23,0.0,0.0,0.0,0.0,0.0,0,90,0,0.0,0,False,False,False,False,False,False
1782456953.261,0,0,0,0,0,1.39,-4.24,0.0,0.0,0.0,0.0,0.0,0,90,0,0.0,0,False,False,False,False,False,False
1782456953.285,0,0,0,0,0,1.37,-4.21,0.0,0.0,0.0,0.0,0.0,0,90,0,0.0,0,False,False,False,False,False,False
1782456953.309,0,0,0,0,0,1.36,-4.18,0.0,0.0,0.0,0.0,0.0,0,90,0,0.0,0,False,False,False,False,False,False
1782456953.333,0,0,0,0,0,1.35,-4.18,0.0,0.0,0.0,0.0,0.0,0,90,0,0.0,0,False,False,False,False,False,False
1782456953.358,0,0,0,0,0,1.36,-4.18,0.0,0.0,0.0,0.0,0.0,0,90,0,0.0,0,False,False,False,False,False,False
1782456953.374,0,0,0,0,0,1.36,-4.19,0.0,0.0,0.0,0.0,0.0,0,90,0,0.0,0,False,False,False,False,False,False
1782456953.4,0,0,0,0,0,1.36,-4.21,0.0,0.0,0.0,0.0,0.0,0,90,0,0.0,0,False,False,False,False,False,False
1782456953.423,0,0,0,0,0,1.36,-4.2,0.0,0.0,0.0,0.0,0.0,0,90,0,0.0,0,False,False,False,False,False,False
1782456953.446,0,0,0,0,0,1.35,-4.2,0.0,0.0,0.0,0.0,0.0,0,90,0,0.0,0,False,False,False,False,False,False
1782456953.471,0,0,0,0,0,1.34,-4.21,0.0,0.0,0.0,0.0,0.0,0,90,0,0.0,0,False,False,False,False,False,False
1782456953.494,0,0,0,0,0,1.35,-4.22,0.0,0.0,0.0,0.0,0.0,0,90,0,0.0,0,False,False,False,False,False,False
1782456953.518,0,0,0,0,0,1.37,-4.24,0.0,0.0,0.0,0.0,0.0,0,90,0,0.0,0,False,False,False,False,False,False
1782456953.537,0,0,0,0,0,1.37,-4.24,0.0,0.0,0.0,0.0,0.0,0,90,0,0.0,0,False,False,False,False,False,False
1782456953.56,0,0,0,0,0,1.36,-4.22,0.0,0.0,0.0,0.0,0.0,0,90,0,0.0,0,False,False,False,False,False,False
1782456953.584,0,0,0,0,0,1.36,-4.21,0.0,0.0,0.0,0.0,0.0,0,90,0,0.0,0,False,False,False,False,False,False
1782456953.607,0,0,0,0,0,1.37,-4.2,0.0,0.0,0.0,0.0,0.0,0,90,0,0.0,0,False,False,False,False,False,False
1782456953.631,0,0,0,0,0,1.35,-4.18,0.0,0.0,0.0,0.0,0.0,0,90,0,0.0,0,False,False,False,False,False,False
1782456953.657,0,0,0,0,0,1.32,-4.18,0.0,0.0,0.0,0.0,0.0,0,90,0,0.0,0,False,False,False,False,False,False
1782456953.678,0,0,0,0,0,1.32,-4.18,0.0,0.0,0.0,0.0,0.0,0,90,0,0.0,0,False,False,False,False,False,False
1782456953.703,0,0,0,0,0,1.33,-4.19,0.0,0.0,0.0,0.0,0.0,0,90,0,0.0,0,False,False,False,False,False,False
1782456953.725,0,0,0,0,0,1.33,-4.2,0.0,0.0,0.0,0.0,0.0,0,90,0,0.0,0,False,False,False,False,False,False
1782456953.75,0,0,0,0,0,1.32,-4.21,0.0,0.0,0.0,0.0,0.0,0,90,0,0.0,0,False,False,False,False,False,False
1782456953.773,0,0,0,0,0,1.32,-4.22,0.0,0.0,0.0,0.0,0.0,0,90,0,0.0,0,False,False,False,False,False,False
1782456953.796,0,0,0,0,0,1.34,-4.22,0.0,0.0,0.0,0.0,0.0,0,90,0,0.0,0,False,False,False,False,False,False
1782456953.822,0,0,0,0,0,1.38,-4.22,0.0,0.0,0.0,0.0,0.0,0,90,0,0.0,0,False,False,False,False,False,False
1782456953.84,0,0,0,0,0,1.38,-4.22,0.0,0.0,0.0,0.0,0.0,0,90,0,0.0,0,False,False,False,False,False,False
1782456953.863,0,0,0,0,0,1.36,-4.21,0.0,0.0,0.0,0.0,0.0,0,90,0,0.0,0,False,False,False,False,False,False
1782456953.887,0,0,0,0,0,1.34,-4.2,0.0,0.0,0.0,0.0,0.0,0,90,0,0.0,0,False,False,False,False,False,False
1782456953.911,0,0,0,0,0,1.35,-4.2,0.0,0.0,0.0,0.0,0.0,0,90,0,0.0,0,False,False,False,False,False,False
1782456953.935,0,0,0,0,0,1.39,-4.2,0.0,0.0,0.0,0.0,0.0,0,90,0,0.0,0,False,False,False,False,False,False
1782456953.957,0,0,0,0,0,1.43,-4.2,0.0,0.0,0.0,0.0,0.0,0,90,0,0.0,0,False,False,False,False,False,False
1782456953.981,0,0,0,0,0,1.47,-4.19,0.0,0.0,0.0,0.0,0.0,0,90,0,0.0,0,False,False,False,False,False,False
1782456954.006,0,0,0,0,0,1.5,-4.18,0.0,0.0,0.0,0.0,0.0,0,90,0,0.0,0,False,False,False,False,False,False
1782456954.029,0,0,0,0,0,1.49,-4.19,0.0,0.0,0.0,0.0,0.0,0,90,0,0.0,0,False,False,False,False,False,False
1782456954.053,0,0,0,0,0,1.47,-4.21,0.0,0.0,0.0,0.0,0.0,0,90,0,0.0,0,False,False,False,False,False,False
1782456954.076,0,0,0,0,0,1.46,-4.22,0.0,0.0,0.0,0.0,0.0,0,90,0,0.0,0,False,False,False,False,False,False
1782456954.1,0,0,0,0,0,1.44,-4.2,0.0,0.0,0.0,0.0,0.0,0,90,0,0.0,0,False,False,False,False,False,False
1782456954.124,0,0,0,0,0,1.39,-4.16,0.0,0.0,0.0,0.0,0.0,0,90,0,0.0,0,False,False,False,False,False,False
1782456954.148,0,0,0,0,0,1.33,-4.15,0.0,0.0,0.0,0.0,0.0,0,90,0,0.0,0,False,False,False,False,False,False
1782456954.171,0,0,0,0,0,1.28,-4.17,0.0,0.0,0.0,0.0,0.0,0,90,0,0.0,0,False,False,False,False,False,False
1782456954.194,0,0,0,0,0,1.24,-4.19,0.0,0.0,0.0,0.0,0.0,0,90,0,0.0,0,False,False,False,False,False,False
1782456954.218,0,0,0,0,0,1.2,-4.21,0.0,0.0,0.0,0.0,0.0,0,90,0,0.0,0,False,False,False,False,False,False
1782456954.242,0,0,0,0,0,1.2,-4.2,0.0,0.0,0.0,0.0,0.0,0,90,0,0.0,0,False,False,False,False,False,False
1782456954.265,0,0,0,0,0,1.22,-4.2,0.0,0.0,0.0,0.0,0.0,0,90,0,0.0,0,False,False,False,False,False,False
1782456954.29,0,0,0,0,0,1.25,-4.21,0.0,0.0,0.0,0.0,0.0,0,90,0,0.0,0,False,False,False,False,False,False
1782456954.313,0,0,0,0,0,1.28,-4.22,0.0,0.0,0.0,0.0,0.0,0,90,0,0.0,0,False,False,False,False,False,False
1782456954.337,0,0,0,0,0,1.34,-4.23,0.0,0.0,0.0,0.0,0.0,0,90,0,0.0,0,False,False,False,False,False,False
1782456954.36,0,0,0,0,0,1.37,-4.23,0.0,0.0,0.0,0.0,0.0,0,90,0,0.0,0,False,False,False,False,False,False
1782456954.384,0,0,0,0,0,1.38,-4.21,0.0,0.0,0.0,0.0,0.0,0,90,0,0.0,0,False,False,False,False,False,False
1782456954.408,0,0,0,0,0,1.37,-4.19,0.0,0.0,0.0,0.0,0.0,0,90,0,0.0,0,False,False,False,False,False,False
1782456954.432,0,0,0,0,0,1.35,-4.18,0.0,0.0,0.0,0.0,0.0,0,90,0,0.0,0,False,False,False,False,False,False
1782456954.456,0,0,0,0,0,1.33,-4.17,0.0,0.0,0.0,0.0,0.0,0,90,0,0.0,0,False,False,False,False,False,False
1782456954.479,0,0,0,0,0,1.31,-4.16,0.0,0.0,0.0,0.0,0.0,0,90,0,0.0,0,False,False,False,False,False,False
1782456954.503,0,0,0,0,0,1.28,-4.13,0.0,0.0,0.0,0.0,0.0,0,90,0,0.0,0,False,False,False,False,False,False
1782456954.527,0,0,0,0,0,1.27,-4.11,0.0,0.0,0.0,0.0,0.0,0,90,0,0.0,0,False,False,False,False,False,False
1782456954.551,0,0,0,0,0,1.27,-4.11,0.0,0.0,0.0,0.0,0.0,0,90,0,0.0,0,False,False,False,False,False,False
1782456954.574,0,0,0,0,0,1.3,-4.14,0.0,0.0,0.0,0.0,0.0,0,90,0,0.0,0,False,False,False,False,False,False
1782456954.597,0,0,0,0,0,1.32,-4.15,0.0,0.0,0.0,0.0,0.0,0,90,0,0.0,0,False,False,False,False,False,False
1782456954.621,0,0,0,0,0,1.31,-4.16,0.0,0.0,0.0,0.0,0.0,0,90,0,0.0,0,False,False,False,False,False,False
1782456954.645,0,0,0,0,0,1.29,-4.16,0.0,0.0,0.0,0.0,0.0,0,90,0,0.0,0,False,False,False,False,False,False
1782456954.669,0,0,0,0,0,1.29,-4.18,0.0,0.0,0.0,0.0,0.0,0,90,0,0.0,0,False,False,False,False,False,False
1782456954.693,0,0,0,0,0,1.31,-4.2,0.0,0.0,0.0,0.0,0.0,0,90,0,0.0,0,False,False,False,False,False,False
1782456954.716,0,0,0,0,0,1.33,-4.2,0.0,0.0,0.0,0.0,0.0,0,90,0,0.0,0,False,False,False,False,False,False
1782456954.742,0,0,0,0,0,1.33,-4.18,0.0,0.0,0.0,0.0,0.0,0,90,0,0.0,0,False,False,False,False,False,False
1782456954.764,0,0,0,0,0,1.35,-4.16,0.0,0.0,0.0,0.0,0.0,0,90,0,0.0,0,False,False,False,False,False,False
1782456954.787,0,0,0,0,0,1.37,-4.16,0.0,0.0,0.0,0.0,0.0,0,90,0,0.0,0,False,False,False,False,False,False
1782456954.811,0,0,0,0,0,1.36,-4.17,0.0,0.0,0.0,0.0,0.0,0,90,0,0.0,0,False,False,False,False,False,False
1782456954.835,0,0,0,0,0,1.32,-4.18,0.0,0.0,0.0,0.0,0.0,0,90,0,0.0,0,False,False,False,False,False,False
1782456954.858,0,0,0,0,0,1.29,-4.19,0.0,0.0,0.0,0.0,0.0,0,90,0,0.0,0,False,False,False,False,False,False
1782456954.883,0,0,0,0,0,1.3,-4.18,0.0,0.0,0.0,0.0,0.0,0,90,0,0.0,0,False,False,False,False,False,False
1782456954.908,0,0,0,0,0,1.34,-4.18,0.0,0.0,0.0,0.0,0.0,0,90,0,0.0,0,False,False,False,False,False,False
1782456954.93,0,0,0,0,0,1.35,-4.18,0.0,0.0,0.0,0.0,0.0,0,90,0,0.0,0,False,False,False,False,False,False
1782456954.954,0,0,0,0,0,1.36,-4.16,0.0,0.0,0.0,0.0,0.0,0,90,0,0.0,0,False,False,False,False,False,False
1782456954.977,0,0,0,0,0,1.38,-4.17,0.0,0.0,0.0,0.0,0.0,0,90,0,0.0,0,False,False,False,False,False,False
1782456955.001,0,0,0,0,0,1.41,-4.23,0.0,0.0,0.0,0.0,0.0,0,90,0,0.0,0,False,False,False,False,False,False
1782456955.025,0,0,0,0,0,1.41,-4.27,0.0,0.0,0.0,0.0,0.0,0,90,0,0.0,0,False,False,False,False,False,False
1782456955.048,0,0,0,0,0,1.4,-4.26,0.0,0.0,0.0,0.0,0.0,0,90,0,0.0,0,False,False,False,False,False,False
1782456955.072,0,0,0,0,0,1.39,-4.27,0.0,0.0,0.0,0.0,0.0,0,90,0,0.0,0,False,False,False,False,False,False
1782456955.095,0,0,0,0,0,1.38,-4.31,0.0,0.0,0.0,0.0,0.0,0,90,0,0.0,0,False,False,False,False,False,False
1782456955.118,0,0,0,0,0,1.38,-4.31,0.0,0.0,0.0,0.0,0.0,0,90,0,0.0,0,False,False,False,False,False,False
1782456955.142,0,0,0,0,0,1.38,-4.29,0.0,0.0,0.0,0.0,0.0,0,90,0,0.0,0,False,False,False,False,False,False
1782456955.162,0,0,0,0,0,1.38,-4.28,0.0,0.0,0.0,0.0,0.0,0,90,0,0.0,0,False,False,False,False,False,False
1782456955.184,0,0,0,0,0,1.38,-4.27,0.0,0.0,0.0,0.0,0.0,0,90,0,0.0,0,False,False,False,False,False,False
1782456955.209,0,0,0,0,0,1.38,-4.25,0.0,0.0,0.0,0.0,0.0,0,90,0,0.0,0,False,False,False,False,False,False
1782456955.232,0,0,0,0,0,1.38,-4.25,0.0,0.0,0.0,0.0,0.0,0,90,0,0.0,0,False,False,False,False,False,False
1782456955.257,0,0,0,0,0,1.37,-4.25,0.0,0.0,0.0,0.0,0.0,0,90,0,0.0,0,False,False,False,False,False,False
1782456955.28,0,0,0,0,0,1.36,-4.23,0.0,0.0,0.0,0.0,0.0,0,90,0,0.0,0,False,False,False,False,False,False
1782456955.305,0,0,0,0,0,1.34,-4.21,0.0,0.0,0.0,0.0,0.0,0,90,0,0.0,0,False,False,False,False,False,False
1782456955.327,0,0,0,0,0,1.33,-4.2,0.0,0.0,0.0,0.0,0.0,0,90,0,0.0,0,False,False,False,False,False,False
1782456955.351,0,0,0,0,0,1.33,-4.19,0.0,0.0,0.0,0.0,0.0,0,90,0,0.0,0,False,False,False,False,False,False
1782456955.375,0,0,0,0,0,1.32,-4.2,0.0,0.0,0.0,0.0,0.0,0,90,0,0.0,0,False,False,False,False,False,False
1782456955.398,0,0,0,0,0,1.31,-4.21,0.0,0.0,0.0,0.0,0.0,0,90,0,0.0,0,False,False,False,False,False,False
1782456955.422,0,0,0,0,0,1.33,-4.2,0.0,0.0,0.0,0.0,0.0,0,90,0,0.0,0,False,False,False,False,False,False
1782456955.445,0,0,0,0,0,1.37,-4.22,0.0,0.0,0.0,0.0,0.0,0,90,0,0.0,0,False,False,False,False,False,False
1782456955.469,0,0,0,0,0,1.39,-4.24,0.0,0.0,0.0,0.0,0.0,0,90,0,0.0,0,False,False,False,False,False,False
1782456955.493,0,0,0,0,0,1.4,-4.25,0.0,0.0,0.0,0.0,0.0,0,90,0,0.0,0,False,False,False,False,False,False
1782456955.517,0,0,0,0,0,1.4,-4.26,0.0,0.0,0.0,0.0,0.0,0,90,0,0.0,0,False,False,False,False,False,False
1782456955.541,0,0,0,0,0,1.4,-4.25,0.0,0.0,0.0,0.0,0.0,0,90,0,0.0,0,False,False,False,False,False,False
1782456955.563,0,0,0,0,0,1.39,-4.24,0.0,0.0,0.0,0.0,0.0,0,90,0,0.0,0,False,False,False,False,False,False
1782456955.588,0,0,0,0,0,1.39,-4.23,0.0,0.0,0.0,0.0,0.0,0,90,0,0.0,0,False,False,False,False,False,False
1782456955.611,0,0,0,0,0,1.4,-4.22,0.0,0.0,0.0,0.0,0.0,0,90,0,0.0,0,False,False,False,False,False,False
1782456955.635,0,0,0,0,0,1.41,-4.22,0.0,0.0,0.0,0.0,0.0,0,90,0,0.0,0,False,False,False,False,False,False
1782456955.66,0,0,0,0,0,1.4,-4.23,0.0,0.0,0.0,0.0,0.0,0,90,0,0.0,0,False,False,False,False,False,False
1782456955.683,0,0,0,0,0,1.4,-4.23,0.0,0.0,0.0,0.0,0.0,0,90,0,0.0,0,False,False,False,False,False,False
1782456955.707,0,0,0,0,0,1.41,-4.24,0.0,0.0,0.0,0.0,0.0,0,90,0,0.0,0,False,False,False,False,False,False
1782456955.732,0,0,0,0,0,1.43,-4.25,0.0,0.0,0.0,0.0,0.0,0,90,0,0.0,0,False,False,False,False,False,False
1782456955.754,0,0,0,0,0,1.43,-4.25,0.0,0.0,0.0,0.0,0.0,0,90,0,0.0,0,False,False,False,False,False,False
1782456955.776,0,0,0,0,0,1.41,-4.27,0.0,0.0,0.0,0.0,0.0,0,90,0,0.0,0,False,False,False,False,False,False
1782456955.801,0,0,0,0,0,1.37,-4.31,0.0,0.0,0.0,0.0,0.0,0,90,0,0.0,0,False,False,False,False,False,False
1782456955.825,0,0,0,0,0,1.33,-4.33,0.0,0.0,0.0,0.0,0.0,0,90,0,0.0,0,False,False,False,False,False,False
1782456955.849,0,0,0,0,0,1.3,-4.32,0.0,0.0,0.0,0.0,0.0,0,90,0,0.0,0,False,False,False,False,False,False
1782456955.872,0,0,0,0,0,1.31,-4.32,0.0,0.0,0.0,0.0,0.0,0,90,0,0.0,0,False,False,False,False,False,False
1782456955.895,0,0,0,0,0,1.32,-4.33,0.0,0.0,0.0,0.0,0.0,0,90,0,0.0,0,False,False,False,False,False,False
1782456955.918,0,0,0,0,0,1.32,-4.32,0.0,0.0,0.0,0.0,0.0,0,90,0,0.0,0,False,False,False,False,False,False
1782456955.943,0,0,0,0,0,1.33,-4.28,0.0,0.0,0.0,0.0,0.0,0,90,0,0.0,0,False,False,False,False,False,False
1782456955.965,0,0,0,0,0,1.35,-4.25,0.0,0.0,0.0,0.0,0.0,0,90,0,0.0,0,False,False,False,False,False,False
1782456955.991,0,0,0,0,0,1.35,-4.25,0.0,0.0,0.0,0.0,0.0,0,90,0,0.0,0,False,False,False,False,False,False
1782456956.014,0,0,0,0,0,1.35,-4.23,0.0,0.0,0.0,0.0,0.0,0,90,0,0.0,0,False,False,False,False,False,False
1782456956.037,0,0,0,0,0,1.36,-4.23,0.0,0.0,0.0,0.0,0.0,0,90,0,0.0,0,False,False,False,False,False,False
1782456956.061,0,0,0,0,0,1.39,-4.24,0.0,0.0,0.0,0.0,0.0,0,90,0,0.0,0,False,False,False,False,False,False
1782456956.085,0,0,0,0,0,1.43,-4.25,0.0,0.0,0.0,0.0,0.0,0,90,0,0.0,0,False,False,False,False,False,False
1782456956.11,0,0,0,0,0,1.47,-4.25,0.0,0.0,0.0,0.0,0.0,0,90,0,0.0,0,False,False,False,False,False,False
1782456956.131,0,0,0,0,0,1.48,-4.28,0.0,0.0,0.0,0.0,0.0,0,90,0,0.0,0,False,False,False,False,False,False
1782456956.157,0,0,0,0,0,1.47,-4.28,0.0,0.0,0.0,0.0,0.0,0,90,0,0.0,0,False,False,False,False,False,False
1782456956.179,0,0,0,0,0,1.44,-4.27,0.0,0.0,0.0,0.0,0.0,0,90,0,0.0,0,False,False,False,False,False,False
1782456956.204,0,0,0,0,0,1.42,-4.27,0.0,0.0,0.0,0.0,0.0,0,90,0,0.0,0,False,False,False,False,False,False
1782456956.226,0,0,0,0,0,1.41,-4.25,0.0,0.0,0.0,0.0,0.0,0,90,0,0.0,0,False,False,False,False,False,False
1782456956.251,0,0,0,0,0,1.41,-4.23,0.0,0.0,0.0,0.0,0.0,0,90,0,0.0,0,False,False,False,False,False,False
1782456956.275,0,0,0,0,0,1.4,-4.22,0.0,0.0,0.0,0.0,0.0,0,90,0,0.0,0,False,False,False,False,False,False
1782456956.299,0,0,0,0,0,1.39,-4.21,0.0,0.0,0.0,0.0,0.0,0,90,0,0.0,0,False,False,False,False,False,False
1782456956.322,0,0,0,0,0,1.4,-4.19,0.0,0.0,0.0,0.0,0.0,0,90,0,0.0,0,False,False,False,False,False,False
1782456956.345,0,0,0,0,0,1.43,-4.17,0.0,0.0,0.0,0.0,0.0,0,90,0,0.0,0,False,False,False,False,False,False
1782456956.368,0,0,0,0,0,1.43,-4.17,0.0,0.0,0.0,0.0,0.0,0,90,0,0.0,0,False,False,False,False,False,False
1782456956.392,0,0,0,0,0,1.41,-4.19,0.0,0.0,0.0,0.0,0.0,0,90,0,0.0,0,False,False,False,False,False,False
1782456956.416,0,0,0,0,0,1.38,-4.21,0.0,0.0,0.0,0.0,0.0,0,90,0,0.0,0,False,False,False,False,False,False
1782456956.44,0,0,0,0,0,1.31,-4.28,0.0,0.0,0.0,0.0,0.0,0,90,0,0.0,0,False,False,False,False,False,False
1782456956.463,0,0,0,0,0,1.19,-5.0,0.0,0.0,0.0,0.0,0.0,0,90,0,0.0,0,False,False,False,False,False,False
1782456956.486,0,0,0,0,0,1.09,-6.64,0.0,0.0,0.0,0.0,0.0,0,90,0,0.0,0,False,False,False,False,False,False
1782456956.512,0,0,0,0,0,1.0,-8.14,0.0,0.0,0.0,0.0,0.0,0,90,0,0.0,0,False,False,False,False,False,False
1782456956.534,0,0,0,0,0,0.79,-8.65,0.0,0.0,0.0,0.0,0.0,0,90,0,0.0,0,False,False,False,False,False,False
1782456956.558,0,0,0,0,0,0.66,-8.44,0.0,0.0,0.0,0.0,0.0,0,90,0,0.0,0,False,False,False,False,False,False
1782456956.58,0,0,0,0,0,0.85,-8.04,0.0,0.0,0.0,0.0,0.0,0,90,0,0.01,0,False,False,False,False,False,False
1782456956.604,0,0,0,0,0,1.15,-7.81,0.0,0.0,0.0,0.0,0.0,0,90,0,0.02,0,False,False,False,False,False,False
1782456956.628,0,0,0,0,0,1.53,-7.9,0.0,0.0,0.0,0.0,0.0,0,90,0,0.03,0,False,False,False,False,False,False
1782456956.651,0,0,0,0,0,2.36,-8.16,0.0,0.0,0.0,0.0,0.0,0,90,0,0.03,0,False,False,False,False,False,False
1782456956.675,0,0,0,0,0,3.4,-8.23,0.0,0.0,0.0,0.0,0.0,0,90,0,0.03,0,False,False,False,False,False,False
1782456956.697,0,0,0,0,0,4.25,-8.56,0.0,0.0,0.0,0.0,0.0,0,90,0,0.04,0,False,False,False,False,False,False
1782456956.721,0,0,0,0,0,4.99,-9.71,0.0,0.0,0.0,0.0,0.0,0,90,0,0.05,0,False,False,False,False,False,False
1782456956.745,0,0,0,0,0,5.75,-11.16,0.0,0.0,0.0,0.0,0.0,0,90,0,0.07,0,False,False,False,False,False,False
1782456956.769,0,0,0,0,0,6.42,-12.35,0.0,0.0,0.0,0.0,0.0,0,90,0,0.08,0,False,False,False,False,False,False
1782456956.793,0,0,0,0,0,6.84,-13.33,0.0,0.0,0.0,0.0,0.0,0,90,0,0.08,0,False,False,False,False,False,False
1782456956.815,0,0,0,0,0,7.0,-14.25,0.0,0.0,0.0,0.0,0.0,0,90,0,0.08,0,False,False,False,False,False,False
1782456956.841,0,0,0,0,0,7.19,-15.23,0.0,0.0,0.0,0.0,0.0,0,90,0,0.09,0,False,False,False,False,False,False
1782456956.863,0,0,0,0,0,7.38,-16.2,0.0,0.0,0.0,0.0,0.0,0,90,0,0.1,0,False,False,False,False,False,False
1782456956.887,0,0,0,0,0,7.32,-17.01,0.0,0.0,0.0,0.0,0.0,0,90,0,0.11,0,False,False,False,False,False,False
1782456956.911,0,0,0,0,0,7.65,-17.65,0.0,0.0,0.0,0.0,0.0,0,90,0,0.12,0,False,False,False,False,False,False
1782456956.935,0,0,0,0,0,8.94,-18.12,0.0,0.0,0.0,0.0,0.0,0,90,0,0.12,0,False,False,False,False,False,False
1782456956.953,0,0,0,0,0,10.28,-18.39,0.0,0.0,0.0,0.0,0.0,0,90,0,0.12,0,False,False,False,False,False,False
1782456956.977,0,0,0,0,0,10.85,-18.4,0.0,0.0,0.0,0.0,0.0,0,90,0,0.12,0,False,False,False,False,False,False
1782456957.001,0,0,0,0,0,10.81,-18.25,0.0,0.0,0.0,0.0,0.0,0,90,0,0.12,0,False,False,False,False,False,False
1782456957.027,0,0,0,0,0,10.65,-18.06,0.0,0.0,0.0,0.0,0.0,0,90,0,0.13,0,False,False,False,False,False,False
1782456957.05,0,0,0,0,0,10.74,-17.94,0.0,0.0,0.0,0.0,0.0,0,90,0,0.13,0,False,False,False,False,False,False
1782456957.075,0,0,0,0,0,11.08,-17.87,0.0,0.0,0.0,0.0,0.0,0,90,0,0.13,0,False,False,False,False,False,False
1782456957.097,0,0,0,0,0,11.45,-17.82,0.0,0.0,0.0,0.0,0.0,0,90,0,0.13,0,False,False,False,False,False,False
1782456957.121,0,0,0,0,0,11.65,-17.8,0.0,0.0,0.0,0.0,0.0,0,90,0,0.13,0,False,False,False,False,False,False
1782456957.146,0,0,0,0,0,11.68,-17.84,0.0,0.0,0.0,0.0,0.0,0,90,0,0.13,0,False,False,False,False,False,False
1782456957.169,0,0,0,0,0,11.61,-17.89,0.0,0.0,0.0,0.0,0.0,0,90,0,0.13,0,False,False,False,False,False,False
1782456957.194,0,0,0,0,0,11.53,-17.91,0.0,0.0,0.0,0.0,0.0,0,90,0,0.13,0,False,False,False,False,False,False
1782456957.217,0,0,0,0,0,11.52,-18.12,0.0,0.0,0.0,0.0,0.0,0,90,0,0.13,0,False,False,False,False,False,False
1782456957.246,0,0,0,0,0,11.53,-18.51,0.0,0.0,0.0,0.0,0.0,0,90,0,0.13,0,False,False,False,False,False,False
1782456957.265,0,0,0,0,0,11.18,-18.42,0.0,0.0,0.0,0.0,0.0,0,90,0,0.13,0,False,False,False,False,False,False
1782456957.29,0,0,0,0,0,10.26,-17.54,0.0,0.0,0.0,0.0,0.0,0,90,0,0.13,0,False,False,False,False,False,False
1782456957.313,0,0,0,0,0,9.31,-16.45,0.0,0.0,0.0,0.0,0.0,0,90,0,0.13,0,False,False,False,False,False,False
1782456957.337,0,0,0,0,0,8.81,-15.8,0.0,0.0,0.0,0.0,0.0,0,90,0,0.13,0,False,False,False,False,False,False
1782456957.361,0,0,0,0,0,8.82,-15.73,0.0,0.0,0.0,0.0,0.0,0,90,0,0.13,0,False,False,False,False,False,False
1782456957.385,0,0,0,0,0,9.26,-16.02,0.0,0.0,0.0,0.0,0.0,0,90,0,0.13,0,False,False,False,False,False,False
1782456957.41,0,0,0,0,0,9.88,-16.39,0.0,0.0,0.0,0.0,0.0,0,90,0,0.14,0,False,False,False,False,False,False
1782456957.428,0,0,0,0,0,10.32,-16.67,0.0,0.0,0.0,0.0,0.0,0,90,0,0.14,0,False,False,False,False,False,False
1782456957.452,0,0,0,0,0,10.38,-16.79,0.0,0.0,0.0,0.0,0.0,0,90,0,0.15,0,False,False,False,False,False,False
1782456957.477,0,0,0,0,0,10.14,-16.73,0.0,0.0,0.0,0.0,0.0,0,90,0,0.15,0,False,False,False,False,False,False
1782456957.499,0,0,0,0,0,9.93,-16.59,0.0,0.0,0.0,0.0,0.0,0,90,0,0.15,0,False,False,False,False,False,False
1782456957.523,0,0,0,0,0,10.04,-16.54,0.0,0.0,0.0,0.0,0.0,0,90,0,0.16,0,False,False,False,False,False,False
1782456957.547,0,0,0,0,0,10.51,-16.54,0.0,0.0,0.0,0.0,0.0,0,90,0,0.17,0,False,False,False,False,False,False
1782456957.572,0,0,0,0,0,11.09,-16.46,0.0,0.0,0.0,0.0,0.0,0,90,0,0.17,0,False,False,False,False,False,False
1782456957.595,0,0,0,0,0,11.49,-16.27,0.0,0.0,0.0,0.0,0.0,0,90,0,0.17,0,False,False,False,False,False,False
1782456957.619,0,0,0,0,0,11.64,-16.07,0.0,0.0,0.0,0.0,0.0,0,90,0,0.17,0,False,False,False,False,False,False
1782456957.644,0,0,0,0,0,11.72,-15.92,0.0,0.0,0.0,0.0,0.0,0,90,0,0.17,0,False,False,False,False,False,False
1782456957.667,0,0,0,0,0,11.81,-15.71,0.0,0.0,0.0,0.0,0.0,0,90,0,0.18,0,False,False,False,False,False,False
1782456957.685,0,0,0,0,0,11.78,-15.48,0.0,0.0,0.0,0.0,0.0,0,90,0,0.18,0,False,False,False,False,False,False
1782456957.711,0,0,0,0,0,11.92,-15.35,0.0,0.0,0.0,0.0,0.0,0,90,0,0.18,0,False,False,False,False,False,False
1782456957.733,0,0,0,0,0,12.47,-15.09,0.0,0.0,0.0,0.0,0.0,0,90,0,0.18,0,False,False,False,False,False,False
1782456957.757,0,0,0,0,0,13.09,-14.95,0.0,0.0,0.0,0.0,0.0,0,90,0,0.18,0,False,False,False,False,False,False
1782456957.781,0,0,0,0,0,13.48,-15.27,0.0,0.0,0.0,0.0,0.0,0,90,0,0.18,0,False,False,False,False,False,False
1782456957.804,0,0,0,0,0,13.75,-15.89,0.0,0.0,0.0,0.0,0.0,0,90,0,0.18,0,False,False,False,False,False,False
1782456957.829,0,0,0,0,0,14.01,-16.59,0.0,0.0,0.0,0.0,0.0,0,90,0,0.18,0,False,False,False,False,False,False
1782456957.853,0,0,0,0,0,14.28,-17.27,0.0,0.0,0.0,0.0,0.0,0,90,0,0.18,0,False,False,False,False,False,False
1782456957.877,0,0,0,0,0,14.62,-17.91,0.0,0.0,0.0,0.0,0.0,0,90,0,0.18,0,False,False,False,False,False,False
1782456957.901,0,0,0,0,0,15.04,-18.4,0.0,0.0,0.0,0.0,0.0,0,90,0,0.18,0,False,False,False,False,False,False
1782456957.949,0,0,0,0,0,15.46,-18.67,0.0,0.0,0.0,0.0,0.0,0,90,0,0.18,0,False,False,False,False,False,False
1782456957.953,0,0,0,0,0,15.75,-18.85,0.0,0.0,0.0,0.0,0.0,0,90,0,0.18,0,False,False,False,False,False,False
1782456957.973,0,0,0,0,0,15.87,-19.09,0.0,0.0,0.0,0.0,0.0,0,90,0,0.18,0,False,False,False,False,False,False
1782456957.996,0,0,0,0,0,15.96,-19.38,0.0,0.0,0.0,0.0,0.0,0,90,0,0.18,0,False,False,False,False,False,False
1782456958.02,0,0,0,0,0,16.2,-19.61,0.0,0.0,0.0,0.0,0.0,0,90,0,0.17,0,False,False,False,False,False,False
1782456958.045,0,0,0,0,0,16.52,-19.61,0.0,0.0,0.0,0.0,0.0,0,90,0,0.16,0,False,False,False,False,False,False
1782456958.069,0,0,0,0,0,16.83,-19.25,0.0,0.0,0.0,0.0,0.0,0,90,0,0.16,0,False,False,False,False,False,False
1782456958.094,0,0,0,0,0,17.02,-18.67,0.0,0.0,0.0,0.0,0.0,0,90,0,0.16,0,False,False,False,False,False,False
1782456958.116,0,0,0,0,0,16.91,-18.01,0.0,0.0,0.0,0.0,0.0,0,90,0,0.15,0,False,False,False,False,False,False
1782456958.142,0,0,0,0,0,16.41,-17.33,0.0,0.0,0.0,0.0,0.0,0,90,0,0.14,0,False,False,False,False,False,False
1782456958.164,0,0,0,0,0,15.82,-16.76,0.0,0.0,0.0,0.0,0.0,0,90,0,0.12,0,False,False,False,False,False,False
1782456958.189,0,0,0,0,0,15.44,-16.47,0.0,0.0,0.0,0.0,0.0,0,90,0,0.12,0,False,False,False,False,False,False
1782456958.212,0,0,0,0,0,15.2,-16.48,0.0,0.0,0.0,0.0,0.0,0,90,0,0.12,0,False,False,False,False,False,False
1782456958.238,0,0,0,0,0,14.82,-16.53,0.0,0.0,0.0,0.0,0.0,0,90,0,0.11,0,False,False,False,False,False,False
1782456958.261,0,0,0,0,0,14.18,-16.37,0.0,0.0,0.0,0.0,0.0,0,90,0,0.11,0,False,False,False,False,False,False
1782456958.284,0,0,0,0,0,13.34,-16.17,0.0,0.0,0.0,0.0,0.0,0,90,0,0.11,0,False,False,False,False,False,False
1782456958.311,0,0,0,0,0,12.37,-16.0,0.0,0.0,0.0,0.0,0.0,0,90,0,0.11,0,False,False,False,False,False,False
1782456958.327,0,0,0,0,0,11.26,-15.62,0.0,0.0,0.0,0.0,0.0,0,90,0,0.11,0,False,False,False,False,False,False
1782456958.351,0,0,0,0,0,9.92,-15.12,0.0,0.0,0.0,0.0,0.0,0,90,0,0.11,0,False,False,False,False,False,False
1782456958.374,0,0,0,0,0,8.31,-14.6,0.0,0.0,0.0,0.0,0.0,0,90,0,0.11,0,False,False,False,False,False,False
1782456958.398,0,0,0,0,0,6.73,-13.97,0.0,0.0,0.0,0.0,0.0,0,90,0,0.1,0,False,False,False,False,False,False
1782456958.42,0,0,0,0,0,5.6,-13.32,0.0,0.0,0.0,0.0,0.0,0,90,0,0.1,0,False,False,False,False,False,False
1782456958.445,0,0,0,0,0,5.08,-12.94,0.0,0.0,0.0,0.0,0.0,0,90,0,0.1,0,False,False,False,False,False,False
1782456958.468,0,0,0,0,0,4.96,-13.07,0.0,0.0,0.0,0.0,0.0,0,90,0,0.1,0,False,False,False,False,False,False
1782456958.493,0,0,0,0,0,4.89,-13.66,0.0,0.0,0.0,0.0,0.0,0,90,0,0.09,0,False,False,False,False,False,False
1782456958.516,0,0,0,0,0,4.81,-14.42,0.0,0.0,0.0,0.0,0.0,0,90,0,0.09,0,False,False,False,False,False,False
1782456958.539,0,0,0,0,0,4.67,-15.03,0.0,0.0,0.0,0.0,0.0,0,90,0,0.1,0,False,False,False,False,False,False
1782456958.562,0,0,0,0,0,4.14,-15.31,0.0,0.0,0.0,0.0,0.0,0,90,0,0.1,0,False,False,False,False,False,False
1782456958.586,0,0,0,0,0,3.28,-15.24,0.0,0.0,0.0,0.0,0.0,0,90,0,0.1,0,False,False,False,False,False,False
1782456958.61,0,0,0,0,0,2.43,-14.88,0.0,0.0,0.0,0.0,0.0,0,90,0,0.1,0,False,False,False,False,False,False
1782456958.633,0,0,0,0,0,1.79,-14.35,0.0,0.0,0.0,0.0,0.0,0,90,0,0.12,0,False,False,False,False,False,False
1782456958.657,0,0,0,0,0,1.56,-13.9,0.0,0.0,0.0,0.0,0.0,0,90,0,0.13,0,False,False,False,False,False,False
1782456958.68,0,0,0,0,0,1.78,-13.82,0.0,0.0,0.0,0.0,0.0,0,90,0,0.13,0,False,False,False,False,False,False
1782456958.704,0,0,0,0,0,2.33,-14.28,0.0,0.0,0.0,0.0,0.0,0,90,0,0.13,0,False,False,False,False,False,False
1782456958.729,0,0,0,0,0,2.99,-15.31,0.0,0.0,0.0,0.0,0.0,0,90,0,0.14,0,False,False,False,False,False,False
1782456958.751,0,0,0,0,0,3.57,-16.11,0.0,0.0,0.0,0.0,0.0,0,90,0,0.15,0,False,False,False,False,False,False
1782456958.776,0,0,0,0,0,3.97,-16.62,0.0,0.0,0.0,0.0,0.0,0,90,0,0.17,0,False,False,False,False,False,False
1782456958.799,0,0,0,0,0,4.35,-18.23,0.0,0.0,0.0,0.0,0.0,0,90,0,0.17,0,False,False,False,False,False,False
1782456958.823,0,0,0,0,0,4.91,-20.64,0.0,0.0,0.0,0.0,0.0,0,90,0,0.17,0,False,False,False,False,False,False
1782456958.848,0,0,0,0,0,5.61,-22.73,0.0,0.0,0.0,0.0,0.0,0,90,0,0.17,0,False,False,False,False,False,False
1782456958.87,0,0,0,0,0,6.17,-24.4,0.0,0.0,0.0,0.0,0.0,0,90,0,0.16,0,False,False,False,False,False,False
1782456958.896,0,0,0,0,0,6.46,-25.72,0.0,0.0,0.0,0.0,0.0,0,90,0,0.17,0,False,False,False,False,False,False
1782456958.913,0,0,0,0,0,6.63,-26.64,0.0,0.0,0.0,0.0,0.0,0,90,0,0.18,0,False,False,False,False,False,False
1782456958.937,0,0,0,0,0,6.92,-27.19,0.0,0.0,0.0,0.0,0.0,0,90,0,0.18,0,False,False,False,False,False,False
1782456958.962,0,0,0,0,0,7.39,-27.64,0.0,0.0,0.0,0.0,0.0,0,90,0,0.18,0,False,False,False,False,False,False
1782456958.985,0,0,0,0,0,7.91,-28.25,0.0,0.0,0.0,0.0,0.0,0,90,0,0.18,0,False,False,False,False,False,False
1782456959.003,0,0,0,0,0,8.38,-29.05,0.0,0.0,0.0,0.0,0.0,0,90,0,0.18,0,False,False,False,False,False,False
1782456959.029,0,0,0,0,0,8.84,-29.96,0.0,0.0,0.0,0.0,0.0,0,90,0,0.18,0,False,False,False,False,False,False
1782456959.052,0,0,0,0,0,9.27,-30.99,0.0,0.0,0.0,0.0,0.0,0,90,0,0.19,0,False,False,False,False,False,False
1782456959.076,0,0,0,0,0,9.6,-32.02,0.0,0.0,0.0,0.0,0.0,0,90,0,0.2,0,False,False,False,False,False,False
1782456959.099,0,0,0,0,0,9.87,-32.84,0.0,0.0,0.0,0.0,0.0,0,90,0,0.21,0,False,False,False,False,False,False
1782456959.123,0,0,0,0,0,10.24,-33.28,0.0,0.0,0.0,0.0,0.0,0,90,0,0.21,0,False,False,False,False,False,False
1782456959.148,0,0,0,0,0,10.8,-33.41,0.0,0.0,0.0,0.0,0.0,0,90,0,0.21,0,False,False,False,False,False,False
1782456959.172,0,0,0,0,0,11.45,-33.45,0.0,0.0,0.0,0.0,0.0,0,90,0,0.22,0,False,False,False,False,False,False
1782456959.196,0,0,0,0,0,11.98,-33.6,0.0,0.0,0.0,0.0,0.0,0,90,0,0.23,0,False,False,False,False,False,False
1782456959.219,0,0,0,0,0,12.3,-33.85,0.0,0.0,0.0,0.0,0.0,0,90,0,0.24,0,False,False,False,False,False,False
1782456959.245,0,0,0,0,0,12.53,-34.08,0.0,0.0,0.0,0.0,0.0,0,90,0,0.24,0,False,False,False,False,False,False
1782456959.267,0,0,0,0,0,12.85,-34.23,0.0,0.0,0.0,0.0,0.0,0,90,0,0.24,0,False,False,False,False,False,False
1782456959.292,0,0,0,0,0,13.31,-34.32,0.0,0.0,0.0,0.0,0.0,0,90,0,0.24,0,False,False,False,False,False,False
1782456959.311,0,0,0,0,0,13.91,-34.43,0.0,0.0,0.0,0.0,0.0,0,90,0,0.25,0,False,False,False,False,False,False
1782456959.334,0,0,0,0,0,14.56,-34.53,0.0,0.0,0.0,0.0,0.0,0,90,0,0.25,0,False,False,False,False,False,False
1782456959.358,0,0,0,0,0,15.13,-34.68,0.0,0.0,0.0,0.0,0.0,0,90,0,0.25,0,False,False,False,False,False,False
1782456959.381,0,0,0,0,0,15.4,-35.1,0.0,0.0,0.0,0.0,0.0,0,90,0,0.25,0,False,False,False,False,False,False
1782456959.405,0,0,0,0,0,15.26,-35.61,0.0,0.0,0.0,0.0,0.0,0,90,0,0.25,0,False,False,False,False,False,False
1782456959.429,0,0,0,0,0,14.82,-35.88,0.0,0.0,0.0,0.0,0.0,0,90,0,0.25,0,False,False,False,False,False,False
1782456959.453,0,0,0,0,0,14.35,-35.9,0.0,0.0,0.0,0.0,0.0,0,90,0,0.25,0,False,False,False,False,False,False
1782456959.479,0,0,0,0,0,14.05,-35.81,0.0,0.0,0.0,0.0,0.0,0,90,0,0.25,0,False,False,False,False,False,False
1782456959.501,0,0,0,0,0,13.82,-35.7,0.0,0.0,0.0,0.0,0.0,0,90,0,0.25,0,False,False,False,False,False,False
1782456959.519,0,0,0,0,0,13.5,-35.54,0.0,0.0,0.0,0.0,0.0,0,90,0,0.25,0,False,False,False,False,False,False
1782456959.545,0,0,0,0,0,13.05,-35.41,0.0,0.0,0.0,0.0,0.0,0,90,0,0.25,0,False,False,False,False,False,False
1782456959.568,0,0,0,0,0,12.55,-35.44,0.0,0.0,0.0,0.0,0.0,0,90,0,0.25,0,False,False,False,False,False,False
1782456959.595,0,0,0,0,0,12.06,-35.16,0.0,0.0,0.0,0.0,0.0,0,90,0,0.25,0,False,False,False,False,False,False
1782456959.615,0,0,0,0,0,11.59,-34.18,0.0,0.0,0.0,0.0,0.0,0,90,0,0.25,0,False,False,False,False,False,False
1782456959.64,0,0,0,0,0,11.16,-33.1,0.0,0.0,0.0,0.0,0.0,0,90,0,0.25,0,False,False,False,False,False,False
1782456959.664,0,0,0,0,0,10.86,-32.47,0.0,0.0,0.0,0.0,0.0,0,90,0,0.25,0,False,False,False,False,False,False
1782456959.688,0,0,0,0,0,10.74,-32.26,0.0,0.0,0.0,0.0,0.0,0,90,0,0.25,0,False,False,False,False,False,False
1782456959.712,0,0,0,0,0,10.69,-32.29,0.0,0.0,0.0,0.0,0.0,0,90,0,0.25,0,False,False,False,False,False,False
1782456959.735,0,0,0,0,0,10.62,-32.51,0.0,0.0,0.0,0.0,0.0,0,90,0,0.25,0,False,False,False,False,False,False
1782456959.759,0,0,0,0,0,10.6,-32.76,0.0,0.0,0.0,0.0,0.0,0,90,0,0.25,0,False,False,False,False,False,False
1782456959.783,0,0,0,0,0,10.69,-32.79,0.0,0.0,0.0,0.0,0.0,0,90,0,0.25,0,False,False,False,False,False,False
1782456959.807,0,0,0,0,0,10.89,-33.08,0.0,0.0,0.0,0.0,0.0,0,90,0,0.24,0,False,False,False,False,False,False
1782456959.832,0,0,0,0,0,11.12,-34.1,0.0,0.0,0.0,0.0,0.0,0,90,0,0.24,0,False,False,False,False,False,False
1782456959.855,0,0,0,0,0,11.29,-35.17,0.0,0.0,0.0,0.0,0.0,0,90,0,0.24,0,False,False,False,False,False,False
1782456959.88,0,0,0,0,0,11.35,-35.63,0.0,0.0,0.0,0.0,0.0,0,90,0,0.24,0,False,False,False,False,False,False
1782456959.903,0,0,0,0,0,11.28,-35.6,0.0,0.0,0.0,0.0,0.0,0,90,0,0.24,0,False,False,False,False,False,False
1782456959.93,0,0,0,0,0,11.15,-35.43,0.0,0.0,0.0,0.0,0.0,0,90,0,0.24,0,False,False,False,False,False,False
1782456959.951,0,0,0,0,0,11.03,-35.29,0.0,0.0,0.0,0.0,0.0,0,90,0,0.24,0,False,False,False,False,False,False
1782456959.975,0,0,0,0,0,11.0,-35.24,0.0,0.0,0.0,0.0,0.0,0,90,0,0.24,0,False,False,False,False,False,False
1782456959.995,0,0,0,0,0,11.07,-35.28,0.0,0.0,0.0,0.0,0.0,0,90,0,0.24,0,False,False,False,False,False,False
1782456960.018,0,0,0,0,0,11.1,-35.36,0.0,0.0,0.0,0.0,0.0,0,90,0,0.23,0,False,False,False,False,False,False
1782456960.042,0,0,0,0,0,11.07,-35.4,0.0,0.0,0.0,0.0,0.0,0,90,0,0.22,0,False,False,False,False,False,False
1782456960.066,0,0,0,0,0,11.04,-35.36,0.0,0.0,0.0,0.0,0.0,0,90,0,0.21,0,False,False,False,False,False,False
1782456960.091,0,0,0,0,0,11.1,-35.25,0.0,0.0,0.0,0.0,0.0,0,90,0,0.21,0,False,False,False,False,False,False
1782456960.109,0,0,0,0,0,11.22,-35.13,0.0,0.0,0.0,0.0,0.0,0,90,0,0.21,0,False,False,False,False,False,False
1782456960.133,0,0,0,0,0,11.34,-35.07,0.0,0.0,0.0,0.0,0.0,0,90,0,0.21,0,False,False,False,False,False,False
1782456960.156,0,0,0,0,0,11.38,-35.12,0.0,0.0,0.0,0.0,0.0,0,90,0,0.19,0,False,False,False,False,False,False
1782456960.18,0,0,0,0,0,11.34,-35.18,0.0,0.0,0.0,0.0,0.0,0,90,0,0.17,0,False,False,False,False,False,False
1782456960.205,0,0,0,0,0,11.3,-35.19,0.0,0.0,0.0,0.0,0.0,0,90,0,0.17,0,False,False,False,False,False,False
1782456960.229,0,0,0,0,0,11.34,-35.15,0.0,0.0,0.0,0.0,0.0,0,90,0,0.17,0,False,False,False,False,False,False
1782456960.252,0,0,0,0,0,11.47,-35.14,0.0,0.0,0.0,0.0,0.0,0,90,0,0.17,0,False,False,False,False,False,False
1782456960.278,0,0,0,0,0,11.58,-35.19,0.0,0.0,0.0,0.0,0.0,0,90,0,0.16,0,False,False,False,False,False,False
1782456960.302,0,0,0,0,0,11.62,-35.24,0.0,0.0,0.0,0.0,0.0,0,90,0,0.16,0,False,False,False,False,False,False
1782456960.324,0,0,0,0,0,11.58,-35.28,0.0,0.0,0.0,0.0,0.0,0,90,0,0.15,0,False,False,False,False,False,False
1782456960.349,0,0,0,0,0,11.52,-35.31,0.0,0.0,0.0,0.0,0.0,0,90,0,0.13,0,False,False,False,False,False,False
1782456960.372,0,0,0,0,0,11.49,-35.35,0.0,0.0,0.0,0.0,0.0,0,90,0,0.13,0,False,False,False,False,False,False
1782456960.397,0,0,0,0,0,11.48,-35.38,0.0,0.0,0.0,0.0,0.0,0,90,0,0.13,0,False,False,False,False,False,False
1782456960.421,0,0,0,0,0,11.49,-35.41,0.0,0.0,0.0,0.0,0.0,0,90,0,0.13,0,False,False,False,False,False,False
1782456960.445,0,0,0,0,0,11.47,-35.45,0.0,0.0,0.0,0.0,0.0,0,90,0,0.12,0,False,False,False,False,False,False
1782456960.464,0,0,0,0,0,11.47,-35.5,0.0,0.0,0.0,0.0,0.0,0,90,0,0.11,0,False,False,False,False,False,False
1782456960.487,0,0,0,0,0,11.48,-35.56,0.0,0.0,0.0,0.0,0.0,0,90,0,0.09,0,False,False,False,False,False,False
1782456960.513,0,0,0,0,0,11.53,-35.64,0.0,0.0,0.0,0.0,0.0,0,90,0,0.09,0,False,False,False,False,False,False
1782456960.535,0,0,0,0,0,11.63,-35.76,0.0,0.0,0.0,0.0,0.0,0,90,0,0.09,0,False,False,False,False,False,False
1782456960.558,0,0,0,0,0,11.62,-35.88,0.0,0.0,0.0,0.0,0.0,0,90,0,0.08,0,False,False,False,False,False,False
1782456960.578,0,0,0,0,0,11.47,-35.89,0.0,0.0,0.0,0.0,0.0,0,90,0,0.08,0,False,False,False,False,False,False
1782456960.601,0,0,0,0,0,11.28,-35.82,0.0,0.0,0.0,0.0,0.0,0,90,0,0.06,0,False,False,False,False,False,False
1782456960.626,0,0,0,0,0,11.17,-35.74,0.0,0.0,0.0,0.0,0.0,0,90,0,0.06,0,False,False,False,False,False,False
1782456960.649,0,0,0,0,0,11.22,-35.78,0.0,0.0,0.0,0.0,0.0,0,90,0,0.06,0,False,False,False,False,False,False
1782456960.673,0,0,0,0,0,11.39,-35.89,0.0,0.0,0.0,0.0,0.0,0,90,0,0.05,0,False,False,False,False,False,False
1782456960.7,0,0,0,0,0,11.61,-35.94,0.0,0.0,0.0,0.0,0.0,0,90,0,0.05,0,False,False,False,False,False,False
1782456960.722,0,0,0,0,0,11.85,-36.09,0.0,0.0,0.0,0.0,0.0,0,90,0,0.04,0,False,False,False,False,False,False
1782456960.748,0,0,0,0,0,12.12,-36.6,0.0,0.0,0.0,0.0,0.0,0,90,0,0.04,0,False,False,False,False,False,False
1782456960.77,0,0,0,0,0,12.42,-37.22,0.0,0.0,0.0,0.0,0.0,0,90,0,0.04,0,False,False,False,False,False,False
1782456960.795,0,0,0,0,0,12.72,-37.71,0.0,0.0,0.0,0.0,0.0,0,90,0,0.04,0,False,False,False,False,False,False
1782456960.817,0,0,0,0,0,12.92,-38.07,0.0,0.0,0.0,0.0,0.0,0,90,0,0.04,0,False,False,False,False,False,False
1782456960.842,0,0,0,0,0,12.95,-38.35,0.0,0.0,0.0,0.0,0.0,0,90,0,0.04,0,False,False,False,False,False,False
1782456960.865,0,0,0,0,0,12.89,-38.56,0.0,0.0,0.0,0.0,0.0,0,90,0,0.04,0,False,False,False,False,False,False
1782456960.884,0,0,0,0,0,12.89,-38.66,0.0,0.0,0.0,0.0,0.0,0,90,0,0.04,0,False,False,False,False,False,False
1782456960.908,0,0,0,0,0,13.02,-38.68,0.0,0.0,0.0,0.0,0.0,0,90,0,0.04,0,False,False,False,False,False,False
1782456960.931,0,0,0,0,0,13.16,-38.73,0.0,0.0,0.0,0.0,0.0,0,90,0,0.04,0,False,False,False,False,False,False
1782456960.956,0,0,0,0,0,13.18,-38.8,0.0,0.0,0.0,0.0,0.0,0,90,0,0.04,0,False,False,False,False,False,False
1782456960.981,0,0,0,0,0,13.48,-38.79,0.0,0.0,0.0,0.0,0.0,0,90,0,0.04,0,False,False,False,False,False,False
1782456961.005,0,0,0,0,0,14.55,-38.77,0.0,0.0,0.0,0.0,0.0,0,90,0,0.04,0,False,False,False,False,False,False
1782456961.028,0,0,0,0,0,16.1,-39.19,0.0,0.0,0.0,0.0,0.0,0,90,0,0.04,0,False,False,False,False,False,False
1782456961.051,0,0,0,0,0,17.6,-40.26,0.0,0.0,0.0,0.0,0.0,0,90,0,0.04,0,False,False,False,False,False,False
1782456961.075,0,0,0,0,0,18.8,-41.37,0.0,0.0,0.0,0.0,0.0,0,90,0,0.05,0,False,False,False,False,False,False
1782456961.099,0,0,0,0,0,19.62,-41.99,0.0,0.0,0.0,0.0,0.0,0,90,0,0.05,0,False,False,False,False,False,False
1782456961.123,0,0,0,0,0,20.27,-42.3,0.0,0.0,0.0,0.0,0.0,0,90,0,0.05,0,False,False,False,False,False,False
1782456961.147,0,0,0,0,0,21.3,-42.81,0.0,0.0,0.0,0.0,0.0,0,90,0,0.05,0,False,False,False,False,False,False
1782456961.171,0,0,0,0,0,22.97,-43.29,0.0,0.0,0.0,0.0,0.0,0,90,0,0.05,0,False,False,False,False,False,False
1782456961.195,0,0,0,0,0,24.84,-43.63,0.0,0.0,0.0,0.0,0.0,0,90,0,0.05,0,False,False,False,False,False,False
1782456961.219,0,0,0,0,0,26.22,-44.51,0.0,0.0,0.0,0.0,0.0,0,90,0,0.05,0,False,False,False,False,False,False
1782456961.243,0,0,0,0,0,26.98,-45.5,0.0,0.0,0.0,0.0,0.0,0,90,0,0.05,0,False,False,False,False,False,False
1782456961.267,0,0,0,0,0,27.58,-46.02,0.0,0.0,0.0,0.0,0.0,0,90,0,0.05,0,False,False,False,False,False,False
1782456961.291,0,0,0,0,0,28.33,-46.24,0.0,0.0,0.0,0.0,0.0,0,90,0,0.05,0,False,False,False,False,False,False
1782456961.314,0,0,0,0,0,29.04,-46.37,0.0,0.0,0.0,0.0,0.0,0,90,0,0.05,0,False,False,False,False,False,False
1782456961.338,0,0,0,0,0,29.48,-46.76,0.0,0.0,0.0,0.0,0.0,0,90,0,0.05,0,False,False,False,False,False,False
1782456961.356,0,0,0,0,0,29.71,-47.27,0.0,0.0,0.0,0.0,0.0,0,90,0,0.05,0,False,False,False,False,False,False
1782456961.381,0,0,0,0,0,29.88,-47.58,0.0,0.0,0.0,0.0,0.0,0,90,0,0.05,0,False,False,False,False,False,False
1782456961.405,0,0,0,0,0,29.98,-47.72,0.0,0.0,0.0,0.0,0.0,0,90,0,0.05,0,False,False,False,False,False,False
1782456961.429,0,0,0,0,0,29.95,-47.75,0.0,0.0,0.0,0.0,0.0,0,90,0,0.05,0,False,False,False,False,False,False
1782456961.453,0,0,0,0,0,29.79,-47.72,0.0,0.0,0.0,0.0,0.0,0,90,0,0.04,0,False,False,False,False,False,False
1782456961.477,0,0,0,0,0,29.51,-47.6,0.0,0.0,0.0,0.0,0.0,0,90,0,0.04,0,False,False,False,False,False,False
1782456961.5,0,0,0,0,0,29.14,-47.46,0.0,0.0,0.0,0.0,0.0,0,90,0,0.04,0,False,False,False,False,False,False
1782456961.524,0,0,0,0,0,28.73,-47.45,0.0,0.0,0.0,0.0,0.0,0,90,0,0.04,0,False,False,False,False,False,False
1782456961.55,0,0,0,0,0,28.35,-47.36,0.0,0.0,0.0,0.0,0.0,0,90,0,0.04,0,False,False,False,False,False,False
1782456961.572,0,0,0,0,0,28.0,-46.91,0.0,0.0,0.0,0.0,0.0,0,90,0,0.04,0,False,False,False,False,False,False
1782456961.597,0,0,0,0,0,27.65,-46.33,0.0,0.0,0.0,0.0,0.0,0,90,0,0.04,0,False,False,False,False,False,False
1782456961.62,0,0,0,0,0,27.28,-45.82,0.0,0.0,0.0,0.0,0.0,0,90,0,0.04,0,False,False,False,False,False,False
1782456961.646,0,0,0,0,0,26.9,-45.35,0.0,0.0,0.0,0.0,0.0,0,90,0,0.04,0,False,False,False,False,False,False
1782456961.668,0,0,0,0,0,26.52,-44.84,0.0,0.0,0.0,0.0,0.0,0,90,0,0.04,0,False,False,False,False,False,False
1782456961.693,0,0,0,0,0,26.14,-44.33,0.0,0.0,0.0,0.0,0.0,0,90,0,0.04,0,False,False,False,False,False,False
1782456961.716,0,0,0,0,0,25.71,-43.95,0.0,0.0,0.0,0.0,0.0,0,90,0,0.04,0,False,False,False,False,False,False
1782456961.74,0,0,0,0,0,25.14,-43.67,0.0,0.0,0.0,0.0,0.0,0,90,0,0.04,0,False,False,False,False,False,False
1782456961.764,0,0,0,0,0,24.33,-43.38,0.0,0.0,0.0,0.0,0.0,0,90,0,0.04,0,False,False,False,False,False,False
1782456961.788,0,0,0,0,0,23.19,-42.97,0.0,0.0,0.0,0.0,0.0,0,90,0,0.04,0,False,False,False,False,False,False
1782456961.812,0,0,0,0,0,21.79,-42.33,0.0,0.0,0.0,0.0,0.0,0,90,0,0.04,0,False,False,False,False,False,False
1782456961.831,0,0,0,0,0,20.31,-41.34,0.0,0.0,0.0,0.0,0.0,0,90,0,0.04,0,False,False,False,False,False,False
1782456961.854,0,0,0,0,0,18.83,-39.95,0.0,0.0,0.0,0.0,0.0,0,90,0,0.04,0,False,False,False,False,False,False
1782456961.879,0,0,0,0,0,17.31,-38.15,0.0,0.0,0.0,0.0,0.0,0,90,0,0.04,0,False,False,False,False,False,False
1782456961.897,0,0,0,0,0,15.71,-36.06,0.0,0.0,0.0,0.0,0.0,0,90,0,0.04,0,False,False,False,False,False,False
1782456961.92,0,0,0,0,0,14.07,-33.68,0.0,0.0,0.0,0.0,0.0,0,90,0,0.04,0,False,False,False,False,False,False
1782456961.944,0,0,0,0,0,12.44,-30.89,0.0,0.0,0.0,0.0,0.0,0,90,0,0.04,0,False,False,False,False,False,False
1782456961.968,0,0,0,0,0,10.96,-27.85,0.0,0.0,0.0,0.0,0.0,0,90,0,0.05,0,False,False,False,False,False,False
1782456961.992,0,0,0,0,0,9.69,-24.98,0.0,0.0,0.0,0.0,0.0,0,90,0,0.05,0,False,False,False,False,False,False
1782456962.016,0,0,0,0,0,8.66,-22.65,0.0,0.0,0.0,0.0,0.0,0,90,0,0.05,0,False,False,False,False,False,False
1782456962.041,0,0,0,0,0,7.88,-20.89,0.0,0.0,0.0,0.0,0.0,0,90,0,0.05,0,False,False,False,False,False,False
1782456962.065,0,0,0,0,0,7.33,-19.6,0.0,0.0,0.0,0.0,0.0,0,90,0,0.06,0,False,False,False,False,False,False
1782456962.089,0,0,0,0,0,6.89,-18.66,0.0,0.0,0.0,0.0,0.0,0,90,0,0.07,0,False,False,False,False,False,False
1782456962.113,0,0,0,0,0,6.25,-17.93,0.0,0.0,0.0,0.0,0.0,0,90,0,0.07,0,False,False,False,False,False,False
1782456962.135,0,0,0,0,0,5.73,-17.23,0.0,0.0,0.0,0.0,0.0,0,90,0,0.07,0,False,False,False,False,False,False
1782456962.159,0,0,0,0,0,5.07,-16.31,0.0,0.0,0.0,0.0,0.0,0,90,0,0.08,0,False,False,False,False,False,False
1782456962.183,0,0,0,0,0,3.11,-15.03,0.0,0.0,0.0,0.0,0.0,0,90,0,0.08,0,False,False,False,False,False,False
1782456962.206,0,0,0,0,0,0.67,-13.43,0.0,0.0,0.0,0.0,0.0,0,90,0,0.1,0,False,False,False,False,False,False
1782456962.231,0,0,0,0,0,-0.9,-11.7,0.0,0.0,0.0,0.0,0.0,0,90,0,0.12,0,False,False,False,False,False,False
1782456962.253,0,0,0,0,0,-1.59,-10.0,0.0,0.0,0.0,0.0,0.0,0,90,0,0.13,0,False,False,False,False,False,False
1782456962.277,0,0,0,0,0,-1.73,-8.44,0.0,0.0,0.0,0.0,0.0,0,90,0,0.13,0,False,False,False,False,False,False
1782456962.3,0,0,0,0,0,-1.59,-7.3,0.0,0.0,0.0,0.0,0.0,0,90,0,0.13,0,False,False,False,False,False,False
1782456962.323,0,0,0,0,0,-1.48,-6.82,0.0,0.0,0.0,0.0,0.0,0,90,0,0.14,0,False,False,False,False,False,False
1782456962.349,0,0,0,0,0,-1.52,-6.96,0.0,0.0,0.0,0.0,0.0,0,90,0,0.16,0,False,False,False,False,False,False
1782456962.371,0,0,0,0,0,-1.6,-7.35,0.0,0.0,0.0,0.0,0.0,0,90,0,0.18,0,False,False,False,False,False,False
1782456962.394,0,0,0,0,0,-1.64,-7.7,0.0,0.0,0.0,0.0,0.0,0,90,0,0.19,0,False,False,False,False,False,False
1782456962.418,0,0,0,0,0,-1.63,-7.88,0.0,0.0,0.0,0.0,0.0,0,90,0,0.19,0,False,False,False,False,False,False
1782456962.441,0,0,0,0,0,-1.6,-7.95,0.0,0.0,0.0,0.0,0.0,0,90,0,0.2,0,False,False,False,False,False,False
1782456962.466,0,0,0,0,0,-1.56,-7.96,0.0,0.0,0.0,0.0,0.0,0,90,0,0.21,0,False,False,False,False,False,False
1782456962.489,0,0,0,0,0,-1.51,-7.94,0.0,0.0,0.0,0.0,0.0,0,90,0,0.23,0,False,False,False,False,False,False
1782456962.513,0,0,0,0,0,-1.45,-7.94,0.0,0.0,0.0,0.0,0.0,0,90,0,0.25,0,False,False,False,False,False,False
1782456962.535,0,0,0,0,0,-1.4,-7.97,0.0,0.0,0.0,0.0,0.0,0,90,0,0.25,0,False,False,False,False,False,False
1782456962.559,0,0,0,0,0,-1.36,-8.0,0.0,0.0,0.0,0.0,0.0,0,90,0,0.25,0,False,False,False,False,False,False
1782456962.582,0,0,0,0,0,-1.31,-8.04,0.0,0.0,0.0,0.0,0.0,0,90,0,0.25,0,False,False,False,False,False,False
1782456962.606,0,0,0,0,0,-1.26,-8.04,0.0,0.0,0.0,0.0,0.0,0,90,0,0.26,0,False,False,False,False,False,False
1782456962.631,0,0,0,0,0,-1.21,-8.02,0.0,0.0,0.0,0.0,0.0,0,90,0,0.26,0,False,False,False,False,False,False
1782456962.653,0,0,0,0,0,-1.18,-8.01,0.0,0.0,0.0,0.0,0.0,0,90,0,0.27,0,False,False,False,False,False,False
1782456962.677,0,0,0,0,0,-1.14,-8.02,0.0,0.0,0.0,0.0,0.0,0,90,0,0.27,0,False,False,False,False,False,False
1782456962.701,0,0,0,0,0,-1.09,-8.01,0.0,0.0,0.0,0.0,0.0,0,90,0,0.27,0,False,False,False,False,False,False
1782456962.724,0,0,0,0,0,-1.02,-7.99,0.0,0.0,0.0,0.0,0.0,0,90,0,0.27,0,False,False,False,False,False,False
1782456962.749,0,0,0,0,0,-0.95,-7.98,0.0,0.0,0.0,0.0,0.0,0,90,0,0.27,0,False,False,False,False,False,False
1782456962.771,0,0,0,0,0,-0.87,-7.98,0.0,0.0,0.0,0.0,0.0,0,90,0,0.27,0,False,False,False,False,False,False
1782456962.795,0,0,0,0,0,-0.79,-8.0,0.0,0.0,0.0,0.0,0.0,0,90,0,0.27,0,False,False,False,False,False,False
1782456962.817,0,0,0,0,0,-0.72,-8.02,0.0,0.0,0.0,0.0,0.0,0,90,0,0.27,0,False,False,False,False,False,False
1782456962.842,0,0,0,0,0,-0.69,-8.02,0.0,0.0,0.0,0.0,0.0,0,90,0,0.27,0,False,False,False,False,False,False
1782456962.866,0,0,0,0,0,-0.71,-8.06,0.0,0.0,0.0,0.0,0.0,0,90,0,0.27,0,False,False,False,False,False,False
1782456962.889,0,0,0,0,0,-0.73,-8.2,0.0,0.0,0.0,0.0,0.0,0,90,0,0.27,0,False,False,False,False,False,False
1782456962.914,0,0,0,0,0,-0.74,-8.5,0.0,0.0,0.0,0.0,0.0,0,90,0,0.27,0,False,False,False,False,False,False
1782456962.933,0,0,0,0,0,-0.74,-9.91,0.0,0.0,0.0,0.0,0.0,0,90,0,0.27,0,False,False,False,False,False,False
1782456962.954,0,0,0,0,0,-0.74,-12.85,0.0,0.0,0.0,0.0,0.0,0,90,0,0.27,0,False,False,False,False,False,False
1782456962.978,0,0,0,0,0,-0.74,-15.28,0.0,0.0,0.0,0.0,0.0,0,90,0,0.28,0,False,False,False,False,False,False
1782456963.003,0,0,0,0,0,-0.91,-15.61,0.0,0.0,0.0,0.0,0.0,0,90,0,0.28,0,False,False,False,False,False,False
1782456963.026,0,0,0,0,0,-1.3,-14.55,0.0,0.0,0.0,0.0,0.0,0,90,0,0.28,0,False,False,False,False,False,False
1782456963.049,0,0,0,0,0,-1.62,-13.45,0.0,0.0,0.0,0.0,0.0,0,90,0,0.29,0,False,False,False,False,False,False
1782456963.072,0,0,0,0,0,-1.7,-12.97,0.0,0.0,0.0,0.0,0.0,0,90,1,0.33,0,False,False,False,False,False,False
1782456963.097,0,0,0,0,0,-1.67,-12.95,0.0,0.0,0.0,0.0,0.0,0,90,1,0.36,0,False,False,False,False,False,False
1782456963.12,0,0,0,0,0,-1.68,-13.1,0.0,0.0,0.0,0.0,0.0,0,90,1,0.36,0,False,False,False,False,False,False
1782456963.144,0,0,0,0,0,-1.76,-13.3,0.0,0.0,0.0,0.0,0.0,0,90,1,0.37,0,False,False,False,False,False,False
1782456963.167,0,0,0,0,0,-1.85,-13.46,0.0,0.0,0.0,0.0,0.0,0,90,1,0.4,0,False,False,False,False,False,False
1782456963.191,0,0,0,0,0,-1.87,-13.45,0.0,0.0,0.0,0.0,0.0,0,90,1,0.45,0,False,False,False,False,False,False
1782456963.215,0,0,0,0,0,-1.86,-13.34,0.0,0.0,0.0,0.0,0.0,0,90,1,0.47,0,False,False,False,False,False,False
1782456963.238,0,0,0,0,0,-1.84,-13.21,0.0,0.0,0.0,0.0,0.0,0,90,1,0.48,0,False,False,False,False,False,False
1782456963.262,0,0,0,0,0,-1.83,-12.92,0.0,0.0,0.0,0.0,0.0,0,90,1,0.48,0,False,False,False,False,False,False
1782456963.284,0,0,0,0,0,-1.79,-12.37,0.0,0.0,0.0,0.0,0.0,0,90,1,0.49,0,False,False,False,False,False,False
1782456963.309,0,0,0,0,0,-1.67,-11.48,0.0,0.0,0.0,0.0,0.0,0,90,1,0.52,0,False,False,False,False,False,False
1782456963.332,0,0,0,0,0,-1.55,-10.37,0.0,0.0,0.0,0.0,0.0,0,90,1,0.53,0,False,False,False,False,False,False
1782456963.354,0,0,0,0,0,-1.5,-9.13,0.0,0.0,0.0,0.0,0.0,0,90,1,0.54,0,False,False,False,False,False,False
1782456963.378,0,0,0,0,0,-1.5,-7.85,0.0,0.0,0.0,0.0,0.0,0,90,1,0.54,0,False,False,False,False,False,False
1782456963.402,0,0,0,0,0,-1.51,-6.58,0.0,0.0,0.0,0.0,0.0,0,90,1,0.54,0,False,False,False,False,False,False
1782456963.425,0,0,0,0,0,-1.49,-5.35,0.0,0.0,0.0,0.0,0.0,0,90,1,0.54,0,False,False,False,False,False,False
1782456963.449,0,0,0,0,0,-1.14,-4.26,0.0,0.0,0.0,0.0,0.0,0,90,1,0.55,0,False,False,False,False,False,False
1782456963.472,0,0,0,0,0,-0.3,-3.4,0.0,0.0,0.0,0.0,0.0,0,90,1,0.55,0,False,False,False,False,False,False
1782456963.495,0,0,0,0,0,0.52,-2.67,0.0,0.0,0.0,0.0,0.0,0,90,1,0.54,0,False,False,False,False,False,False
1782456963.518,0,0,0,0,0,0.86,-1.93,0.0,0.0,0.0,0.0,0.0,0,90,1,0.53,0,False,False,False,False,False,False
1782456963.543,0,0,0,0,0,0.82,-1.1,0.0,0.0,0.0,0.0,0.0,0,90,1,0.53,0,False,False,False,False,False,False
1782456963.566,0,0,0,0,0,0.55,-0.24,0.0,0.0,0.0,0.0,0.0,0,90,1,0.53,0,False,False,False,False,False,False
1782456963.589,0,0,0,0,0,0.3,0.6,0.0,0.0,0.0,0.0,0.0,0,90,1,0.53,0,False,False,False,False,False,False
1782456963.613,0,0,0,0,0,0.1,1.38,0.0,0.0,0.0,0.0,0.0,0,90,1,0.52,0,False,False,False,False,False,False
1782456963.636,0,0,0,0,0,-0.35,2.09,0.0,0.0,0.0,0.0,0.0,0,90,1,0.5,0,False,False,False,False,False,False
1782456963.66,0,0,0,0,0,-0.94,2.68,0.0,0.0,0.0,0.0,0.0,0,90,1,0.49,0,False,False,False,False,False,False
1782456963.683,0,0,0,0,0,-1.34,3.09,0.0,0.0,0.0,0.0,0.0,0,90,1,0.49,0,False,False,False,False,False,False
1782456963.707,0,0,0,0,0,-1.54,3.37,0.0,0.0,0.0,0.0,0.0,0,90,1,0.49,0,False,False,False,False,False,False
1782456963.731,0,0,0,0,0,-1.63,3.65,0.0,0.0,0.0,0.0,0.0,0,90,1,0.48,0,False,False,False,False,False,False
1782456963.754,0,0,0,0,0,-1.69,3.98,0.0,0.0,0.0,0.0,0.0,0,90,1,0.46,0,False,False,False,False,False,False
1782456963.776,0,0,0,0,0,-1.71,4.32,0.0,0.0,0.0,0.0,0.0,0,90,1,0.44,0,False,False,False,False,False,False
1782456963.8,0,0,0,0,0,-1.66,4.61,0.0,0.0,0.0,0.0,0.0,0,90,1,0.42,0,False,False,False,False,False,False
1782456963.824,0,0,0,0,0,-1.58,4.88,0.0,0.0,0.0,0.0,0.0,0,90,1,0.42,0,False,False,False,False,False,False
1782456963.848,0,0,0,0,0,-1.55,5.2,0.0,0.0,0.0,0.0,0.0,0,90,1,0.42,0,False,False,False,False,False,False
1782456963.87,0,0,0,0,0,-1.59,5.59,0.0,0.0,0.0,0.0,0.0,0,90,1,0.41,0,False,False,False,False,False,False
1782456963.893,0,0,0,0,0,-1.69,6.06,0.0,0.0,0.0,0.0,0.0,0,90,1,0.38,0,False,False,False,False,False,False
1782456963.917,0,0,0,0,0,-1.78,6.64,0.0,0.0,0.0,0.0,0.0,0,90,1,0.37,0,False,False,False,False,False,False
1782456963.94,0,0,0,0,0,-1.77,7.39,0.0,0.0,0.0,0.0,0.0,0,90,1,0.36,0,False,False,False,False,False,False
1782456963.964,0,0,0,0,0,-1.75,8.35,0.0,0.0,0.0,0.0,0.0,0,90,1,0.36,0,False,False,False,False,False,False
1782456963.986,0,0,0,0,0,-2.09,9.41,0.0,0.0,0.0,0.0,0.0,0,90,1,0.36,0,False,False,False,False,False,False
1782456964.011,0,0,0,0,0,-2.87,10.39,0.0,0.0,0.0,0.0,0.0,0,90,1,0.35,0,False,False,False,False,False,False
1782456964.034,0,0,0,0,0,-3.53,11.19,0.0,0.0,0.0,0.0,0.0,0,90,1,0.34,0,False,False,False,False,False,False
1782456964.058,0,0,0,0,0,-3.67,11.87,0.0,0.0,0.0,0.0,0.0,0,90,1,0.33,0,False,False,False,False,False,False
1782456964.083,0,0,0,0,0,-3.37,12.53,0.0,0.0,0.0,0.0,0.0,0,90,1,0.33,0,False,False,False,False,False,False
1782456964.105,0,0,0,0,0,-3.06,13.29,0.0,0.0,0.0,0.0,0.0,0,90,1,0.34,0,False,False,False,False,False,False
1782456964.128,0,0,0,0,0,-2.83,14.1,0.0,0.0,0.0,0.0,0.0,0,90,1,0.33,0,False,False,False,False,False,False
1782456964.151,0,0,0,0,0,-2.28,14.85,0.0,0.0,0.0,0.0,0.0,0,90,1,0.33,0,False,False,False,False,False,False
1782456964.175,0,0,0,0,0,-1.52,15.41,0.0,0.0,0.0,0.0,0.0,0,90,1,0.33,0,False,False,False,False,False,False
1782456964.201,0,0,0,0,0,-0.92,15.77,0.0,0.0,0.0,0.0,0.0,0,90,1,0.33,0,False,False,False,False,False,False
1782456964.223,0,0,0,0,0,-0.4,15.96,0.0,0.0,0.0,0.0,0.0,0,90,1,0.33,0,False,False,False,False,False,False
1782456964.25,0,0,0,0,0,0.17,16.03,0.0,0.0,0.0,0.0,0.0,0,90,1,0.33,0,False,False,False,False,False,False
1782456964.271,0,0,0,0,0,0.79,16.02,0.0,0.0,0.0,0.0,0.0,0,90,1,0.33,0,False,False,False,False,False,False
1782456964.289,0,0,0,0,0,1.33,15.97,0.0,0.0,0.0,0.0,0.0,0,90,1,0.33,0,False,False,False,False,False,False
1782456964.314,0,0,0,0,0,1.69,15.86,0.0,0.0,0.0,0.0,0.0,0,90,1,0.33,0,False,False,False,False,False,False
1782456964.337,0,0,0,0,0,1.85,15.78,0.0,0.0,0.0,0.0,0.0,0,90,1,0.33,0,False,False,False,False,False,False
1782456964.361,0,0,0,0,0,1.86,15.68,0.0,0.0,0.0,0.0,0.0,0,90,1,0.33,0,False,False,False,False,False,False
1782456964.385,0,0,0,0,0,1.72,15.35,0.0,0.0,0.0,0.0,0.0,0,90,1,0.32,0,False,False,False,False,False,False
1782456964.407,0,0,0,0,0,1.46,14.82,0.0,0.0,0.0,0.0,0.0,0,90,1,0.32,0,False,False,False,False,False,False
1782456964.433,0,0,0,0,0,1.27,14.22,0.0,0.0,0.0,0.0,0.0,0,90,1,0.32,0,False,False,False,False,False,False
1782456964.455,0,0,0,0,0,1.08,13.56,0.0,0.0,0.0,0.0,0.0,0,90,1,0.31,0,False,False,False,False,False,False
1782456964.478,0,0,0,0,0,0.47,12.84,0.0,0.0,0.0,0.0,0.0,0,90,0,0.27,0,False,False,False,False,False,False
1782456964.501,0,0,0,0,0,-0.37,12.11,0.0,0.0,0.0,0.0,0.0,0,90,0,0.24,0,False,False,False,False,False,False
1782456964.529,0,0,0,0,0,-0.99,11.35,0.0,0.0,0.0,0.0,0.0,0,90,0,0.23,0,False,False,False,False,False,False
1782456964.549,0,0,0,0,0,-1.41,10.5,0.0,0.0,0.0,0.0,0.0,0,90,0,0.23,0,False,False,False,False,False,False
1782456964.571,0,0,0,0,0,-1.84,9.46,0.0,0.0,0.0,0.0,0.0,0,90,0,0.2,0,False,False,False,False,False,False
1782456964.595,0,0,0,0,0,-2.39,8.17,0.0,0.0,0.0,0.0,0.0,0,90,0,0.15,0,False,False,False,False,False,False
1782456964.618,0,0,0,0,0,-3.03,6.69,0.0,0.0,0.0,0.0,0.0,0,90,0,0.12,0,False,False,False,False,False,False
1782456964.641,0,0,0,0,0,-3.66,5.13,0.0,0.0,0.0,0.0,0.0,0,90,0,0.12,0,False,False,False,False,False,False
1782456964.666,0,0,0,0,0,-4.28,3.57,0.0,0.0,0.0,0.0,0.0,0,90,0,0.12,0,False,False,False,False,False,False
1782456964.688,0,0,0,0,0,-4.92,2.0,0.0,0.0,0.0,0.0,0.0,0,90,0,0.1,0,False,False,False,False,False,False
1782456964.712,0,0,0,0,0,-5.54,0.4,0.0,0.0,0.0,0.0,0.0,0,90,0,0.08,0,False,False,False,False,False,False
1782456964.735,0,0,0,0,0,-6.02,-1.16,0.0,0.0,0.0,0.0,0.0,0,90,0,0.06,0,False,False,False,False,False,False
1782456964.759,0,0,0,0,0,-6.29,-2.58,0.0,0.0,0.0,0.0,0.0,0,90,0,0.05,0,False,False,False,False,False,False
1782456964.783,0,0,0,0,0,-6.4,-3.81,0.0,0.0,0.0,0.0,0.0,0,90,0,0.06,0,False,False,False,False,False,False
1782456964.805,0,0,0,0,0,-6.35,-4.89,0.0,0.0,0.0,0.0,0.0,0,90,0,0.05,0,False,False,False,False,False,False
1782456964.829,0,0,0,0,0,-6.1,-5.89,0.0,0.0,0.0,0.0,0.0,0,90,0,0.05,0,False,False,False,False,False,False
1782456964.852,0,0,0,0,0,-5.83,-6.84,0.0,0.0,0.0,0.0,0.0,0,90,0,0.05,0,False,False,False,False,False,False
1782456964.875,0,0,0,0,0,-5.82,-7.7,0.0,0.0,0.0,0.0,0.0,0,90,0,0.05,0,False,False,False,False,False,False
1782456964.902,0,0,0,0,0,-5.49,-8.43,0.0,0.0,0.0,0.0,0.0,0,90,0,0.05,0,False,False,False,False,False,False
1782456964.923,0,0,0,0,0,-4.19,-8.97,0.0,0.0,0.0,0.0,0.0,0,90,0,0.05,0,False,False,False,False,False,False
1782456964.949,0,0,0,0,0,-2.45,-9.3,0.0,0.0,0.0,0.0,0.0,0,90,0,0.05,0,False,False,False,False,False,False
1782456964.969,0,0,0,0,0,-1.03,-9.4,0.0,0.0,0.0,0.0,0.0,0,90,0,0.05,0,False,False,False,False,False,False
1782456964.993,0,0,0,0,0,-0.12,-9.34,0.0,0.0,0.0,0.0,0.0,0,90,0,0.04,0,False,False,False,False,False,False
1782456965.019,0,0,0,0,0,0.32,-9.18,0.0,0.0,0.0,0.0,0.0,0,90,0,0.04,0,False,False,False,False,False,False
1782456965.04,0,0,0,0,0,0.46,-8.96,0.0,0.0,0.0,0.0,0.0,0,90,0,0.04,0,False,False,False,False,False,False
1782456965.067,0,0,0,0,0,0.53,-8.73,0.0,0.0,0.0,0.0,0.0,0,90,0,0.04,0,False,False,False,False,False,False
1782456965.087,0,0,0,0,0,0.64,-8.53,0.0,0.0,0.0,0.0,0.0,0,90,0,0.05,0,False,False,False,False,False,False
1782456965.111,0,0,0,0,0,0.77,-8.37,0.0,0.0,0.0,0.0,0.0,0,90,0,0.05,0,False,False,False,False,False,False
1782456965.135,0,0,0,0,0,0.85,-8.28,0.0,0.0,0.0,0.0,0.0,0,90,0,0.05,0,False,False,False,False,False,False
1782456965.157,0,0,0,0,0,0.89,-8.25,0.0,0.0,0.0,0.0,0.0,0,90,0,0.04,0,False,False,False,False,False,False
1782456965.182,0,0,0,0,0,0.89,-8.26,0.0,0.0,0.0,0.0,0.0,0,90,0,0.05,0,False,False,False,False,False,False
1782456965.205,0,0,0,0,0,0.91,-8.26,0.0,0.0,0.0,0.0,0.0,0,90,0,0.06,0,False,False,False,False,False,False
1782456965.23,0,0,0,0,0,0.96,-8.25,0.0,0.0,0.0,0.0,0.0,0,90,0,0.06,0,False,False,False,False,False,False
1782456965.252,0,0,0,0,0,1.03,-8.24,0.0,0.0,0.0,0.0,0.0,0,90,0,0.06,0,False,False,False,False,False,False
1782456965.275,0,0,0,0,0,1.12,-7.73,0.0,0.0,0.0,0.0,0.0,0,90,0,0.06,0,False,False,False,False,False,False
1782456965.299,0,0,0,0,0,1.2,-6.43,0.0,0.0,0.0,0.0,0.0,0,90,0,0.06,0,False,False,False,False,False,False
1782456965.322,0,0,0,0,0,1.21,-5.31,0.0,0.0,0.0,0.0,0.0,0,90,0,0.06,0,False,False,False,False,False,False
1782456965.345,0,0,0,0,0,1.12,-5.21,0.0,0.0,0.0,0.0,0.0,0,90,0,0.06,0,False,False,False,False,False,False
1782456965.369,0,0,0,0,0,1.05,-5.91,0.0,0.0,0.0,0.0,0.0,0,90,0,0.06,0,False,False,False,False,False,False
1782456965.392,0,0,0,0,0,1.02,-6.81,0.0,0.0,0.0,0.0,0.0,0,90,0,0.06,0,False,False,False,False,False,False
1782456965.419,0,0,0,0,0,0.76,-7.51,0.0,0.0,0.0,0.0,0.0,0,90,0,0.06,0,False,False,False,False,False,False
1782456965.44,0,0,0,0,0,0.05,-8.05,0.0,0.0,0.0,0.0,0.0,0,90,0,0.06,0,False,False,False,False,False,False
1782456965.463,0,0,0,0,0,-0.77,-8.61,0.0,0.0,0.0,0.0,0.0,0,90,0,0.06,0,False,False,False,False,False,False
1782456965.487,0,0,0,0,0,-1.5,-9.17,0.0,0.0,0.0,0.0,0.0,0,90,0,0.06,0,False,False,False,False,False,False
1782456965.51,0,0,0,0,0,-2.27,-9.64,0.0,0.0,0.0,0.0,0.0,0,90,0,0.06,0,False,False,False,False,False,False
1782456965.535,0,0,0,0,0,-3.14,-9.97,0.0,0.0,0.0,0.0,0.0,0,90,0,0.07,0,False,False,False,False,False,False
1782456965.558,0,0,0,0,0,-4.02,-10.19,0.0,0.0,0.0,0.0,0.0,0,90,0,0.08,0,False,False,False,False,False,False
1782456965.58,0,0,0,0,0,-4.78,-10.33,0.0,0.0,0.0,0.0,0.0,0,90,0,0.09,0,False,False,False,False,False,False
1782456965.603,0,0,0,0,0,-5.35,-10.43,0.0,0.0,0.0,0.0,0.0,0,90,0,0.09,0,False,False,False,False,False,False
1782456965.628,0,0,0,0,0,-5.66,-10.47,0.0,0.0,0.0,0.0,0.0,0,90,0,0.09,0,False,False,False,False,False,False
1782456965.652,0,0,0,0,0,-5.63,-10.41,0.0,0.0,0.0,0.0,0.0,0,90,0,0.09,0,False,False,False,False,False,False
1782456965.673,0,0,0,0,0,-5.0,-10.22,0.0,0.0,0.0,0.0,0.0,0,90,0,0.1,0,False,False,False,False,False,False
1782456965.698,0,0,0,0,0,-4.21,-9.98,0.0,0.0,0.0,0.0,0.0,0,90,0,0.1,0,False,False,False,False,False,False
1782456965.721,0,0,0,0,0,-4.15,-9.92,0.0,0.0,0.0,0.0,0.0,0,90,0,0.1,0,False,False,False,False,False,False
1782456965.745,0,0,0,0,0,-3.05,-10.25,0.0,0.0,0.0,0.0,0.0,0,90,0,0.1,0,False,False,False,False,False,False
1782456965.768,0,0,0,0,0,0.91,-10.78,0.0,0.0,0.0,0.0,0.0,0,90,0,0.1,0,False,False,False,False,False,False
1782456965.791,0,0,0,0,0,5.32,-11.15,0.0,0.0,0.0,0.0,0.0,0,90,0,0.1,0,False,False,False,False,False,False
1782456965.815,0,0,0,0,0,7.78,-11.19,0.0,0.0,0.0,0.0,0.0,0,90,0,0.1,0,False,False,False,False,False,False
1782456965.839,0,0,0,0,0,8.63,-11.06,0.0,0.0,0.0,0.0,0.0,0,90,0,0.1,0,False,False,False,False,False,False
1782456965.862,0,0,0,0,0,8.89,-10.88,0.0,0.0,0.0,0.0,0.0,0,90,0,0.1,0,False,False,False,False,False,False
1782456965.885,0,0,0,0,0,9.25,-10.69,0.0,0.0,0.0,0.0,0.0,0,90,0,0.1,0,False,False,False,False,False,False
1782456965.91,0,0,0,0,0,9.93,-10.48,0.0,0.0,0.0,0.0,0.0,0,90,0,0.13,0,False,False,False,False,False,False
1782456965.936,0,0,0,0,0,10.8,-10.27,0.0,0.0,0.0,0.0,0.0,0,90,0,0.16,0,False,False,False,False,False,False
1782456965.956,0,0,0,0,0,11.67,-10.09,0.0,0.0,0.0,0.0,0.0,0,90,0,0.16,0,False,False,False,False,False,False
1782456965.98,0,0,0,0,0,12.44,-9.95,0.0,0.0,0.0,0.0,0.0,0,90,0,0.17,0,False,False,False,False,False,False
1782456966.004,0,0,0,0,0,13.14,-9.81,0.0,0.0,0.0,0.0,0.0,0,90,0,0.21,0,False,False,False,False,False,False
1782456966.027,0,0,0,0,0,13.83,-9.68,0.0,0.0,0.0,0.0,0.0,0,90,0,0.25,0,False,False,False,False,False,False
1782456966.051,0,0,0,0,0,14.49,-9.59,0.0,0.0,0.0,0.0,0.0,0,90,0,0.27,0,False,False,False,False,False,False
1782456966.073,0,0,0,0,0,15.01,-9.55,0.0,0.0,0.0,0.0,0.0,0,90,0,0.28,0,False,False,False,False,False,False
1782456966.097,0,0,0,0,0,15.3,-9.54,0.0,0.0,0.0,0.0,0.0,0,90,0,0.28,0,False,False,False,False,False,False
1782456966.121,0,0,0,0,0,15.43,-9.55,0.0,0.0,0.0,0.0,0.0,0,90,0,0.29,0,False,False,False,False,False,False
1782456966.145,0,0,0,0,0,15.54,-9.56,0.0,0.0,0.0,0.0,0.0,0,90,1,0.31,0,False,False,False,False,False,False
1782456966.169,0,0,0,0,0,15.54,-9.39,0.0,0.0,0.0,0.0,0.0,0,90,1,0.33,0,False,False,False,False,False,False
1782456966.192,0,0,0,0,0,15.37,-8.97,0.0,0.0,0.0,0.0,0.0,0,90,1,0.33,0,False,False,False,False,False,False
1782456966.216,0,0,0,0,0,15.24,-8.6,0.0,0.0,0.0,0.0,0.0,0,90,1,0.33,0,False,False,False,False,False,False
1782456966.239,0,0,0,0,0,15.2,-8.41,0.0,0.0,0.0,0.0,0.0,0,90,1,0.33,0,False,False,False,False,False,False
1782456966.263,0,0,0,0,0,14.23,-8.29,0.0,0.0,0.0,0.0,0.0,0,90,1,0.34,0,False,False,False,False,False,False
1782456966.286,0,0,0,0,0,11.49,-8.24,0.0,0.0,0.0,0.0,0.0,0,90,1,0.34,0,False,False,False,False,False,False
1782456966.308,0,0,0,0,0,8.22,-8.31,0.0,0.0,0.0,0.0,0.0,0,90,1,0.34,0,False,False,False,False,False,False
1782456966.334,0,0,0,0,0,5.82,-8.41,0.0,0.0,0.0,0.0,0.0,0,90,1,0.34,0,False,False,False,False,False,False
1782456966.355,0,0,0,0,0,4.25,-8.65,0.0,0.0,0.0,0.0,0.0,0,90,1,0.35,0,False,False,False,False,False,False
1782456966.379,0,0,0,0,0,3.01,-9.16,0.0,0.0,0.0,0.0,0.0,0,90,1,0.35,0,False,False,False,False,False,False
1782456966.402,0,0,0,0,0,1.63,-9.7,0.0,0.0,0.0,0.0,0.0,0,90,1,0.36,0,False,False,False,False,False,False
1782456966.427,0,0,0,0,0,-0.0,-9.98,0.0,0.0,0.0,0.0,0.0,0,90,1,0.37,0,False,False,False,False,False,False
1782456966.451,0,0,0,0,0,-1.7,-9.98,0.0,0.0,0.0,0.0,0.0,0,90,1,0.39,0,False,False,False,False,False,False
1782456966.473,0,0,0,0,0,-3.23,-9.8,0.0,0.0,0.0,0.0,0.0,0,90,1,0.39,0,False,False,False,False,False,False
1782456966.496,0,0,0,0,0,-4.46,-9.56,0.0,0.0,0.0,0.0,0.0,0,90,1,0.38,0,False,False,False,False,False,False
1782456966.519,0,0,0,0,0,-5.38,-9.36,0.0,0.0,0.0,0.0,0.0,0,90,1,0.38,0,False,False,False,False,False,False
1782456966.544,0,0,0,0,0,-6.12,-9.24,0.0,0.0,0.0,0.0,0.0,0,90,1,0.39,0,False,False,False,False,False,False
1782456966.568,0,0,0,0,0,-6.8,-9.09,0.0,0.0,0.0,0.0,0.0,0,90,1,0.4,0,False,False,False,False,False,False
1782456966.59,0,0,0,0,0,-7.4,-8.94,0.0,0.0,0.0,0.0,0.0,0,90,1,0.4,0,False,False,False,False,False,False
1782456966.614,0,0,0,0,0,-7.8,-8.84,0.0,0.0,0.0,0.0,0.0,0,90,1,0.39,0,False,False,False,False,False,False
1782456966.638,0,0,0,0,0,-7.83,-8.58,0.0,0.0,0.0,0.0,0.0,0,90,1,0.38,0,False,False,False,False,False,False
1782456966.661,0,0,0,0,0,-7.47,-8.36,0.0,0.0,0.0,0.0,0.0,0,90,1,0.39,0,False,False,False,False,False,False
1782456966.685,0,0,0,0,0,-6.86,-8.34,0.0,0.0,0.0,0.0,0.0,0,90,1,0.39,0,False,False,False,False,False,False
1782456966.707,0,0,0,0,0,-6.23,-8.34,0.0,0.0,0.0,0.0,0.0,0,90,1,0.39,0,False,False,False,False,False,False
1782456966.731,0,0,0,0,0,-5.73,-8.24,0.0,0.0,0.0,0.0,0.0,0,90,1,0.39,0,False,False,False,False,False,False
1782456966.754,0,0,0,0,0,-5.26,-8.15,0.0,0.0,0.0,0.0,0.0,0,90,1,0.39,0,False,False,False,False,False,False
1782456966.778,0,0,0,0,0,-4.55,-8.27,0.0,0.0,0.0,0.0,0.0,0,90,1,0.39,0,False,False,False,False,False,False
1782456966.802,0,0,0,0,0,-3.97,-8.58,0.0,0.0,0.0,0.0,0.0,0,90,1,0.39,0,False,False,False,False,False,False
1782456966.825,0,0,0,0,0,-3.42,-8.87,0.0,0.0,0.0,0.0,0.0,0,90,1,0.39,0,False,False,False,False,False,False
1782456966.848,0,0,0,0,0,-1.79,-8.95,0.0,0.0,0.0,0.0,0.0,0,90,1,0.39,0,False,False,False,False,False,False
1782456966.872,0,0,0,0,0,0.46,-8.77,0.0,0.0,0.0,0.0,0.0,0,90,1,0.39,0,False,False,False,False,False,False
1782456966.897,0,0,0,0,0,2.09,-8.42,0.0,0.0,0.0,0.0,0.0,0,90,1,0.4,0,False,False,False,False,False,False
1782456966.92,0,0,0,0,0,3.0,-8.01,0.0,0.0,0.0,0.0,0.0,0,90,1,0.4,0,False,False,False,False,False,False
1782456966.942,0,0,0,0,0,3.4,-7.52,0.0,0.0,0.0,0.0,0.0,0,90,1,0.4,0,False,False,False,False,False,False
1782456966.965,0,0,0,0,0,3.38,-6.79,0.0,0.0,0.0,0.0,0.0,0,90,1,0.4,0,False,False,False,False,False,False
1782456966.988,0,0,0,0,0,2.95,-6.22,0.0,0.0,0.0,0.0,0.0,0,90,1,0.41,0,False,False,False,False,False,False
1782456967.013,0,0,0,0,0,2.16,-5.66,0.0,0.0,0.0,0.0,0.0,0,90,1,0.43,0,False,False,False,False,False,False
1782456967.035,0,0,0,0,0,1.16,-3.92,0.0,0.0,0.0,0.0,0.0,0,90,1,0.43,0,False,False,False,False,False,False
1782456967.06,0,0,0,0,0,0.03,-1.32,0.0,0.0,0.0,0.0,0.0,0,90,1,0.43,0,False,False,False,False,False,False
1782456967.082,0,0,0,0,0,-1.1,1.05,0.0,0.0,0.0,0.0,0.0,0,90,1,0.43,0,False,False,False,False,False,False
1782456967.105,0,0,0,0,0,-2.12,3.07,0.0,0.0,0.0,0.0,0.0,0,90,1,0.44,0,False,False,False,False,False,False
1782456967.129,0,0,0,0,0,-2.97,4.88,0.0,0.0,0.0,0.0,0.0,0,90,1,0.46,0,False,False,False,False,False,False
1782456967.153,0,0,0,0,0,-3.66,6.57,0.0,0.0,0.0,0.0,0.0,0,90,1,0.48,0,False,False,False,False,False,False
1782456967.177,0,0,0,0,0,-4.16,8.24,0.0,0.0,0.0,0.0,0.0,0,90,1,0.48,0,False,False,False,False,False,False
1782456967.199,0,0,0,0,0,-4.38,10.02,0.0,0.0,0.0,0.0,0.0,0,90,1,0.49,0,False,False,False,False,False,False
1782456967.222,0,0,0,0,0,-4.28,11.91,0.0,0.0,0.0,0.0,0.0,0,90,1,0.48,0,False,False,False,False,False,False
1782456967.246,0,0,0,0,0,-3.88,13.71,0.0,0.0,0.0,0.0,0.0,0,90,1,0.48,0,False,False,False,False,False,False
1782456967.271,0,0,0,0,0,-3.37,15.28,0.0,0.0,0.0,0.0,0.0,0,90,1,0.48,0,False,False,False,False,False,False
1782456967.289,0,0,0,0,0,-2.84,16.64,0.0,0.0,0.0,0.0,0.0,0,90,1,0.46,0,False,False,False,False,False,False
1782456967.313,0,0,0,0,0,-2.07,17.73,0.0,0.0,0.0,0.0,0.0,0,90,1,0.41,0,False,False,False,False,False,False
1782456967.338,0,0,0,0,0,-1.43,18.46,0.0,0.0,0.0,0.0,0.0,0,90,1,0.39,0,False,False,False,False,False,False
1782456967.361,0,0,0,0,0,-0.86,18.86,0.0,0.0,0.0,0.0,0.0,0,90,1,0.39,0,False,False,False,False,False,False
1782456967.385,0,0,0,0,0,0.83,19.08,0.0,0.0,0.0,0.0,0.0,0,90,1,0.38,0,False,False,False,False,False,False
1782456967.408,0,0,0,0,0,3.05,19.28,0.0,0.0,0.0,0.0,0.0,0,90,1,0.34,0,False,False,False,False,False,False
1782456967.436,0,0,0,0,0,4.53,19.51,0.0,0.0,0.0,0.0,0.0,0,90,0,0.3,0,False,False,False,False,False,False
1782456967.456,0,0,0,0,0,5.22,19.79,0.0,0.0,0.0,0.0,0.0,0,90,0,0.28,0,False,False,False,False,False,False
1782456967.48,0,0,0,0,0,5.38,20.2,0.0,0.0,0.0,0.0,0.0,0,90,0,0.27,0,False,False,False,False,False,False
1782456967.504,0,0,0,0,0,5.24,20.73,0.0,0.0,0.0,0.0,0.0,0,90,0,0.27,0,False,False,False,False,False,False
1782456967.527,0,0,0,0,0,5.0,21.32,0.0,0.0,0.0,0.0,0.0,0,90,0,0.27,0,False,False,False,False,False,False
1782456967.554,0,0,0,0,0,4.79,21.89,0.0,0.0,0.0,0.0,0.0,0,90,0,0.26,0,False,False,False,False,False,False
1782456967.575,0,0,0,0,0,4.66,22.43,0.0,0.0,0.0,0.0,0.0,0,90,0,0.25,0,False,False,False,False,False,False
1782456967.599,0,0,0,0,0,4.61,22.92,0.0,0.0,0.0,0.0,0.0,0,90,0,0.24,0,False,False,False,False,False,False
1782456967.623,0,0,0,0,0,4.64,23.31,0.0,0.0,0.0,0.0,0.0,0,90,0,0.25,0,False,False,False,False,False,False
1782456967.646,0,0,0,0,0,4.73,23.58,0.0,0.0,0.0,0.0,0.0,0,90,0,0.26,0,False,False,False,False,False,False
1782456967.671,0,0,0,0,0,4.85,23.74,0.0,0.0,0.0,0.0,0.0,0,90,0,0.27,0,False,False,False,False,False,False
1782456967.694,0,0,0,0,0,4.98,23.87,0.0,0.0,0.0,0.0,0.0,0,90,0,0.27,0,False,False,False,False,False,False
1782456967.719,0,0,0,0,0,5.04,24.03,0.0,0.0,0.0,0.0,0.0,0,90,0,0.27,0,False,False,False,False,False,False
1782456967.743,0,0,0,0,0,4.99,24.28,0.0,0.0,0.0,0.0,0.0,0,90,0,0.27,0,False,False,False,False,False,False
1782456967.765,0,0,0,0,0,4.91,24.56,0.0,0.0,0.0,0.0,0.0,0,90,0,0.27,0,False,False,False,False,False,False
1782456967.788,0,0,0,0,0,4.93,24.78,0.0,0.0,0.0,0.0,0.0,0,90,0,0.27,0,False,False,False,False,False,False
1782456967.812,0,0,0,0,0,5.12,24.87,0.0,0.0,0.0,0.0,0.0,0,90,0,0.27,0,False,False,False,False,False,False
1782456967.838,0,0,0,0,0,5.42,24.85,0.0,0.0,0.0,0.0,0.0,0,90,0,0.26,0,False,False,False,False,False,False
1782456967.86,0,0,0,0,0,5.68,24.8,0.0,0.0,0.0,0.0,0.0,0,90,0,0.24,0,False,False,False,False,False,False
1782456967.884,0,0,0,0,0,5.81,24.8,0.0,0.0,0.0,0.0,0.0,0,90,0,0.23,0,False,False,False,False,False,False
1782456967.908,0,0,0,0,0,5.78,24.86,0.0,0.0,0.0,0.0,0.0,0,90,0,0.24,0,False,False,False,False,False,False
1782456967.931,0,0,0,0,0,5.61,24.88,0.0,0.0,0.0,0.0,0.0,0,90,0,0.23,0,False,False,False,False,False,False
1782456967.955,0,0,0,0,0,5.42,24.99,0.0,0.0,0.0,0.0,0.0,0,90,0,0.22,0,False,False,False,False,False,False
1782456967.979,0,0,0,0,0,5.4,25.31,0.0,0.0,0.0,0.0,0.0,0,90,0,0.22,0,False,False,False,False,False,False
1782456968.004,0,0,0,0,0,5.06,25.76,0.0,0.0,0.0,0.0,0.0,0,90,0,0.22,0,False,False,False,False,False,False
1782456968.027,0,0,0,0,0,3.81,26.18,0.0,0.0,0.0,0.0,0.0,0,90,0,0.22,0,False,False,False,False,False,False
1782456968.052,0,0,0,0,0,2.06,26.54,0.0,0.0,0.0,0.0,0.0,0,90,0,0.22,0,False,False,False,False,False,False
1782456968.075,0,0,0,0,0,0.4,26.81,0.0,0.0,0.0,0.0,0.0,0,90,0,0.22,0,False,False,False,False,False,False
1782456968.098,0,0,0,0,0,-1.08,26.94,0.0,0.0,0.0,0.0,0.0,0,90,0,0.21,0,False,False,False,False,False,False
1782456968.122,0,0,0,0,0,-2.45,26.92,0.0,0.0,0.0,0.0,0.0,0,90,0,0.21,0,False,False,False,False,False,False
1782456968.145,0,0,0,0,0,-3.81,26.7,0.0,0.0,0.0,0.0,0.0,0,90,0,0.21,0,False,False,False,False,False,False
1782456968.17,0,0,0,0,0,-5.28,26.43,0.0,0.0,0.0,0.0,0.0,0,90,0,0.22,0,False,False,False,False,False,False
1782456968.194,0,0,0,0,0,-6.81,26.4,0.0,0.0,0.0,0.0,0.0,0,90,0,0.22,0,False,False,False,False,False,False
1782456968.218,0,0,0,0,0,-8.27,25.93,0.0,0.0,0.0,0.0,0.0,0,90,0,0.22,0,False,False,False,False,False,False
1782456968.241,0,0,0,0,0,-9.71,24.21,0.0,0.0,0.0,0.0,0.0,0,90,0,0.22,0,False,False,False,False,False,False
1782456968.264,0,0,0,0,0,-11.31,21.96,0.0,0.0,0.0,0.0,0.0,0,90,0,0.22,0,False,False,False,False,False,False
1782456968.288,0,0,0,0,0,-13.17,19.84,0.0,0.0,0.0,0.0,0.0,0,90,0,0.22,0,False,False,False,False,False,False
1782456968.308,0,0,0,0,0,-15.11,17.73,0.0,0.0,0.0,0.0,0.0,0,90,0,0.22,0,False,False,False,False,False,False
1782456968.332,0,0,0,0,0,-16.91,15.83,0.0,0.0,0.0,0.0,0.0,0,90,0,0.22,0,False,False,False,False,False,False
1782456968.355,0,0,0,0,0,-18.42,14.35,0.0,0.0,0.0,0.0,0.0,0,90,0,0.22,0,False,False,False,False,False,False
1782456968.378,0,0,0,0,0,-19.6,13.04,0.0,0.0,0.0,0.0,0.0,0,90,0,0.22,0,False,False,False,False,False,False
1782456968.404,0,0,0,0,0,-20.52,11.38,0.0,0.0,0.0,0.0,0.0,0,90,0,0.21,0,False,False,False,False,False,False
1782456968.425,0,0,0,0,0,-21.35,9.31,0.0,0.0,0.0,0.0,0.0,0,90,0,0.2,0,False,False,False,False,False,False
1782456968.449,0,0,0,0,0,-22.18,7.3,0.0,0.0,0.0,0.0,0.0,0,90,0,0.19,0,False,False,False,False,False,False
1782456968.472,0,0,0,0,0,-22.86,5.79,0.0,0.0,0.0,0.0,0.0,0,90,0,0.19,0,False,False,False,False,False,False
1782456968.496,0,0,0,0,0,-23.2,4.69,0.0,0.0,0.0,0.0,0.0,0,90,0,0.19,0,False,False,False,False,False,False
1782456968.52,0,0,0,0,0,-23.19,3.7,0.0,0.0,0.0,0.0,0.0,0,90,0,0.19,0,False,False,False,False,False,False
1782456968.542,0,0,0,0,0,-23.04,2.74,0.0,0.0,0.0,0.0,0.0,0,90,0,0.17,0,False,False,False,False,False,False
1782456968.565,0,0,0,0,0,-22.87,1.92,0.0,0.0,0.0,0.0,0.0,0,90,0,0.16,0,False,False,False,False,False,False
1782456968.59,0,0,0,0,0,-22.68,1.19,0.0,0.0,0.0,0.0,0.0,0,90,0,0.15,0,False,False,False,False,False,False
1782456968.613,0,0,0,0,0,-22.43,0.47,0.0,0.0,0.0,0.0,0.0,0,90,0,0.15,0,False,False,False,False,False,False
1782456968.638,0,0,0,0,0,-22.18,-0.2,0.0,0.0,0.0,0.0,0.0,0,90,0,0.15,0,False,False,False,False,False,False
1782456968.66,0,0,0,0,0,-21.94,-0.66,0.0,0.0,0.0,0.0,0.0,0,90,0,0.15,0,False,False,False,False,False,False
1782456968.684,0,0,0,0,0,-21.61,-0.86,0.0,0.0,0.0,0.0,0.0,0,90,0,0.14,0,False,False,False,False,False,False
1782456968.708,0,0,0,0,0,-21.34,-0.92,0.0,0.0,0.0,0.0,0.0,0,90,0,0.14,0,False,False,False,False,False,False
1782456968.731,0,0,0,0,0,-20.99,-1.0,0.0,0.0,0.0,0.0,0.0,0,90,0,0.14,0,False,False,False,False,False,False
1782456968.755,0,0,0,0,0,-19.81,-1.1,0.0,0.0,0.0,0.0,0.0,0,90,0,0.14,0,False,False,False,False,False,False
1782456968.777,0,0,0,0,0,-17.99,-1.07,0.0,0.0,0.0,0.0,0.0,0,90,0,0.14,0,False,False,False,False,False,False
1782456968.803,0,0,0,0,0,-16.21,-1.04,0.0,0.0,0.0,0.0,0.0,0,90,0,0.14,0,False,False,False,False,False,False
1782456968.824,0,0,0,0,0,-14.55,-1.8,0.0,0.0,0.0,0.0,0.0,0,90,0,0.14,0,False,False,False,False,False,False
1782456968.848,0,0,0,0,0,-12.89,-3.87,0.0,0.0,0.0,0.0,0.0,0,90,0,0.14,0,False,False,False,False,False,False
1782456968.872,0,0,0,0,0,-11.2,-6.32,0.0,0.0,0.0,0.0,0.0,0,90,0,0.14,0,False,False,False,False,False,False
1782456968.895,0,0,0,0,0,-9.57,-8.24,0.0,0.0,0.0,0.0,0.0,0,90,0,0.15,0,False,False,False,False,False,False
1782456968.921,0,0,0,0,0,-8.01,-9.71,0.0,0.0,0.0,0.0,0.0,0,90,0,0.15,0,False,False,False,False,False,False
1782456968.943,0,0,0,0,0,-6.51,-11.14,0.0,0.0,0.0,0.0,0.0,0,90,0,0.14,0,False,False,False,False,False,False
1782456968.966,0,0,0,0,0,-5.05,-12.67,0.0,0.0,0.0,0.0,0.0,0,90,0,0.14,0,False,False,False,False,False,False
1782456968.99,0,0,0,0,0,-3.71,-14.05,0.0,0.0,0.0,0.0,0.0,0,90,0,0.14,0,False,False,False,False,False,False
1782456969.014,0,0,0,0,0,-2.63,-15.02,0.0,0.0,0.0,0.0,0.0,0,90,0,0.14,0,False,False,False,False,False,False
1782456969.039,0,0,0,0,0,-1.91,-15.59,0.0,0.0,0.0,0.0,0.0,0,90,0,0.13,0,False,False,False,False,False,False
1782456969.061,0,0,0,0,0,-1.53,-15.87,0.0,0.0,0.0,0.0,0.0,0,90,0,0.12,0,False,False,False,False,False,False
1782456969.086,0,0,0,0,0,-1.44,-15.92,0.0,0.0,0.0,0.0,0.0,0,90,0,0.12,0,False,False,False,False,False,False
1782456969.109,0,0,0,0,0,-1.55,-15.71,0.0,0.0,0.0,0.0,0.0,0,90,0,0.12,0,False,False,False,False,False,False
1782456969.133,0,0,0,0,0,-1.7,-15.42,0.0,0.0,0.0,0.0,0.0,0,90,0,0.12,0,False,False,False,False,False,False
1782456969.156,0,0,0,0,0,-1.73,-15.38,0.0,0.0,0.0,0.0,0.0,0,90,0,0.13,0,False,False,False,False,False,False
1782456969.178,0,0,0,0,0,-1.6,-15.19,0.0,0.0,0.0,0.0,0.0,0,90,0,0.13,0,False,False,False,False,False,False
1782456969.205,0,0,0,0,0,-1.5,-14.38,0.0,0.0,0.0,0.0,0.0,0,90,0,0.13,0,False,False,False,False,False,False
1782456969.226,0,0,0,0,0,-1.45,-13.33,0.0,0.0,0.0,0.0,0.0,0,90,0,0.13,0,False,False,False,False,False,False
1782456969.249,0,0,0,0,0,-0.87,-12.48,0.0,0.0,0.0,0.0,0.0,0,90,0,0.13,0,False,False,False,False,False,False
1782456969.274,0,0,0,0,0,0.75,-11.74,0.0,0.0,0.0,0.0,0.0,0,90,0,0.13,0,False,False,False,False,False,False
1782456969.295,0,0,0,0,0,2.6,-10.86,0.0,0.0,0.0,0.0,0.0,0,90,0,0.13,0,False,False,False,False,False,False
1782456969.322,0,0,0,0,0,3.88,-9.73,0.0,0.0,0.0,0.0,0.0,0,90,0,0.13,0,False,False,False,False,False,False
1782456969.343,0,0,0,0,0,4.64,-8.54,0.0,0.0,0.0,0.0,0.0,0,90,0,0.13,0,False,False,False,False,False,False
1782456969.366,0,0,0,0,0,5.31,-7.58,0.0,0.0,0.0,0.0,0.0,0,90,0,0.13,0,False,False,False,False,False,False
1782456969.39,0,0,0,0,0,6.25,-6.97,0.0,0.0,0.0,0.0,0.0,0,90,0,0.13,0,False,False,False,False,False,False
1782456969.412,0,0,0,0,0,7.52,-6.66,0.0,0.0,0.0,0.0,0.0,0,90,0,0.13,0,False,False,False,False,False,False
1782456969.438,0,0,0,0,0,8.93,-6.53,0.0,0.0,0.0,0.0,0.0,0,90,0,0.13,0,False,False,False,False,False,False
1782456969.462,0,0,0,0,0,10.19,-6.46,0.0,0.0,0.0,0.0,0.0,0,90,0,0.13,0,False,False,False,False,False,False
1782456969.484,0,0,0,0,0,11.17,-6.43,0.0,0.0,0.0,0.0,0.0,0,90,0,0.13,0,False,False,False,False,False,False
1782456969.507,0,0,0,0,0,11.88,-6.44,0.0,0.0,0.0,0.0,0.0,0,90,0,0.13,0,False,False,False,False,False,False
1782456969.531,0,0,0,0,0,12.41,-6.54,0.0,0.0,0.0,0.0,0.0,0,90,0,0.13,0,False,False,False,False,False,False
1782456969.555,0,0,0,0,0,12.8,-6.67,0.0,0.0,0.0,0.0,0.0,0,90,0,0.13,0,False,False,False,False,False,False
1782456969.58,0,0,0,0,0,13.05,-6.7,0.0,0.0,0.0,0.0,0.0,0,90,0,0.14,0,False,False,False,False,False,False
1782456969.602,0,0,0,0,0,13.13,-6.56,0.0,0.0,0.0,0.0,0.0,0,90,0,0.14,0,False,False,False,False,False,False
1782456969.625,0,0,0,0,0,13.05,-6.29,0.0,0.0,0.0,0.0,0.0,0,90,0,0.14,0,False,False,False,False,False,False
1782456969.649,0,0,0,0,0,12.91,-5.97,0.0,0.0,0.0,0.0,0.0,0,90,0,0.14,0,False,False,False,False,False,False
1782456969.672,0,0,0,0,0,12.74,-5.77,0.0,0.0,0.0,0.0,0.0,0,90,0,0.14,0,False,False,False,False,False,False
1782456969.695,0,0,0,0,0,12.47,-5.79,0.0,0.0,0.0,0.0,0.0,0,90,0,0.14,0,False,False,False,False,False,False
1782456969.72,0,0,0,0,0,12.22,-6.14,0.0,0.0,0.0,0.0,0.0,0,90,0,0.14,0,False,False,False,False,False,False
1782456969.743,0,0,0,0,0,12.27,-6.56,0.0,0.0,0.0,0.0,0.0,0,90,0,0.14,0,False,False,False,False,False,False
1782456969.765,0,0,0,0,0,12.32,-6.59,0.0,0.0,0.0,0.0,0.0,0,90,0,0.14,0,False,False,False,False,False,False
1782456969.789,0,0,0,0,0,10.35,-7.04,0.0,0.0,0.0,0.0,0.0,0,90,0,0.14,0,False,False,False,False,False,False
1782456969.813,0,0,0,0,0,5.08,-8.61,0.0,0.0,0.0,0.0,0.0,0,90,0,0.13,0,False,False,False,False,False,False
1782456969.837,0,0,0,0,0,-0.63,-10.0,0.0,0.0,0.0,0.0,0.0,0,90,0,0.12,0,False,False,False,False,False,False
1782456969.859,0,0,0,0,0,-4.28,-10.29,0.0,0.0,0.0,0.0,0.0,0,90,0,0.15,0,False,False,False,False,False,False
1782456969.882,0,0,0,0,0,-6.4,-10.02,0.0,0.0,0.0,0.0,0.0,0,90,0,0.16,0,False,False,False,False,False,False
1782456969.907,0,0,0,0,0,-8.08,-9.59,0.0,0.0,0.0,0.0,0.0,0,90,0,0.16,0,False,False,False,False,False,False
1782456969.93,0,0,0,0,0,-9.99,-8.97,0.0,0.0,0.0,0.0,0.0,0,90,0,0.21,0,False,False,False,False,False,False
1782456969.955,0,0,0,0,0,-12.26,-8.02,0.0,0.0,0.0,0.0,0.0,0,90,1,0.31,0,False,False,False,False,False,False
1782456969.978,0,0,0,0,0,-14.7,-6.84,0.0,0.0,0.0,0.0,0.0,0,90,1,0.38,0,False,False,False,False,False,False
1782456970.0,0,0,0,0,0,-16.97,-5.64,0.0,0.0,0.0,0.0,0.0,0,90,1,0.4,0,False,False,False,False,False,False
1782456970.024,0,0,0,0,0,-18.78,-4.6,0.0,0.0,0.0,0.0,0.0,0,90,1,0.4,0,False,False,False,False,False,False
1782456970.047,0,0,0,0,0,-19.9,-3.77,0.0,0.0,0.0,0.0,0.0,0,90,1,0.44,0,False,False,False,False,False,False
1782456970.073,0,0,0,0,0,-20.27,-3.11,0.0,0.0,0.0,0.0,0.0,0,90,1,0.48,0,False,False,False,False,False,False
1782456970.094,0,0,0,0,0,-20.12,-2.61,0.0,0.0,0.0,0.0,0.0,0,90,1,0.51,0,False,False,False,False,False,False
1782456970.118,0,0,0,0,0,-19.81,-2.27,0.0,0.0,0.0,0.0,0.0,0,90,1,0.51,0,False,False,False,False,False,False
1782456970.142,0,0,0,0,0,-19.53,-2.12,0.0,0.0,0.0,0.0,0.0,0,90,1,0.52,0,False,False,False,False,False,False
1782456970.167,0,0,0,0,0,-19.23,-2.12,0.0,0.0,0.0,0.0,0.0,0,90,1,0.53,0,False,False,False,False,False,False
1782456970.19,0,0,0,0,0,-18.83,-2.24,0.0,0.0,0.0,0.0,0.0,0,90,1,0.53,0,False,False,False,False,False,False
1782456970.211,0,0,0,0,0,-18.28,-2.42,0.0,0.0,0.0,0.0,0.0,0,90,1,0.53,0,False,False,False,False,False,False
1782456970.235,0,0,0,0,0,-17.54,-2.6,0.0,0.0,0.0,0.0,0.0,0,90,1,0.53,0,False,False,False,False,False,False
1782456970.259,0,0,0,0,0,-16.59,-2.8,0.0,0.0,0.0,0.0,0.0,0,90,1,0.53,0,False,False,False,False,False,False
1782456970.283,0,0,0,0,0,-15.52,-3.08,0.0,0.0,0.0,0.0,0.0,0,90,1,0.54,0,False,False,False,False,False,False
1782456970.307,0,0,0,0,0,-14.39,-3.46,0.0,0.0,0.0,0.0,0.0,0,90,1,0.53,0,False,False,False,False,False,False
1782456970.329,0,0,0,0,0,-13.23,-3.87,0.0,0.0,0.0,0.0,0.0,0,90,1,0.53,0,False,False,False,False,False,False
1782456970.354,0,0,0,0,0,-12.07,-4.31,0.0,0.0,0.0,0.0,0.0,0,90,1,0.52,0,False,False,False,False,False,False
1782456970.375,0,0,0,0,0,-10.83,-4.76,0.0,0.0,0.0,0.0,0.0,0,90,1,0.52,0,False,False,False,False,False,False
1782456970.399,0,0,0,0,0,-9.47,-5.22,0.0,0.0,0.0,0.0,0.0,0,90,1,0.52,0,False,False,False,False,False,False
1782456970.423,0,0,0,0,0,-8.01,-5.68,0.0,0.0,0.0,0.0,0.0,0,90,1,0.52,0,False,False,False,False,False,False
1782456970.445,0,0,0,0,0,-6.52,-6.09,0.0,0.0,0.0,0.0,0.0,0,90,1,0.52,0,False,False,False,False,False,False
1782456970.469,0,0,0,0,0,-5.07,-6.4,0.0,0.0,0.0,0.0,0.0,0,90,1,0.52,0,False,False,False,False,False,False
1782456970.492,0,0,0,0,0,-3.62,-6.66,0.0,0.0,0.0,0.0,0.0,0,90,1,0.52,0,False,False,False,False,False,False
1782456970.516,0,0,0,0,0,-2.08,-6.98,0.0,0.0,0.0,0.0,0.0,0,90,1,0.52,0,False,False,False,False,False,False
1782456970.539,0,0,0,0,0,-0.57,-7.4,0.0,0.0,0.0,0.0,0.0,0,90,1,0.52,0,False,False,False,False,False,False
1782456970.562,0,0,0,0,0,0.66,-7.85,0.0,0.0,0.0,0.0,0.0,0,90,1,0.52,0,False,False,False,False,False,False
1782456970.586,0,0,0,0,0,1.62,-8.29,0.0,0.0,0.0,0.0,0.0,0,90,1,0.52,0,False,False,False,False,False,False
1782456970.609,0,0,0,0,0,2.61,-8.71,0.0,0.0,0.0,0.0,0.0,0,90,1,0.52,0,False,False,False,False,False,False
1782456970.633,0,0,0,0,0,4.0,-9.16,0.0,0.0,0.0,0.0,0.0,0,90,1,0.52,0,False,False,False,False,False,False
1782456970.657,0,0,0,0,0,5.92,-9.63,0.0,0.0,0.0,0.0,0.0,0,90,1,0.51,0,False,False,False,False,False,False
1782456970.68,0,0,0,0,0,8.16,-10.14,0.0,0.0,0.0,0.0,0.0,0,90,1,0.51,0,False,False,False,False,False,False
1782456970.706,0,0,0,0,0,10.35,-10.61,0.0,0.0,0.0,0.0,0.0,0,90,1,0.51,0,False,False,False,False,False,False
1782456970.728,0,0,0,0,0,12.31,-10.9,0.0,0.0,0.0,0.0,0.0,0,90,1,0.52,0,False,False,False,False,False,False
1782456970.752,0,0,0,0,0,14.06,-11.01,0.0,0.0,0.0,0.0,0.0,0,90,1,0.52,0,False,False,False,False,False,False
1782456970.775,0,0,0,0,0,15.68,-11.15,0.0,0.0,0.0,0.0,0.0,0,90,1,0.51,0,False,False,False,False,False,False
1782456970.799,0,0,0,0,0,17.25,-11.43,0.0,0.0,0.0,0.0,0.0,0,90,1,0.51,0,False,False,False,False,False,False
1782456970.824,0,0,0,0,0,18.83,-11.76,0.0,0.0,0.0,0.0,0.0,0,90,1,0.51,0,False,False,False,False,False,False
1782456970.846,0,0,0,0,0,20.44,-11.99,0.0,0.0,0.0,0.0,0.0,0,90,1,0.51,0,False,False,False,False,False,False
1782456970.875,0,0,0,0,0,21.94,-12.1,0.0,0.0,0.0,0.0,0.0,0,90,1,0.51,0,False,False,False,False,False,False
1782456970.893,0,0,0,0,0,23.21,-12.11,0.0,0.0,0.0,0.0,0.0,0,90,1,0.51,0,False,False,False,False,False,False
1782456970.916,0,0,0,0,0,24.19,-12.02,0.0,0.0,0.0,0.0,0.0,0,90,1,0.5,0,False,False,False,False,False,False
1782456970.94,0,0,0,0,0,24.91,-11.87,0.0,0.0,0.0,0.0,0.0,0,90,1,0.5,0,False,False,False,False,False,False
1782456970.964,0,0,0,0,0,25.41,-11.78,0.0,0.0,0.0,0.0,0.0,0,90,1,0.5,0,False,False,False,False,False,False
1782456970.988,0,0,0,0,0,25.7,-11.76,0.0,0.0,0.0,0.0,0.0,0,90,1,0.5,0,False,False,False,False,False,False
1782456971.011,0,0,0,0,0,25.84,-11.79,0.0,0.0,0.0,0.0,0.0,0,90,1,0.5,0,False,False,False,False,False,False
1782456971.034,0,0,0,0,0,25.95,-11.8,0.0,0.0,0.0,0.0,0.0,0,90,1,0.5,0,False,False,False,False,False,False
1782456971.057,0,0,0,0,0,26.18,-11.79,0.0,0.0,0.0,0.0,0.0,0,90,1,0.5,0,False,False,False,False,False,False
1782456971.081,0,0,0,0,0,26.48,-11.57,0.0,0.0,0.0,0.0,0.0,0,90,1,0.5,0,False,False,False,False,False,False
1782456971.107,0,0,0,0,0,26.56,-11.08,0.0,0.0,0.0,0.0,0.0,0,90,1,0.5,0,False,False,False,False,False,False
1782456971.127,0,0,0,0,0,26.25,-10.71,0.0,0.0,0.0,0.0,0.0,0,90,1,0.5,0,False,False,False,False,False,False
1782456971.152,0,0,0,0,0,25.62,-10.64,0.0,0.0,0.0,0.0,0.0,0,90,1,0.5,0,False,False,False,False,False,False
1782456971.175,0,0,0,0,0,24.85,-10.61,0.0,0.0,0.0,0.0,0.0,0,90,1,0.5,0,False,False,False,False,False,False
1782456971.198,0,0,0,0,0,24.01,-10.45,0.0,0.0,0.0,0.0,0.0,0,90,1,0.5,0,False,False,False,False,False,False
1782456971.224,0,0,0,0,0,23.07,-10.23,0.0,0.0,0.0,0.0,0.0,0,90,1,0.5,0,False,False,False,False,False,False
1782456971.245,0,0,0,0,0,21.92,-10.0,0.0,0.0,0.0,0.0,0.0,0,90,1,0.47,0,False,False,False,False,False,False
1782456971.269,0,0,0,0,0,20.51,-9.7,0.0,0.0,0.0,0.0,0.0,0,90,1,0.44,0,False,False,False,False,False,False
1782456971.292,0,0,0,0,0,18.93,-9.29,0.0,0.0,0.0,0.0,0.0,0,90,1,0.42,0,False,False,False,False,False,False
1782456971.316,0,0,0,0,0,17.29,-8.81,0.0,0.0,0.0,0.0,0.0,0,90,1,0.42,0,False,False,False,False,False,False
1782456971.34,0,0,0,0,0,15.61,-8.39,0.0,0.0,0.0,0.0,0.0,0,90,1,0.37,0,False,False,False,False,False,False
1782456971.364,0,0,0,0,0,13.79,-8.06,0.0,0.0,0.0,0.0,0.0,0,90,0,0.28,0,False,False,False,False,False,False
1782456971.389,0,0,0,0,0,11.79,-7.79,0.0,0.0,0.0,0.0,0.0,0,90,0,0.2,0,False,False,False,False,False,False
1782456971.411,0,0,0,0,0,9.68,-7.49,0.0,0.0,0.0,0.0,0.0,0,90,0,0.18,0,False,False,False,False,False,False
1782456971.433,0,0,0,0,0,7.49,-7.19,0.0,0.0,0.0,0.0,0.0,0,90,0,0.18,0,False,False,False,False,False,False
1782456971.457,0,0,0,0,0,5.1,-6.96,0.0,0.0,0.0,0.0,0.0,0,90,0,0.15,0,False,False,False,False,False,False
1782456971.48,0,0,0,0,0,2.48,-6.82,0.0,0.0,0.0,0.0,0.0,0,90,0,0.1,0,False,False,False,False,False,False
1782456971.505,0,0,0,0,0,-0.16,-6.7,0.0,0.0,0.0,0.0,0.0,0,90,0,0.07,0,False,False,False,False,False,False
1782456971.526,0,0,0,0,0,-2.42,-6.46,0.0,0.0,0.0,0.0,0.0,0,90,0,0.07,0,False,False,False,False,False,False
1782456971.549,0,0,0,0,0,-3.95,-6.18,0.0,0.0,0.0,0.0,0.0,0,90,0,0.07,0,False,False,False,False,False,False
1782456971.574,0,0,0,0,0,-4.71,-6.07,0.0,0.0,0.0,0.0,0.0,0,90,0,0.06,0,False,False,False,False,False,False
1782456971.596,0,0,0,0,0,-4.94,-6.24,0.0,0.0,0.0,0.0,0.0,0,90,0,0.06,0,False,False,False,False,False,False
1782456971.62,0,0,0,0,0,-4.96,-6.64,0.0,0.0,0.0,0.0,0.0,0,90,0,0.07,0,False,False,False,False,False,False
1782456971.643,0,0,0,0,0,-4.95,-7.11,0.0,0.0,0.0,0.0,0.0,0,90,0,0.07,0,False,False,False,False,False,False
1782456971.669,0,0,0,0,0,-4.88,-7.55,0.0,0.0,0.0,0.0,0.0,0,90,0,0.07,0,False,False,False,False,False,False
1782456971.691,0,0,0,0,0,-4.76,-7.95,0.0,0.0,0.0,0.0,0.0,0,90,0,0.07,0,False,False,False,False,False,False
1782456971.715,0,0,0,0,0,-4.72,-8.43,0.0,0.0,0.0,0.0,0.0,0,90,0,0.07,0,False,False,False,False,False,False
1782456971.738,0,0,0,0,0,-4.72,-9.1,0.0,0.0,0.0,0.0,0.0,0,90,0,0.09,0,False,False,False,False,False,False
1782456971.761,0,0,0,0,0,-4.34,-9.9,0.0,0.0,0.0,0.0,0.0,0,90,0,0.1,0,False,False,False,False,False,False
1782456971.785,0,0,0,0,0,-3.32,-10.59,0.0,0.0,0.0,0.0,0.0,0,90,0,0.1,0,False,False,False,False,False,False
1782456971.809,0,0,0,0,0,-2.23,-10.99,0.0,0.0,0.0,0.0,0.0,0,90,0,0.1,0,False,False,False,False,False,False
1782456971.831,0,0,0,0,0,-1.56,-11.06,0.0,0.0,0.0,0.0,0.0,0,90,0,0.11,0,False,False,False,False,False,False
1782456971.856,0,0,0,0,0,-1.26,-10.87,0.0,0.0,0.0,0.0,0.0,0,90,0,0.11,0,False,False,False,False,False,False
1782456971.879,0,0,0,0,0,-1.16,-10.48,0.0,0.0,0.0,0.0,0.0,0,90,0,0.12,0,False,False,False,False,False,False
1782456971.902,0,0,0,0,0,-1.11,-10.18,0.0,0.0,0.0,0.0,0.0,0,90,0,0.12,0,False,False,False,False,False,False
1782456971.925,0,0,0,0,0,-0.88,-9.95,0.0,0.0,0.0,0.0,0.0,0,90,0,0.12,0,False,False,False,False,False,False
1782456971.949,0,0,0,0,0,-0.64,-9.24,0.0,0.0,0.0,0.0,0.0,0,90,0,0.12,0,False,False,False,False,False,False
1782456971.974,0,0,0,0,0,-0.69,-8.16,0.0,0.0,0.0,0.0,0.0,0,90,0,0.12,0,False,False,False,False,False,False
1782456971.995,0,0,0,0,0,-0.53,-7.08,0.0,0.0,0.0,0.0,0.0,0,90,0,0.12,0,False,False,False,False,False,False
1782456972.02,0,0,0,0,0,0.27,-6.0,0.0,0.0,0.0,0.0,0.0,0,90,0,0.12,0,False,False,False,False,False,False
1782456972.042,0,0,0,0,0,1.16,-5.04,0.0,0.0,0.0,0.0,0.0,0,90,0,0.13,0,False,False,False,False,False,False
1782456972.066,0,0,0,0,0,1.66,-4.39,0.0,0.0,0.0,0.0,0.0,0,90,0,0.13,0,False,False,False,False,False,False
1782456972.089,0,0,0,0,0,1.86,-4.09,0.0,0.0,0.0,0.0,0.0,0,90,0,0.13,0,False,False,False,False,False,False
1782456972.112,0,0,0,0,0,1.9,-4.06,0.0,0.0,0.0,0.0,0.0,0,90,0,0.13,0,False,False,False,False,False,False
1782456972.135,0,0,0,0,0,1.88,-4.19,0.0,0.0,0.0,0.0,0.0,0,90,0,0.13,0,False,False,False,False,False,False
1782456972.159,0,0,0,0,0,1.85,-4.35,0.0,0.0,0.0,0.0,0.0,0,90,0,0.13,0,False,False,False,False,False,False
1782456972.182,0,0,0,0,0,1.83,-4.41,0.0,0.0,0.0,0.0,0.0,0,90,0,0.14,0,False,False,False,False,False,False
1782456972.207,0,0,0,0,0,1.83,-4.24,0.0,0.0,0.0,0.0,0.0,0,90,0,0.14,0,False,False,False,False,False,False
1782456972.229,0,0,0,0,0,1.81,-3.93,0.0,0.0,0.0,0.0,0.0,0,90,0,0.13,0,False,False,False,False,False,False
1782456972.252,0,0,0,0,0,1.81,-3.65,0.0,0.0,0.0,0.0,0.0,0,90,0,0.13,0,False,False,False,False,False,False
1782456972.277,0,0,0,0,0,1.79,-3.51,0.0,0.0,0.0,0.0,0.0,0,90,0,0.13,0,False,False,False,False,False,False
1782456972.299,0,0,0,0,0,1.73,-3.49,0.0,0.0,0.0,0.0,0.0,0,90,0,0.13,0,False,False,False,False,False,False
1782456972.323,0,0,0,0,0,1.64,-3.52,0.0,0.0,0.0,0.0,0.0,0,90,0,0.13,0,False,False,False,False,False,False
1782456972.346,0,0,0,0,0,1.59,-3.56,0.0,0.0,0.0,0.0,0.0,0,90,0,0.13,0,False,False,False,False,False,False
1782456972.369,0,0,0,0,0,1.56,-3.61,0.0,0.0,0.0,0.0,0.0,0,90,0,0.13,0,False,False,False,False,False,False
1782456972.393,0,0,0,0,0,1.54,-3.66,0.0,0.0,0.0,0.0,0.0,0,90,0,0.13,0,False,False,False,False,False,False
1782456972.417,0,0,0,0,0,1.51,-3.69,0.0,0.0,0.0,0.0,0.0,0,90,0,0.13,0,False,False,False,False,False,False
1782456972.441,0,0,0,0,0,1.49,-3.72,0.0,0.0,0.0,0.0,0.0,0,90,0,0.13,0,False,False,False,False,False,False
1782456972.465,0,0,0,0,0,1.46,-3.76,0.0,0.0,0.0,0.0,0.0,0,90,0,0.13,0,False,False,False,False,False,False
1782456972.489,0,0,0,0,0,1.42,-3.8,0.0,0.0,0.0,0.0,0.0,0,90,0,0.13,0,False,False,False,False,False,False
1782456972.511,0,0,0,0,0,1.38,-3.83,0.0,0.0,0.0,0.0,0.0,0,90,0,0.13,0,False,False,False,False,False,False
1782456972.536,0,0,0,0,0,1.35,-3.87,0.0,0.0,0.0,0.0,0.0,0,90,0,0.13,0,False,False,False,False,False,False
1782456972.559,0,0,0,0,0,1.33,-3.89,0.0,0.0,0.0,0.0,0.0,0,90,0,0.13,0,False,False,False,False,False,False
1782456972.583,0,0,0,0,0,1.31,-3.91,0.0,0.0,0.0,0.0,0.0,0,90,0,0.13,0,False,False,False,False,False,False
1782456972.607,0,0,0,0,0,1.29,-3.94,0.0,0.0,0.0,0.0,0.0,0,90,0,0.13,0,False,False,False,False,False,False
1782456972.629,0,0,0,0,0,1.25,-3.95,0.0,0.0,0.0,0.0,0.0,0,90,0,0.13,0,False,False,False,False,False,False
1782456972.654,0,0,0,0,0,1.21,-3.97,0.0,0.0,0.0,0.0,0.0,0,90,0,0.13,0,False,False,False,False,False,False
1782456972.677,0,0,0,0,0,1.17,-3.99,0.0,0.0,0.0,0.0,0.0,0,90,0,0.13,0,False,False,False,False,False,False
1782456972.702,0,0,0,0,0,1.14,-3.99,0.0,0.0,0.0,0.0,0.0,0,90,0,0.13,0,False,False,False,False,False,False
1782456972.726,0,0,0,0,0,1.13,-3.97,0.0,0.0,0.0,0.0,0.0,0,90,0,0.13,0,False,False,False,False,False,False
1782456972.743,0,0,0,0,0,1.12,-3.98,0.0,0.0,0.0,0.0,0.0,0,90,0,0.13,0,False,False,False,False,False,False
1782456972.768,0,0,0,0,0,1.1,-4.0,0.0,0.0,0.0,0.0,0.0,0,90,0,0.13,0,False,False,False,False,False,False
1782456972.792,0,0,0,0,0,1.09,-3.99,0.0,0.0,0.0,0.0,0.0,0,90,0,0.13,0,False,False,False,False,False,False
1782456972.815,0,0,0,0,0,1.1,-4.0,0.0,0.0,0.0,0.0,0.0,0,90,0,0.13,0,False,False,False,False,False,False
1782456972.838,0,0,0,0,0,1.13,-4.01,0.0,0.0,0.0,0.0,0.0,0,90,0,0.13,0,False,False,False,False,False,False
1782456972.861,0,0,0,0,0,1.17,-4.01,0.0,0.0,0.0,0.0,0.0,0,90,0,0.12,0,False,False,False,False,False,False
1782456972.885,0,0,0,0,0,1.19,-4.01,0.0,0.0,0.0,0.0,0.0,0,90,0,0.12,0,False,False,False,False,False,False
1782456972.909,0,0,0,0,0,1.17,-4.02,0.0,0.0,0.0,0.0,0.0,0,90,0,0.12,0,False,False,False,False,False,False
1782456972.933,0,0,0,0,0,1.13,-4.05,0.0,0.0,0.0,0.0,0.0,0,90,0,0.12,0,False,False,False,False,False,False
1782456972.958,0,0,0,0,0,1.11,-4.09,0.0,0.0,0.0,0.0,0.0,0,90,0,0.12,0,False,False,False,False,False,False
1782456972.98,0,0,0,0,0,1.11,-4.12,0.0,0.0,0.0,0.0,0.0,0,90,0,0.12,0,False,False,False,False,False,False
1782456973.004,0,0,0,0,0,1.12,-4.13,0.0,0.0,0.0,0.0,0.0,0,90,0,0.12,0,False,False,False,False,False,False
1782456973.027,0,0,0,0,0,1.14,-4.12,0.0,0.0,0.0,0.0,0.0,0,90,0,0.11,0,False,False,False,False,False,False
1782456973.051,0,0,0,0,0,1.17,-4.1,0.0,0.0,0.0,0.0,0.0,0,90,0,0.1,0,False,False,False,False,False,False
1782456973.075,0,0,0,0,0,1.17,-4.1,0.0,0.0,0.0,0.0,0.0,0,90,0,0.1,0,False,False,False,False,False,False
1782456973.099,0,0,0,0,0,1.16,-4.11,0.0,0.0,0.0,0.0,0.0,0,90,0,0.1,0,False,False,False,False,False,False
1782456973.123,0,0,0,0,0,1.15,-4.12,0.0,0.0,0.0,0.0,0.0,0,90,0,0.09,0,False,False,False,False,False,False
1782456973.145,0,0,0,0,0,1.16,-4.11,0.0,0.0,0.0,0.0,0.0,0,90,0,0.08,0,False,False,False,False,False,False
1782456973.169,0,0,0,0,0,1.17,-4.1,0.0,0.0,0.0,0.0,0.0,0,90,0,0.06,0,False,False,False,False,False,False
1782456973.193,0,0,0,0,0,1.18,-4.11,0.0,0.0,0.0,0.0,0.0,0,90,0,0.06,0,False,False,False,False,False,False
1782456973.216,0,0,0,0,0,1.18,-4.11,0.0,0.0,0.0,0.0,0.0,0,90,0,0.06,0,False,False,False,False,False,False
1782456973.241,0,0,0,0,0,1.18,-4.1,0.0,0.0,0.0,0.0,0.0,0,90,0,0.06,0,False,False,False,False,False,False
1782456973.264,0,0,0,0,0,1.19,-4.1,0.0,0.0,0.0,0.0,0.0,0,90,0,0.05,0,False,False,False,False,False,False
1782456973.288,0,0,0,0,0,1.19,-4.08,0.0,0.0,0.0,0.0,0.0,0,90,0,0.05,0,False,False,False,False,False,False
1782456973.312,0,0,0,0,0,1.19,-4.07,0.0,0.0,0.0,0.0,0.0,0,90,0,0.05,0,False,False,False,False,False,False
1782456973.334,0,0,0,0,0,1.19,-4.08,0.0,0.0,0.0,0.0,0.0,0,90,0,0.04,0,False,False,False,False,False,False
1782456973.359,0,0,0,0,0,1.18,-4.1,0.0,0.0,0.0,0.0,0.0,0,90,0,0.04,0,False,False,False,False,False,False
1782456973.381,0,0,0,0,0,1.18,-4.14,0.0,0.0,0.0,0.0,0.0,0,90,0,0.04,0,False,False,False,False,False,False
1782456973.405,0,0,0,0,0,1.19,-4.18,0.0,0.0,0.0,0.0,0.0,0,90,0,0.04,0,False,False,False,False,False,False
1782456973.428,0,0,0,0,0,1.22,-4.2,0.0,0.0,0.0,0.0,0.0,0,90,0,0.04,0,False,False,False,False,False,False
1782456973.452,0,0,0,0,0,1.29,-4.22,0.0,0.0,0.0,0.0,0.0,0,90,0,0.03,0,False,False,False,False,False,False
1782456973.476,0,0,0,0,0,1.36,-4.26,0.0,0.0,0.0,0.0,0.0,0,90,0,0.03,0,False,False,False,False,False,False
1782456973.5,0,0,0,0,0,1.39,-4.32,0.0,0.0,0.0,0.0,0.0,0,90,0,0.03,0,False,False,False,False,False,False
1782456973.522,0,0,0,0,0,1.39,-4.38,0.0,0.0,0.0,0.0,0.0,0,90,0,0.03,0,False,False,False,False,False,False
1782456973.546,0,0,0,0,0,1.38,-4.4,0.0,0.0,0.0,0.0,0.0,0,90,0,0.03,0,False,False,False,False,False,False
1782456973.569,0,0,0,0,0,1.39,-4.4,0.0,0.0,0.0,0.0,0.0,0,90,0,0.03,0,False,False,False,False,False,False
1782456973.593,0,0,0,0,0,1.4,-4.4,0.0,0.0,0.0,0.0,0.0,0,90,0,0.03,0,False,False,False,False,False,False
1782456973.615,0,0,0,0,0,1.42,-4.39,0.0,0.0,0.0,0.0,0.0,0,90,0,0.03,0,False,False,False,False,False,False
1782456973.639,0,0,0,0,0,1.47,-4.38,0.0,0.0,0.0,0.0,0.0,0,90,0,0.03,0,False,False,False,False,False,False
1782456973.663,0,0,0,0,0,1.54,-4.38,0.0,0.0,0.0,0.0,0.0,0,90,0,0.02,0,False,False,False,False,False,False
1782456973.686,0,0,0,0,0,1.6,-4.39,0.0,0.0,0.0,0.0,0.0,0,90,0,0.02,0,False,False,False,False,False,False
1782456973.709,0,0,0,0,0,1.64,-4.4,0.0,0.0,0.0,0.0,0.0,0,90,0,0.02,0,False,False,False,False,False,False
1782456973.733,0,0,0,0,0,1.65,-4.41,0.0,0.0,0.0,0.0,0.0,0,90,0,0.02,0,False,False,False,False,False,False
1782456973.758,0,0,0,0,0,1.65,-4.4,0.0,0.0,0.0,0.0,0.0,0,90,0,0.01,0,False,False,False,False,False,False
1782456973.78,0,0,0,0,0,1.65,-4.39,0.0,0.0,0.0,0.0,0.0,0,90,0,0.01,0,False,False,False,False,False,False
1782456973.804,0,0,0,0,0,1.65,-4.38,0.0,0.0,0.0,0.0,0.0,0,90,0,0.01,0,False,False,False,False,False,False
1782456973.826,0,0,0,0,0,1.65,-4.36,0.0,0.0,0.0,0.0,0.0,0,90,0,0.01,0,False,False,False,False,False,False
1782456973.85,0,0,0,0,0,1.63,-4.35,0.0,0.0,0.0,0.0,0.0,0,90,0,0.01,0,False,False,False,False,False,False
1782456973.875,0,0,0,0,0,1.61,-4.34,0.0,0.0,0.0,0.0,0.0,0,90,0,0.0,0,False,False,False,False,False,False
1782456973.898,0,0,0,0,0,1.6,-4.32,0.0,0.0,0.0,0.0,0.0,0,90,0,0.0,0,False,False,False,False,False,False
1782456973.922,0,0,0,0,0,1.61,-4.31,0.0,0.0,0.0,0.0,0.0,0,90,0,0.0,0,False,False,False,False,False,False
1782456973.946,0,0,0,0,0,1.61,-4.31,0.0,0.0,0.0,0.0,0.0,0,90,0,0.0,0,False,False,False,False,False,False
1782456973.969,0,0,0,0,0,1.59,-4.32,0.0,0.0,0.0,0.0,0.0,0,90,0,0.0,0,False,False,False,False,False,False
1782456973.992,0,0,0,0,0,1.57,-4.32,0.0,0.0,0.0,0.0,0.0,0,90,0,0.0,0,False,False,False,False,False,False
1782456974.016,0,0,0,0,0,1.55,-4.32,0.0,0.0,0.0,0.0,0.0,0,90,0,0.0,0,False,False,False,False,False,False
1782456974.04,0,0,0,0,0,1.51,-4.3,0.0,0.0,0.0,0.0,0.0,0,90,0,0.0,0,False,False,False,False,False,False
1782456974.064,0,0,0,0,0,1.45,-4.27,0.0,0.0,0.0,0.0,0.0,0,90,0,0.0,0,False,False,False,False,False,False
1782456974.086,0,0,0,0,0,1.42,-4.25,0.0,0.0,0.0,0.0,0.0,0,90,0,0.0,0,False,False,False,False,False,False
1782456974.111,0,0,0,0,0,1.42,-4.23,0.0,0.0,0.0,0.0,0.0,0,90,0,0.0,0,False,False,False,False,False,False
1782456974.135,0,0,0,0,0,1.43,-4.21,0.0,0.0,0.0,0.0,0.0,0,90,0,0.0,0,False,False,False,False,False,False
1782456974.159,0,0,0,0,0,1.42,-4.19,0.0,0.0,0.0,0.0,0.0,0,90,0,0.0,0,False,False,False,False,False,False
1782456974.181,0,0,0,0,0,1.4,-4.17,0.0,0.0,0.0,0.0,0.0,0,90,0,0.0,0,False,False,False,False,False,False
1782456974.205,0,0,0,0,0,1.37,-4.16,0.0,0.0,0.0,0.0,0.0,0,90,0,0.0,0,False,False,False,False,False,False
1782456974.229,0,0,0,0,0,1.34,-4.16,0.0,0.0,0.0,0.0,0.0,0,90,0,0.0,0,False,False,False,False,False,False
1782456974.252,0,0,0,0,0,1.31,-4.15,0.0,0.0,0.0,0.0,0.0,0,90,0,0.0,0,False,False,False,False,False,False
1782456974.277,0,0,0,0,0,1.31,-4.13,0.0,0.0,0.0,0.0,0.0,0,90,0,0.0,0,False,False,False,False,False,False
1782456974.299,0,0,0,0,0,1.33,-4.12,0.0,0.0,0.0,0.0,0.0,0,90,0,0.0,0,False,False,False,False,False,False
1782456974.323,0,0,0,0,0,1.35,-4.11,0.0,0.0,0.0,0.0,0.0,0,90,0,0.0,0,False,False,False,False,False,False
1782456974.346,0,0,0,0,0,1.35,-4.1,0.0,0.0,0.0,0.0,0.0,0,90,0,0.0,0,False,False,False,False,False,False
1782456974.365,0,0,0,0,0,1.32,-4.08,0.0,0.0,0.0,0.0,0.0,0,90,0,0.0,0,False,False,False,False,False,False
1782456974.391,0,0,0,0,0,1.28,-4.09,0.0,0.0,0.0,0.0,0.0,0,90,0,0.0,0,False,False,False,False,False,False
1782456974.412,0,0,0,0,0,1.26,-4.12,0.0,0.0,0.0,0.0,0.0,0,90,0,0.0,0,False,False,False,False,False,False
1782456974.436,0,0,0,0,0,1.23,-4.13,0.0,0.0,0.0,0.0,0.0,0,90,0,0.0,0,False,False,False,False,False,False
1782456974.46,0,0,0,0,0,1.2,-4.1,0.0,0.0,0.0,0.0,0.0,0,90,0,0.0,0,False,False,False,False,False,False
1782456974.484,0,0,0,0,0,1.18,-4.07,0.0,0.0,0.0,0.0,0.0,0,90,0,0.0,0,False,False,False,False,False,False
1782456974.509,0,0,0,0,0,1.19,-4.06,0.0,0.0,0.0,0.0,0.0,0,90,0,0.0,0,False,False,False,False,False,False
1782456974.531,0,0,0,0,0,1.21,-4.08,0.0,0.0,0.0,0.0,0.0,0,90,0,0.0,0,False,False,False,False,False,False
1782456974.555,0,0,0,0,0,1.24,-4.11,0.0,0.0,0.0,0.0,0.0,0,90,0,0.0,0,False,False,False,False,False,False
1782456974.578,0,0,0,0,0,1.26,-4.12,0.0,0.0,0.0,0.0,0.0,0,90,0,0.0,0,False,False,False,False,False,False
1782456974.603,0,0,0,0,0,1.28,-4.11,0.0,0.0,0.0,0.0,0.0,0,90,0,0.0,0,False,False,False,False,False,False
1782456974.627,0,0,0,0,0,1.3,-4.09,0.0,0.0,0.0,0.0,0.0,0,90,0,0.0,0,False,False,False,False,False,False
1782456974.65,0,0,0,0,0,1.33,-4.07,0.0,0.0,0.0,0.0,0.0,0,90,0,0.0,0,False,False,False,False,False,False
1782456974.674,0,0,0,0,0,1.35,-4.04,0.0,0.0,0.0,0.0,0.0,0,90,0,0.0,0,False,False,False,False,False,False
1782456974.697,0,0,0,0,0,1.35,-4.05,0.0,0.0,0.0,0.0,0.0,0,90,0,0.0,0,False,False,False,False,False,False
1782456974.721,0,0,0,0,0,1.36,-4.07,0.0,0.0,0.0,0.0,0.0,0,90,0,0.0,0,False,False,False,False,False,False
1782456974.744,0,0,0,0,0,1.36,-4.11,0.0,0.0,0.0,0.0,0.0,0,90,0,0.0,0,False,False,False,False,False,False
1782456974.768,0,0,0,0,0,1.36,-4.13,0.0,0.0,0.0,0.0,0.0,0,90,0,0.0,0,False,False,False,False,False,False
1782456974.793,0,0,0,0,0,1.36,-4.12,0.0,0.0,0.0,0.0,0.0,0,90,0,0.0,0,False,False,False,False,False,False
1782456974.815,0,0,0,0,0,1.36,-4.12,0.0,0.0,0.0,0.0,0.0,0,90,0,0.0,0,False,False,False,False,False,False
1782456974.839,0,0,0,0,0,1.35,-4.12,0.0,0.0,0.0,0.0,0.0,0,90,0,0.0,0,False,False,False,False,False,False
1782456974.862,0,0,0,0,0,1.35,-4.13,0.0,0.0,0.0,0.0,0.0,0,90,0,0.0,0,False,False,False,False,False,False
1782456974.885,0,0,0,0,0,1.35,-4.13,0.0,0.0,0.0,0.0,0.0,0,90,0,0.0,0,False,False,False,False,False,False
1782456974.91,0,0,0,0,0,1.34,-4.11,0.0,0.0,0.0,0.0,0.0,0,90,0,0.0,0,False,False,False,False,False,False
1782456974.933,0,0,0,0,0,1.33,-4.1,0.0,0.0,0.0,0.0,0.0,0,90,0,0.0,0,False,False,False,False,False,False
1782456974.957,0,0,0,0,0,1.31,-4.1,0.0,0.0,0.0,0.0,0.0,0,90,0,0.0,0,False,False,False,False,False,False
1782456974.98,0,0,0,0,0,1.29,-4.1,0.0,0.0,0.0,0.0,0.0,0,90,0,0.0,0,False,False,False,False,False,False
1782456975.004,0,0,0,0,0,1.28,-4.1,0.0,0.0,0.0,0.0,0.0,0,90,0,0.0,0,False,False,False,False,False,False
1782456975.027,0,0,0,0,0,1.27,-4.08,0.0,0.0,0.0,0.0,0.0,0,90,0,0.0,0,False,False,False,False,False,False
1782456975.051,0,0,0,0,0,1.26,-4.07,0.0,0.0,0.0,0.0,0.0,0,90,0,0.0,0,False,False,False,False,False,False
1782456975.075,0,0,0,0,0,1.24,-4.08,0.0,0.0,0.0,0.0,0.0,0,90,0,0.0,0,False,False,False,False,False,False
1782456975.099,0,0,0,0,0,1.24,-4.08,0.0,0.0,0.0,0.0,0.0,0,90,0,0.0,0,False,False,False,False,False,False
1782456975.122,0,0,0,0,0,1.25,-4.07,0.0,0.0,0.0,0.0,0.0,0,90,0,0.0,0,False,False,False,False,False,False
1782456975.146,0,0,0,0,0,1.25,-4.07,0.0,0.0,0.0,0.0,0.0,0,90,0,0.0,0,False,False,False,False,False,False
1782456975.169,0,0,0,0,0,1.25,-4.07,0.0,0.0,0.0,0.0,0.0,0,90,0,0.0,0,False,False,False,False,False,False
1782456975.194,0,0,0,0,0,1.26,-4.09,0.0,0.0,0.0,0.0,0.0,0,90,0,0.0,0,False,False,False,False,False,False
1782456975.216,0,0,0,0,0,1.27,-4.11,0.0,0.0,0.0,0.0,0.0,0,90,0,0.0,0,False,False,False,False,False,False
1782456975.24,0,0,0,0,0,1.27,-4.1,0.0,0.0,0.0,0.0,0.0,0,90,0,0.0,0,False,False,False,False,False,False
1782456975.264,0,0,0,0,0,1.27,-4.06,0.0,0.0,0.0,0.0,0.0,0,90,0,0.0,0,False,False,False,False,False,False
1782456975.287,0,0,0,0,0,1.29,-4.05,0.0,0.0,0.0,0.0,0.0,0,90,0,0.0,0,False,False,False,False,False,False
1782456975.311,0,0,0,0,0,1.31,-3.73,0.0,0.0,0.0,0.0,0.0,0,90,0,0.0,0,False,False,False,False,False,False
1782456975.334,0,0,0,0,0,1.33,-2.78,0.0,0.0,0.0,0.0,0.0,0,90,0,0.0,0,False,False,False,False,False,False
1782456975.358,0,0,0,0,0,1.35,-1.59,0.0,0.0,0.0,0.0,0.0,0,90,0,0.0,0,False,False,False,False,False,False
1782456975.382,0,0,0,0,0,1.34,-0.67,0.0,0.0,0.0,0.0,0.0,0,90,0,0.0,0,False,False,False,False,False,False
1782456975.404,0,0,0,0,0,1.36,-0.02,0.0,0.0,0.0,0.0,0.0,0,90,0,0.0,0,False,False,False,False,False,False
1782456975.427,0,0,0,0,0,1.41,0.51,0.0,0.0,0.0,0.0,0.0,0,90,0,0.0,0,False,False,False,False,False,False
1782456975.452,0,0,0,0,0,1.43,1.15,0.0,0.0,0.0,0.0,0.0,0,90,0,0.0,0,False,False,False,False,False,False
1782456975.475,0,0,0,0,0,1.39,2.0,0.0,0.0,0.0,0.0,0.0,0,90,0,0.01,0,False,False,False,False,False,False
1782456975.499,0,0,0,0,0,1.3,3.07,0.0,0.0,0.0,0.0,0.0,0,90,0,0.01,0,False,False,False,False,False,False
1782456975.522,0,0,0,0,0,1.18,4.3,0.0,0.0,0.0,0.0,0.0,0,90,0,0.01,0,False,False,False,False,False,False
1782456975.546,0,0,0,0,0,1.0,5.62,0.0,0.0,0.0,0.0,0.0,0,90,0,0.01,0,False,False,False,False,False,False
1782456975.569,0,0,0,0,0,0.79,6.89,0.0,0.0,0.0,0.0,0.0,0,90,0,0.01,0,False,False,False,False,False,False
1782456975.593,0,0,0,0,0,0.57,8.04,0.0,0.0,0.0,0.0,0.0,0,90,0,0.01,0,False,False,False,False,False,False
1782456975.616,0,0,0,0,0,0.4,9.0,0.0,0.0,0.0,0.0,0.0,0,90,0,0.02,0,False,False,False,False,False,False
1782456975.642,0,0,0,0,0,0.29,9.7,0.0,0.0,0.0,0.0,0.0,0,90,0,0.02,0,False,False,False,False,False,False
1782456975.664,0,0,0,0,0,0.23,10.09,0.0,0.0,0.0,0.0,0.0,0,90,0,0.02,0,False,False,False,False,False,False
1782456975.687,0,0,0,0,0,0.17,10.26,0.0,0.0,0.0,0.0,0.0,0,90,0,0.02,0,False,False,False,False,False,False
1782456975.711,0,0,0,0,0,0.12,10.37,0.0,0.0,0.0,0.0,0.0,0,90,0,0.03,0,False,False,False,False,False,False
1782456975.735,0,0,0,0,0,0.05,10.51,0.0,0.0,0.0,0.0,0.0,0,90,0,0.03,0,False,False,False,False,False,False
1782456975.758,0,0,0,0,0,-0.01,10.71,0.0,0.0,0.0,0.0,0.0,0,90,0,0.03,0,False,False,False,False,False,False
1782456975.782,0,0,0,0,0,-0.07,10.95,0.0,0.0,0.0,0.0,0.0,0,90,0,0.03,0,False,False,False,False,False,False
1782456975.806,0,0,0,0,0,-0.12,11.16,0.0,0.0,0.0,0.0,0.0,0,90,0,0.03,0,False,False,False,False,False,False
1782456975.829,0,0,0,0,0,-0.16,11.27,0.0,0.0,0.0,0.0,0.0,0,90,0,0.04,0,False,False,False,False,False,False
1782456975.852,0,0,0,0,0,-0.16,11.27,0.0,0.0,0.0,0.0,0.0,0,90,0,0.04,0,False,False,False,False,False,False
1782456975.876,0,0,0,0,0,-0.14,11.19,0.0,0.0,0.0,0.0,0.0,0,90,0,0.04,0,False,False,False,False,False,False
1782456975.899,0,0,0,0,0,-0.11,11.08,0.0,0.0,0.0,0.0,0.0,0,90,0,0.04,0,False,False,False,False,False,False
1782456975.923,0,0,0,0,0,-0.08,10.97,0.0,0.0,0.0,0.0,0.0,0,90,0,0.04,0,False,False,False,False,False,False
1782456975.946,0,0,0,0,0,-0.05,10.85,0.0,0.0,0.0,0.0,0.0,0,90,0,0.04,0,False,False,False,False,False,False
1782456975.969,0,0,0,0,0,-0.03,10.73,0.0,0.0,0.0,0.0,0.0,0,90,0,0.05,0,False,False,False,False,False,False
1782456975.995,0,0,0,0,0,0.0,10.63,0.0,0.0,0.0,0.0,0.0,0,90,0,0.05,0,False,False,False,False,False,False
1782456976.016,0,0,0,0,0,0.03,10.53,0.0,0.0,0.0,0.0,0.0,0,90,0,0.05,0,False,False,False,False,False,False
1782456976.04,0,0,0,0,0,0.06,10.43,0.0,0.0,0.0,0.0,0.0,0,90,0,0.05,0,False,False,False,False,False,False
1782456976.065,0,0,0,0,0,0.09,10.32,0.0,0.0,0.0,0.0,0.0,0,90,0,0.05,0,False,False,False,False,False,False
1782456976.088,0,0,0,0,0,0.11,10.21,0.0,0.0,0.0,0.0,0.0,0,90,0,0.05,0,False,False,False,False,False,False
1782456976.111,0,0,0,0,0,0.14,10.11,0.0,0.0,0.0,0.0,0.0,0,90,0,0.05,0,False,False,False,False,False,False
1782456976.135,0,0,0,0,0,0.17,10.01,0.0,0.0,0.0,0.0,0.0,0,90,0,0.05,0,False,False,False,False,False,False
1782456976.158,0,0,0,0,0,0.19,9.9,0.0,0.0,0.0,0.0,0.0,0,90,0,0.05,0,False,False,False,False,False,False
1782456976.182,0,0,0,0,0,0.22,9.8,0.0,0.0,0.0,0.0,0.0,0,90,0,0.05,0,False,False,False,False,False,False
1782456976.206,0,0,0,0,0,0.24,9.69,0.0,0.0,0.0,0.0,0.0,0,90,0,0.05,0,False,False,False,False,False,False
1782456976.23,0,0,0,0,0,0.27,9.58,0.0,0.0,0.0,0.0,0.0,0,90,0,0.05,0,False,False,False,False,False,False
1782456976.252,0,0,0,0,0,0.29,9.47,0.0,0.0,0.0,0.0,0.0,0,90,0,0.05,0,False,False,False,False,False,False
1782456976.277,0,0,0,0,0,0.32,9.36,0.0,0.0,0.0,0.0,0.0,0,90,0,0.05,0,False,False,False,False,False,False
1782456976.3,0,0,0,0,0,0.34,9.25,0.0,0.0,0.0,0.0,0.0,0,90,0,0.05,0,False,False,False,False,False,False
1782456976.324,0,0,0,0,0,0.36,9.14,0.0,0.0,0.0,0.0,0.0,0,90,0,0.05,0,False,False,False,False,False,False
1782456976.378,0,0,0,0,0,0.39,9.03,0.0,0.0,0.0,0.0,0.0,0,90,0,0.05,0,False,False,False,False,False,False
1782456976.381,0,0,0,0,0,0.41,8.92,0.0,0.0,0.0,0.0,0.0,0,90,0,0.05,0,False,False,False,False,False,False
1782456976.395,0,0,0,0,0,0.43,8.82,0.0,0.0,0.0,0.0,0.0,0,90,0,0.05,0,False,False,False,False,False,False
1782456976.418,0,0,0,0,0,0.46,8.71,0.0,0.0,0.0,0.0,0.0,0,90,0,0.05,0,False,False,False,False,False,False
1782456976.444,0,0,0,0,0,0.48,8.61,0.0,0.0,0.0,0.0,0.0,0,90,0,0.05,0,False,False,False,False,False,False
1782456976.466,0,0,0,0,0,0.51,8.5,0.0,0.0,0.0,0.0,0.0,0,90,0,0.05,0,False,False,False,False,False,False
1782456976.489,0,0,0,0,0,0.53,8.39,0.0,0.0,0.0,0.0,0.0,0,90,0,0.05,0,False,False,False,False,False,False
1782456976.515,0,0,0,0,0,0.55,8.29,0.0,0.0,0.0,0.0,0.0,0,90,0,0.05,0,False,False,False,False,False,False
1782456976.536,0,0,0,0,0,0.58,8.18,0.0,0.0,0.0,0.0,0.0,0,90,0,0.05,0,False,False,False,False,False,False
1782456976.562,0,0,0,0,0,0.61,8.07,0.0,0.0,0.0,0.0,0.0,0,90,0,0.05,0,False,False,False,False,False,False
1782456976.584,0,0,0,0,0,0.63,7.97,0.0,0.0,0.0,0.0,0.0,0,90,0,0.05,0,False,False,False,False,False,False
1782456976.608,0,0,0,0,0,0.65,7.86,0.0,0.0,0.0,0.0,0.0,0,90,0,0.05,0,False,False,False,False,False,False
1782456976.631,0,0,0,0,0,0.68,7.76,0.0,0.0,0.0,0.0,0.0,0,90,0,0.05,0,False,False,False,False,False,False
1782456976.656,0,0,0,0,0,0.69,7.65,0.0,0.0,0.0,0.0,0.0,0,90,0,0.05,0,False,False,False,False,False,False
1782456976.679,0,0,0,0,0,0.71,7.53,0.0,0.0,0.0,0.0,0.0,0,90,0,0.05,0,False,False,False,False,False,False
1782456976.702,0,0,0,0,0,0.73,7.43,0.0,0.0,0.0,0.0,0.0,0,90,0,0.05,0,False,False,False,False,False,False
1782456976.727,0,0,0,0,0,0.75,7.32,0.0,0.0,0.0,0.0,0.0,0,90,0,0.05,0,False,False,False,False,False,False
1782456976.749,0,0,0,0,0,0.77,7.21,0.0,0.0,0.0,0.0,0.0,0,90,0,0.05,0,False,False,False,False,False,False
1782456976.773,0,0,0,0,0,0.79,7.1,0.0,0.0,0.0,0.0,0.0,0,90,0,0.05,0,False,False,False,False,False,False
1782456976.796,0,0,0,0,0,0.81,7.0,0.0,0.0,0.0,0.0,0.0,0,90,0,0.05,0,False,False,False,False,False,False
1782456976.821,0,0,0,0,0,0.83,6.9,0.0,0.0,0.0,0.0,0.0,0,90,0,0.05,0,False,False,False,False,False,False
1782456976.844,0,0,0,0,0,0.86,6.79,0.0,0.0,0.0,0.0,0.0,0,90,0,0.05,0,False,False,False,False,False,False
1782456976.869,0,0,0,0,0,0.88,6.69,0.0,0.0,0.0,0.0,0.0,0,90,0,0.04,0,False,False,False,False,False,False
1782456976.89,0,0,0,0,0,0.9,6.58,0.0,0.0,0.0,0.0,0.0,0,90,0,0.04,0,False,False,False,False,False,False
1782456976.915,0,0,0,0,0,0.92,6.47,0.0,0.0,0.0,0.0,0.0,0,90,0,0.04,0,False,False,False,False,False,False
1782456976.938,0,0,0,0,0,0.94,6.36,0.0,0.0,0.0,0.0,0.0,0,90,0,0.04,0,False,False,False,False,False,False
1782456976.962,0,0,0,0,0,0.97,6.25,0.0,0.0,0.0,0.0,0.0,0,90,0,0.04,0,False,False,False,False,False,False
1782456976.984,0,0,0,0,0,0.99,6.14,0.0,0.0,0.0,0.0,0.0,0,90,0,0.04,0,False,False,False,False,False,False
1782456977.009,0,0,0,0,0,1.01,6.04,0.0,0.0,0.0,0.0,0.0,0,90,0,0.03,0,False,False,False,False,False,False
1782456977.032,0,0,0,0,0,1.03,5.93,0.0,0.0,0.0,0.0,0.0,0,90,0,0.03,0,False,False,False,False,False,False
1782456977.051,0,0,0,0,0,1.05,5.83,0.0,0.0,0.0,0.0,0.0,0,90,0,0.03,0,False,False,False,False,False,False
1782456977.075,0,0,0,0,0,1.07,5.73,0.0,0.0,0.0,0.0,0.0,0,90,0,0.03,0,False,False,False,False,False,False
1782456977.099,0,0,0,0,0,1.09,5.63,0.0,0.0,0.0,0.0,0.0,0,90,0,0.03,0,False,False,False,False,False,False
1782456977.123,0,0,0,0,0,1.1,5.52,0.0,0.0,0.0,0.0,0.0,0,90,0,0.02,0,False,False,False,False,False,False
1782456977.146,0,0,0,0,0,1.12,5.41,0.0,0.0,0.0,0.0,0.0,0,90,0,0.02,0,False,False,False,False,False,False
1782456977.17,0,0,0,0,0,1.14,5.3,0.0,0.0,0.0,0.0,0.0,0,90,0,0.02,0,False,False,False,False,False,False
1782456977.194,0,0,0,0,0,1.16,5.19,0.0,0.0,0.0,0.0,0.0,0,90,0,0.02,0,False,False,False,False,False,False
1782456977.217,0,0,0,0,0,1.18,5.09,0.0,0.0,0.0,0.0,0.0,0,90,0,0.02,0,False,False,False,False,False,False
1782456977.241,0,0,0,0,0,1.2,4.98,0.0,0.0,0.0,0.0,0.0,0,90,0,0.01,0,False,False,False,False,False,False
1782456977.265,0,0,0,0,0,1.21,4.86,0.0,0.0,0.0,0.0,0.0,0,90,0,0.01,0,False,False,False,False,False,False
1782456977.288,0,0,0,0,0,1.23,4.75,0.0,0.0,0.0,0.0,0.0,0,90,0,0.01,0,False,False,False,False,False,False
1782456977.313,0,0,0,0,0,1.25,4.65,0.0,0.0,0.0,0.0,0.0,0,90,0,0.01,0,False,False,False,False,False,False
1782456977.335,0,0,0,0,0,1.27,4.54,0.0,0.0,0.0,0.0,0.0,0,90,0,0.01,0,False,False,False,False,False,False
1782456977.359,0,0,0,0,0,1.29,4.43,0.0,0.0,0.0,0.0,0.0,0,90,0,0.0,0,False,False,False,False,False,False
1782456977.382,0,0,0,0,0,1.31,4.32,0.0,0.0,0.0,0.0,0.0,0,90,0,0.0,0,False,False,False,False,False,False
1782456977.406,0,0,0,0,0,1.33,4.21,0.0,0.0,0.0,0.0,0.0,0,90,0,0.0,0,False,False,False,False,False,False
1782456977.43,0,0,0,0,0,1.35,4.11,0.0,0.0,0.0,0.0,0.0,0,90,0,0.0,0,False,False,False,False,False,False
1782456977.453,0,0,0,0,0,1.37,4.0,0.0,0.0,0.0,0.0,0.0,0,90,0,0.0,0,False,False,False,False,False,False
1782456977.478,0,0,0,0,0,1.37,3.95,0.0,0.0,0.0,0.0,0.0,0,90,0,0.0,0,False,False,False,False,False,False
1782456977.5,0,0,0,0,0,1.37,4.03,0.0,0.0,0.0,0.0,0.0,0,90,0,0.0,0,False,False,False,False,False,False
1782456977.524,0,0,0,0,0,1.37,4.17,0.0,0.0,0.0,0.0,0.0,0,90,0,0.0,0,False,False,False,False,False,False
1782456977.548,0,0,0,0,0,1.36,4.16,0.0,0.0,0.0,0.0,0.0,0,90,0,0.0,0,False,False,False,False,False,False
1782456977.572,0,0,0,0,0,1.35,3.91,0.0,0.0,0.0,0.0,0.0,0,90,0,0.0,0,False,False,False,False,False,False
1782456977.595,0,0,0,0,0,1.34,3.47,0.0,0.0,0.0,0.0,0.0,0,90,0,0.0,0,False,False,False,False,False,False
1782456977.619,0,0,0,0,0,1.31,2.91,0.0,0.0,0.0,0.0,0.0,0,90,0,0.0,0,False,False,False,False,False,False
1782456977.643,0,0,0,0,0,1.27,2.34,0.0,0.0,0.0,0.0,0.0,0,90,0,0.0,0,False,False,False,False,False,False
1782456977.666,0,0,0,0,0,1.23,1.87,0.0,0.0,0.0,0.0,0.0,0,90,0,0.0,0,False,False,False,False,False,False
1782456977.689,0,0,0,0,0,1.21,1.51,0.0,0.0,0.0,0.0,0.0,0,90,0,0.0,0,False,False,False,False,False,False
1782456977.714,0,0,0,0,0,1.21,1.21,0.0,0.0,0.0,0.0,0.0,0,90,0,0.0,0,False,False,False,False,False,False
1782456977.737,0,0,0,0,0,1.24,0.9,0.0,0.0,0.0,0.0,0.0,0,90,0,0.0,0,False,False,False,False,False,False
1782456977.76,0,0,0,0,0,1.27,0.57,0.0,0.0,0.0,0.0,0.0,0,90,0,0.01,0,False,False,False,False,False,False
1782456977.783,0,0,0,0,0,1.27,0.22,0.0,0.0,0.0,0.0,0.0,0,90,0,0.01,0,False,False,False,False,False,False
1782456977.808,0,0,0,0,0,1.26,-0.11,0.0,0.0,0.0,0.0,0.0,0,90,0,0.01,0,False,False,False,False,False,False
1782456977.831,0,0,0,0,0,1.26,-0.45,0.0,0.0,0.0,0.0,0.0,0,90,0,0.01,0,False,False,False,False,False,False
1782456977.854,0,0,0,0,0,1.25,-0.8,0.0,0.0,0.0,0.0,0.0,0,90,0,0.01,0,False,False,False,False,False,False
1782456977.878,0,0,0,0,0,1.24,-1.15,0.0,0.0,0.0,0.0,0.0,0,90,0,0.01,0,False,False,False,False,False,False
1782456977.901,0,0,0,0,0,1.24,-1.48,0.0,0.0,0.0,0.0,0.0,0,90,0,0.01,0,False,False,False,False,False,False
1782456977.925,0,0,0,0,0,1.25,-1.75,0.0,0.0,0.0,0.0,0.0,0,90,0,0.01,0,False,False,False,False,False,False
1782456977.948,0,0,0,0,0,1.26,-1.93,0.0,0.0,0.0,0.0,0.0,0,90,0,0.01,0,False,False,False,False,False,False
1782456977.973,0,0,0,0,0,1.28,-2.05,0.0,0.0,0.0,0.0,0.0,0,90,0,0.01,0,False,False,False,False,False,False
1782456977.997,0,0,0,0,0,1.29,-2.15,0.0,0.0,0.0,0.0,0.0,0,90,0,0.01,0,False,False,False,False,False,False
1782456978.019,0,0,0,0,0,1.3,-2.27,0.0,0.0,0.0,0.0,0.0,0,90,0,0.01,0,False,False,False,False,False,False
1782456978.042,0,0,0,0,0,1.31,-2.38,0.0,0.0,0.0,0.0,0.0,0,90,0,0.01,0,False,False,False,False,False,False
1782456978.066,0,0,0,0,0,1.32,-2.48,0.0,0.0,0.0,0.0,0.0,0,90,0,0.01,0,False,False,False,False,False,False
1782456978.089,0,0,0,0,0,1.34,-2.58,0.0,0.0,0.0,0.0,0.0,0,90,0,0.01,0,False,False,False,False,False,False
1782456978.115,0,0,0,0,0,1.35,-2.69,0.0,0.0,0.0,0.0,0.0,0,90,0,0.01,0,False,False,False,False,False,False
1782456978.138,0,0,0,0,0,1.37,-2.81,0.0,0.0,0.0,0.0,0.0,0,90,0,0.01,0,False,False,False,False,False,False
1782456978.163,0,0,0,0,0,1.38,-2.92,0.0,0.0,0.0,0.0,0.0,0,90,0,0.01,0,False,False,False,False,False,False
1782456978.185,0,0,0,0,0,1.39,-3.03,0.0,0.0,0.0,0.0,0.0,0,90,0,0.01,0,False,False,False,False,False,False
1782456978.208,0,0,0,0,0,1.41,-3.14,0.0,0.0,0.0,0.0,0.0,0,90,0,0.01,0,False,False,False,False,False,False
1782456978.232,0,0,0,0,0,1.42,-3.25,0.0,0.0,0.0,0.0,0.0,0,90,0,0.01,0,False,False,False,False,False,False
1782456978.255,0,0,0,0,0,1.43,-3.36,0.0,0.0,0.0,0.0,0.0,0,90,0,0.01,0,False,False,False,False,False,False
1782456978.279,0,0,0,0,0,1.43,-3.46,0.0,0.0,0.0,0.0,0.0,0,90,0,0.01,0,False,False,False,False,False,False
1782456978.302,0,0,0,0,0,1.43,-3.56,0.0,0.0,0.0,0.0,0.0,0,90,0,0.01,0,False,False,False,False,False,False
1782456978.326,0,0,0,0,0,1.44,-3.67,0.0,0.0,0.0,0.0,0.0,0,90,0,0.01,0,False,False,False,False,False,False
1782456978.35,0,0,0,0,0,1.44,-3.78,0.0,0.0,0.0,0.0,0.0,0,90,0,0.01,0,False,False,False,False,False,False
1782456978.373,0,0,0,0,0,1.45,-3.89,0.0,0.0,0.0,0.0,0.0,0,90,0,0.01,0,False,False,False,False,False,False
1782456978.397,0,0,0,0,0,1.46,-4.0,0.0,0.0,0.0,0.0,0.0,0,90,0,0.01,0,False,False,False,False,False,False
1782456978.42,0,0,0,0,0,1.46,-4.11,0.0,0.0,0.0,0.0,0.0,0,90,0,0.01,0,False,False,False,False,False,False
1782456978.445,0,0,0,0,0,1.46,-4.22,0.0,0.0,0.0,0.0,0.0,0,90,0,0.01,0,False,False,False,False,False,False
1782456978.467,0,0,0,0,0,1.46,-4.33,0.0,0.0,0.0,0.0,0.0,0,90,0,0.01,0,False,False,False,False,False,False
1782456978.49,0,0,0,0,0,1.46,-4.42,0.0,0.0,0.0,0.0,0.0,0,90,0,0.01,0,False,False,False,False,False,False
1782456978.515,0,0,0,0,0,1.46,-4.5,0.0,0.0,0.0,0.0,0.0,0,90,0,0.01,0,False,False,False,False,False,False
1782456978.538,0,0,0,0,0,1.48,-4.58,0.0,0.0,0.0,0.0,0.0,0,90,0,0.01,0,False,False,False,False,False,False
1782456978.562,0,0,0,0,0,1.53,-4.67,0.0,0.0,0.0,0.0,0.0,0,90,0,0.01,0,False,False,False,False,False,False
1782456978.586,0,0,0,0,0,1.57,-4.78,0.0,0.0,0.0,0.0,0.0,0,90,0,0.01,0,False,False,False,False,False,False
1782456978.608,0,0,0,0,0,1.58,-4.89,0.0,0.0,0.0,0.0,0.0,0,90,0,0.01,0,False,False,False,False,False,False
1782456978.632,0,0,0,0,0,1.57,-4.99,0.0,0.0,0.0,0.0,0.0,0,90,0,0.01,0,False,False,False,False,False,False
1782456978.655,0,0,0,0,0,1.55,-5.08,0.0,0.0,0.0,0.0,0.0,0,90,0,0.01,0,False,False,False,False,False,False
1782456978.68,0,0,0,0,0,1.54,-5.18,0.0,0.0,0.0,0.0,0.0,0,90,0,0.01,0,False,False,False,False,False,False
1782456978.702,0,0,0,0,0,1.55,-5.29,0.0,0.0,0.0,0.0,0.0,0,90,0,0.01,0,False,False,False,False,False,False
1782456978.726,0,0,0,0,0,1.55,-5.4,0.0,0.0,0.0,0.0,0.0,0,90,0,0.01,0,False,False,False,False,False,False
1782456978.75,0,0,0,0,0,1.54,-5.49,0.0,0.0,0.0,0.0,0.0,0,90,0,0.01,0,False,False,False,False,False,False
1782456978.773,0,0,0,0,0,1.53,-5.59,0.0,0.0,0.0,0.0,0.0,0,90,0,0.01,0,False,False,False,False,False,False
1782456978.797,0,0,0,0,0,1.52,-5.69,0.0,0.0,0.0,0.0,0.0,0,90,0,0.01,0,False,False,False,False,False,False
1782456978.82,0,0,0,0,0,1.52,-5.8,0.0,0.0,0.0,0.0,0.0,0,90,0,0.01,0,False,False,False,False,False,False
1782456978.845,0,0,0,0,0,1.51,-5.91,0.0,0.0,0.0,0.0,0.0,0,90,0,0.01,0,False,False,False,False,False,False
1782456978.867,0,0,0,0,0,1.49,-6.01,0.0,0.0,0.0,0.0,0.0,0,90,0,0.01,0,False,False,False,False,False,False
1782456978.891,0,0,0,0,0,1.48,-6.11,0.0,0.0,0.0,0.0,0.0,0,90,0,0.01,0,False,False,False,False,False,False
1782456978.915,0,0,0,0,0,1.47,-6.22,0.0,0.0,0.0,0.0,0.0,0,90,0,0.01,0,False,False,False,False,False,False
1782456978.938,0,0,0,0,0,1.46,-6.32,0.0,0.0,0.0,0.0,0.0,0,90,0,0.01,0,False,False,False,False,False,False
1782456978.961,0,0,0,0,0,1.46,-6.42,0.0,0.0,0.0,0.0,0.0,0,90,0,0.01,0,False,False,False,False,False,False
1782456978.985,0,0,0,0,0,1.44,-6.51,0.0,0.0,0.0,0.0,0.0,0,90,0,0.01,0,False,False,False,False,False,False
1782456979.008,0,0,0,0,0,1.43,-6.61,0.0,0.0,0.0,0.0,0.0,0,90,0,0.01,0,False,False,False,False,False,False
1782456979.033,0,0,0,0,0,1.43,-6.71,0.0,0.0,0.0,0.0,0.0,0,90,0,0.01,0,False,False,False,False,False,False
1782456979.056,0,0,0,0,0,1.41,-6.81,0.0,0.0,0.0,0.0,0.0,0,90,0,0.01,0,False,False,False,False,False,False
1782456979.081,0,0,0,0,0,1.39,-6.91,0.0,0.0,0.0,0.0,0.0,0,90,0,0.01,0,False,False,False,False,False,False
1782456979.103,0,0,0,0,0,1.37,-7.0,0.0,0.0,0.0,0.0,0.0,0,90,0,0.01,0,False,False,False,False,False,False
1782456979.129,0,0,0,0,0,1.36,-7.1,0.0,0.0,0.0,0.0,0.0,0,90,0,0.01,0,False,False,False,False,False,False
1782456979.149,0,0,0,0,0,1.35,-7.2,0.0,0.0,0.0,0.0,0.0,0,90,0,0.01,0,False,False,False,False,False,False
1782456979.174,0,0,0,0,0,1.34,-7.3,0.0,0.0,0.0,0.0,0.0,0,90,0,0.01,0,False,False,False,False,False,False
1782456979.199,0,0,0,0,0,1.32,-7.38,0.0,0.0,0.0,0.0,0.0,0,90,0,0.01,0,False,False,False,False,False,False
1782456979.22,0,0,0,0,0,1.27,-7.46,0.0,0.0,0.0,0.0,0.0,0,90,0,0.01,0,False,False,False,False,False,False
1782456979.246,0,0,0,0,0,1.21,-7.55,0.0,0.0,0.0,0.0,0.0,0,90,0,0.01,0,False,False,False,False,False,False
1782456979.268,0,0,0,0,0,1.18,-7.64,0.0,0.0,0.0,0.0,0.0,0,90,0,0.0,0,False,False,False,False,False,False
1782456979.293,0,0,0,0,0,1.18,-7.72,0.0,0.0,0.0,0.0,0.0,0,90,0,0.0,0,False,False,False,False,False,False
1782456979.316,0,0,0,0,0,1.18,-7.77,0.0,0.0,0.0,0.0,0.0,0,90,0,0.0,0,False,False,False,False,False,False
1782456979.342,0,0,0,0,0,1.16,-7.78,0.0,0.0,0.0,0.0,0.0,0,90,0,0.0,0,False,False,False,False,False,False
1782456979.364,0,0,0,0,0,1.14,-7.76,0.0,0.0,0.0,0.0,0.0,0,90,0,0.0,0,False,False,False,False,False,False
1782456979.387,0,0,0,0,0,1.11,-7.76,0.0,0.0,0.0,0.0,0.0,0,90,0,0.0,0,False,False,False,False,False,False
1782456979.412,0,0,0,0,0,1.08,-7.78,0.0,0.0,0.0,0.0,0.0,0,90,0,0.0,0,False,False,False,False,False,False
1782456979.435,0,0,0,0,0,1.07,-7.81,0.0,0.0,0.0,0.0,0.0,0,90,0,0.0,0,False,False,False,False,False,False
1782456979.458,0,0,0,0,0,1.06,-7.84,0.0,0.0,0.0,0.0,0.0,0,90,0,0.0,0,False,False,False,False,False,False
1782456979.483,0,0,0,0,0,1.05,-7.87,0.0,0.0,0.0,0.0,0.0,0,90,0,0.0,0,False,False,False,False,False,False
1782456979.507,0,0,0,0,0,1.06,-7.86,0.0,0.0,0.0,0.0,0.0,0,90,0,0.0,0,False,False,False,False,False,False
1782456979.531,0,0,0,0,0,1.07,-7.85,0.0,0.0,0.0,0.0,0.0,0,90,0,0.0,0,False,False,False,False,False,False
1782456979.554,0,0,0,0,0,1.07,-7.86,0.0,0.0,0.0,0.0,0.0,0,90,0,0.0,0,False,False,False,False,False,False
1782456979.573,0,0,0,0,0,1.06,-7.9,0.0,0.0,0.0,0.0,0.0,0,90,0,0.0,0,False,False,False,False,False,False
1782456979.598,0,0,0,0,0,1.05,-7.91,0.0,0.0,0.0,0.0,0.0,0,90,0,0.0,0,False,False,False,False,False,False
1782456979.62,0,0,0,0,0,1.05,-7.9,0.0,0.0,0.0,0.0,0.0,0,90,0,0.0,0,False,False,False,False,False,False
1782456979.645,0,0,0,0,0,1.04,-7.89,0.0,0.0,0.0,0.0,0.0,0,90,0,0.0,0,False,False,False,False,False,False
1782456979.668,0,0,0,0,0,1.03,-7.89,0.0,0.0,0.0,0.0,0.0,0,90,0,0.0,0,False,False,False,False,False,False
1782456979.692,0,0,0,0,0,1.01,-7.9,0.0,0.0,0.0,0.0,0.0,0,90,0,0.0,0,False,False,False,False,False,False
1782456979.717,0,0,0,0,0,0.98,-7.92,0.0,0.0,0.0,0.0,0.0,0,90,0,0.0,0,False,False,False,False,False,False
1782456979.739,0,0,0,0,0,0.94,-7.95,0.0,0.0,0.0,0.0,0.0,0,90,0,0.0,0,False,False,False,False,False,False
1782456979.764,0,0,0,0,0,0.93,-7.96,0.0,0.0,0.0,0.0,0.0,0,90,0,0.0,0,False,False,False,False,False,False
1782456979.786,0,0,0,0,0,0.92,-7.95,0.0,0.0,0.0,0.0,0.0,0,90,0,0.0,0,False,False,False,False,False,False
1782456979.81,0,0,0,0,0,0.93,-7.94,0.0,0.0,0.0,0.0,0.0,0,90,0,0.0,0,False,False,False,False,False,False
1782456979.834,0,0,0,0,0,0.96,-7.95,0.0,0.0,0.0,0.0,0.0,0,90,0,0.0,0,False,False,False,False,False,False
1782456979.858,0,0,0,0,0,0.98,-7.98,0.0,0.0,0.0,0.0,0.0,0,90,0,0.0,0,False,False,False,False,False,False
1782456979.882,0,0,0,0,0,1.0,-7.98,0.0,0.0,0.0,0.0,0.0,0,90,0,0.0,0,False,False,False,False,False,False
1782456979.904,0,0,0,0,0,1.03,-7.97,0.0,0.0,0.0,0.0,0.0,0,90,0,0.0,0,False,False,False,False,False,False
1782456979.929,0,0,0,0,0,1.03,-7.97,0.0,0.0,0.0,0.0,0.0,0,90,0,0.0,0,False,False,False,False,False,False
1782456979.952,0,0,0,0,0,1.02,-7.98,0.0,0.0,0.0,0.0,0.0,0,90,0,0.0,0,False,False,False,False,False,False
1782456979.975,0,0,0,0,0,1.03,-7.97,0.0,0.0,0.0,0.0,0.0,0,90,0,0.0,0,False,False,False,False,False,False
1782456980.0,0,0,0,0,0,1.04,-7.94,0.0,0.0,0.0,0.0,0.0,0,90,0,0.0,0,False,False,False,False,False,False
1782456980.024,0,0,0,0,0,1.04,-7.93,0.0,0.0,0.0,0.0,0.0,0,90,0,0.0,0,False,False,False,False,False,False
1782456980.049,0,0,0,0,0,1.03,-7.93,0.0,0.0,0.0,0.0,0.0,0,90,0,0.0,0,False,False,False,False,False,False
1782456980.071,0,0,0,0,0,1.03,-7.95,0.0,0.0,0.0,0.0,0.0,0,90,0,0.0,0,False,False,False,False,False,False
1782456980.094,0,0,0,0,0,1.02,-7.97,0.0,0.0,0.0,0.0,0.0,0,90,0,0.0,0,False,False,False,False,False,False
1782456980.118,0,0,0,0,0,1.01,-7.98,0.0,0.0,0.0,0.0,0.0,0,90,0,0.0,0,False,False,False,False,False,False
1782456980.142,0,0,0,0,0,1.0,-7.97,0.0,0.0,0.0,0.0,0.0,0,90,0,0.0,0,False,False,False,False,False,False
1782456980.166,0,0,0,0,0,1.0,-7.97,0.0,0.0,0.0,0.0,0.0,0,90,0,0.0,0,False,False,False,False,False,False
1782456980.19,0,0,0,0,0,1.01,-7.98,0.0,0.0,0.0,0.0,0.0,0,90,0,0.0,0,False,False,False,False,False,False
1782456980.207,0,0,0,0,0,1.02,-7.98,0.0,0.0,0.0,0.0,0.0,0,90,0,0.0,0,False,False,False,False,False,False
1782456980.233,0,0,0,0,0,1.03,-7.96,0.0,0.0,0.0,0.0,0.0,0,90,0,0.0,0,False,False,False,False,False,False
1782456980.255,0,0,0,0,0,1.04,-7.91,0.0,0.0,0.0,0.0,0.0,0,90,0,0.0,0,False,False,False,False,False,False
1782456980.28,0,0,0,0,0,1.06,-7.89,0.0,0.0,0.0,0.0,0.0,0,90,0,0.0,0,False,False,False,False,False,False
1782456980.303,0,0,0,0,0,1.05,-7.9,0.0,0.0,0.0,0.0,0.0,0,90,0,0.0,0,False,False,False,False,False,False
1782456980.327,0,0,0,0,0,1.02,-7.94,0.0,0.0,0.0,0.0,0.0,0,90,0,0.0,0,False,False,False,False,False,False
1782456980.352,0,0,0,0,0,0.99,-7.95,0.0,0.0,0.0,0.0,0.0,0,90,0,0.0,0,False,False,False,False,False,False
1782456980.375,0,0,0,0,0,0.97,-7.94,0.0,0.0,0.0,0.0,0.0,0,90,0,0.0,0,False,False,False,False,False,False
1782456980.399,0,0,0,0,0,0.96,-7.92,0.0,0.0,0.0,0.0,0.0,0,90,0,0.0,0,False,False,False,False,False,False
1782456980.423,0,0,0,0,0,0.95,-7.9,0.0,0.0,0.0,0.0,0.0,0,90,0,0.0,0,False,False,False,False,False,False
1782456980.447,0,0,0,0,0,0.98,-7.89,0.0,0.0,0.0,0.0,0.0,0,90,0,0.0,0,False,False,False,False,False,False
1782456980.469,0,0,0,0,0,0.99,-7.91,0.0,0.0,0.0,0.0,0.0,0,90,0,0.0,0,False,False,False,False,False,False
1782456980.493,0,0,0,0,0,0.98,-7.92,0.0,0.0,0.0,0.0,0.0,0,90,0,0.0,0,False,False,False,False,False,False
1782456980.516,0,0,0,0,0,0.97,-7.9,0.0,0.0,0.0,0.0,0.0,0,90,0,0.0,0,False,False,False,False,False,False
1782456980.54,0,0,0,0,0,0.95,-7.89,0.0,0.0,0.0,0.0,0.0,0,90,0,0.0,0,False,False,False,False,False,False
1782456980.565,0,0,0,0,0,0.93,-7.87,0.0,0.0,0.0,0.0,0.0,0,90,0,0.0,0,False,False,False,False,False,False
1782456980.588,0,0,0,0,0,0.93,-7.85,0.0,0.0,0.0,0.0,0.0,0,90,0,0.0,0,False,False,False,False,False,False
1782456980.611,0,0,0,0,0,0.95,-7.83,0.0,0.0,0.0,0.0,0.0,0,90,0,0.0,0,False,False,False,False,False,False
1782456980.635,0,0,0,0,0,0.98,-7.85,0.0,0.0,0.0,0.0,0.0,0,90,0,0.0,0,False,False,False,False,False,False
1782456980.659,0,0,0,0,0,1.0,-7.89,0.0,0.0,0.0,0.0,0.0,0,90,0,0.0,0,False,False,False,False,False,False
1782456980.683,0,0,0,0,0,1.01,-7.9,0.0,0.0,0.0,0.0,0.0,0,90,0,0.0,0,False,False,False,False,False,False
1782456980.707,0,0,0,0,0,0.99,-7.9,0.0,0.0,0.0,0.0,0.0,0,90,0,0.0,0,False,False,False,False,False,False
1782456980.733,0,0,0,0,0,0.97,-7.88,0.0,0.0,0.0,0.0,0.0,0,90,0,0.0,0,False,False,False,False,False,False
1782456980.755,0,0,0,0,0,0.96,-7.88,0.0,0.0,0.0,0.0,0.0,0,90,0,0.0,0,False,False,False,False,False,False
1782456980.778,0,0,0,0,0,0.97,-7.89,0.0,0.0,0.0,0.0,0.0,0,90,0,0.0,0,False,False,False,False,False,False
1782456980.801,0,0,0,0,0,0.98,-7.92,0.0,0.0,0.0,0.0,0.0,0,90,0,0.0,0,False,False,False,False,False,False
1782456980.825,0,0,0,0,0,0.98,-7.94,0.0,0.0,0.0,0.0,0.0,0,90,0,0.0,0,False,False,False,False,False,False
1782456980.85,0,0,0,0,0,1.0,-7.95,0.0,0.0,0.0,0.0,0.0,0,90,0,0.0,0,False,False,False,False,False,False
1782456980.874,0,0,0,0,0,0.99,-7.96,0.0,0.0,0.0,0.0,0.0,0,90,0,0.0,0,False,False,False,False,False,False
1782456980.9,0,0,0,0,0,0.95,-7.97,0.0,0.0,0.0,0.0,0.0,0,90,0,0.0,0,False,False,False,False,False,False
1782456980.92,0,0,0,0,0,0.91,-7.95,0.0,0.0,0.0,0.0,0.0,0,90,0,0.0,0,False,False,False,False,False,False
1782456980.944,0,0,0,0,0,0.9,-7.94,0.0,0.0,0.0,0.0,0.0,0,90,0,0.0,0,False,False,False,False,False,False
1782456980.968,0,0,0,0,0,0.95,-7.94,0.0,0.0,0.0,0.0,0.0,0,90,0,0.0,0,False,False,False,False,False,False
1782456980.991,0,0,0,0,0,1.0,-7.94,0.0,0.0,0.0,0.0,0.0,0,90,0,0.0,0,False,False,False,False,False,False
1782456981.016,0,0,0,0,0,1.01,-7.94,0.0,0.0,0.0,0.0,0.0,0,90,0,0.0,0,False,False,False,False,False,False
1782456981.039,0,0,0,0,0,1.02,-7.93,0.0,0.0,0.0,0.0,0.0,0,90,0,0.0,0,False,False,False,False,False,False
1782456981.062,0,0,0,0,0,1.06,-7.92,0.0,0.0,0.0,0.0,0.0,0,90,0,0.0,0,False,False,False,False,False,False
1782456981.086,0,0,0,0,0,1.1,-7.92,0.0,0.0,0.0,0.0,0.0,0,90,0,0.0,0,False,False,False,False,False,False
1782456981.109,0,0,0,0,0,1.12,-7.9,0.0,0.0,0.0,0.0,0.0,0,90,0,0.0,0,False,False,False,False,False,False
1782456981.133,0,0,0,0,0,1.11,-7.88,0.0,0.0,0.0,0.0,0.0,0,90,0,0.0,0,False,False,False,False,False,False
1782456981.156,0,0,0,0,0,1.09,-7.91,0.0,0.0,0.0,0.0,0.0,0,90,0,0.0,0,False,False,False,False,False,False
1782456981.183,0,0,0,0,0,1.07,-7.93,0.0,0.0,0.0,0.0,0.0,0,90,0,0.0,0,False,False,False,False,False,False
1782456981.205,0,0,0,0,0,1.04,-7.93,0.0,0.0,0.0,0.0,0.0,0,90,0,0.0,0,False,False,False,False,False,False
1782456981.229,0,0,0,0,0,1.0,-7.92,0.0,0.0,0.0,0.0,0.0,0,90,0,0.0,0,False,False,False,False,False,False
1782456981.251,0,0,0,0,0,1.0,-7.92,0.0,0.0,0.0,0.0,0.0,0,90,0,0.0,0,False,False,False,False,False,False
1782456981.275,0,0,0,0,0,1.04,-7.93,0.0,0.0,0.0,0.0,0.0,0,90,0,0.0,0,False,False,False,False,False,False
1782456981.3,0,0,0,0,0,1.08,-7.92,0.0,0.0,0.0,0.0,0.0,0,90,0,0.0,0,False,False,False,False,False,False
1782456981.323,0,0,0,0,0,1.09,-7.91,0.0,0.0,0.0,0.0,0.0,0,90,0,0.0,0,False,False,False,False,False,False
1782456981.348,0,0,0,0,0,1.09,-7.89,0.0,0.0,0.0,0.0,0.0,0,90,0,0.0,0,False,False,False,False,False,False
1782456981.37,0,0,0,0,0,1.1,-7.9,0.0,0.0,0.0,0.0,0.0,0,90,0,0.0,0,False,False,False,False,False,False
1782456981.393,0,0,0,0,0,1.13,-7.93,0.0,0.0,0.0,0.0,0.0,0,90,0,0.0,0,False,False,False,False,False,False
1782456981.418,0,0,0,0,0,1.14,-7.94,0.0,0.0,0.0,0.0,0.0,0,90,0,0.0,0,False,False,False,False,False,False
1782456981.441,0,0,0,0,0,1.14,-7.93,0.0,0.0,0.0,0.0,0.0,0,90,0,0.0,0,False,False,False,False,False,False
1782456981.467,0,0,0,0,0,1.15,-7.93,0.0,0.0,0.0,0.0,0.0,0,90,0,0.0,0,False,False,False,False,False,False
1782456981.489,0,0,0,0,0,1.14,-7.97,0.0,0.0,0.0,0.0,0.0,0,90,0,0.0,0,False,False,False,False,False,False
1782456981.512,0,0,0,0,0,1.11,-8.0,0.0,0.0,0.0,0.0,0.0,0,90,0,0.0,0,False,False,False,False,False,False
1782456981.535,0,0,0,0,0,1.07,-7.98,0.0,0.0,0.0,0.0,0.0,0,90,0,0.0,0,False,False,False,False,False,False
1782456981.559,0,0,0,0,0,1.04,-7.96,0.0,0.0,0.0,0.0,0.0,0,90,0,0.0,0,False,False,False,False,False,False
1782456981.584,0,0,0,0,0,1.01,-7.98,0.0,0.0,0.0,0.0,0.0,0,90,0,0.0,0,False,False,False,False,False,False
1782456981.607,0,0,0,0,0,0.99,-7.99,0.0,0.0,0.0,0.0,0.0,0,90,0,0.0,0,False,False,False,False,False,False
1782456981.633,0,0,0,0,0,0.97,-7.97,0.0,0.0,0.0,0.0,0.0,0,90,0,0.0,0,False,False,False,False,False,False
1782456981.655,0,0,0,0,0,0.95,-7.92,0.0,0.0,0.0,0.0,0.0,0,90,0,0.0,0,False,False,False,False,False,False
1782456981.678,0,0,0,0,0,0.92,-7.87,0.0,0.0,0.0,0.0,0.0,0,90,0,0.0,0,False,False,False,False,False,False
1782456981.702,0,0,0,0,0,0.92,-7.87,0.0,0.0,0.0,0.0,0.0,0,90,0,0.0,0,False,False,False,False,False,False
1782456981.726,0,0,0,0,0,0.94,-7.91,0.0,0.0,0.0,0.0,0.0,0,90,0,0.0,0,False,False,False,False,False,False
1782456981.75,0,0,0,0,0,0.98,-7.97,0.0,0.0,0.0,0.0,0.0,0,90,0,0.0,0,False,False,False,False,False,False
1782456981.774,0,0,0,0,0,0.99,-7.98,0.0,0.0,0.0,0.0,0.0,0,90,0,0.0,0,False,False,False,False,False,False
1782456981.798,0,0,0,0,0,1.0,-7.95,0.0,0.0,0.0,0.0,0.0,0,90,0,0.0,0,False,False,False,False,False,False
1782456981.822,0,0,0,0,0,0.99,-7.93,0.0,0.0,0.0,0.0,0.0,0,90,0,0.0,0,False,False,False,False,False,False
1782456981.84,0,0,0,0,0,0.99,-7.93,0.0,0.0,0.0,0.0,0.0,0,90,0,0.0,0,False,False,False,False,False,False
1782456981.863,0,0,0,0,0,0.98,-7.93,0.0,0.0,0.0,0.0,0.0,0,90,0,0.0,0,False,False,False,False,False,False
1782456981.888,0,0,0,0,0,0.97,-7.92,0.0,0.0,0.0,0.0,0.0,0,90,0,0.0,0,False,False,False,False,False,False
1782456981.911,0,0,0,0,0,0.97,-7.9,0.0,0.0,0.0,0.0,0.0,0,90,0,0.0,0,False,False,False,False,False,False
1782456981.935,0,0,0,0,0,0.99,-7.89,0.0,0.0,0.0,0.0,0.0,0,90,0,0.0,0,False,False,False,False,False,False
1782456981.958,0,0,0,0,0,1.01,-7.9,0.0,0.0,0.0,0.0,0.0,0,90,0,0.0,0,False,False,False,False,False,False
1782456981.983,0,0,0,0,0,1.02,-7.93,0.0,0.0,0.0,0.0,0.0,0,90,0,0.0,0,False,False,False,False,False,False
1782456982.007,0,0,0,0,0,1.03,-7.94,0.0,0.0,0.0,0.0,0.0,0,90,0,0.0,0,False,False,False,False,False,False
1782456982.03,0,0,0,0,0,1.05,-7.94,0.0,0.0,0.0,0.0,0.0,0,90,0,0.0,0,False,False,False,False,False,False
1782456982.055,0,0,0,0,0,1.05,-7.94,0.0,0.0,0.0,0.0,0.0,0,90,0,0.0,0,False,False,False,False,False,False
1782456982.077,0,0,0,0,0,1.02,-7.96,0.0,0.0,0.0,0.0,0.0,0,90,0,0.0,0,False,False,False,False,False,False
1782456982.101,0,0,0,0,0,0.99,-7.97,0.0,0.0,0.0,0.0,0.0,0,90,0,0.0,0,False,False,False,False,False,False
1782456982.125,0,0,0,0,0,0.96,-7.97,0.0,0.0,0.0,0.0,0.0,0,90,0,0.0,0,False,False,False,False,False,False
1782456982.15,0,0,0,0,0,0.94,-7.95,0.0,0.0,0.0,0.0,0.0,0,90,0,0.0,0,False,False,False,False,False,False
1782456982.172,0,0,0,0,0,0.94,-7.92,0.0,0.0,0.0,0.0,0.0,0,90,0,0.0,0,False,False,False,False,False,False
1782456982.195,0,0,0,0,0,0.95,-7.75,0.0,0.0,0.0,0.0,0.0,0,90,0,0.0,0,False,False,False,False,False,False
1782456982.218,0,0,0,0,0,0.98,-7.31,0.0,0.0,0.0,0.0,0.0,0,90,0,0.0,0,False,False,False,False,False,False
1782456982.241,0,0,0,0,0,1.01,-6.84,0.0,0.0,0.0,0.0,0.0,0,90,0,0.0,0,False,False,False,False,False,False
1782456982.267,0,0,0,0,0,1.02,-6.6,0.0,0.0,0.0,0.0,0.0,0,90,0,0.0,0,False,False,False,False,False,False
1782456982.289,0,0,0,0,0,1.06,-6.59,0.0,0.0,0.0,0.0,0.0,0,90,0,0.0,0,False,False,False,False,False,False
1782456982.311,0,0,0,0,0,1.12,-6.76,0.0,0.0,0.0,0.0,0.0,0,90,0,0.0,0,False,False,False,False,False,False
1782456982.335,0,0,0,0,0,1.15,-7.07,0.0,0.0,0.0,0.0,0.0,0,90,0,0.0,0,False,False,False,False,False,False
1782456982.358,0,0,0,0,0,1.14,-7.46,0.0,0.0,0.0,0.0,0.0,0,90,0,0.0,0,False,False,False,False,False,False
1782456982.383,0,0,0,0,0,1.1,-7.84,0.0,0.0,0.0,0.0,0.0,0,90,0,0.0,0,False,False,False,False,False,False
1782456982.406,0,0,0,0,0,1.07,-8.08,0.0,0.0,0.0,0.0,0.0,0,90,0,0.0,0,False,False,False,False,False,False
1782456982.43,0,0,0,0,0,1.06,-8.16,0.0,0.0,0.0,0.0,0.0,0,90,0,0.0,0,False,False,False,False,False,False
1782456982.453,0,0,0,0,0,1.06,-8.18,0.0,0.0,0.0,0.0,0.0,0,90,0,0.01,0,False,False,False,False,False,False
1782456982.476,0,0,0,0,0,1.05,-8.26,0.0,0.0,0.0,0.0,0.0,0,90,0,0.01,0,False,False,False,False,False,False
1782456982.501,0,0,0,0,0,1.04,-8.35,0.0,0.0,0.0,0.0,0.0,0,90,0,0.01,0,False,False,False,False,False,False
1782456982.523,0,0,0,0,0,1.04,-8.4,0.0,0.0,0.0,0.0,0.0,0,90,0,0.01,0,False,False,False,False,False,False
1782456982.549,0,0,0,0,0,1.03,-8.42,0.0,0.0,0.0,0.0,0.0,0,90,0,0.01,0,False,False,False,False,False,False
1782456982.57,0,0,0,0,0,1.01,-8.41,0.0,0.0,0.0,0.0,0.0,0,90,0,0.01,0,False,False,False,False,False,False
1782456982.594,0,0,0,0,0,0.99,-8.4,0.0,0.0,0.0,0.0,0.0,0,90,0,0.01,0,False,False,False,False,False,False
1782456982.618,0,0,0,0,0,0.99,-8.39,0.0,0.0,0.0,0.0,0.0,0,90,0,0.02,0,False,False,False,False,False,False
1782456982.641,0,0,0,0,0,0.98,-8.39,0.0,0.0,0.0,0.0,0.0,0,90,0,0.02,0,False,False,False,False,False,False
1782456982.665,0,0,0,0,0,0.95,-8.36,0.0,0.0,0.0,0.0,0.0,0,90,0,0.02,0,False,False,False,False,False,False
1782456982.689,0,0,0,0,0,0.92,-8.28,0.0,0.0,0.0,0.0,0.0,0,90,0,0.02,0,False,False,False,False,False,False
1782456982.712,0,0,0,0,0,0.9,-8.2,0.0,0.0,0.0,0.0,0.0,0,90,0,0.02,0,False,False,False,False,False,False
1782456982.731,0,0,0,0,0,0.91,-8.19,0.0,0.0,0.0,0.0,0.0,0,90,0,0.02,0,False,False,False,False,False,False
1782456982.754,0,0,0,0,0,0.93,-8.21,0.0,0.0,0.0,0.0,0.0,0,90,0,0.02,0,False,False,False,False,False,False
1782456982.778,0,0,0,0,0,0.93,-8.21,0.0,0.0,0.0,0.0,0.0,0,90,0,0.02,0,False,False,False,False,False,False
1782456982.802,0,0,0,0,0,0.93,-8.17,0.0,0.0,0.0,0.0,0.0,0,90,0,0.02,0,False,False,False,False,False,False
1782456982.825,0,0,0,0,0,0.94,-8.15,0.0,0.0,0.0,0.0,0.0,0,90,0,0.02,0,False,False,False,False,False,False
1782456982.85,0,0,0,0,0,0.95,-8.16,0.0,0.0,0.0,0.0,0.0,0,90,0,0.02,0,False,False,False,False,False,False
1782456982.873,0,0,0,0,0,0.95,-8.15,0.0,0.0,0.0,0.0,0.0,0,90,0,0.02,0,False,False,False,False,False,False
1782456982.896,0,0,0,0,0,0.94,-8.13,0.0,0.0,0.0,0.0,0.0,0,90,0,0.02,0,False,False,False,False,False,False
1782456982.92,0,0,0,0,0,0.92,-8.14,0.0,0.0,0.0,0.0,0.0,0,90,0,0.02,0,False,False,False,False,False,False
1782456982.944,0,0,0,0,0,0.92,-8.18,0.0,0.0,0.0,0.0,0.0,0,90,0,0.02,0,False,False,False,False,False,False
1782456982.968,0,0,0,0,0,0.91,-8.18,0.0,0.0,0.0,0.0,0.0,0,90,0,0.02,0,False,False,False,False,False,False
1782456982.992,0,0,0,0,0,0.91,-8.15,0.0,0.0,0.0,0.0,0.0,0,90,0,0.02,0,False,False,False,False,False,False
1782456983.018,0,0,0,0,0,0.93,-8.14,0.0,0.0,0.0,0.0,0.0,0,90,0,0.02,0,False,False,False,False,False,False
1782456983.039,0,0,0,0,0,0.94,-8.15,0.0,0.0,0.0,0.0,0.0,0,90,0,0.02,0,False,False,False,False,False,False
1782456983.063,0,0,0,0,0,0.94,-8.14,0.0,0.0,0.0,0.0,0.0,0,90,0,0.02,0,False,False,False,False,False,False
1782456983.087,0,0,0,0,0,0.93,-8.11,0.0,0.0,0.0,0.0,0.0,0,90,0,0.02,0,False,False,False,False,False,False
1782456983.105,0,0,0,0,0,0.94,-8.1,0.0,0.0,0.0,0.0,0.0,0,90,0,0.02,0,False,False,False,False,False,False
1782456983.129,0,0,0,0,0,0.95,-8.1,0.0,0.0,0.0,0.0,0.0,0,90,0,0.02,0,False,False,False,False,False,False
1782456983.153,0,0,0,0,0,0.95,-8.07,0.0,0.0,0.0,0.0,0.0,0,90,0,0.02,0,False,False,False,False,False,False
1782456983.176,0,0,0,0,0,0.95,-8.03,0.0,0.0,0.0,0.0,0.0,0,90,0,0.02,0,False,False,False,False,False,False
1782456983.201,0,0,0,0,0,0.95,-8.03,0.0,0.0,0.0,0.0,0.0,0,90,0,0.02,0,False,False,False,False,False,False
1782456983.224,0,0,0,0,0,0.96,-8.05,0.0,0.0,0.0,0.0,0.0,0,90,0,0.02,0,False,False,False,False,False,False
1782456983.247,0,0,0,0,0,0.97,-8.05,0.0,0.0,0.0,0.0,0.0,0,90,0,0.02,0,False,False,False,False,False,False
1782456983.271,0,0,0,0,0,1.0,-8.03,0.0,0.0,0.0,0.0,0.0,0,90,0,0.02,0,False,False,False,False,False,False
1782456983.294,0,0,0,0,0,1.02,-7.97,0.0,0.0,0.0,0.0,0.0,0,90,0,0.02,0,False,False,False,False,False,False
1782456983.319,0,0,0,0,0,1.04,-7.91,0.0,0.0,0.0,0.0,0.0,0,90,0,0.02,0,False,False,False,False,False,False
1782456983.341,0,0,0,0,0,1.06,-7.92,0.0,0.0,0.0,0.0,0.0,0,90,0,0.02,0,False,False,False,False,False,False
1782456983.366,0,0,0,0,0,1.1,-7.82,0.0,0.0,0.0,0.0,0.0,0,90,0,0.02,0,False,False,False,False,False,False
1782456983.387,0,0,0,0,0,1.13,-7.45,0.0,0.0,0.0,0.0,0.0,0,90,0,0.02,0,False,False,False,False,False,False
1782456983.411,0,0,0,0,0,1.15,-7.02,0.0,0.0,0.0,0.0,0.0,0,90,0,0.02,0,False,False,False,False,False,False
1782456983.435,0,0,0,0,0,1.16,-6.74,0.0,0.0,0.0,0.0,0.0,0,90,0,0.02,0,False,False,False,False,False,False
1782456983.46,0,0,0,0,0,1.16,-6.54,0.0,0.0,0.0,0.0,0.0,0,90,0,0.02,0,False,False,False,False,False,False
1782456983.482,0,0,0,0,0,1.16,-6.25,0.0,0.0,0.0,0.0,0.0,0,90,0,0.02,0,False,False,False,False,False,False
1782456983.504,0,0,0,0,0,1.16,-6.02,0.0,0.0,0.0,0.0,0.0,0,90,0,0.02,0,False,False,False,False,False,False
1782456983.528,0,0,0,0,0,1.16,-5.79,0.0,0.0,0.0,0.0,0.0,0,90,0,0.02,0,False,False,False,False,False,False
1782456983.552,0,0,0,0,0,1.19,-5.11,0.0,0.0,0.0,0.0,0.0,0,90,0,0.02,0,False,False,False,False,False,False
1782456983.575,0,0,0,0,0,1.28,-4.24,0.0,0.0,0.0,0.0,0.0,0,90,0,0.02,0,False,False,False,False,False,False
1782456983.598,0,0,0,0,0,1.37,-3.64,0.0,0.0,0.0,0.0,0.0,0,90,0,0.02,0,False,False,False,False,False,False
1782456983.622,0,0,0,0,0,1.43,-3.3,0.0,0.0,0.0,0.0,0.0,0,90,0,0.02,0,False,False,False,False,False,False
1782456983.645,0,0,0,0,0,1.46,-3.14,0.0,0.0,0.0,0.0,0.0,0,90,0,0.02,0,False,False,False,False,False,False
1782456983.669,0,0,0,0,0,1.49,-3.13,0.0,0.0,0.0,0.0,0.0,0,90,0,0.02,0,False,False,False,False,False,False
1782456983.692,0,0,0,0,0,1.56,-3.25,0.0,0.0,0.0,0.0,0.0,0,90,0,0.02,0,False,False,False,False,False,False
1782456983.716,0,0,0,0,0,1.65,-3.46,0.0,0.0,0.0,0.0,0.0,0,90,0,0.02,0,False,False,False,False,False,False
1782456983.739,0,0,0,0,0,1.71,-3.71,0.0,0.0,0.0,0.0,0.0,0,90,0,0.02,0,False,False,False,False,False,False
1782456983.764,0,0,0,0,0,1.69,-3.96,0.0,0.0,0.0,0.0,0.0,0,90,0,0.02,0,False,False,False,False,False,False
1782456983.786,0,0,0,0,0,1.63,-4.17,0.0,0.0,0.0,0.0,0.0,0,90,0,0.02,0,False,False,False,False,False,False
1782456983.809,0,0,0,0,0,1.58,-4.38,0.0,0.0,0.0,0.0,0.0,0,90,0,0.02,0,False,False,False,False,False,False
1782456983.835,0,0,0,0,0,1.54,-4.66,0.0,0.0,0.0,0.0,0.0,0,90,0,0.02,0,False,False,False,False,False,False
1782456983.856,0,0,0,0,0,1.5,-4.93,0.0,0.0,0.0,0.0,0.0,0,90,0,0.02,0,False,False,False,False,False,False
1782456983.879,0,0,0,0,0,1.45,-5.06,0.0,0.0,0.0,0.0,0.0,0,90,0,0.02,0,False,False,False,False,False,False
1782456983.902,0,0,0,0,0,1.42,-5.0,0.0,0.0,0.0,0.0,0.0,0,90,0,0.02,0,False,False,False,False,False,False
1782456983.927,0,0,0,0,0,1.41,-4.87,0.0,0.0,0.0,0.0,0.0,0,90,0,0.02,0,False,False,False,False,False,False
1782456983.951,0,0,0,0,0,1.4,-4.8,0.0,0.0,0.0,0.0,0.0,0,90,0,0.02,0,False,False,False,False,False,False
1782456983.973,0,0,0,0,0,1.38,-4.9,0.0,0.0,0.0,0.0,0.0,0,90,0,0.02,0,False,False,False,False,False,False
1782456983.997,0,0,0,0,0,1.37,-5.07,0.0,0.0,0.0,0.0,0.0,0,90,0,0.02,0,False,False,False,False,False,False
1782456984.02,0,0,0,0,0,1.41,-5.1,0.0,0.0,0.0,0.0,0.0,0,90,0,0.01,0,False,False,False,False,False,False
1782456984.044,0,0,0,0,0,1.45,-5.1,0.0,0.0,0.0,0.0,0.0,0,90,0,0.01,0,False,False,False,False,False,False
1782456984.068,0,0,0,0,0,1.46,-5.26,0.0,0.0,0.0,0.0,0.0,0,90,0,0.01,0,False,False,False,False,False,False
1782456984.091,0,0,0,0,0,1.45,-5.31,0.0,0.0,0.0,0.0,0.0,0,90,0,0.01,0,False,False,False,False,False,False
1782456984.114,0,0,0,0,0,1.45,-5.14,0.0,0.0,0.0,0.0,0.0,0,90,0,0.01,0,False,False,False,False,False,False
1782456984.136,0,0,0,0,0,1.45,-4.82,0.0,0.0,0.0,0.0,0.0,0,90,0,0.01,0,False,False,False,False,False,False
1782456984.16,0,0,0,0,0,1.44,-4.47,0.0,0.0,0.0,0.0,0.0,0,90,0,0.01,0,False,False,False,False,False,False
1782456984.184,0,0,0,0,0,1.42,-4.16,0.0,0.0,0.0,0.0,0.0,0,90,0,0.01,0,False,False,False,False,False,False
1782456984.208,0,0,0,0,0,1.41,-3.93,0.0,0.0,0.0,0.0,0.0,0,90,0,0.02,0,False,False,False,False,False,False
1782456984.231,0,0,0,0,0,1.4,-3.81,0.0,0.0,0.0,0.0,0.0,0,90,0,0.01,0,False,False,False,False,False,False
1782456984.254,0,0,0,0,0,1.4,-3.8,0.0,0.0,0.0,0.0,0.0,0,90,0,0.02,0,False,False,False,False,False,False
1782456984.279,0,0,0,0,0,1.4,-3.86,0.0,0.0,0.0,0.0,0.0,0,90,0,0.02,0,False,False,False,False,False,False
1782456984.302,0,0,0,0,0,1.39,-3.91,0.0,0.0,0.0,0.0,0.0,0,90,0,0.02,0,False,False,False,False,False,False
1782456984.325,0,0,0,0,0,1.36,-3.92,0.0,0.0,0.0,0.0,0.0,0,90,0,0.02,0,False,False,False,False,False,False
1782456984.348,0,0,0,0,0,1.32,-3.87,0.0,0.0,0.0,0.0,0.0,0,90,0,0.02,0,False,False,False,False,False,False
1782456984.372,0,0,0,0,0,1.3,-3.83,0.0,0.0,0.0,0.0,0.0,0,90,0,0.02,0,False,False,False,False,False,False
1782456984.395,0,0,0,0,0,1.3,-3.82,0.0,0.0,0.0,0.0,0.0,0,90,0,0.02,0,False,False,False,False,False,False
1782456984.419,0,0,0,0,0,1.3,-3.8,0.0,0.0,0.0,0.0,0.0,0,90,0,0.02,0,False,False,False,False,False,False
1782456984.441,0,0,0,0,0,1.29,-3.74,0.0,0.0,0.0,0.0,0.0,0,90,0,0.02,0,False,False,False,False,False,False
1782456984.465,0,0,0,0,0,1.27,-3.66,0.0,0.0,0.0,0.0,0.0,0,90,0,0.02,0,False,False,False,False,False,False
1782456984.488,0,0,0,0,0,1.23,-3.59,0.0,0.0,0.0,0.0,0.0,0,90,0,0.02,0,False,False,False,False,False,False
1782456984.511,0,0,0,0,0,1.17,-3.52,0.0,0.0,0.0,0.0,0.0,0,90,0,0.02,0,False,False,False,False,False,False
1782456984.536,0,0,0,0,0,1.12,-3.44,0.0,0.0,0.0,0.0,0.0,0,90,0,0.02,0,False,False,False,False,False,False
1782456984.558,0,0,0,0,0,1.09,-3.37,0.0,0.0,0.0,0.0,0.0,0,90,0,0.02,0,False,False,False,False,False,False
1782456984.582,0,0,0,0,0,1.09,-3.28,0.0,0.0,0.0,0.0,0.0,0,90,0,0.02,0,False,False,False,False,False,False
1782456984.605,0,0,0,0,0,1.09,-3.19,0.0,0.0,0.0,0.0,0.0,0,90,0,0.02,0,False,False,False,False,False,False
1782456984.628,0,0,0,0,0,1.09,-3.11,0.0,0.0,0.0,0.0,0.0,0,90,0,0.02,0,False,False,False,False,False,False
1782456984.653,0,0,0,0,0,1.1,-3.07,0.0,0.0,0.0,0.0,0.0,0,90,0,0.02,0,False,False,False,False,False,False
1782456984.675,0,0,0,0,0,1.1,-3.1,0.0,0.0,0.0,0.0,0.0,0,90,0,0.02,0,False,False,False,False,False,False
1782456984.699,0,0,0,0,0,1.1,-3.15,0.0,0.0,0.0,0.0,0.0,0,90,0,0.02,0,False,False,False,False,False,False
1782456984.722,0,0,0,0,0,1.13,-3.17,0.0,0.0,0.0,0.0,0.0,0,90,0,0.02,0,False,False,False,False,False,False
1782456984.746,0,0,0,0,0,1.18,-3.21,0.0,0.0,0.0,0.0,0.0,0,90,0,0.02,0,False,False,False,False,False,False
1782456984.769,0,0,0,0,0,1.22,-3.3,0.0,0.0,0.0,0.0,0.0,0,90,0,0.02,0,False,False,False,False,False,False
1782456984.793,0,0,0,0,0,1.25,-3.4,0.0,0.0,0.0,0.0,0.0,0,90,0,0.02,0,False,False,False,False,False,False
1782456984.816,0,0,0,0,0,1.26,-3.43,0.0,0.0,0.0,0.0,0.0,0,90,0,0.02,0,False,False,False,False,False,False
1782456984.84,0,0,0,0,0,1.27,-3.41,0.0,0.0,0.0,0.0,0.0,0,90,0,0.02,0,False,False,False,False,False,False
1782456984.864,0,0,0,0,0,1.24,-3.41,0.0,0.0,0.0,0.0,0.0,0,90,0,0.02,0,False,False,False,False,False,False
1782456984.887,0,0,0,0,0,1.21,-3.45,0.0,0.0,0.0,0.0,0.0,0,90,0,0.02,0,False,False,False,False,False,False
1782456984.913,0,0,0,0,0,1.19,-3.48,0.0,0.0,0.0,0.0,0.0,0,90,0,0.02,0,False,False,False,False,False,False
1782456984.935,0,0,0,0,0,1.18,-3.46,0.0,0.0,0.0,0.0,0.0,0,90,0,0.02,0,False,False,False,False,False,False
1782456984.957,0,0,0,0,0,1.19,-3.4,0.0,0.0,0.0,0.0,0.0,0,90,0,0.02,0,False,False,False,False,False,False
1782456984.981,0,0,0,0,0,1.19,-3.36,0.0,0.0,0.0,0.0,0.0,0,90,0,0.02,0,False,False,False,False,False,False
1782456985.005,0,0,0,0,0,1.19,-3.39,0.0,0.0,0.0,0.0,0.0,0,90,0,0.02,0,False,False,False,False,False,False
1782456985.028,0,0,0,0,0,1.2,-3.44,0.0,0.0,0.0,0.0,0.0,0,90,0,0.02,0,False,False,False,False,False,False
1782456985.053,0,0,0,0,0,1.23,-3.44,0.0,0.0,0.0,0.0,0.0,0,90,0,0.02,0,False,False,False,False,False,False
1782456985.075,0,0,0,0,0,1.27,-3.41,0.0,0.0,0.0,0.0,0.0,0,90,0,0.02,0,False,False,False,False,False,False
1782456985.098,0,0,0,0,0,1.29,-3.38,0.0,0.0,0.0,0.0,0.0,0,90,0,0.02,0,False,False,False,False,False,False
1782456985.122,0,0,0,0,0,1.3,-3.41,0.0,0.0,0.0,0.0,0.0,0,90,0,0.02,0,False,False,False,False,False,False
1782456985.145,0,0,0,0,0,1.3,-3.46,0.0,0.0,0.0,0.0,0.0,0,90,0,0.02,0,False,False,False,False,False,False
1782456985.17,0,0,0,0,0,1.32,-3.47,0.0,0.0,0.0,0.0,0.0,0,90,0,0.02,0,False,False,False,False,False,False
1782456985.191,0,0,0,0,0,1.33,-3.52,0.0,0.0,0.0,0.0,0.0,0,90,0,0.02,0,False,False,False,False,False,False
1782456985.216,0,0,0,0,0,1.33,-3.72,0.0,0.0,0.0,0.0,0.0,0,90,0,0.02,0,False,False,False,False,False,False
1782456985.239,0,0,0,0,0,1.32,-3.91,0.0,0.0,0.0,0.0,0.0,0,90,0,0.01,0,False,False,False,False,False,False
1782456985.263,0,0,0,0,0,1.32,-3.96,0.0,0.0,0.0,0.0,0.0,0,90,0,0.01,0,False,False,False,False,False,False
1782456985.287,0,0,0,0,0,1.32,-3.92,0.0,0.0,0.0,0.0,0.0,0,90,0,0.01,0,False,False,False,False,False,False
1782456985.309,0,0,0,0,0,1.32,-3.9,0.0,0.0,0.0,0.0,0.0,0,90,0,0.01,0,False,False,False,False,False,False
1782456985.333,0,0,0,0,0,1.32,-3.97,0.0,0.0,0.0,0.0,0.0,0,90,0,0.01,0,False,False,False,False,False,False
1782456985.357,0,0,0,0,0,1.35,-4.09,0.0,0.0,0.0,0.0,0.0,0,90,0,0.01,0,False,False,False,False,False,False
1782456985.38,0,0,0,0,0,1.4,-4.19,0.0,0.0,0.0,0.0,0.0,0,90,0,0.01,0,False,False,False,False,False,False
1782456985.404,0,0,0,0,0,1.42,-4.24,0.0,0.0,0.0,0.0,0.0,0,90,0,0.01,0,False,False,False,False,False,False
1782456985.427,0,0,0,0,0,1.41,-4.21,0.0,0.0,0.0,0.0,0.0,0,90,0,0.01,0,False,False,False,False,False,False
1782456985.451,0,0,0,0,0,1.39,-4.15,0.0,0.0,0.0,0.0,0.0,0,90,0,0.01,0,False,False,False,False,False,False
1782456985.474,0,0,0,0,0,1.37,-4.14,0.0,0.0,0.0,0.0,0.0,0,90,0,0.01,0,False,False,False,False,False,False
1782456985.497,0,0,0,0,0,1.36,-4.2,0.0,0.0,0.0,0.0,0.0,0,90,0,0.01,0,False,False,False,False,False,False
1782456985.521,0,0,0,0,0,1.36,-4.28,0.0,0.0,0.0,0.0,0.0,0,90,0,0.01,0,False,False,False,False,False,False
1782456985.544,0,0,0,0,0,1.35,-4.3,0.0,0.0,0.0,0.0,0.0,0,90,0,0.01,0,False,False,False,False,False,False
1782456985.569,0,0,0,0,0,1.35,-4.26,0.0,0.0,0.0,0.0,0.0,0,90,0,0.01,0,False,False,False,False,False,False
1782456985.592,0,0,0,0,0,1.35,-4.25,0.0,0.0,0.0,0.0,0.0,0,90,0,0.01,0,False,False,False,False,False,False
1782456985.615,0,0,0,0,0,1.35,-4.28,0.0,0.0,0.0,0.0,0.0,0,90,0,0.01,0,False,False,False,False,False,False
1782456985.639,0,0,0,0,0,1.36,-4.3,0.0,0.0,0.0,0.0,0.0,0,90,0,0.01,0,False,False,False,False,False,False
1782456985.662,0,0,0,0,0,1.36,-4.28,0.0,0.0,0.0,0.0,0.0,0,90,0,0.01,0,False,False,False,False,False,False
1782456985.686,0,0,0,0,0,1.37,-4.26,0.0,0.0,0.0,0.0,0.0,0,90,0,0.01,0,False,False,False,False,False,False
1782456985.709,0,0,0,0,0,1.37,-4.26,0.0,0.0,0.0,0.0,0.0,0,90,0,0.01,0,False,False,False,False,False,False
1782456985.733,0,0,0,0,0,1.37,-4.25,0.0,0.0,0.0,0.0,0.0,0,90,0,0.01,0,False,False,False,False,False,False
1782456985.756,0,0,0,0,0,1.36,-4.22,0.0,0.0,0.0,0.0,0.0,0,90,0,0.01,0,False,False,False,False,False,False
1782456985.779,0,0,0,0,0,1.35,-4.21,0.0,0.0,0.0,0.0,0.0,0,90,0,0.0,0,False,False,False,False,False,False
1782456985.804,0,0,0,0,0,1.35,-4.22,0.0,0.0,0.0,0.0,0.0,0,90,0,0.0,0,False,False,False,False,False,False
1782456985.827,0,0,0,0,0,1.34,-4.21,0.0,0.0,0.0,0.0,0.0,0,90,0,0.0,0,False,False,False,False,False,False
1782456985.852,0,0,0,0,0,1.3,-4.21,0.0,0.0,0.0,0.0,0.0,0,90,0,0.0,0,False,False,False,False,False,False
1782456985.875,0,0,0,0,0,1.26,-4.22,0.0,0.0,0.0,0.0,0.0,0,90,0,0.0,0,False,False,False,False,False,False
1782456985.898,0,0,0,0,0,1.25,-4.2,0.0,0.0,0.0,0.0,0.0,0,90,0,0.0,0,False,False,False,False,False,False
1782456985.923,0,0,0,0,0,1.25,-4.17,0.0,0.0,0.0,0.0,0.0,0,90,0,0.0,0,False,False,False,False,False,False
1782456985.946,0,0,0,0,0,1.24,-4.16,0.0,0.0,0.0,0.0,0.0,0,90,0,0.0,0,False,False,False,False,False,False
1782456985.97,0,0,0,0,0,1.25,-4.15,0.0,0.0,0.0,0.0,0.0,0,90,0,0.0,0,False,False,False,False,False,False
1782456985.993,0,0,0,0,0,1.26,-4.13,0.0,0.0,0.0,0.0,0.0,0,90,0,0.0,0,False,False,False,False,False,False
1782456986.018,0,0,0,0,0,1.27,-4.13,0.0,0.0,0.0,0.0,0.0,0,90,0,0.0,0,False,False,False,False,False,False
1782456986.04,0,0,0,0,0,1.27,-4.12,0.0,0.0,0.0,0.0,0.0,0,90,0,0.0,0,False,False,False,False,False,False
1782456986.065,0,0,0,0,0,1.27,-4.11,0.0,0.0,0.0,0.0,0.0,0,90,0,0.0,0,False,False,False,False,False,False
1782456986.088,0,0,0,0,0,1.28,-4.12,0.0,0.0,0.0,0.0,0.0,0,90,0,0.0,0,False,False,False,False,False,False
1782456986.111,0,0,0,0,0,1.29,-4.14,0.0,0.0,0.0,0.0,0.0,0,90,0,0.0,0,False,False,False,False,False,False
1782456986.137,0,0,0,0,0,1.29,-4.16,0.0,0.0,0.0,0.0,0.0,0,90,0,0.0,0,False,False,False,False,False,False
1782456986.158,0,0,0,0,0,1.3,-4.17,0.0,0.0,0.0,0.0,0.0,0,90,0,0.0,0,False,False,False,False,False,False
1782456986.182,0,0,0,0,0,1.29,-4.17,0.0,0.0,0.0,0.0,0.0,0,90,0,0.0,0,False,False,False,False,False,False
1782456986.205,0,0,0,0,0,1.28,-4.3,0.0,0.0,0.0,0.0,0.0,0,90,0,0.0,0,False,False,False,False,False,False
1782456986.228,0,0,0,0,0,1.28,-4.67,0.0,0.0,0.0,0.0,0.0,0,90,0,0.0,0,False,False,False,False,False,False
1782456986.254,0,0,0,0,0,1.28,-5.09,0.0,0.0,0.0,0.0,0.0,0,90,0,0.0,0,False,False,False,False,False,False
1782456986.275,0,0,0,0,0,1.28,-5.36,0.0,0.0,0.0,0.0,0.0,0,90,0,0.0,0,False,False,False,False,False,False
1782456986.299,0,0,0,0,0,1.29,-5.53,0.0,0.0,0.0,0.0,0.0,0,90,0,0.0,0,False,False,False,False,False,False
1782456986.322,0,0,0,0,0,1.28,-5.61,0.0,0.0,0.0,0.0,0.0,0,90,0,0.0,0,False,False,False,False,False,False
1782456986.346,0,0,0,0,0,1.26,-5.64,0.0,0.0,0.0,0.0,0.0,0,90,0,0.0,0,False,False,False,False,False,False
1782456986.37,0,0,0,0,0,1.25,-5.59,0.0,0.0,0.0,0.0,0.0,0,90,0,0.0,0,False,False,False,False,False,False
1782456986.393,0,0,0,0,0,1.23,-5.5,0.0,0.0,0.0,0.0,0.0,0,90,0,0.0,0,False,False,False,False,False,False
1782456986.416,0,0,0,0,0,1.21,-5.38,0.0,0.0,0.0,0.0,0.0,0,90,0,0.0,0,False,False,False,False,False,False
1782456986.44,0,0,0,0,0,1.2,-5.27,0.0,0.0,0.0,0.0,0.0,0,90,0,0.0,0,False,False,False,False,False,False
1782456986.463,0,0,0,0,0,1.2,-5.16,0.0,0.0,0.0,0.0,0.0,0,90,0,0.0,0,False,False,False,False,False,False
1782456986.488,0,0,0,0,0,1.19,-5.06,0.0,0.0,0.0,0.0,0.0,0,90,0,0.0,0,False,False,False,False,False,False
1782456986.51,0,0,0,0,0,1.19,-4.96,0.0,0.0,0.0,0.0,0.0,0,90,0,0.0,0,False,False,False,False,False,False
1782456986.534,0,0,0,0,0,1.19,-4.88,0.0,0.0,0.0,0.0,0.0,0,90,0,0.0,0,False,False,False,False,False,False
1782456986.558,0,0,0,0,0,1.21,-4.81,0.0,0.0,0.0,0.0,0.0,0,90,0,0.0,0,False,False,False,False,False,False
1782456986.581,0,0,0,0,0,1.22,-4.76,0.0,0.0,0.0,0.0,0.0,0,90,0,0.0,0,False,False,False,False,False,False
1782456986.604,0,0,0,0,0,1.22,-4.69,0.0,0.0,0.0,0.0,0.0,0,90,0,0.0,0,False,False,False,False,False,False
1782456986.628,0,0,0,0,0,1.2,-4.63,0.0,0.0,0.0,0.0,0.0,0,90,0,0.0,0,False,False,False,False,False,False
1782456986.652,0,0,0,0,0,1.19,-4.59,0.0,0.0,0.0,0.0,0.0,0,90,0,0.0,0,False,False,False,False,False,False
1782456986.675,0,0,0,0,0,1.19,-4.58,0.0,0.0,0.0,0.0,0.0,0,90,0,0.0,0,False,False,False,False,False,False
1782456986.698,0,0,0,0,0,1.19,-4.56,0.0,0.0,0.0,0.0,0.0,0,90,0,0.0,0,False,False,False,False,False,False
1782456986.722,0,0,0,0,0,1.19,-4.54,0.0,0.0,0.0,0.0,0.0,0,90,0,0.0,0,False,False,False,False,False,False
1782456986.745,0,0,0,0,0,1.18,-4.52,0.0,0.0,0.0,0.0,0.0,0,90,0,0.0,0,False,False,False,False,False,False
1782456986.771,0,0,0,0,0,1.19,-4.48,0.0,0.0,0.0,0.0,0.0,0,90,0,0.0,0,False,False,False,False,False,False
1782456986.793,0,0,0,0,0,1.24,-4.45,0.0,0.0,0.0,0.0,0.0,0,90,0,0.0,0,False,False,False,False,False,False
1782456986.817,0,0,0,0,0,1.31,-4.43,0.0,0.0,0.0,0.0,0.0,0,90,0,0.0,0,False,False,False,False,False,False
1782456986.839,0,0,0,0,0,1.33,-4.4,0.0,0.0,0.0,0.0,0.0,0,90,0,0.0,0,False,False,False,False,False,False
1782456986.863,0,0,0,0,0,1.31,-4.36,0.0,0.0,0.0,0.0,0.0,0,90,0,0.0,0,False,False,False,False,False,False
1782456986.888,0,0,0,0,0,1.28,-4.33,0.0,0.0,0.0,0.0,0.0,0,90,0,0.0,0,False,False,False,False,False,False
1782456986.91,0,0,0,0,0,1.24,-4.31,0.0,0.0,0.0,0.0,0.0,0,90,0,0.0,0,False,False,False,False,False,False
1782456986.934,0,0,0,0,0,1.21,-4.28,0.0,0.0,0.0,0.0,0.0,0,90,0,0.0,0,False,False,False,False,False,False
1782456986.958,0,0,0,0,0,1.2,-4.24,0.0,0.0,0.0,0.0,0.0,0,90,0,0.0,0,False,False,False,False,False,False
1782456986.981,0,0,0,0,0,1.2,-4.19,0.0,0.0,0.0,0.0,0.0,0,90,0,0.0,0,False,False,False,False,False,False
1782456987.005,0,0,0,0,0,1.21,-4.15,0.0,0.0,0.0,0.0,0.0,0,90,0,0.0,0,False,False,False,False,False,False
1782456987.028,0,0,0,0,0,1.24,-4.1,0.0,0.0,0.0,0.0,0.0,0,90,0,0.0,0,False,False,False,False,False,False
1782456987.052,0,0,0,0,0,1.27,-4.07,0.0,0.0,0.0,0.0,0.0,0,90,0,0.0,0,False,False,False,False,False,False
1782456987.075,0,0,0,0,0,1.28,-4.07,0.0,0.0,0.0,0.0,0.0,0,90,0,0.0,0,False,False,False,False,False,False
1782456987.099,0,0,0,0,0,1.29,-4.08,0.0,0.0,0.0,0.0,0.0,0,90,0,0.0,0,False,False,False,False,False,False
1782456987.121,0,0,0,0,0,1.29,-4.08,0.0,0.0,0.0,0.0,0.0,0,90,0,0.0,0,False,False,False,False,False,False
1782456987.145,0,0,0,0,0,1.29,-4.11,0.0,0.0,0.0,0.0,0.0,0,90,0,0.0,0,False,False,False,False,False,False
1782456987.169,0,0,0,0,0,1.29,-4.16,0.0,0.0,0.0,0.0,0.0,0,90,0,0.0,0,False,False,False,False,False,False
1782456987.192,0,0,0,0,0,1.29,-4.18,0.0,0.0,0.0,0.0,0.0,0,90,0,0.0,0,False,False,False,False,False,False
1782456987.217,0,0,0,0,0,1.3,-4.17,0.0,0.0,0.0,0.0,0.0,0,90,0,0.0,0,False,False,False,False,False,False
1782456987.24,0,0,0,0,0,1.29,-4.17,0.0,0.0,0.0,0.0,0.0,0,90,0,0.0,0,False,False,False,False,False,False
1782456987.263,0,0,0,0,0,1.27,-4.18,0.0,0.0,0.0,0.0,0.0,0,90,0,0.0,0,False,False,False,False,False,False
1782456987.289,0,0,0,0,0,1.24,-4.18,0.0,0.0,0.0,0.0,0.0,0,90,0,0.0,0,False,False,False,False,False,False
1782456987.311,0,0,0,0,0,1.24,-4.19,0.0,0.0,0.0,0.0,0.0,0,90,0,0.0,0,False,False,False,False,False,False
1782456987.334,0,0,0,0,0,1.27,-4.21,0.0,0.0,0.0,0.0,0.0,0,90,0,0.0,0,False,False,False,False,False,False
1782456987.358,0,0,0,0,0,1.3,-4.19,0.0,0.0,0.0,0.0,0.0,0,90,0,0.0,0,False,False,False,False,False,False
1782456987.382,0,0,0,0,0,1.33,-4.13,0.0,0.0,0.0,0.0,0.0,0,90,0,0.0,0,False,False,False,False,False,False
1782456987.405,0,0,0,0,0,1.35,-4.08,0.0,0.0,0.0,0.0,0.0,0,90,0,0.0,0,False,False,False,False,False,False
1782456987.429,0,0,0,0,0,1.35,-4.08,0.0,0.0,0.0,0.0,0.0,0,90,0,0.0,0,False,False,False,False,False,False
1782456987.452,0,0,0,0,0,1.34,-4.14,0.0,0.0,0.0,0.0,0.0,0,90,0,0.0,0,False,False,False,False,False,False
1782456987.475,0,0,0,0,0,1.31,-4.25,0.0,0.0,0.0,0.0,0.0,0,90,0,0.0,0,False,False,False,False,False,False
1782456987.498,0,0,0,0,0,1.31,-4.36,0.0,0.0,0.0,0.0,0.0,0,90,0,0.0,0,False,False,False,False,False,False
1782456987.522,0,0,0,0,0,1.31,-4.52,0.0,0.0,0.0,0.0,0.0,0,90,0,0.0,0,False,False,False,False,False,False
1782456987.545,0,0,0,0,0,1.29,-4.74,0.0,0.0,0.0,0.0,0.0,0,90,0,0.0,0,False,False,False,False,False,False
1782456987.571,0,0,0,0,0,1.25,-4.96,0.0,0.0,0.0,0.0,0.0,0,90,0,0.0,0,False,False,False,False,False,False
1782456987.593,0,0,0,0,0,1.2,-5.17,0.0,0.0,0.0,0.0,0.0,0,90,0,0.0,0,False,False,False,False,False,False
1782456987.615,0,0,0,0,0,1.16,-5.39,0.0,0.0,0.0,0.0,0.0,0,90,0,0.0,0,False,False,False,False,False,False
1782456987.641,0,0,0,0,0,1.14,-5.66,0.0,0.0,0.0,0.0,0.0,0,90,0,0.0,0,False,False,False,False,False,False
1782456987.662,0,0,0,0,0,1.16,-5.96,0.0,0.0,0.0,0.0,0.0,0,90,0,0.0,0,False,False,False,False,False,False
1782456987.687,0,0,0,0,0,1.18,-6.26,0.0,0.0,0.0,0.0,0.0,0,90,0,0.0,0,False,False,False,False,False,False
1782456987.71,0,0,0,0,0,1.2,-6.5,0.0,0.0,0.0,0.0,0.0,0,90,0,0.0,0,False,False,False,False,False,False
1782456987.734,0,0,0,0,0,1.19,-6.67,0.0,0.0,0.0,0.0,0.0,0,90,0,0.0,0,False,False,False,False,False,False
1782456987.756,0,0,0,0,0,1.16,-6.83,0.0,0.0,0.0,0.0,0.0,0,90,0,0.0,0,False,False,False,False,False,False
1782456987.78,0,0,0,0,0,1.13,-6.99,0.0,0.0,0.0,0.0,0.0,0,90,0,0.0,0,False,False,False,False,False,False
1782456987.805,0,0,0,0,0,1.1,-7.11,0.0,0.0,0.0,0.0,0.0,0,90,0,0.0,0,False,False,False,False,False,False
1782456987.827,0,0,0,0,0,1.08,-7.2,0.0,0.0,0.0,0.0,0.0,0,90,0,0.0,0,False,False,False,False,False,False
1782456987.851,0,0,0,0,0,1.07,-7.33,0.0,0.0,0.0,0.0,0.0,0,90,0,0.0,0,False,False,False,False,False,False
1782456987.873,0,0,0,0,0,1.07,-7.48,0.0,0.0,0.0,0.0,0.0,0,90,0,0.0,0,False,False,False,False,False,False
1782456987.898,0,0,0,0,0,1.09,-7.57,0.0,0.0,0.0,0.0,0.0,0,90,0,0.0,0,False,False,False,False,False,False
1782456987.923,0,0,0,0,0,1.1,-7.65,0.0,0.0,0.0,0.0,0.0,0,90,0,0.0,0,False,False,False,False,False,False
1782456987.945,0,0,0,0,0,1.11,-7.78,0.0,0.0,0.0,0.0,0.0,0,90,0,0.0,0,False,False,False,False,False,False
1782456987.968,0,0,0,0,0,1.13,-7.95,0.0,0.0,0.0,0.0,0.0,0,90,0,0.0,0,False,False,False,False,False,False
1782456987.992,0,0,0,0,0,1.16,-8.12,0.0,0.0,0.0,0.0,0.0,0,90,0,0.0,0,False,False,False,False,False,False
1782456988.015,0,0,0,0,0,1.17,-8.26,0.0,0.0,0.0,0.0,0.0,0,90,0,0.0,0,False,False,False,False,False,False
1782456988.04,0,0,0,0,0,1.15,-8.33,0.0,0.0,0.0,0.0,0.0,0,90,0,0.0,0,False,False,False,False,False,False
1782456988.062,0,0,0,0,0,1.11,-8.34,0.0,0.0,0.0,0.0,0.0,0,90,0,0.0,0,False,False,False,False,False,False
1782456988.086,0,0,0,0,0,1.06,-8.35,0.0,0.0,0.0,0.0,0.0,0,90,0,0.0,0,False,False,False,False,False,False
1782456988.109,0,0,0,0,0,1.02,-8.38,0.0,0.0,0.0,0.0,0.0,0,90,0,0.0,0,False,False,False,False,False,False
1782456988.132,0,0,0,0,0,1.0,-8.41,0.0,0.0,0.0,0.0,0.0,0,90,0,0.0,0,False,False,False,False,False,False
1782456988.156,0,0,0,0,0,1.0,-8.4,0.0,0.0,0.0,0.0,0.0,0,90,0,0.0,0,False,False,False,False,False,False
1782456988.178,0,0,0,0,0,1.01,-8.36,0.0,0.0,0.0,0.0,0.0,0,90,0,0.0,0,False,False,False,False,False,False
1782456988.202,0,0,0,0,0,1.03,-8.34,0.0,0.0,0.0,0.0,0.0,0,90,0,0.0,0,False,False,False,False,False,False
1782456988.226,0,0,0,0,0,1.03,-8.33,0.0,0.0,0.0,0.0,0.0,0,90,0,0.0,0,False,False,False,False,False,False
1782456988.25,0,0,0,0,0,1.05,-8.16,0.0,0.0,0.0,0.0,0.0,0,90,0,0.0,0,False,False,False,False,False,False
1782456988.272,0,0,0,0,0,1.13,-7.64,0.0,0.0,0.0,0.0,0.0,0,90,0,0.0,0,False,False,False,False,False,False
1782456988.297,0,0,0,0,0,1.22,-6.91,0.0,0.0,0.0,0.0,0.0,0,90,0,0.0,0,False,False,False,False,False,False
1782456988.321,0,0,0,0,0,1.29,-6.17,0.0,0.0,0.0,0.0,0.0,0,90,0,0.0,0,False,False,False,False,False,False
1782456988.343,0,0,0,0,0,1.34,-5.46,0.0,0.0,0.0,0.0,0.0,0,90,0,0.0,0,False,False,False,False,False,False
1782456988.366,0,0,0,0,0,1.38,-4.82,0.0,0.0,0.0,0.0,0.0,0,90,0,0.0,0,False,False,False,False,False,False
1782456988.39,0,0,0,0,0,1.43,-4.28,0.0,0.0,0.0,0.0,0.0,0,90,0,0.0,0,False,False,False,False,False,False
1782456988.412,0,0,0,0,0,1.49,-3.88,0.0,0.0,0.0,0.0,0.0,0,90,0,0.0,0,False,False,False,False,False,False
1782456988.436,0,0,0,0,0,1.54,-3.63,0.0,0.0,0.0,0.0,0.0,0,90,0,0.01,0,False,False,False,False,False,False
1782456988.459,0,0,0,0,0,1.55,-3.53,0.0,0.0,0.0,0.0,0.0,0,90,0,0.01,0,False,False,False,False,False,False
1782456988.484,0,0,0,0,0,1.56,-3.53,0.0,0.0,0.0,0.0,0.0,0,90,0,0.01,0,False,False,False,False,False,False
1782456988.509,0,0,0,0,0,1.57,-3.55,0.0,0.0,0.0,0.0,0.0,0,90,0,0.01,0,False,False,False,False,False,False
1782456988.53,0,0,0,0,0,1.56,-3.55,0.0,0.0,0.0,0.0,0.0,0,90,0,0.01,0,False,False,False,False,False,False
1782456988.555,0,0,0,0,0,1.54,-3.55,0.0,0.0,0.0,0.0,0.0,0,90,0,0.01,0,False,False,False,False,False,False
1782456988.576,0,0,0,0,0,1.52,-3.58,0.0,0.0,0.0,0.0,0.0,0,90,0,0.01,0,False,False,False,False,False,False
1782456988.6,0,0,0,0,0,1.5,-3.63,0.0,0.0,0.0,0.0,0.0,0,90,0,0.01,0,False,False,False,False,False,False
1782456988.625,0,0,0,0,0,1.49,-3.73,0.0,0.0,0.0,0.0,0.0,0,90,0,0.01,0,False,False,False,False,False,False
1782456988.648,0,0,0,0,0,1.49,-3.85,0.0,0.0,0.0,0.0,0.0,0,90,0,0.01,0,False,False,False,False,False,False
1782456988.672,0,0,0,0,0,1.49,-3.95,0.0,0.0,0.0,0.0,0.0,0,90,0,0.01,0,False,False,False,False,False,False
1782456988.694,0,0,0,0,0,1.47,-4.09,0.0,0.0,0.0,0.0,0.0,0,90,0,0.01,0,False,False,False,False,False,False
1782456988.718,0,0,0,0,0,1.43,-4.2,0.0,0.0,0.0,0.0,0.0,0,90,0,0.01,0,False,False,False,False,False,False
1782456988.741,0,0,0,0,0,1.41,-4.32,0.0,0.0,0.0,0.0,0.0,0,90,0,0.02,0,False,False,False,False,False,False
1782456988.764,0,0,0,0,0,1.39,-4.7,0.0,0.0,0.0,0.0,0.0,0,90,0,0.02,0,False,False,False,False,False,False
1782456988.788,0,0,0,0,0,1.37,-5.23,0.0,0.0,0.0,0.0,0.0,0,90,0,0.02,0,False,False,False,False,False,False
1782456988.811,0,0,0,0,0,1.36,-5.66,0.0,0.0,0.0,0.0,0.0,0,90,0,0.02,0,False,False,False,False,False,False
1782456988.834,0,0,0,0,0,1.34,-5.96,0.0,0.0,0.0,0.0,0.0,0,90,0,0.02,0,False,False,False,False,False,False
1782456988.858,0,0,0,0,0,1.33,-6.19,0.0,0.0,0.0,0.0,0.0,0,90,0,0.02,0,False,False,False,False,False,False
1782456988.882,0,0,0,0,0,1.32,-6.41,0.0,0.0,0.0,0.0,0.0,0,90,0,0.02,0,False,False,False,False,False,False
1782456988.904,0,0,0,0,0,1.31,-6.63,0.0,0.0,0.0,0.0,0.0,0,90,0,0.02,0,False,False,False,False,False,False
1782456988.928,0,0,0,0,0,1.31,-6.83,0.0,0.0,0.0,0.0,0.0,0,90,0,0.02,0,False,False,False,False,False,False
1782456988.951,0,0,0,0,0,1.31,-6.99,0.0,0.0,0.0,0.0,0.0,0,90,0,0.02,0,False,False,False,False,False,False
1782456988.975,0,0,0,0,0,1.28,-7.12,0.0,0.0,0.0,0.0,0.0,0,90,0,0.02,0,False,False,False,False,False,False
1782456988.998,0,0,0,0,0,1.2,-7.23,0.0,0.0,0.0,0.0,0.0,0,90,0,0.02,0,False,False,False,False,False,False
1782456989.024,0,0,0,0,0,1.13,-7.38,0.0,0.0,0.0,0.0,0.0,0,90,0,0.02,0,False,False,False,False,False,False
1782456989.045,0,0,0,0,0,1.13,-7.55,0.0,0.0,0.0,0.0,0.0,0,90,0,0.02,0,False,False,False,False,False,False
1782456989.069,0,0,0,0,0,1.15,-7.68,0.0,0.0,0.0,0.0,0.0,0,90,0,0.02,0,False,False,False,False,False,False
1782456989.092,0,0,0,0,0,1.17,-7.69,0.0,0.0,0.0,0.0,0.0,0,90,0,0.02,0,False,False,False,False,False,False
1782456989.116,0,0,0,0,0,1.19,-7.59,0.0,0.0,0.0,0.0,0.0,0,90,0,0.02,0,False,False,False,False,False,False
1782456989.14,0,0,0,0,0,1.2,-7.45,0.0,0.0,0.0,0.0,0.0,0,90,0,0.02,0,False,False,False,False,False,False
1782456989.163,0,0,0,0,0,1.2,-7.35,0.0,0.0,0.0,0.0,0.0,0,90,0,0.02,0,False,False,False,False,False,False
1782456989.186,0,0,0,0,0,1.18,-7.31,0.0,0.0,0.0,0.0,0.0,0,90,0,0.02,0,False,False,False,False,False,False
1782456989.21,0,0,0,0,0,1.17,-7.33,0.0,0.0,0.0,0.0,0.0,0,90,0,0.02,0,False,False,False,False,False,False
1782456989.233,0,0,0,0,0,1.16,-7.43,0.0,0.0,0.0,0.0,0.0,0,90,0,0.02,0,False,False,False,False,False,False
1782456989.258,0,0,0,0,0,1.16,-7.55,0.0,0.0,0.0,0.0,0.0,0,90,0,0.02,0,False,False,False,False,False,False
1782456989.279,0,0,0,0,0,1.16,-7.6,0.0,0.0,0.0,0.0,0.0,0,90,0,0.02,0,False,False,False,False,False,False
1782456989.306,0,0,0,0,0,1.16,-7.57,0.0,0.0,0.0,0.0,0.0,0,90,0,0.02,0,False,False,False,False,False,False
1782456989.327,0,0,0,0,0,1.15,-7.52,0.0,0.0,0.0,0.0,0.0,0,90,0,0.02,0,False,False,False,False,False,False
1782456989.35,0,0,0,0,0,1.14,-7.52,0.0,0.0,0.0,0.0,0.0,0,90,0,0.02,0,False,False,False,False,False,False
1782456989.375,0,0,0,0,0,1.14,-7.59,0.0,0.0,0.0,0.0,0.0,0,90,0,0.02,0,False,False,False,False,False,False
1782456989.397,0,0,0,0,0,1.14,-7.65,0.0,0.0,0.0,0.0,0.0,0,90,0,0.02,0,False,False,False,False,False,False
1782456989.42,0,0,0,0,0,1.13,-7.64,0.0,0.0,0.0,0.0,0.0,0,90,0,0.02,0,False,False,False,False,False,False
1782456989.445,0,0,0,0,0,1.11,-7.6,0.0,0.0,0.0,0.0,0.0,0,90,0,0.02,0,False,False,False,False,False,False
1782456989.469,0,0,0,0,0,1.11,-7.61,0.0,0.0,0.0,0.0,0.0,0,90,0,0.02,0,False,False,False,False,False,False
1782456989.491,0,0,0,0,0,1.1,-7.67,0.0,0.0,0.0,0.0,0.0,0,90,0,0.02,0,False,False,False,False,False,False
1782456989.515,0,0,0,0,0,1.1,-7.72,0.0,0.0,0.0,0.0,0.0,0,90,0,0.02,0,False,False,False,False,False,False
1782456989.54,0,0,0,0,0,1.1,-7.69,0.0,0.0,0.0,0.0,0.0,0,90,0,0.02,0,False,False,False,False,False,False
1782456989.562,0,0,0,0,0,1.1,-7.62,0.0,0.0,0.0,0.0,0.0,0,90,0,0.02,0,False,False,False,False,False,False
1782456989.585,0,0,0,0,0,1.1,-7.55,0.0,0.0,0.0,0.0,0.0,0,90,0,0.02,0,False,False,False,False,False,False
1782456989.609,0,0,0,0,0,1.12,-7.56,0.0,0.0,0.0,0.0,0.0,0,90,0,0.02,0,False,False,False,False,False,False
1782456989.632,0,0,0,0,0,1.14,-7.65,0.0,0.0,0.0,0.0,0.0,0,90,0,0.02,0,False,False,False,False,False,False
1782456989.657,0,0,0,0,0,1.17,-7.75,0.0,0.0,0.0,0.0,0.0,0,90,0,0.02,0,False,False,False,False,False,False
1782456989.679,0,0,0,0,0,1.18,-7.8,0.0,0.0,0.0,0.0,0.0,0,90,0,0.02,0,False,False,False,False,False,False
1782456989.703,0,0,0,0,0,1.16,-7.79,0.0,0.0,0.0,0.0,0.0,0,90,0,0.02,0,False,False,False,False,False,False
1782456989.726,0,0,0,0,0,1.15,-7.78,0.0,0.0,0.0,0.0,0.0,0,90,0,0.02,0,False,False,False,False,False,False
1782456989.75,0,0,0,0,0,1.16,-7.81,0.0,0.0,0.0,0.0,0.0,0,90,0,0.02,0,False,False,False,False,False,False
1782456989.774,0,0,0,0,0,1.2,-7.84,0.0,0.0,0.0,0.0,0.0,0,90,0,0.02,0,False,False,False,False,False,False
1782456989.796,0,0,0,0,0,1.26,-7.83,0.0,0.0,0.0,0.0,0.0,0,90,0,0.02,0,False,False,False,False,False,False
1782456989.82,0,0,0,0,0,1.3,-7.79,0.0,0.0,0.0,0.0,0.0,0,90,0,0.02,0,False,False,False,False,False,False
1782456989.842,0,0,0,0,0,1.36,-7.65,0.0,0.0,0.0,0.0,0.0,0,90,0,0.02,0,False,False,False,False,False,False
1782456989.866,0,0,0,0,0,1.43,-6.85,0.0,0.0,0.0,0.0,0.0,0,90,0,0.01,0,False,False,False,False,False,False
1782456989.891,0,0,0,0,0,1.5,-5.21,0.0,0.0,0.0,0.0,0.0,0,90,0,0.01,0,False,False,False,False,False,False
1782456989.914,0,0,0,0,0,1.51,-3.84,0.0,0.0,0.0,0.0,0.0,0,90,0,0.01,0,False,False,False,False,False,False
1782456989.936,0,0,0,0,0,1.48,-3.45,0.0,0.0,0.0,0.0,0.0,0,90,0,0.01,0,False,False,False,False,False,False
1782456989.96,0,0,0,0,0,1.47,-3.59,0.0,0.0,0.0,0.0,0.0,0,90,0,0.01,0,False,False,False,False,False,False
1782456989.983,0,0,0,0,0,1.5,-3.83,0.0,0.0,0.0,0.0,0.0,0,90,0,0.02,0,False,False,False,False,False,False
1782456990.007,0,0,0,0,0,1.54,-4.0,0.0,0.0,0.0,0.0,0.0,0,90,0,0.02,0,False,False,False,False,False,False
1782456990.03,0,0,0,0,0,1.55,-4.14,0.0,0.0,0.0,0.0,0.0,0,90,0,0.03,0,False,False,False,False,False,False
1782456990.053,0,0,0,0,0,1.53,-4.26,0.0,0.0,0.0,0.0,0.0,0,90,0,0.03,0,False,False,False,False,False,False
1782456990.077,0,0,0,0,0,1.51,-4.37,0.0,0.0,0.0,0.0,0.0,0,90,0,0.03,0,False,False,False,False,False,False
1782456990.1,0,0,0,0,0,1.5,-4.51,0.0,0.0,0.0,0.0,0.0,0,90,0,0.04,0,False,False,False,False,False,False
1782456990.124,0,0,0,0,0,1.49,-4.64,0.0,0.0,0.0,0.0,0.0,0,90,0,0.05,0,False,False,False,False,False,False
1782456990.146,0,0,0,0,0,1.47,-4.72,0.0,0.0,0.0,0.0,0.0,0,90,0,0.06,0,False,False,False,False,False,False
1782456990.171,0,0,0,0,0,1.44,-4.78,0.0,0.0,0.0,0.0,0.0,0,90,0,0.06,0,False,False,False,False,False,False
1782456990.194,0,0,0,0,0,1.4,-4.87,0.0,0.0,0.0,0.0,0.0,0,90,0,0.06,0,False,False,False,False,False,False
1782456990.218,0,0,0,0,0,1.36,-5.02,0.0,0.0,0.0,0.0,0.0,0,90,0,0.06,0,False,False,False,False,False,False
1782456990.242,0,0,0,0,0,1.34,-5.17,0.0,0.0,0.0,0.0,0.0,0,90,0,0.07,0,False,False,False,False,False,False
1782456990.264,0,0,0,0,0,1.33,-5.32,0.0,0.0,0.0,0.0,0.0,0,90,0,0.07,0,False,False,False,False,False,False
1782456990.289,0,0,0,0,0,1.31,-5.41,0.0,0.0,0.0,0.0,0.0,0,90,0,0.07,0,False,False,False,False,False,False
1782456990.311,0,0,0,0,0,1.29,-5.43,0.0,0.0,0.0,0.0,0.0,0,90,0,0.07,0,False,False,False,False,False,False
1782456990.335,0,0,0,0,0,1.3,-5.39,0.0,0.0,0.0,0.0,0.0,0,90,0,0.07,0,False,False,False,False,False,False
1782456990.358,0,0,0,0,0,1.3,-5.36,0.0,0.0,0.0,0.0,0.0,0,90,0,0.07,0,False,False,False,False,False,False
1782456990.382,0,0,0,0,0,1.3,-5.36,0.0,0.0,0.0,0.0,0.0,0,90,0,0.07,0,False,False,False,False,False,False
1782456990.405,0,0,0,0,0,1.29,-5.47,0.0,0.0,0.0,0.0,0.0,0,90,0,0.07,0,False,False,False,False,False,False
1782456990.428,0,0,0,0,0,1.31,-5.76,0.0,0.0,0.0,0.0,0.0,0,90,0,0.07,0,False,False,False,False,False,False
1782456990.452,0,0,0,0,0,1.35,-6.17,0.0,0.0,0.0,0.0,0.0,0,90,0,0.07,0,False,False,False,False,False,False
1782456990.475,0,0,0,0,0,1.36,-6.59,0.0,0.0,0.0,0.0,0.0,0,90,0,0.07,0,False,False,False,False,False,False
1782456990.498,0,0,0,0,0,1.35,-6.98,0.0,0.0,0.0,0.0,0.0,0,90,0,0.07,0,False,False,False,False,False,False
1782456990.525,0,0,0,0,0,1.35,-7.32,0.0,0.0,0.0,0.0,0.0,0,90,0,0.08,0,False,False,False,False,False,False
1782456990.546,0,0,0,0,0,1.34,-7.6,0.0,0.0,0.0,0.0,0.0,0,90,0,0.07,0,False,False,False,False,False,False
1782456990.569,0,0,0,0,0,1.33,-7.89,0.0,0.0,0.0,0.0,0.0,0,90,0,0.07,0,False,False,False,False,False,False
1782456990.592,0,0,0,0,0,1.32,-8.21,0.0,0.0,0.0,0.0,0.0,0,90,0,0.08,0,False,False,False,False,False,False
1782456990.618,0,0,0,0,0,1.34,-8.56,0.0,0.0,0.0,0.0,0.0,0,90,0,0.08,0,False,False,False,False,False,False
1782456990.641,0,0,0,0,0,1.35,-8.9,0.0,0.0,0.0,0.0,0.0,0,90,0,0.08,0,False,False,False,False,False,False
1782456990.663,0,0,0,0,0,1.39,-9.18,0.0,0.0,0.0,0.0,0.0,0,90,0,0.08,0,False,False,False,False,False,False
1782456990.687,0,0,0,0,0,1.48,-9.38,0.0,0.0,0.0,0.0,0.0,0,90,0,0.08,0,False,False,False,False,False,False
1782456990.709,0,0,0,0,0,1.56,-9.52,0.0,0.0,0.0,0.0,0.0,0,90,0,0.08,0,False,False,False,False,False,False
1782456990.733,0,0,0,0,0,1.6,-9.64,0.0,0.0,0.0,0.0,0.0,0,90,0,0.08,0,False,False,False,False,False,False
1782456990.758,0,0,0,0,0,1.64,-9.76,0.0,0.0,0.0,0.0,0.0,0,90,0,0.08,0,False,False,False,False,False,False
1782456990.78,0,0,0,0,0,1.62,-9.86,0.0,0.0,0.0,0.0,0.0,0,90,0,0.08,0,False,False,False,False,False,False
1782456990.803,0,0,0,0,0,1.57,-9.88,0.0,0.0,0.0,0.0,0.0,0,90,0,0.08,0,False,False,False,False,False,False
1782456990.827,0,0,0,0,0,1.52,-9.82,0.0,0.0,0.0,0.0,0.0,0,90,0,0.08,0,False,False,False,False,False,False
1782456990.851,0,0,0,0,0,1.44,-9.72,0.0,0.0,0.0,0.0,0.0,0,90,0,0.08,0,False,False,False,False,False,False
1782456990.875,0,0,0,0,0,1.38,-9.64,0.0,0.0,0.0,0.0,0.0,0,90,0,0.08,0,False,False,False,False,False,False
1782456990.898,0,0,0,0,0,1.37,-9.54,0.0,0.0,0.0,0.0,0.0,0,90,0,0.08,0,False,False,False,False,False,False
1782456990.922,0,0,0,0,0,1.37,-9.27,0.0,0.0,0.0,0.0,0.0,0,90,0,0.08,0,False,False,False,False,False,False
1782456990.945,0,0,0,0,0,1.35,-8.87,0.0,0.0,0.0,0.0,0.0,0,90,0,0.08,0,False,False,False,False,False,False
1782456990.969,0,0,0,0,0,1.29,-8.5,0.0,0.0,0.0,0.0,0.0,0,90,0,0.08,0,False,False,False,False,False,False
1782456990.993,0,0,0,0,0,1.25,-8.14,0.0,0.0,0.0,0.0,0.0,0,90,0,0.08,0,False,False,False,False,False,False
1782456991.015,0,0,0,0,0,1.25,-7.76,0.0,0.0,0.0,0.0,0.0,0,90,0,0.08,0,False,False,False,False,False,False
1782456991.041,0,0,0,0,0,1.26,-7.4,0.0,0.0,0.0,0.0,0.0,0,90,0,0.08,0,False,False,False,False,False,False
1782456991.063,0,0,0,0,0,1.27,-7.06,0.0,0.0,0.0,0.0,0.0,0,90,0,0.08,0,False,False,False,False,False,False
1782456991.085,0,0,0,0,0,1.25,-6.73,0.0,0.0,0.0,0.0,0.0,0,90,0,0.08,0,False,False,False,False,False,False
1782456991.108,0,0,0,0,0,1.25,-6.38,0.0,0.0,0.0,0.0,0.0,0,90,0,0.08,0,False,False,False,False,False,False
1782456991.132,0,0,0,0,0,1.27,-6.01,0.0,0.0,0.0,0.0,0.0,0,90,0,0.08,0,False,False,False,False,False,False
1782456991.155,0,0,0,0,0,1.32,-5.67,0.0,0.0,0.0,0.0,0.0,0,90,0,0.08,0,False,False,False,False,False,False
1782456991.179,0,0,0,0,0,1.37,-5.39,0.0,0.0,0.0,0.0,0.0,0,90,0,0.08,0,False,False,False,False,False,False
1782456991.202,0,0,0,0,0,1.39,-5.16,0.0,0.0,0.0,0.0,0.0,0,90,0,0.08,0,False,False,False,False,False,False
1782456991.226,0,0,0,0,0,1.4,-4.98,0.0,0.0,0.0,0.0,0.0,0,90,0,0.08,0,False,False,False,False,False,False
1782456991.25,0,0,0,0,0,1.41,-4.84,0.0,0.0,0.0,0.0,0.0,0,90,0,0.08,0,False,False,False,False,False,False
1782456991.273,0,0,0,0,0,1.42,-4.72,0.0,0.0,0.0,0.0,0.0,0,90,0,0.08,0,False,False,False,False,False,False
1782456991.297,0,0,0,0,0,1.44,-4.6,0.0,0.0,0.0,0.0,0.0,0,90,0,0.07,0,False,False,False,False,False,False
1782456991.32,0,0,0,0,0,1.47,-4.51,0.0,0.0,0.0,0.0,0.0,0,90,0,0.07,0,False,False,False,False,False,False
1782456991.343,0,0,0,0,0,1.47,-4.42,0.0,0.0,0.0,0.0,0.0,0,90,0,0.07,0,False,False,False,False,False,False
1782456991.366,0,0,0,0,0,1.45,-4.34,0.0,0.0,0.0,0.0,0.0,0,90,0,0.07,0,False,False,False,False,False,False
1782456991.392,0,0,0,0,0,1.43,-4.27,0.0,0.0,0.0,0.0,0.0,0,90,0,0.07,0,False,False,False,False,False,False
1782456991.413,0,0,0,0,0,1.41,-4.22,0.0,0.0,0.0,0.0,0.0,0,90,0,0.06,0,False,False,False,False,False,False
1782456991.437,0,0,0,0,0,1.41,-4.19,0.0,0.0,0.0,0.0,0.0,0,90,0,0.05,0,False,False,False,False,False,False
1782456991.46,0,0,0,0,0,1.4,-4.19,0.0,0.0,0.0,0.0,0.0,0,90,0,0.05,0,False,False,False,False,False,False
1782456991.484,0,0,0,0,0,1.39,-4.22,0.0,0.0,0.0,0.0,0.0,0,90,0,0.05,0,False,False,False,False,False,False
1782456991.508,0,0,0,0,0,1.41,-4.25,0.0,0.0,0.0,0.0,0.0,0,90,0,0.04,0,False,False,False,False,False,False
1782456991.531,0,0,0,0,0,1.42,-4.25,0.0,0.0,0.0,0.0,0.0,0,90,0,0.03,0,False,False,False,False,False,False
1782456991.554,0,0,0,0,0,1.4,-4.25,0.0,0.0,0.0,0.0,0.0,0,90,0,0.02,0,False,False,False,False,False,False
1782456991.578,0,0,0,0,0,1.36,-4.38,0.0,0.0,0.0,0.0,0.0,0,90,0,0.02,0,False,False,False,False,False,False
1782456991.601,0,0,0,0,0,1.3,-4.71,0.0,0.0,0.0,0.0,0.0,0,90,0,0.02,0,False,False,False,False,False,False
1782456991.625,0,0,0,0,0,1.25,-5.05,0.0,0.0,0.0,0.0,0.0,0,90,0,0.02,0,False,False,False,False,False,False
1782456991.648,0,0,0,0,0,1.21,-5.28,0.0,0.0,0.0,0.0,0.0,0,90,0,0.02,0,False,False,False,False,False,False
1782456991.672,0,0,0,0,0,1.18,-5.46,0.0,0.0,0.0,0.0,0.0,0,90,0,0.01,0,False,False,False,False,False,False
1782456991.695,0,0,0,0,0,1.16,-5.65,0.0,0.0,0.0,0.0,0.0,0,90,0,0.01,0,False,False,False,False,False,False
1782456991.718,0,0,0,0,0,1.14,-5.85,0.0,0.0,0.0,0.0,0.0,0,90,0,0.01,0,False,False,False,False,False,False
1782456991.743,0,0,0,0,0,1.14,-6.03,0.0,0.0,0.0,0.0,0.0,0,90,0,0.01,0,False,False,False,False,False,False
1782456991.766,0,0,0,0,0,1.14,-6.15,0.0,0.0,0.0,0.0,0.0,0,90,0,0.01,0,False,False,False,False,False,False
1782456991.788,0,0,0,0,0,1.15,-6.18,0.0,0.0,0.0,0.0,0.0,0,90,0,0.01,0,False,False,False,False,False,False
1782456991.813,0,0,0,0,0,1.16,-6.1,0.0,0.0,0.0,0.0,0.0,0,90,0,0.01,0,False,False,False,False,False,False
1782456991.835,0,0,0,0,0,1.17,-5.95,0.0,0.0,0.0,0.0,0.0,0,90,0,0.01,0,False,False,False,False,False,False
1782456991.859,0,0,0,0,0,1.19,-5.8,0.0,0.0,0.0,0.0,0.0,0,90,0,0.01,0,False,False,False,False,False,False
1782456991.882,0,0,0,0,0,1.21,-5.73,0.0,0.0,0.0,0.0,0.0,0,90,0,0.01,0,False,False,False,False,False,False
1782456991.907,0,0,0,0,0,1.22,-5.71,0.0,0.0,0.0,0.0,0.0,0,90,0,0.0,0,False,False,False,False,False,False
1782456991.93,0,0,0,0,0,1.23,-5.72,0.0,0.0,0.0,0.0,0.0,0,90,0,0.0,0,False,False,False,False,False,False
1782456991.953,0,0,0,0,0,1.23,-5.72,0.0,0.0,0.0,0.0,0.0,0,90,0,0.0,0,False,False,False,False,False,False
1782456991.976,0,0,0,0,0,1.25,-5.73,0.0,0.0,0.0,0.0,0.0,0,90,0,0.0,0,False,False,False,False,False,False
1782456992.0,0,0,0,0,0,1.32,-5.71,0.0,0.0,0.0,0.0,0.0,0,90,0,0.0,0,False,False,False,False,False,False
1782456992.025,0,0,0,0,0,1.39,-5.51,0.0,0.0,0.0,0.0,0.0,0,90,0,0.0,0,False,False,False,False,False,False
1782456992.046,0,0,0,0,0,1.44,-5.06,0.0,0.0,0.0,0.0,0.0,0,90,0,0.0,0,False,False,False,False,False,False
1782456992.071,0,0,0,0,0,1.45,-4.63,0.0,0.0,0.0,0.0,0.0,0,90,0,0.0,0,False,False,False,False,False,False
1782456992.094,0,0,0,0,0,1.45,-4.39,0.0,0.0,0.0,0.0,0.0,0,90,0,0.0,0,False,False,False,False,False,False
1782456992.117,0,0,0,0,0,1.44,-4.31,0.0,0.0,0.0,0.0,0.0,0,90,0,0.0,0,False,False,False,False,False,False
1782456992.142,0,0,0,0,0,1.42,-4.28,0.0,0.0,0.0,0.0,0.0,0,90,0,0.0,0,False,False,False,False,False,False
1782456992.165,0,0,0,0,0,1.42,-4.24,0.0,0.0,0.0,0.0,0.0,0,90,0,0.0,0,False,False,False,False,False,False
1782456992.188,0,0,0,0,0,1.42,-4.21,0.0,0.0,0.0,0.0,0.0,0,90,0,0.01,0,False,False,False,False,False,False
1782456992.212,0,0,0,0,0,1.41,-4.19,0.0,0.0,0.0,0.0,0.0,0,90,0,0.01,0,False,False,False,False,False,False
1782456992.235,0,0,0,0,0,1.38,-4.19,0.0,0.0,0.0,0.0,0.0,0,90,0,0.01,0,False,False,False,False,False,False
1782456992.259,0,0,0,0,0,1.36,-4.16,0.0,0.0,0.0,0.0,0.0,0,90,0,0.01,0,False,False,False,False,False,False
1782456992.283,0,0,0,0,0,1.35,-4.12,0.0,0.0,0.0,0.0,0.0,0,90,0,0.01,0,False,False,False,False,False,False
1782456992.306,0,0,0,0,0,1.35,-4.11,0.0,0.0,0.0,0.0,0.0,0,90,0,0.01,0,False,False,False,False,False,False
1782456992.33,0,0,0,0,0,1.34,-4.09,0.0,0.0,0.0,0.0,0.0,0,90,0,0.01,0,False,False,False,False,False,False
1782456992.353,0,0,0,0,0,1.33,-4.08,0.0,0.0,0.0,0.0,0.0,0,90,0,0.01,0,False,False,False,False,False,False
1782456992.378,0,0,0,0,0,1.32,-4.1,0.0,0.0,0.0,0.0,0.0,0,90,0,0.01,0,False,False,False,False,False,False
1782456992.4,0,0,0,0,0,1.35,-4.15,0.0,0.0,0.0,0.0,0.0,0,90,0,0.01,0,False,False,False,False,False,False
1782456992.426,0,0,0,0,0,1.41,-4.19,0.0,0.0,0.0,0.0,0.0,0,90,0,0.01,0,False,False,False,False,False,False
1782456992.448,0,0,0,0,0,1.44,-4.18,0.0,0.0,0.0,0.0,0.0,0,90,0,0.01,0,False,False,False,False,False,False
1782456992.472,0,0,0,0,0,1.44,-4.11,0.0,0.0,0.0,0.0,0.0,0,90,0,0.01,0,False,False,False,False,False,False
1782456992.495,0,0,0,0,0,1.43,-4.02,0.0,0.0,0.0,0.0,0.0,0,90,0,0.01,0,False,False,False,False,False,False
1782456992.518,0,0,0,0,0,1.42,-3.94,0.0,0.0,0.0,0.0,0.0,0,90,0,0.01,0,False,False,False,False,False,False
1782456992.542,0,0,0,0,0,1.41,-3.88,0.0,0.0,0.0,0.0,0.0,0,90,0,0.01,0,False,False,False,False,False,False
1782456992.565,0,0,0,0,0,1.4,-3.84,0.0,0.0,0.0,0.0,0.0,0,90,0,0.01,0,False,False,False,False,False,False
1782456992.588,0,0,0,0,0,1.4,-3.87,0.0,0.0,0.0,0.0,0.0,0,90,0,0.01,0,False,False,False,False,False,False
1782456992.612,0,0,0,0,0,1.4,-3.97,0.0,0.0,0.0,0.0,0.0,0,90,0,0.01,0,False,False,False,False,False,False
1782456992.635,0,0,0,0,0,1.39,-4.09,0.0,0.0,0.0,0.0,0.0,0,90,0,0.01,0,False,False,False,False,False,False
1782456992.661,0,0,0,0,0,1.37,-4.19,0.0,0.0,0.0,0.0,0.0,0,90,0,0.01,0,False,False,False,False,False,False
1782456992.683,0,0,0,0,0,1.35,-4.27,0.0,0.0,0.0,0.0,0.0,0,90,0,0.01,0,False,False,False,False,False,False
1782456992.706,0,0,0,0,0,1.35,-4.4,0.0,0.0,0.0,0.0,0.0,0,90,0,0.01,0,False,False,False,False,False,False
1782456992.73,0,0,0,0,0,1.36,-4.62,0.0,0.0,0.0,0.0,0.0,0,90,0,0.01,0,False,False,False,False,False,False
1782456992.754,0,0,0,0,0,1.36,-4.89,0.0,0.0,0.0,0.0,0.0,0,90,0,0.01,0,False,False,False,False,False,False
1782456992.778,0,0,0,0,0,1.35,-5.15,0.0,0.0,0.0,0.0,0.0,0,90,0,0.01,0,False,False,False,False,False,False
1782456992.8,0,0,0,0,0,1.35,-5.39,0.0,0.0,0.0,0.0,0.0,0,90,0,0.01,0,False,False,False,False,False,False
1782456992.823,0,0,0,0,0,1.33,-5.62,0.0,0.0,0.0,0.0,0.0,0,90,0,0.01,0,False,False,False,False,False,False
1782456992.847,0,0,0,0,0,1.28,-5.87,0.0,0.0,0.0,0.0,0.0,0,90,0,0.01,0,False,False,False,False,False,False
1782456992.87,0,0,0,0,0,1.23,-6.13,0.0,0.0,0.0,0.0,0.0,0,90,0,0.01,0,False,False,False,False,False,False
1782456992.894,0,0,0,0,0,1.19,-6.37,0.0,0.0,0.0,0.0,0.0,0,90,0,0.01,0,False,False,False,False,False,False
1782456992.919,0,0,0,0,0,1.16,-6.58,0.0,0.0,0.0,0.0,0.0,0,90,0,0.01,0,False,False,False,False,False,False
1782456992.942,0,0,0,0,0,1.16,-6.8,0.0,0.0,0.0,0.0,0.0,0,90,0,0.01,0,False,False,False,False,False,False
1782456992.965,0,0,0,0,0,1.17,-7.01,0.0,0.0,0.0,0.0,0.0,0,90,0,0.01,0,False,False,False,False,False,False
1782456992.987,0,0,0,0,0,1.19,-7.2,0.0,0.0,0.0,0.0,0.0,0,90,0,0.01,0,False,False,False,False,False,False
1782456993.012,0,0,0,0,0,1.2,-7.37,0.0,0.0,0.0,0.0,0.0,0,90,0,0.01,0,False,False,False,False,False,False
1782456993.035,0,0,0,0,0,1.19,-7.59,0.0,0.0,0.0,0.0,0.0,0,90,0,0.01,0,False,False,False,False,False,False
1782456993.061,0,0,0,0,0,1.16,-7.88,0.0,0.0,0.0,0.0,0.0,0,90,0,0.01,0,False,False,False,False,False,False
1782456993.083,0,0,0,0,0,1.15,-8.17,0.0,0.0,0.0,0.0,0.0,0,90,0,0.01,0,False,False,False,False,False,False
1782456993.106,0,0,0,0,0,1.17,-8.42,0.0,0.0,0.0,0.0,0.0,0,90,0,0.01,0,False,False,False,False,False,False
1782456993.129,0,0,0,0,0,1.18,-8.64,0.0,0.0,0.0,0.0,0.0,0,90,0,0.01,0,False,False,False,False,False,False
1782456993.153,0,0,0,0,0,1.21,-8.81,0.0,0.0,0.0,0.0,0.0,0,90,0,0.01,0,False,False,False,False,False,False
1782456993.178,0,0,0,0,0,1.24,-8.94,0.0,0.0,0.0,0.0,0.0,0,90,0,0.01,0,False,False,False,False,False,False
1782456993.2,0,0,0,0,0,1.27,-9.06,0.0,0.0,0.0,0.0,0.0,0,90,0,0.01,0,False,False,False,False,False,False
1782456993.223,0,0,0,0,0,1.29,-9.16,0.0,0.0,0.0,0.0,0.0,0,90,0,0.01,0,False,False,False,False,False,False
1782456993.247,0,0,0,0,0,1.28,-9.24,0.0,0.0,0.0,0.0,0.0,0,90,0,0.01,0,False,False,False,False,False,False
1782456993.27,0,0,0,0,0,1.26,-9.35,0.0,0.0,0.0,0.0,0.0,0,90,0,0.01,0,False,False,False,False,False,False
1782456993.294,0,0,0,0,0,1.25,-9.53,0.0,0.0,0.0,0.0,0.0,0,90,0,0.01,0,False,False,False,False,False,False
1782456993.317,0,0,0,0,0,1.25,-9.73,0.0,0.0,0.0,0.0,0.0,0,90,0,0.01,0,False,False,False,False,False,False
1782456993.34,0,0,0,0,0,1.21,-9.88,0.0,0.0,0.0,0.0,0.0,0,90,0,0.01,0,False,False,False,False,False,False
1782456993.364,0,0,0,0,0,1.14,-9.92,0.0,0.0,0.0,0.0,0.0,0,90,0,0.01,0,False,False,False,False,False,False
1782456993.387,0,0,0,0,0,1.13,-9.88,0.0,0.0,0.0,0.0,0.0,0,90,0,0.01,0,False,False,False,False,False,False
1782456993.411,0,0,0,0,0,1.2,-9.82,0.0,0.0,0.0,0.0,0.0,0,90,0,0.01,0,False,False,False,False,False,False
1782456993.435,0,0,0,0,0,1.24,-9.75,0.0,0.0,0.0,0.0,0.0,0,90,0,0.01,0,False,False,False,False,False,False
1782456993.459,0,0,0,0,0,1.24,-9.7,0.0,0.0,0.0,0.0,0.0,0,90,0,0.01,0,False,False,False,False,False,False
1782456993.481,0,0,0,0,0,1.18,-9.7,0.0,0.0,0.0,0.0,0.0,0,90,0,0.01,0,False,False,False,False,False,False
1782456993.505,0,0,0,0,0,1.08,-9.74,0.0,0.0,0.0,0.0,0.0,0,90,0,0.01,0,False,False,False,False,False,False
1782456993.529,0,0,0,0,0,0.96,-9.79,0.0,0.0,0.0,0.0,0.0,0,90,0,0.01,0,False,False,False,False,False,False
1782456993.551,0,0,0,0,0,0.87,-9.85,0.0,0.0,0.0,0.0,0.0,0,90,0,0.01,0,False,False,False,False,False,False
1782456993.577,0,0,0,0,0,0.81,-9.98,0.0,0.0,0.0,0.0,0.0,0,90,0,0.01,0,False,False,False,False,False,False
1782456993.599,0,0,0,0,0,0.75,-10.07,0.0,0.0,0.0,0.0,0.0,0,90,0,0.01,0,False,False,False,False,False,False
1782456993.622,0,0,0,0,0,0.7,-9.95,0.0,0.0,0.0,0.0,0.0,0,90,0,0.01,0,False,False,False,False,False,False
1782456993.646,0,0,0,0,0,0.63,-9.74,0.0,0.0,0.0,0.0,0.0,0,90,0,0.01,0,False,False,False,False,False,False
1782456993.669,0,0,0,0,0,0.46,-9.7,0.0,0.0,0.0,0.0,0.0,0,90,0,0.01,0,False,False,False,False,False,False
1782456993.695,0,0,0,0,0,0.25,-9.34,0.0,0.0,0.0,0.0,0.0,0,90,0,0.01,0,False,False,False,False,False,False
1782456993.716,0,0,0,0,0,0.15,-8.11,0.0,0.0,0.0,0.0,0.0,0,90,0,0.01,0,False,False,False,False,False,False
1782456993.739,0,0,0,0,0,0.14,-6.67,0.0,0.0,0.0,0.0,0.0,0,90,0,0.01,0,False,False,False,False,False,False
1782456993.763,0,0,0,0,0,0.18,-5.76,0.0,0.0,0.0,0.0,0.0,0,90,0,0.01,0,False,False,False,False,False,False
1782456993.787,0,0,0,0,0,0.22,-5.37,0.0,0.0,0.0,0.0,0.0,0,90,0,0.01,0,False,False,False,False,False,False
1782456993.811,0,0,0,0,0,0.26,-5.27,0.0,0.0,0.0,0.0,0.0,0,90,0,0.01,0,False,False,False,False,False,False
1782456993.833,0,0,0,0,0,0.28,-5.25,0.0,0.0,0.0,0.0,0.0,0,90,0,0.01,0,False,False,False,False,False,False
1782456993.857,0,0,0,0,0,0.33,-5.2,0.0,0.0,0.0,0.0,0.0,0,90,0,0.02,0,False,False,False,False,False,False
1782456993.88,0,0,0,0,0,0.42,-5.14,0.0,0.0,0.0,0.0,0.0,0,90,0,0.02,0,False,False,False,False,False,False
1782456993.904,0,0,0,0,0,0.5,-5.1,0.0,0.0,0.0,0.0,0.0,0,90,0,0.03,0,False,False,False,False,False,False
1782456993.927,0,0,0,0,0,0.55,-5.12,0.0,0.0,0.0,0.0,0.0,0,90,0,0.03,0,False,False,False,False,False,False
1782456993.95,0,0,0,0,0,0.57,-5.21,0.0,0.0,0.0,0.0,0.0,0,90,0,0.03,0,False,False,False,False,False,False
1782456993.974,0,0,0,0,0,0.57,-5.3,0.0,0.0,0.0,0.0,0.0,0,90,0,0.04,0,False,False,False,False,False,False
1782456993.997,0,0,0,0,0,0.56,-5.38,0.0,0.0,0.0,0.0,0.0,0,90,0,0.04,0,False,False,False,False,False,False
1782456994.021,0,0,0,0,0,0.54,-5.57,0.0,0.0,0.0,0.0,0.0,0,90,0,0.04,0,False,False,False,False,False,False
1782456994.045,0,0,0,0,0,0.52,-5.77,0.0,0.0,0.0,0.0,0.0,0,90,0,0.04,0,False,False,False,False,False,False
1782456994.068,0,0,0,0,0,0.52,-5.8,0.0,0.0,0.0,0.0,0.0,0,90,0,0.04,0,False,False,False,False,False,False
1782456994.091,0,0,0,0,0,0.56,-5.72,0.0,0.0,0.0,0.0,0.0,0,90,0,0.04,0,False,False,False,False,False,False
1782456994.115,0,0,0,0,0,0.61,-5.61,0.0,0.0,0.0,0.0,0.0,0,90,0,0.05,0,False,False,False,False,False,False
1782456994.139,0,0,0,0,0,0.63,-5.54,0.0,0.0,0.0,0.0,0.0,0,90,0,0.05,0,False,False,False,False,False,False
1782456994.162,0,0,0,0,0,0.68,-5.52,0.0,0.0,0.0,0.0,0.0,0,90,0,0.05,0,False,False,False,False,False,False
1782456994.185,0,0,0,0,0,0.74,-5.54,0.0,0.0,0.0,0.0,0.0,0,90,0,0.05,0,False,False,False,False,False,False
1782456994.207,0,0,0,0,0,0.76,-5.58,0.0,0.0,0.0,0.0,0.0,0,90,0,0.05,0,False,False,False,False,False,False
1782456994.231,0,0,0,0,0,0.77,-5.6,0.0,0.0,0.0,0.0,0.0,0,90,0,0.05,0,False,False,False,False,False,False
1782456994.255,0,0,0,0,0,0.78,-5.6,0.0,0.0,0.0,0.0,0.0,0,90,0,0.05,0,False,False,False,False,False,False
1782456994.28,0,0,0,0,0,0.8,-5.63,0.0,0.0,0.0,0.0,0.0,0,90,0,0.05,0,False,False,False,False,False,False
1782456994.302,0,0,0,0,0,0.87,-5.65,0.0,0.0,0.0,0.0,0.0,0,90,0,0.05,0,False,False,False,False,False,False
1782456994.326,0,0,0,0,0,0.97,-5.63,0.0,0.0,0.0,0.0,0.0,0,90,0,0.05,0,False,False,False,False,False,False
1782456994.349,0,0,0,0,0,1.08,-5.6,0.0,0.0,0.0,0.0,0.0,0,90,0,0.05,0,False,False,False,False,False,False
1782456994.372,0,0,0,0,0,1.18,-5.58,0.0,0.0,0.0,0.0,0.0,0,90,0,0.05,0,False,False,False,False,False,False
1782456994.395,0,0,0,0,0,1.24,-5.54,0.0,0.0,0.0,0.0,0.0,0,90,0,0.05,0,False,False,False,False,False,False
1782456994.419,0,0,0,0,0,1.26,-5.48,0.0,0.0,0.0,0.0,0.0,0,90,0,0.05,0,False,False,False,False,False,False
1782456994.444,0,0,0,0,0,1.27,-5.43,0.0,0.0,0.0,0.0,0.0,0,90,0,0.05,0,False,False,False,False,False,False
1782456994.466,0,0,0,0,0,1.24,-5.42,0.0,0.0,0.0,0.0,0.0,0,90,0,0.05,0,False,False,False,False,False,False
1782456994.489,0,0,0,0,0,1.19,-5.46,0.0,0.0,0.0,0.0,0.0,0,90,0,0.05,0,False,False,False,False,False,False
1782456994.513,0,0,0,0,0,1.13,-5.54,0.0,0.0,0.0,0.0,0.0,0,90,0,0.05,0,False,False,False,False,False,False
1782456994.537,0,0,0,0,0,1.09,-5.59,0.0,0.0,0.0,0.0,0.0,0,90,0,0.05,0,False,False,False,False,False,False
1782456994.56,0,0,0,0,0,1.07,-5.62,0.0,0.0,0.0,0.0,0.0,0,90,0,0.05,0,False,False,False,False,False,False
1782456994.583,0,0,0,0,0,1.09,-5.68,0.0,0.0,0.0,0.0,0.0,0,90,0,0.05,0,False,False,False,False,False,False
1782456994.606,0,0,0,0,0,1.14,-5.74,0.0,0.0,0.0,0.0,0.0,0,90,0,0.05,0,False,False,False,False,False,False
1782456994.63,0,0,0,0,0,1.18,-5.73,0.0,0.0,0.0,0.0,0.0,0,90,0,0.05,0,False,False,False,False,False,False
1782456994.653,0,0,0,0,0,1.19,-5.68,0.0,0.0,0.0,0.0,0.0,0,90,0,0.05,0,False,False,False,False,False,False
1782456994.678,0,0,0,0,0,1.18,-5.63,0.0,0.0,0.0,0.0,0.0,0,90,0,0.05,0,False,False,False,False,False,False
1782456994.7,0,0,0,0,0,1.17,-5.63,0.0,0.0,0.0,0.0,0.0,0,90,0,0.05,0,False,False,False,False,False,False
1782456994.724,0,0,0,0,0,1.17,-5.69,0.0,0.0,0.0,0.0,0.0,0,90,0,0.05,0,False,False,False,False,False,False
1782456994.748,0,0,0,0,0,1.15,-5.79,0.0,0.0,0.0,0.0,0.0,0,90,0,0.05,0,False,False,False,False,False,False
1782456994.771,0,0,0,0,0,1.13,-5.91,0.0,0.0,0.0,0.0,0.0,0,90,0,0.05,0,False,False,False,False,False,False
1782456994.795,0,0,0,0,0,1.13,-6.04,0.0,0.0,0.0,0.0,0.0,0,90,0,0.05,0,False,False,False,False,False,False
1782456994.817,0,0,0,0,0,1.14,-6.15,0.0,0.0,0.0,0.0,0.0,0,90,0,0.05,0,False,False,False,False,False,False
1782456994.842,0,0,0,0,0,1.13,-6.22,0.0,0.0,0.0,0.0,0.0,0,90,0,0.05,0,False,False,False,False,False,False
1782456994.865,0,0,0,0,0,1.1,-6.22,0.0,0.0,0.0,0.0,0.0,0,90,0,0.05,0,False,False,False,False,False,False
1782456994.887,0,0,0,0,0,1.08,-6.14,0.0,0.0,0.0,0.0,0.0,0,90,0,0.05,0,False,False,False,False,False,False
1782456994.911,0,0,0,0,0,1.09,-5.99,0.0,0.0,0.0,0.0,0.0,0,90,0,0.05,0,False,False,False,False,False,False
1782456994.934,0,0,0,0,0,1.09,-5.84,0.0,0.0,0.0,0.0,0.0,0,90,0,0.05,0,False,False,False,False,False,False
1782456994.959,0,0,0,0,0,1.08,-5.72,0.0,0.0,0.0,0.0,0.0,0,90,0,0.05,0,False,False,False,False,False,False
1782456994.981,0,0,0,0,0,1.08,-5.6,0.0,0.0,0.0,0.0,0.0,0,90,0,0.05,0,False,False,False,False,False,False
1782456995.004,0,0,0,0,0,1.1,-5.46,0.0,0.0,0.0,0.0,0.0,0,90,0,0.05,0,False,False,False,False,False,False
1782456995.029,0,0,0,0,0,1.12,-5.34,0.0,0.0,0.0,0.0,0.0,0,90,0,0.05,0,False,False,False,False,False,False
1782456995.052,0,0,0,0,0,1.14,-5.29,0.0,0.0,0.0,0.0,0.0,0,90,0,0.05,0,False,False,False,False,False,False
1782456995.075,0,0,0,0,0,1.13,-5.32,0.0,0.0,0.0,0.0,0.0,0,90,0,0.05,0,False,False,False,False,False,False
1782456995.098,0,0,0,0,0,1.1,-5.44,0.0,0.0,0.0,0.0,0.0,0,90,0,0.05,0,False,False,False,False,False,False
1782456995.122,0,0,0,0,0,1.08,-5.61,0.0,0.0,0.0,0.0,0.0,0,90,0,0.04,0,False,False,False,False,False,False
1782456995.146,0,0,0,0,0,1.06,-5.76,0.0,0.0,0.0,0.0,0.0,0,90,0,0.04,0,False,False,False,False,False,False
1782456995.169,0,0,0,0,0,1.05,-5.87,0.0,0.0,0.0,0.0,0.0,0,90,0,0.04,0,False,False,False,False,False,False
1782456995.193,0,0,0,0,0,1.05,-5.91,0.0,0.0,0.0,0.0,0.0,0,90,0,0.04,0,False,False,False,False,False,False
1782456995.215,0,0,0,0,0,1.05,-5.86,0.0,0.0,0.0,0.0,0.0,0,90,0,0.04,0,False,False,False,False,False,False
1782456995.239,0,0,0,0,0,1.06,-5.75,0.0,0.0,0.0,0.0,0.0,0,90,0,0.04,0,False,False,False,False,False,False
1782456995.263,0,0,0,0,0,1.08,-5.63,0.0,0.0,0.0,0.0,0.0,0,90,0,0.03,0,False,False,False,False,False,False
1782456995.287,0,0,0,0,0,1.11,-5.53,0.0,0.0,0.0,0.0,0.0,0,90,0,0.03,0,False,False,False,False,False,False
1782456995.312,0,0,0,0,0,1.12,-5.45,0.0,0.0,0.0,0.0,0.0,0,90,0,0.02,0,False,False,False,False,False,False
1782456995.334,0,0,0,0,0,1.11,-5.36,0.0,0.0,0.0,0.0,0.0,0,90,0,0.02,0,False,False,False,False,False,False
1782456995.359,0,0,0,0,0,1.11,-5.3,0.0,0.0,0.0,0.0,0.0,0,90,0,0.02,0,False,False,False,False,False,False
1782456995.381,0,0,0,0,0,1.12,-5.26,0.0,0.0,0.0,0.0,0.0,0,90,0,0.02,0,False,False,False,False,False,False
1782456995.405,0,0,0,0,0,1.15,-5.26,0.0,0.0,0.0,0.0,0.0,0,90,0,0.01,0,False,False,False,False,False,False
1782456995.428,0,0,0,0,0,1.14,-5.29,0.0,0.0,0.0,0.0,0.0,0,90,0,0.01,0,False,False,False,False,False,False
1782456995.452,0,0,0,0,0,1.11,-5.33,0.0,0.0,0.0,0.0,0.0,0,90,0,0.01,0,False,False,False,False,False,False
1782456995.474,0,0,0,0,0,1.07,-5.35,0.0,0.0,0.0,0.0,0.0,0,90,0,0.01,0,False,False,False,False,False,False
1782456995.498,0,0,0,0,0,1.05,-5.29,0.0,0.0,0.0,0.0,0.0,0,90,0,0.01,0,False,False,False,False,False,False
1782456995.522,0,0,0,0,0,1.07,-5.2,0.0,0.0,0.0,0.0,0.0,0,90,0,0.01,0,False,False,False,False,False,False
1782456995.548,0,0,0,0,0,1.1,-5.09,0.0,0.0,0.0,0.0,0.0,0,90,0,0.01,0,False,False,False,False,False,False
1782456995.569,0,0,0,0,0,1.12,-5.0,0.0,0.0,0.0,0.0,0.0,0,90,0,0.01,0,False,False,False,False,False,False
1782456995.592,0,0,0,0,0,1.13,-4.93,0.0,0.0,0.0,0.0,0.0,0,90,0,0.01,0,False,False,False,False,False,False
1782456995.615,0,0,0,0,0,1.15,-4.89,0.0,0.0,0.0,0.0,0.0,0,90,0,0.01,0,False,False,False,False,False,False
1782456995.639,0,0,0,0,0,1.15,-4.89,0.0,0.0,0.0,0.0,0.0,0,90,0,0.01,0,False,False,False,False,False,False
1782456995.664,0,0,0,0,0,1.14,-4.97,0.0,0.0,0.0,0.0,0.0,0,90,0,0.01,0,False,False,False,False,False,False
1782456995.685,0,0,0,0,0,1.12,-5.13,0.0,0.0,0.0,0.0,0.0,0,90,0,0.01,0,False,False,False,False,False,False
1782456995.71,0,0,0,0,0,1.11,-5.32,0.0,0.0,0.0,0.0,0.0,0,90,0,0.01,0,False,False,False,False,False,False
1782456995.733,0,0,0,0,0,1.11,-5.46,0.0,0.0,0.0,0.0,0.0,0,90,0,0.01,0,False,False,False,False,False,False
1782456995.756,0,0,0,0,0,1.1,-5.53,0.0,0.0,0.0,0.0,0.0,0,90,0,0.01,0,False,False,False,False,False,False
1782456995.78,0,0,0,0,0,1.1,-5.57,0.0,0.0,0.0,0.0,0.0,0,90,0,0.01,0,False,False,False,False,False,False
1782456995.803,0,0,0,0,0,1.09,-5.59,0.0,0.0,0.0,0.0,0.0,0,90,0,0.01,0,False,False,False,False,False,False
1782456995.829,0,0,0,0,0,1.11,-5.55,0.0,0.0,0.0,0.0,0.0,0,90,0,0.01,0,False,False,False,False,False,False
1782456995.851,0,0,0,0,0,1.12,-5.49,0.0,0.0,0.0,0.0,0.0,0,90,0,0.01,0,False,False,False,False,False,False
1782456995.874,0,0,0,0,0,1.15,-5.44,0.0,0.0,0.0,0.0,0.0,0,90,0,0.01,0,False,False,False,False,False,False
1782456995.899,0,0,0,0,0,1.17,-5.44,0.0,0.0,0.0,0.0,0.0,0,90,0,0.01,0,False,False,False,False,False,False
1782456995.921,0,0,0,0,0,1.17,-5.5,0.0,0.0,0.0,0.0,0.0,0,90,0,0.01,0,False,False,False,False,False,False
1782456995.946,0,0,0,0,0,1.15,-5.57,0.0,0.0,0.0,0.0,0.0,0,90,0,0.01,0,False,False,False,False,False,False
1782456995.968,0,0,0,0,0,1.14,-5.59,0.0,0.0,0.0,0.0,0.0,0,90,0,0.01,0,False,False,False,False,False,False
1782456995.993,0,0,0,0,0,1.15,-5.56,0.0,0.0,0.0,0.0,0.0,0,90,0,0.01,0,False,False,False,False,False,False
1782456996.016,0,0,0,0,0,1.17,-5.55,0.0,0.0,0.0,0.0,0.0,0,90,0,0.01,0,False,False,False,False,False,False
1782456996.04,0,0,0,0,0,1.15,-5.57,0.0,0.0,0.0,0.0,0.0,0,90,0,0.01,0,False,False,False,False,False,False
1782456996.063,0,0,0,0,0,1.1,-5.61,0.0,0.0,0.0,0.0,0.0,0,90,0,0.01,0,False,False,False,False,False,False
1782456996.086,0,0,0,0,0,1.05,-5.67,0.0,0.0,0.0,0.0,0.0,0,90,0,0.01,0,False,False,False,False,False,False
1782456996.109,0,0,0,0,0,1.02,-5.74,0.0,0.0,0.0,0.0,0.0,0,90,0,0.01,0,False,False,False,False,False,False
1782456996.133,0,0,0,0,0,1.01,-5.8,0.0,0.0,0.0,0.0,0.0,0,90,0,0.01,0,False,False,False,False,False,False
1782456996.157,0,0,0,0,0,1.02,-5.82,0.0,0.0,0.0,0.0,0.0,0,90,0,0.01,0,False,False,False,False,False,False
1782456996.18,0,0,0,0,0,1.02,-5.76,0.0,0.0,0.0,0.0,0.0,0,90,0,0.01,0,False,False,False,False,False,False
1782456996.204,0,0,0,0,0,1.03,-5.64,0.0,0.0,0.0,0.0,0.0,0,90,0,0.01,0,False,False,False,False,False,False
1782456996.229,0,0,0,0,0,1.04,-5.51,0.0,0.0,0.0,0.0,0.0,0,90,0,0.01,0,False,False,False,False,False,False
1782456996.252,0,0,0,0,0,1.07,-5.41,0.0,0.0,0.0,0.0,0.0,0,90,0,0.01,0,False,False,False,False,False,False
1782456996.274,0,0,0,0,0,1.1,-5.34,0.0,0.0,0.0,0.0,0.0,0,90,0,0.01,0,False,False,False,False,False,False
1782456996.297,0,0,0,0,0,1.12,-5.32,0.0,0.0,0.0,0.0,0.0,0,90,0,0.01,0,False,False,False,False,False,False
1782456996.32,0,0,0,0,0,1.16,-5.35,0.0,0.0,0.0,0.0,0.0,0,90,0,0.01,0,False,False,False,False,False,False
1782456996.344,0,0,0,0,0,1.19,-5.4,0.0,0.0,0.0,0.0,0.0,0,90,0,0.01,0,False,False,False,False,False,False
1782456996.368,0,0,0,0,0,1.21,-5.41,0.0,0.0,0.0,0.0,0.0,0,90,0,0.01,0,False,False,False,False,False,False
1782456996.391,0,0,0,0,0,1.2,-5.47,0.0,0.0,0.0,0.0,0.0,0,90,0,0.01,0,False,False,False,False,False,False
1782456996.415,0,0,0,0,0,1.18,-5.64,0.0,0.0,0.0,0.0,0.0,0,90,0,0.01,0,False,False,False,False,False,False
1782456996.438,0,0,0,0,0,1.17,-5.79,0.0,0.0,0.0,0.0,0.0,0,90,0,0.01,0,False,False,False,False,False,False
1782456996.463,0,0,0,0,0,1.18,-5.77,0.0,0.0,0.0,0.0,0.0,0,90,0,0.01,0,False,False,False,False,False,False
1782456996.485,0,0,0,0,0,1.2,-5.64,0.0,0.0,0.0,0.0,0.0,0,90,0,0.01,0,False,False,False,False,False,False
1782456996.508,0,0,0,0,0,1.21,-5.49,0.0,0.0,0.0,0.0,0.0,0,90,0,0.01,0,False,False,False,False,False,False
1782456996.532,0,0,0,0,0,1.2,-5.39,0.0,0.0,0.0,0.0,0.0,0,90,0,0.01,0,False,False,False,False,False,False
1782456996.555,0,0,0,0,0,1.18,-5.37,0.0,0.0,0.0,0.0,0.0,0,90,0,0.01,0,False,False,False,False,False,False
1782456996.579,0,0,0,0,0,1.16,-5.42,0.0,0.0,0.0,0.0,0.0,0,90,0,0.01,0,False,False,False,False,False,False
1782456996.602,0,0,0,0,0,1.15,-5.46,0.0,0.0,0.0,0.0,0.0,0,90,0,0.01,0,False,False,False,False,False,False
1782456996.626,0,0,0,0,0,1.13,-5.44,0.0,0.0,0.0,0.0,0.0,0,90,0,0.01,0,False,False,False,False,False,False
1782456996.649,0,0,0,0,0,1.1,-5.42,0.0,0.0,0.0,0.0,0.0,0,90,0,0.01,0,False,False,False,False,False,False
1782456996.673,0,0,0,0,0,1.07,-5.42,0.0,0.0,0.0,0.0,0.0,0,90,0,0.01,0,False,False,False,False,False,False
1782456996.698,0,0,0,0,0,1.05,-5.42,0.0,0.0,0.0,0.0,0.0,0,90,0,0.01,0,False,False,False,False,False,False
1782456996.72,0,0,0,0,0,1.05,-5.39,0.0,0.0,0.0,0.0,0.0,0,90,0,0.01,0,False,False,False,False,False,False
1782456996.743,0,0,0,0,0,1.06,-5.34,0.0,0.0,0.0,0.0,0.0,0,90,0,0.01,0,False,False,False,False,False,False
1782456996.767,0,0,0,0,0,1.09,-5.31,0.0,0.0,0.0,0.0,0.0,0,90,0,0.01,0,False,False,False,False,False,False
1782456996.79,0,0,0,0,0,1.12,-5.36,0.0,0.0,0.0,0.0,0.0,0,90,0,0.01,0,False,False,False,False,False,False
1782456996.814,0,0,0,0,0,1.14,-5.48,0.0,0.0,0.0,0.0,0.0,0,90,0,0.01,0,False,False,False,False,False,False
1782456996.837,0,0,0,0,0,1.15,-5.61,0.0,0.0,0.0,0.0,0.0,0,90,0,0.01,0,False,False,False,False,False,False
1782456996.861,0,0,0,0,0,1.15,-5.66,0.0,0.0,0.0,0.0,0.0,0,90,0,0.01,0,False,False,False,False,False,False
1782456996.884,0,0,0,0,0,1.15,-5.63,0.0,0.0,0.0,0.0,0.0,0,90,0,0.01,0,False,False,False,False,False,False
1782456996.907,0,0,0,0,0,1.15,-5.58,0.0,0.0,0.0,0.0,0.0,0,90,0,0.01,0,False,False,False,False,False,False
1782456996.931,0,0,0,0,0,1.14,-5.55,0.0,0.0,0.0,0.0,0.0,0,90,0,0.01,0,False,False,False,False,False,False
1782456996.956,0,0,0,0,0,1.13,-5.57,0.0,0.0,0.0,0.0,0.0,0,90,0,0.01,0,False,False,False,False,False,False
1782456996.978,0,0,0,0,0,1.09,-5.59,0.0,0.0,0.0,0.0,0.0,0,90,0,0.01,0,False,False,False,False,False,False
1782456997.001,0,0,0,0,0,1.05,-5.6,0.0,0.0,0.0,0.0,0.0,0,90,0,0.01,0,False,False,False,False,False,False
1782456997.024,0,0,0,0,0,1.06,-5.6,0.0,0.0,0.0,0.0,0.0,0,90,0,0.01,0,False,False,False,False,False,False
1782456997.048,0,0,0,0,0,1.09,-5.6,0.0,0.0,0.0,0.0,0.0,0,90,0,0.01,0,False,False,False,False,False,False
1782456997.071,0,0,0,0,0,1.1,-5.67,0.0,0.0,0.0,0.0,0.0,0,90,0,0.01,0,False,False,False,False,False,False
1782456997.094,0,0,0,0,0,1.08,-5.84,0.0,0.0,0.0,0.0,0.0,0,90,0,0.01,0,False,False,False,False,False,False
1782456997.119,0,0,0,0,0,1.08,-6.02,0.0,0.0,0.0,0.0,0.0,0,90,0,0.01,0,False,False,False,False,False,False
1782456997.142,0,0,0,0,0,1.09,-6.1,0.0,0.0,0.0,0.0,0.0,0,90,0,0.01,0,False,False,False,False,False,False
1782456997.165,0,0,0,0,0,1.08,-6.15,0.0,0.0,0.0,0.0,0.0,0,90,0,0.01,0,False,False,False,False,False,False
1782456997.188,0,0,0,0,0,1.06,-6.19,0.0,0.0,0.0,0.0,0.0,0,90,0,0.01,0,False,False,False,False,False,False
1782456997.212,0,0,0,0,0,1.02,-6.25,0.0,0.0,0.0,0.0,0.0,0,90,0,0.01,0,False,False,False,False,False,False
1782456997.236,0,0,0,0,0,1.0,-6.35,0.0,0.0,0.0,0.0,0.0,0,90,0,0.01,0,False,False,False,False,False,False
1782456997.259,0,0,0,0,0,1.01,-6.52,0.0,0.0,0.0,0.0,0.0,0,90,0,0.01,0,False,False,False,False,False,False
1782456997.282,0,0,0,0,0,1.03,-6.7,0.0,0.0,0.0,0.0,0.0,0,90,0,0.01,0,False,False,False,False,False,False
1782456997.306,0,0,0,0,0,1.05,-6.83,0.0,0.0,0.0,0.0,0.0,0,90,0,0.01,0,False,False,False,False,False,False
1782456997.329,0,0,0,0,0,1.05,-6.84,0.0,0.0,0.0,0.0,0.0,0,90,0,0.01,0,False,False,False,False,False,False
1782456997.353,0,0,0,0,0,1.06,-6.77,0.0,0.0,0.0,0.0,0.0,0,90,0,0.01,0,False,False,False,False,False,False
1782456997.375,0,0,0,0,0,1.09,-6.68,0.0,0.0,0.0,0.0,0.0,0,90,0,0.01,0,False,False,False,False,False,False
1782456997.4,0,0,0,0,0,1.13,-6.63,0.0,0.0,0.0,0.0,0.0,0,90,0,0.01,0,False,False,False,False,False,False
1782456997.424,0,0,0,0,0,1.16,-6.69,0.0,0.0,0.0,0.0,0.0,0,90,0,0.01,0,False,False,False,False,False,False
1782456997.446,0,0,0,0,0,1.15,-6.85,0.0,0.0,0.0,0.0,0.0,0,90,0,0.01,0,False,False,False,False,False,False
1782456997.471,0,0,0,0,0,1.1,-7.01,0.0,0.0,0.0,0.0,0.0,0,90,0,0.01,0,False,False,False,False,False,False
1782456997.494,0,0,0,0,0,1.03,-7.09,0.0,0.0,0.0,0.0,0.0,0,90,0,0.01,0,False,False,False,False,False,False
1782456997.517,0,0,0,0,0,0.97,-7.08,0.0,0.0,0.0,0.0,0.0,0,90,0,0.01,0,False,False,False,False,False,False
1782456997.54,0,0,0,0,0,0.96,-7.02,0.0,0.0,0.0,0.0,0.0,0,90,0,0.01,0,False,False,False,False,False,False
1782456997.565,0,0,0,0,0,1.0,-6.96,0.0,0.0,0.0,0.0,0.0,0,90,0,0.01,0,False,False,False,False,False,False
1782456997.587,0,0,0,0,0,1.03,-6.91,0.0,0.0,0.0,0.0,0.0,0,90,0,0.01,0,False,False,False,False,False,False
1782456997.611,0,0,0,0,0,1.01,-6.87,0.0,0.0,0.0,0.0,0.0,0,90,0,0.01,0,False,False,False,False,False,False
1782456997.634,0,0,0,0,0,0.97,-6.85,0.0,0.0,0.0,0.0,0.0,0,90,0,0.01,0,False,False,False,False,False,False
1782456997.658,0,0,0,0,0,0.97,-6.8,0.0,0.0,0.0,0.0,0.0,0,90,0,0.01,0,False,False,False,False,False,False
1782456997.681,0,0,0,0,0,1.03,-6.7,0.0,0.0,0.0,0.0,0.0,0,90,0,0.01,0,False,False,False,False,False,False
1782456997.703,0,0,0,0,0,1.1,-6.59,0.0,0.0,0.0,0.0,0.0,0,90,0,0.01,0,False,False,False,False,False,False
1782456997.728,0,0,0,0,0,1.15,-6.52,0.0,0.0,0.0,0.0,0.0,0,90,0,0.01,0,False,False,False,False,False,False
1782456997.75,0,0,0,0,0,1.14,-6.5,0.0,0.0,0.0,0.0,0.0,0,90,0,0.01,0,False,False,False,False,False,False
1782456997.774,0,0,0,0,0,1.1,-6.54,0.0,0.0,0.0,0.0,0.0,0,90,0,0.01,0,False,False,False,False,False,False
1782456997.798,0,0,0,0,0,1.07,-6.64,0.0,0.0,0.0,0.0,0.0,0,90,0,0.01,0,False,False,False,False,False,False
1782456997.822,0,0,0,0,0,1.05,-6.73,0.0,0.0,0.0,0.0,0.0,0,90,0,0.01,0,False,False,False,False,False,False
1782456997.845,0,0,0,0,0,1.03,-6.73,0.0,0.0,0.0,0.0,0.0,0,90,0,0.01,0,False,False,False,False,False,False
1782456997.868,0,0,0,0,0,1.03,-6.65,0.0,0.0,0.0,0.0,0.0,0,90,0,0.01,0,False,False,False,False,False,False
1782456997.891,0,0,0,0,0,1.04,-6.55,0.0,0.0,0.0,0.0,0.0,0,90,0,0.01,0,False,False,False,False,False,False
1782456997.917,0,0,0,0,0,1.07,-6.51,0.0,0.0,0.0,0.0,0.0,0,90,0,0.01,0,False,False,False,False,False,False
1782456997.938,0,0,0,0,0,1.08,-6.6,0.0,0.0,0.0,0.0,0.0,0,90,0,0.01,0,False,False,False,False,False,False
1782456997.963,0,0,0,0,0,1.07,-6.75,0.0,0.0,0.0,0.0,0.0,0,90,0,0.01,0,False,False,False,False,False,False
1782456997.986,0,0,0,0,0,1.04,-6.84,0.0,0.0,0.0,0.0,0.0,0,90,0,0.01,0,False,False,False,False,False,False
1782456998.009,0,0,0,0,0,1.03,-6.83,0.0,0.0,0.0,0.0,0.0,0,90,0,0.01,0,False,False,False,False,False,False
1782456998.032,0,0,0,0,0,1.05,-6.78,0.0,0.0,0.0,0.0,0.0,0,90,0,0.01,0,False,False,False,False,False,False
1782456998.055,0,0,0,0,0,1.05,-6.73,0.0,0.0,0.0,0.0,0.0,0,90,0,0.0,0,False,False,False,False,False,False
1782456998.08,0,0,0,0,0,1.05,-6.69,0.0,0.0,0.0,0.0,0.0,0,90,0,0.0,0,False,False,False,False,False,False
1782456998.104,0,0,0,0,0,1.07,-6.65,0.0,0.0,0.0,0.0,0.0,0,90,0,0.0,0,False,False,False,False,False,False
1782456998.125,0,0,0,0,0,1.11,-6.62,0.0,0.0,0.0,0.0,0.0,0,90,0,0.0,0,False,False,False,False,False,False
1782456998.15,0,0,0,0,0,1.13,-6.62,0.0,0.0,0.0,0.0,0.0,0,90,0,0.0,0,False,False,False,False,False,False
1782456998.173,0,0,0,0,0,1.12,-6.65,0.0,0.0,0.0,0.0,0.0,0,90,0,0.0,0,False,False,False,False,False,False
1782456998.196,0,0,0,0,0,1.12,-6.65,0.0,0.0,0.0,0.0,0.0,0,90,0,0.0,0,False,False,False,False,False,False
1782456998.219,0,0,0,0,0,1.14,-6.64,0.0,0.0,0.0,0.0,0.0,0,90,0,0.0,0,False,False,False,False,False,False
1782456998.242,0,0,0,0,0,1.14,-6.63,0.0,0.0,0.0,0.0,0.0,0,90,0,0.0,0,False,False,False,False,False,False
1782456998.267,0,0,0,0,0,1.14,-6.63,0.0,0.0,0.0,0.0,0.0,0,90,0,0.0,0,False,False,False,False,False,False
1782456998.29,0,0,0,0,0,1.12,-6.63,0.0,0.0,0.0,0.0,0.0,0,90,0,0.0,0,False,False,False,False,False,False
1782456998.312,0,0,0,0,0,1.02,-6.64,0.0,0.0,0.0,0.0,0.0,0,90,0,0.0,0,False,False,False,False,False,False
1782456998.337,0,0,0,0,0,0.79,-6.64,0.0,0.0,0.0,0.0,0.0,0,90,0,0.0,0,False,False,False,False,False,False
1782456998.362,0,0,0,0,0,0.64,-6.66,0.0,0.0,0.0,0.0,0.0,0,90,0,0.0,0,False,False,False,False,False,False
1782456998.383,0,0,0,0,0,0.67,-6.69,0.0,0.0,0.0,0.0,0.0,0,90,0,0.0,0,False,False,False,False,False,False
1782456998.407,0,0,0,0,0,0.82,-6.67,0.0,0.0,0.0,0.0,0.0,0,90,0,0.0,0,False,False,False,False,False,False
1782456998.432,0,0,0,0,0,1.01,-6.59,0.0,0.0,0.0,0.0,0.0,0,90,0,0.0,0,False,False,False,False,False,False
1782456998.453,0,0,0,0,0,1.16,-6.48,0.0,0.0,0.0,0.0,0.0,0,90,0,0.0,0,False,False,False,False,False,False
1782456998.478,0,0,0,0,0,1.25,-6.4,0.0,0.0,0.0,0.0,0.0,0,90,0,0.0,0,False,False,False,False,False,False
1782456998.5,0,0,0,0,0,1.32,-6.37,0.0,0.0,0.0,0.0,0.0,0,90,0,0.0,0,False,False,False,False,False,False
1782456998.524,0,0,0,0,0,1.35,-6.36,0.0,0.0,0.0,0.0,0.0,0,90,0,0.0,0,False,False,False,False,False,False
1782456998.548,0,0,0,0,0,1.37,-6.33,0.0,0.0,0.0,0.0,0.0,0,90,0,0.0,0,False,False,False,False,False,False
1782456998.571,0,0,0,0,0,1.38,-6.3,0.0,0.0,0.0,0.0,0.0,0,90,0,0.0,0,False,False,False,False,False,False
1782456998.594,0,0,0,0,0,1.37,-6.22,0.0,0.0,0.0,0.0,0.0,0,90,0,0.0,0,False,False,False,False,False,False
1782456998.616,0,0,0,0,0,1.34,-6.15,0.0,0.0,0.0,0.0,0.0,0,90,0,0.0,0,False,False,False,False,False,False
1782456998.64,0,0,0,0,0,1.31,-6.1,0.0,0.0,0.0,0.0,0.0,0,90,0,0.0,0,False,False,False,False,False,False
1782456998.665,0,0,0,0,0,1.29,-6.06,0.0,0.0,0.0,0.0,0.0,0,90,0,0.0,0,False,False,False,False,False,False
1782456998.688,0,0,0,0,0,1.27,-6.06,0.0,0.0,0.0,0.0,0.0,0,90,0,0.0,0,False,False,False,False,False,False
1782456998.71,0,0,0,0,0,1.27,-6.01,0.0,0.0,0.0,0.0,0.0,0,90,0,0.0,0,False,False,False,False,False,False
1782456998.735,0,0,0,0,0,1.26,-5.81,0.0,0.0,0.0,0.0,0.0,0,90,0,0.0,0,False,False,False,False,False,False
1782456998.757,0,0,0,0,0,1.25,-5.63,0.0,0.0,0.0,0.0,0.0,0,90,0,0.0,0,False,False,False,False,False,False
1782456998.782,0,0,0,0,0,1.25,-5.56,0.0,0.0,0.0,0.0,0.0,0,90,0,0.0,0,False,False,False,False,False,False
1782456998.804,0,0,0,0,0,1.26,-5.54,0.0,0.0,0.0,0.0,0.0,0,90,0,0.0,0,False,False,False,False,False,False
1782456998.828,0,0,0,0,0,1.27,-5.55,0.0,0.0,0.0,0.0,0.0,0,90,0,0.0,0,False,False,False,False,False,False
1782456998.851,0,0,0,0,0,1.26,-5.58,0.0,0.0,0.0,0.0,0.0,0,90,0,0.0,0,False,False,False,False,False,False
1782456998.875,0,0,0,0,0,1.23,-5.6,0.0,0.0,0.0,0.0,0.0,0,90,0,0.0,0,False,False,False,False,False,False
1782456998.9,0,0,0,0,0,1.21,-5.56,0.0,0.0,0.0,0.0,0.0,0,90,0,0.0,0,False,False,False,False,False,False
1782456998.922,0,0,0,0,0,1.22,-5.46,0.0,0.0,0.0,0.0,0.0,0,90,0,0.0,0,False,False,False,False,False,False
1782456998.944,0,0,0,0,0,1.24,-5.35,0.0,0.0,0.0,0.0,0.0,0,90,0,0.0,0,False,False,False,False,False,False
1782456998.969,0,0,0,0,0,1.23,-5.27,0.0,0.0,0.0,0.0,0.0,0,90,0,0.0,0,False,False,False,False,False,False
1782456998.992,0,0,0,0,0,1.2,-5.25,0.0,0.0,0.0,0.0,0.0,0,90,0,0.0,0,False,False,False,False,False,False
1782456999.016,0,0,0,0,0,1.18,-5.24,0.0,0.0,0.0,0.0,0.0,0,90,0,0.0,0,False,False,False,False,False,False
1782456999.04,0,0,0,0,0,1.17,-5.26,0.0,0.0,0.0,0.0,0.0,0,90,0,0.0,0,False,False,False,False,False,False
1782456999.065,0,0,0,0,0,1.15,-5.3,0.0,0.0,0.0,0.0,0.0,0,90,0,0.0,0,False,False,False,False,False,False
1782456999.086,0,0,0,0,0,1.13,-5.3,0.0,0.0,0.0,0.0,0.0,0,90,0,0.0,0,False,False,False,False,False,False
1782456999.11,0,0,0,0,0,1.12,-5.26,0.0,0.0,0.0,0.0,0.0,0,90,0,0.0,0,False,False,False,False,False,False
1782456999.134,0,0,0,0,0,1.12,-5.23,0.0,0.0,0.0,0.0,0.0,0,90,0,0.0,0,False,False,False,False,False,False
1782456999.158,0,0,0,0,0,1.13,-5.23,0.0,0.0,0.0,0.0,0.0,0,90,0,0.0,0,False,False,False,False,False,False
1782456999.183,0,0,0,0,0,1.13,-5.23,0.0,0.0,0.0,0.0,0.0,0,90,0,0.0,0,False,False,False,False,False,False
1782456999.205,0,0,0,0,0,1.14,-5.22,0.0,0.0,0.0,0.0,0.0,0,90,0,0.0,0,False,False,False,False,False,False
1782456999.228,0,0,0,0,0,1.15,-5.21,0.0,0.0,0.0,0.0,0.0,0,90,0,0.0,0,False,False,False,False,False,False
1782456999.252,0,0,0,0,0,1.15,-5.19,0.0,0.0,0.0,0.0,0.0,0,90,0,0.0,0,False,False,False,False,False,False
1782456999.275,0,0,0,0,0,1.15,-5.16,0.0,0.0,0.0,0.0,0.0,0,90,0,0.0,0,False,False,False,False,False,False
1782456999.299,0,0,0,0,0,1.16,-5.13,0.0,0.0,0.0,0.0,0.0,0,90,0,0.0,0,False,False,False,False,False,False
1782456999.322,0,0,0,0,0,1.16,-5.12,0.0,0.0,0.0,0.0,0.0,0,90,0,0.0,0,False,False,False,False,False,False
1782456999.345,0,0,0,0,0,1.16,-5.13,0.0,0.0,0.0,0.0,0.0,0,90,0,0.0,0,False,False,False,False,False,False
1782456999.369,0,0,0,0,0,1.14,-5.14,0.0,0.0,0.0,0.0,0.0,0,90,0,0.0,0,False,False,False,False,False,False
1782456999.393,0,0,0,0,0,1.13,-5.14,0.0,0.0,0.0,0.0,0.0,0,90,0,0.0,0,False,False,False,False,False,False
1782456999.416,0,0,0,0,0,1.13,-5.11,0.0,0.0,0.0,0.0,0.0,0,90,0,0.0,0,False,False,False,False,False,False
1782456999.439,0,0,0,0,0,1.14,-5.04,0.0,0.0,0.0,0.0,0.0,0,90,0,0.0,0,False,False,False,False,False,False
1782456999.463,0,0,0,0,0,1.14,-5.03,0.0,0.0,0.0,0.0,0.0,0,90,0,0.0,0,False,False,False,False,False,False
1782456999.486,0,0,0,0,0,1.14,-5.1,0.0,0.0,0.0,0.0,0.0,0,90,0,0.0,0,False,False,False,False,False,False
1782456999.51,0,0,0,0,0,1.14,-5.19,0.0,0.0,0.0,0.0,0.0,0,90,0,0.0,0,False,False,False,False,False,False
1782456999.534,0,0,0,0,0,1.14,-5.25,0.0,0.0,0.0,0.0,0.0,0,90,0,0.0,0,False,False,False,False,False,False
1782456999.558,0,0,0,0,0,1.13,-5.23,0.0,0.0,0.0,0.0,0.0,0,90,0,0.0,0,False,False,False,False,False,False
1782456999.582,0,0,0,0,0,1.12,-5.18,0.0,0.0,0.0,0.0,0.0,0,90,0,0.0,0,False,False,False,False,False,False
1782456999.605,0,0,0,0,0,1.1,-5.15,0.0,0.0,0.0,0.0,0.0,0,90,0,0.0,0,False,False,False,False,False,False
1782456999.628,0,0,0,0,0,1.07,-5.16,0.0,0.0,0.0,0.0,0.0,0,90,0,0.0,0,False,False,False,False,False,False
1782456999.651,0,0,0,0,0,1.04,-5.15,0.0,0.0,0.0,0.0,0.0,0,90,0,0.0,0,False,False,False,False,False,False
1782456999.675,0,0,0,0,0,1.07,-5.12,0.0,0.0,0.0,0.0,0.0,0,90,0,0.0,0,False,False,False,False,False,False
1782456999.699,0,0,0,0,0,1.13,-5.11,0.0,0.0,0.0,0.0,0.0,0,90,0,0.0,0,False,False,False,False,False,False
1782456999.722,0,0,0,0,0,1.18,-5.17,0.0,0.0,0.0,0.0,0.0,0,90,0,0.0,0,False,False,False,False,False,False
1782456999.745,0,0,0,0,0,1.21,-5.27,0.0,0.0,0.0,0.0,0.0,0,90,0,0.0,0,False,False,False,False,False,False
1782456999.77,0,0,0,0,0,1.23,-5.32,0.0,0.0,0.0,0.0,0.0,0,90,0,0.0,0,False,False,False,False,False,False
1782456999.791,0,0,0,0,0,1.26,-5.28,0.0,0.0,0.0,0.0,0.0,0,90,0,0.0,0,False,False,False,False,False,False
1782456999.816,0,0,0,0,0,1.27,-5.21,0.0,0.0,0.0,0.0,0.0,0,90,0,0.0,0,False,False,False,False,False,False
1782456999.839,0,0,0,0,0,1.24,-5.17,0.0,0.0,0.0,0.0,0.0,0,90,0,0.0,0,False,False,False,False,False,False
1782456999.862,0,0,0,0,0,1.21,-5.2,0.0,0.0,0.0,0.0,0.0,0,90,0,0.0,0,False,False,False,False,False,False
1782456999.885,0,0,0,0,0,1.17,-5.24,0.0,0.0,0.0,0.0,0.0,0,90,0,0.0,0,False,False,False,False,False,False
1782456999.909,0,0,0,0,0,1.14,-5.24,0.0,0.0,0.0,0.0,0.0,0,90,0,0.0,0,False,False,False,False,False,False
1782456999.933,0,0,0,0,0,1.14,-5.18,0.0,0.0,0.0,0.0,0.0,0,90,0,0.0,0,False,False,False,False,False,False
1782456999.956,0,0,0,0,0,1.15,-5.11,0.0,0.0,0.0,0.0,0.0,0,90,0,0.0,0,False,False,False,False,False,False
1782456999.98,0,0,0,0,0,1.12,-5.07,0.0,0.0,0.0,0.0,0.0,0,90,0,0.0,0,False,False,False,False,False,False
1782457000.003,0,0,0,0,0,1.07,-5.11,0.0,0.0,0.0,0.0,0.0,0,90,0,0.0,0,False,False,False,False,False,False
1782457000.026,0,0,0,0,0,1.03,-5.21,0.0,0.0,0.0,0.0,0.0,0,90,0,0.0,0,False,False,False,False,False,False
1782457000.051,0,0,0,0,0,1.03,-5.29,0.0,0.0,0.0,0.0,0.0,0,90,0,0.0,0,False,False,False,False,False,False
1782457000.074,0,0,0,0,0,1.06,-5.3,0.0,0.0,0.0,0.0,0.0,0,90,0,0.0,0,False,False,False,False,False,False
1782457000.096,0,0,0,0,0,1.1,-5.28,0.0,0.0,0.0,0.0,0.0,0,90,0,0.0,0,False,False,False,False,False,False
1782457000.12,0,0,0,0,0,1.13,-5.31,0.0,0.0,0.0,0.0,0.0,0,90,0,0.0,0,False,False,False,False,False,False
1782457000.144,0,0,0,0,0,1.16,-5.38,0.0,0.0,0.0,0.0,0.0,0,90,0,0.0,0,False,False,False,False,False,False
1782457000.167,0,0,0,0,0,1.16,-5.43,0.0,0.0,0.0,0.0,0.0,0,90,0,0.0,0,False,False,False,False,False,False
1782457000.191,0,0,0,0,0,1.14,-5.45,0.0,0.0,0.0,0.0,0.0,0,90,0,0.0,0,False,False,False,False,False,False
1782457000.216,0,0,0,0,0,1.11,-5.48,0.0,0.0,0.0,0.0,0.0,0,90,0,0.0,0,False,False,False,False,False,False
1782457000.238,0,0,0,0,0,1.09,-5.5,0.0,0.0,0.0,0.0,0.0,0,90,0,0.0,0,False,False,False,False,False,False
1782457000.262,0,0,0,0,0,1.08,-5.49,0.0,0.0,0.0,0.0,0.0,0,90,0,0.0,0,False,False,False,False,False,False
1782457000.285,0,0,0,0,0,1.06,-5.5,0.0,0.0,0.0,0.0,0.0,0,90,0,0.0,0,False,False,False,False,False,False
1782457000.308,0,0,0,0,0,1.04,-5.52,0.0,0.0,0.0,0.0,0.0,0,90,0,0.0,0,False,False,False,False,False,False
1782457000.333,0,0,0,0,0,1.02,-5.48,0.0,0.0,0.0,0.0,0.0,0,90,0,0.0,0,False,False,False,False,False,False
1782457000.355,0,0,0,0,0,1.03,-5.4,0.0,0.0,0.0,0.0,0.0,0,90,0,0.0,0,False,False,False,False,False,False
1782457000.379,0,0,0,0,0,1.06,-5.29,0.0,0.0,0.0,0.0,0.0,0,90,0,0.0,0,False,False,False,False,False,False
1782457000.402,0,0,0,0,0,1.09,-5.2,0.0,0.0,0.0,0.0,0.0,0,90,0,0.0,0,False,False,False,False,False,False
1782457000.425,0,0,0,0,0,1.1,-5.16,0.0,0.0,0.0,0.0,0.0,0,90,0,0.0,0,False,False,False,False,False,False
1782457000.45,0,0,0,0,0,1.09,-5.18,0.0,0.0,0.0,0.0,0.0,0,90,0,0.0,0,False,False,False,False,False,False
1782457000.473,0,0,0,0,0,1.08,-5.22,0.0,0.0,0.0,0.0,0.0,0,90,0,0.0,0,False,False,False,False,False,False
1782457000.497,0,0,0,0,0,1.08,-5.27,0.0,0.0,0.0,0.0,0.0,0,90,0,0.0,0,False,False,False,False,False,False
1782457000.519,0,0,0,0,0,1.1,-5.32,0.0,0.0,0.0,0.0,0.0,0,90,0,0.0,0,False,False,False,False,False,False
1782457000.542,0,0,0,0,0,1.11,-5.33,0.0,0.0,0.0,0.0,0.0,0,90,0,0.0,0,False,False,False,False,False,False
1782457000.567,0,0,0,0,0,1.1,-5.27,0.0,0.0,0.0,0.0,0.0,0,90,0,0.0,0,False,False,False,False,False,False
1782457000.59,0,0,0,0,0,1.11,-5.15,0.0,0.0,0.0,0.0,0.0,0,90,0,0.0,0,False,False,False,False,False,False
1782457000.613,0,0,0,0,0,1.14,-5.02,0.0,0.0,0.0,0.0,0.0,0,90,0,0.0,0,False,False,False,False,False,False
1782457000.637,0,0,0,0,0,1.16,-4.92,0.0,0.0,0.0,0.0,0.0,0,90,0,0.0,0,False,False,False,False,False,False
1782457000.66,0,0,0,0,0,1.16,-4.85,0.0,0.0,0.0,0.0,0.0,0,90,0,0.0,0,False,False,False,False,False,False
1782457000.684,0,0,0,0,0,1.14,-4.83,0.0,0.0,0.0,0.0,0.0,0,90,0,0.0,0,False,False,False,False,False,False
1782457000.707,0,0,0,0,0,1.14,-4.86,0.0,0.0,0.0,0.0,0.0,0,90,0,0.0,0,False,False,False,False,False,False
1782457000.731,0,0,0,0,0,1.16,-4.89,0.0,0.0,0.0,0.0,0.0,0,90,0,0.0,0,False,False,False,False,False,False
1782457000.754,0,0,0,0,0,1.17,-4.9,0.0,0.0,0.0,0.0,0.0,0,90,0,0.0,0,False,False,False,False,False,False
1782457000.778,0,0,0,0,0,1.14,-4.92,0.0,0.0,0.0,0.0,0.0,0,90,0,0.0,0,False,False,False,False,False,False
1782457000.802,0,0,0,0,0,1.13,-4.95,0.0,0.0,0.0,0.0,0.0,0,90,0,0.0,0,False,False,False,False,False,False
1782457000.825,0,0,0,0,0,1.15,-4.96,0.0,0.0,0.0,0.0,0.0,0,90,0,0.0,0,False,False,False,False,False,False
1782457000.849,0,0,0,0,0,1.16,-4.94,0.0,0.0,0.0,0.0,0.0,0,90,0,0.0,0,False,False,False,False,False,False
1782457000.872,0,0,0,0,0,1.16,-4.96,0.0,0.0,0.0,0.0,0.0,0,90,0,0.0,0,False,False,False,False,False,False
1782457000.895,0,0,0,0,0,1.14,-5.01,0.0,0.0,0.0,0.0,0.0,0,90,0,0.0,0,False,False,False,False,False,False
1782457000.918,0,0,0,0,0,1.12,-5.02,0.0,0.0,0.0,0.0,0.0,0,90,0,0.0,0,False,False,False,False,False,False
1782457000.942,0,0,0,0,0,1.13,-4.96,0.0,0.0,0.0,0.0,0.0,0,90,0,0.0,0,False,False,False,False,False,False
1782457000.967,0,0,0,0,0,1.14,-4.89,0.0,0.0,0.0,0.0,0.0,0,90,0,0.0,0,False,False,False,False,False,False
1782457000.989,0,0,0,0,0,1.13,-4.86,0.0,0.0,0.0,0.0,0.0,0,90,0,0.0,0,False,False,False,False,False,False
1782457001.013,0,0,0,0,0,1.1,-4.89,0.0,0.0,0.0,0.0,0.0,0,90,0,0.0,0,False,False,False,False,False,False
1782457001.038,0,0,0,0,0,1.1,-4.93,0.0,0.0,0.0,0.0,0.0,0,90,0,0.0,0,False,False,False,False,False,False
1782457001.06,0,0,0,0,0,1.12,-4.91,0.0,0.0,0.0,0.0,0.0,0,90,0,0.0,0,False,False,False,False,False,False
1782457001.084,0,0,0,0,0,1.15,-4.85,0.0,0.0,0.0,0.0,0.0,0,90,0,0.0,0,False,False,False,False,False,False
1782457001.106,0,0,0,0,0,1.18,-4.78,0.0,0.0,0.0,0.0,0.0,0,90,0,0.0,0,False,False,False,False,False,False
1782457001.13,0,0,0,0,0,1.21,-4.76,0.0,0.0,0.0,0.0,0.0,0,90,0,0.0,0,False,False,False,False,False,False
1782457001.154,0,0,0,0,0,1.22,-4.82,0.0,0.0,0.0,0.0,0.0,0,90,0,0.0,0,False,False,False,False,False,False
1782457001.178,0,0,0,0,0,1.21,-4.93,0.0,0.0,0.0,0.0,0.0,0,90,0,0.0,0,False,False,False,False,False,False
1782457001.201,0,0,0,0,0,1.22,-5.01,0.0,0.0,0.0,0.0,0.0,0,90,0,0.0,0,False,False,False,False,False,False
1782457001.224,0,0,0,0,0,1.24,-5.0,0.0,0.0,0.0,0.0,0.0,0,90,0,0.0,0,False,False,False,False,False,False
1782457001.247,0,0,0,0,0,1.26,-4.9,0.0,0.0,0.0,0.0,0.0,0,90,0,0.0,0,False,False,False,False,False,False
1782457001.271,0,0,0,0,0,1.27,-4.79,0.0,0.0,0.0,0.0,0.0,0,90,0,0.0,0,False,False,False,False,False,False
1782457001.294,0,0,0,0,0,1.28,-4.71,0.0,0.0,0.0,0.0,0.0,0,90,0,0.0,0,False,False,False,False,False,False
1782457001.318,0,0,0,0,0,1.29,-4.65,0.0,0.0,0.0,0.0,0.0,0,90,0,0.0,0,False,False,False,False,False,False
1782457001.341,0,0,0,0,0,1.29,-4.57,0.0,0.0,0.0,0.0,0.0,0,90,0,0.0,0,False,False,False,False,False,False
1782457001.365,0,0,0,0,0,1.29,-4.49,0.0,0.0,0.0,0.0,0.0,0,90,0,0.0,0,False,False,False,False,False,False
1782457001.388,0,0,0,0,0,1.28,-4.43,0.0,0.0,0.0,0.0,0.0,0,90,0,0.0,0,False,False,False,False,False,False
1782457001.412,0,0,0,0,0,1.28,-4.44,0.0,0.0,0.0,0.0,0.0,0,90,0,0.0,0,False,False,False,False,False,False
1782457001.435,0,0,0,0,0,1.29,-4.52,0.0,0.0,0.0,0.0,0.0,0,90,0,0.0,0,False,False,False,False,False,False
1782457001.458,0,0,0,0,0,1.29,-4.63,0.0,0.0,0.0,0.0,0.0,0,90,0,0.0,0,False,False,False,False,False,False
1782457001.483,0,0,0,0,0,1.29,-4.74,0.0,0.0,0.0,0.0,0.0,0,90,0,0.0,0,False,False,False,False,False,False
1782457001.506,0,0,0,0,0,1.3,-4.78,0.0,0.0,0.0,0.0,0.0,0,90,0,0.0,0,False,False,False,False,False,False
1782457001.529,0,0,0,0,0,1.32,-4.76,0.0,0.0,0.0,0.0,0.0,0,90,0,0.0,0,False,False,False,False,False,False
1782457001.553,0,0,0,0,0,1.33,-4.73,0.0,0.0,0.0,0.0,0.0,0,90,0,0.0,0,False,False,False,False,False,False
1782457001.577,0,0,0,0,0,1.34,-4.71,0.0,0.0,0.0,0.0,0.0,0,90,0,0.0,0,False,False,False,False,False,False
1782457001.6,0,0,0,0,0,1.34,-4.67,0.0,0.0,0.0,0.0,0.0,0,90,0,0.0,0,False,False,False,False,False,False
1782457001.623,0,0,0,0,0,1.35,-4.62,0.0,0.0,0.0,0.0,0.0,0,90,0,0.0,0,False,False,False,False,False,False
1782457001.646,0,0,0,0,0,1.36,-4.6,0.0,0.0,0.0,0.0,0.0,0,90,0,0.0,0,False,False,False,False,False,False
1782457001.67,0,0,0,0,0,1.35,-4.6,0.0,0.0,0.0,0.0,0.0,0,90,0,0.0,0,False,False,False,False,False,False
1782457001.693,0,0,0,0,0,1.33,-4.57,0.0,0.0,0.0,0.0,0.0,0,90,0,0.0,0,False,False,False,False,False,False
1782457001.718,0,0,0,0,0,1.31,-4.54,0.0,0.0,0.0,0.0,0.0,0,90,0,0.0,0,False,False,False,False,False,False
1782457001.74,0,0,0,0,0,1.27,-4.53,0.0,0.0,0.0,0.0,0.0,0,90,0,0.0,0,False,False,False,False,False,False
1782457001.764,0,0,0,0,0,1.23,-4.51,0.0,0.0,0.0,0.0,0.0,0,90,0,0.0,0,False,False,False,False,False,False
1782457001.788,0,0,0,0,0,1.22,-4.47,0.0,0.0,0.0,0.0,0.0,0,90,0,0.0,0,False,False,False,False,False,False
1782457001.811,0,0,0,0,0,1.23,-4.43,0.0,0.0,0.0,0.0,0.0,0,90,0,0.0,0,False,False,False,False,False,False
1782457001.836,0,0,0,0,0,1.23,-4.43,0.0,0.0,0.0,0.0,0.0,0,90,0,0.0,0,False,False,False,False,False,False
1782457001.859,0,0,0,0,0,1.23,-4.49,0.0,0.0,0.0,0.0,0.0,0,90,0,0.0,0,False,False,False,False,False,False
1782457001.882,0,0,0,0,0,1.24,-4.6,0.0,0.0,0.0,0.0,0.0,0,90,0,0.0,0,False,False,False,False,False,False
1782457001.905,0,0,0,0,0,1.26,-4.71,0.0,0.0,0.0,0.0,0.0,0,90,0,0.0,0,False,False,False,False,False,False
1782457001.929,0,0,0,0,0,1.27,-4.84,0.0,0.0,0.0,0.0,0.0,0,90,0,0.0,0,False,False,False,False,False,False
1782457001.952,0,0,0,0,0,1.27,-4.99,0.0,0.0,0.0,0.0,0.0,0,90,0,0.0,0,False,False,False,False,False,False
1782457001.976,0,0,0,0,0,1.27,-5.08,0.0,0.0,0.0,0.0,0.0,0,90,0,0.0,0,False,False,False,False,False,False
1782457002.001,0,0,0,0,0,1.27,-5.04,0.0,0.0,0.0,0.0,0.0,0,90,0,0.0,0,False,False,False,False,False,False
1782457002.023,0,0,0,0,0,1.26,-4.92,0.0,0.0,0.0,0.0,0.0,0,90,0,0.0,0,False,False,False,False,False,False
1782457002.046,0,0,0,0,0,1.26,-4.86,0.0,0.0,0.0,0.0,0.0,0,90,0,0.0,0,False,False,False,False,False,False
1782457002.07,0,0,0,0,0,1.27,-4.95,0.0,0.0,0.0,0.0,0.0,0,90,0,0.0,0,False,False,False,False,False,False
1782457002.092,0,0,0,0,0,1.3,-5.14,0.0,0.0,0.0,0.0,0.0,0,90,0,0.0,0,False,False,False,False,False,False
1782457002.117,0,0,0,0,0,1.35,-5.37,0.0,0.0,0.0,0.0,0.0,0,90,0,0.0,0,False,False,False,False,False,False
1782457002.139,0,0,0,0,0,1.38,-5.58,0.0,0.0,0.0,0.0,0.0,0,90,0,0.0,0,False,False,False,False,False,False
1782457002.163,0,0,0,0,0,1.38,-5.76,0.0,0.0,0.0,0.0,0.0,0,90,0,0.0,0,False,False,False,False,False,False
1782457002.187,0,0,0,0,0,1.35,-5.9,0.0,0.0,0.0,0.0,0.0,0,90,0,0.0,0,False,False,False,False,False,False
1782457002.209,0,0,0,0,0,1.31,-5.99,0.0,0.0,0.0,0.0,0.0,0,90,0,0.0,0,False,False,False,False,False,False
1782457002.235,0,0,0,0,0,1.25,-6.03,0.0,0.0,0.0,0.0,0.0,0,90,0,0.0,0,False,False,False,False,False,False
1782457002.256,0,0,0,0,0,1.2,-6.0,0.0,0.0,0.0,0.0,0.0,0,90,0,0.01,0,False,False,False,False,False,False
1782457002.28,0,0,0,0,0,1.18,-5.92,0.0,0.0,0.0,0.0,0.0,0,90,0,0.01,0,False,False,False,False,False,False
1782457002.304,0,0,0,0,0,1.18,-5.81,0.0,0.0,0.0,0.0,0.0,0,90,0,0.01,0,False,False,False,False,False,False
1782457002.326,0,0,0,0,0,1.19,-5.7,0.0,0.0,0.0,0.0,0.0,0,90,0,0.01,0,False,False,False,False,False,False
1782457002.351,0,0,0,0,0,1.18,-5.61,0.0,0.0,0.0,0.0,0.0,0,90,0,0.01,0,False,False,False,False,False,False
1782457002.373,0,0,0,0,0,1.16,-5.53,0.0,0.0,0.0,0.0,0.0,0,90,0,0.01,0,False,False,False,False,False,False
1782457002.398,0,0,0,0,0,1.12,-5.46,0.0,0.0,0.0,0.0,0.0,0,90,0,0.01,0,False,False,False,False,False,False
1782457002.422,0,0,0,0,0,1.08,-5.39,0.0,0.0,0.0,0.0,0.0,0,90,0,0.01,0,False,False,False,False,False,False
1782457002.444,0,0,0,0,0,1.05,-5.35,0.0,0.0,0.0,0.0,0.0,0,90,0,0.01,0,False,False,False,False,False,False
1782457002.469,0,0,0,0,0,1.03,-5.37,0.0,0.0,0.0,0.0,0.0,0,90,0,0.01,0,False,False,False,False,False,False
1782457002.492,0,0,0,0,0,1.03,-5.43,0.0,0.0,0.0,0.0,0.0,0,90,0,0.01,0,False,False,False,False,False,False
1782457002.515,0,0,0,0,0,1.05,-5.52,0.0,0.0,0.0,0.0,0.0,0,90,0,0.01,0,False,False,False,False,False,False
1782457002.539,0,0,0,0,0,1.07,-5.57,0.0,0.0,0.0,0.0,0.0,0,90,0,0.01,0,False,False,False,False,False,False
1782457002.563,0,0,0,0,0,1.07,-5.57,0.0,0.0,0.0,0.0,0.0,0,90,0,0.01,0,False,False,False,False,False,False
1782457002.588,0,0,0,0,0,1.05,-5.52,0.0,0.0,0.0,0.0,0.0,0,90,0,0.01,0,False,False,False,False,False,False
1782457002.611,0,0,0,0,0,1.05,-5.47,0.0,0.0,0.0,0.0,0.0,0,90,0,0.01,0,False,False,False,False,False,False
1782457002.635,0,0,0,0,0,1.05,-5.44,0.0,0.0,0.0,0.0,0.0,0,90,0,0.01,0,False,False,False,False,False,False
1782457002.658,0,0,0,0,0,1.05,-5.45,0.0,0.0,0.0,0.0,0.0,0,90,0,0.01,0,False,False,False,False,False,False
1782457002.682,0,0,0,0,0,1.03,-5.5,0.0,0.0,0.0,0.0,0.0,0,90,0,0.01,0,False,False,False,False,False,False
1782457002.705,0,0,0,0,0,1.03,-5.54,0.0,0.0,0.0,0.0,0.0,0,90,0,0.01,0,False,False,False,False,False,False
1782457002.729,0,0,0,0,0,1.03,-5.54,0.0,0.0,0.0,0.0,0.0,0,90,0,0.01,0,False,False,False,False,False,False
1782457002.754,0,0,0,0,0,1.02,-5.51,0.0,0.0,0.0,0.0,0.0,0,90,0,0.01,0,False,False,False,False,False,False
1782457002.775,0,0,0,0,0,1.0,-5.48,0.0,0.0,0.0,0.0,0.0,0,90,0,0.01,0,False,False,False,False,False,False
1782457002.8,0,0,0,0,0,0.99,-5.45,0.0,0.0,0.0,0.0,0.0,0,90,0,0.01,0,False,False,False,False,False,False
1782457002.823,0,0,0,0,0,1.0,-5.44,0.0,0.0,0.0,0.0,0.0,0,90,0,0.01,0,False,False,False,False,False,False
1782457002.846,0,0,0,0,0,1.03,-5.45,0.0,0.0,0.0,0.0,0.0,0,90,0,0.01,0,False,False,False,False,False,False
1782457002.87,0,0,0,0,0,1.03,-5.47,0.0,0.0,0.0,0.0,0.0,0,90,0,0.01,0,False,False,False,False,False,False
1782457002.894,0,0,0,0,0,1.02,-5.49,0.0,0.0,0.0,0.0,0.0,0,90,0,0.01,0,False,False,False,False,False,False
1782457002.919,0,0,0,0,0,1.04,-5.49,0.0,0.0,0.0,0.0,0.0,0,90,0,0.01,0,False,False,False,False,False,False
1782457002.941,0,0,0,0,0,1.08,-5.48,0.0,0.0,0.0,0.0,0.0,0,90,0,0.01,0,False,False,False,False,False,False
1782457002.965,0,0,0,0,0,1.11,-5.47,0.0,0.0,0.0,0.0,0.0,0,90,0,0.01,0,False,False,False,False,False,False
1782457002.988,0,0,0,0,0,1.13,-5.46,0.0,0.0,0.0,0.0,0.0,0,90,0,0.01,0,False,False,False,False,False,False
1782457003.012,0,0,0,0,0,1.12,-5.47,0.0,0.0,0.0,0.0,0.0,0,90,0,0.01,0,False,False,False,False,False,False
1782457003.037,0,0,0,0,0,1.13,-5.49,0.0,0.0,0.0,0.0,0.0,0,90,0,0.01,0,False,False,False,False,False,False
1782457003.059,0,0,0,0,0,1.13,-5.51,0.0,0.0,0.0,0.0,0.0,0,90,0,0.01,0,False,False,False,False,False,False
1782457003.083,0,0,0,0,0,1.13,-5.5,0.0,0.0,0.0,0.0,0.0,0,90,0,0.01,0,False,False,False,False,False,False
1782457003.107,0,0,0,0,0,1.12,-5.49,0.0,0.0,0.0,0.0,0.0,0,90,0,0.01,0,False,False,False,False,False,False
1782457003.13,0,0,0,0,0,1.11,-5.47,0.0,0.0,0.0,0.0,0.0,0,90,0,0.01,0,False,False,False,False,False,False
1782457003.154,0,0,0,0,0,1.08,-5.47,0.0,0.0,0.0,0.0,0.0,0,90,0,0.01,0,False,False,False,False,False,False
1782457003.177,0,0,0,0,0,1.06,-5.49,0.0,0.0,0.0,0.0,0.0,0,90,0,0.01,0,False,False,False,False,False,False
1782457003.202,0,0,0,0,0,1.06,-5.51,0.0,0.0,0.0,0.0,0.0,0,90,0,0.01,0,False,False,False,False,False,False
1782457003.225,0,0,0,0,0,1.07,-5.5,0.0,0.0,0.0,0.0,0.0,0,90,0,0.01,0,False,False,False,False,False,False
1782457003.249,0,0,0,0,0,1.06,-5.5,0.0,0.0,0.0,0.0,0.0,0,90,0,0.01,0,False,False,False,False,False,False
1782457003.272,0,0,0,0,0,1.05,-5.5,0.0,0.0,0.0,0.0,0.0,0,90,0,0.01,0,False,False,False,False,False,False
1782457003.295,0,0,0,0,0,1.04,-5.51,0.0,0.0,0.0,0.0,0.0,0,90,0,0.01,0,False,False,False,False,False,False
1782457003.319,0,0,0,0,0,1.03,-5.51,0.0,0.0,0.0,0.0,0.0,0,90,0,0.01,0,False,False,False,False,False,False
1782457003.341,0,0,0,0,0,1.03,-5.56,0.0,0.0,0.0,0.0,0.0,0,90,0,0.01,0,False,False,False,False,False,False
1782457003.364,0,0,0,0,0,1.03,-5.91,0.0,0.0,0.0,0.0,0.0,0,90,0,0.01,0,False,False,False,False,False,False
1782457003.388,0,0,0,0,0,1.03,-6.66,0.0,0.0,0.0,0.0,0.0,0,90,0,0.01,0,False,False,False,False,False,False
1782457003.412,0,0,0,0,0,1.02,-7.33,0.0,0.0,0.0,0.0,0.0,0,90,0,0.01,0,False,False,False,False,False,False
1782457003.437,0,0,0,0,0,1.0,-7.62,0.0,0.0,0.0,0.0,0.0,0,90,0,0.01,0,False,False,False,False,False,False
1782457003.46,0,0,0,0,0,1.0,-7.68,0.0,0.0,0.0,0.0,0.0,0,90,0,0.01,0,False,False,False,False,False,False
1782457003.483,0,0,0,0,0,0.99,-7.66,0.0,0.0,0.0,0.0,0.0,0,90,0,0.01,0,False,False,False,False,False,False
1782457003.507,0,0,0,0,0,0.99,-7.65,0.0,0.0,0.0,0.0,0.0,0,90,0,0.01,0,False,False,False,False,False,False
1782457003.53,0,0,0,0,0,0.99,-7.68,0.0,0.0,0.0,0.0,0.0,0,90,0,0.01,0,False,False,False,False,False,False
1782457003.554,0,0,0,0,0,0.97,-7.76,0.0,0.0,0.0,0.0,0.0,0,90,0,0.01,0,False,False,False,False,False,False
1782457003.578,0,0,0,0,0,0.96,-7.82,0.0,0.0,0.0,0.0,0.0,0,90,0,0.01,0,False,False,False,False,False,False
1782457003.602,0,0,0,0,0,0.95,-7.84,0.0,0.0,0.0,0.0,0.0,0,90,0,0.01,0,False,False,False,False,False,False
1782457003.624,0,0,0,0,0,0.94,-7.79,0.0,0.0,0.0,0.0,0.0,0,90,0,0.01,0,False,False,False,False,False,False
1782457003.649,0,0,0,0,0,0.95,-7.73,0.0,0.0,0.0,0.0,0.0,0,90,0,0.01,0,False,False,False,False,False,False
1782457003.672,0,0,0,0,0,0.96,-7.71,0.0,0.0,0.0,0.0,0.0,0,90,0,0.01,0,False,False,False,False,False,False
1782457003.695,0,0,0,0,0,0.97,-7.73,0.0,0.0,0.0,0.0,0.0,0,90,0,0.01,0,False,False,False,False,False,False
1782457003.72,0,0,0,0,0,0.97,-7.74,0.0,0.0,0.0,0.0,0.0,0,90,0,0.01,0,False,False,False,False,False,False
1782457003.742,0,0,0,0,0,0.97,-7.7,0.0,0.0,0.0,0.0,0.0,0,90,0,0.01,0,False,False,False,False,False,False
1782457003.765,0,0,0,0,0,0.97,-7.65,0.0,0.0,0.0,0.0,0.0,0,90,0,0.01,0,False,False,False,False,False,False
1782457003.789,0,0,0,0,0,0.99,-7.65,0.0,0.0,0.0,0.0,0.0,0,90,0,0.01,0,False,False,False,False,False,False
1782457003.812,0,0,0,0,0,1.0,-7.7,0.0,0.0,0.0,0.0,0.0,0,90,0,0.01,0,False,False,False,False,False,False
1782457003.837,0,0,0,0,0,1.01,-7.73,0.0,0.0,0.0,0.0,0.0,0,90,0,0.01,0,False,False,False,False,False,False
1782457003.86,0,0,0,0,0,1.0,-7.72,0.0,0.0,0.0,0.0,0.0,0,90,0,0.01,0,False,False,False,False,False,False
1782457003.883,0,0,0,0,0,1.0,-7.7,0.0,0.0,0.0,0.0,0.0,0,90,0,0.01,0,False,False,False,False,False,False
1782457003.907,0,0,0,0,0,1.0,-7.72,0.0,0.0,0.0,0.0,0.0,0,90,0,0.01,0,False,False,False,False,False,False
1782457003.931,0,0,0,0,0,0.99,-7.73,0.0,0.0,0.0,0.0,0.0,0,90,0,0.01,0,False,False,False,False,False,False
1782457003.955,0,0,0,0,0,0.98,-7.7,0.0,0.0,0.0,0.0,0.0,0,90,0,0.01,0,False,False,False,False,False,False
1782457003.977,0,0,0,0,0,0.98,-7.7,0.0,0.0,0.0,0.0,0.0,0,90,0,0.01,0,False,False,False,False,False,False
1782457004.003,0,0,0,0,0,0.99,-7.73,0.0,0.0,0.0,0.0,0.0,0,90,0,0.01,0,False,False,False,False,False,False
1782457004.025,0,0,0,0,0,1.01,-7.73,0.0,0.0,0.0,0.0,0.0,0,90,0,0.01,0,False,False,False,False,False,False
1782457004.047,0,0,0,0,0,1.04,-7.73,0.0,0.0,0.0,0.0,0.0,0,90,0,0.01,0,False,False,False,False,False,False
1782457004.072,0,0,0,0,0,1.06,-7.74,0.0,0.0,0.0,0.0,0.0,0,90,0,0.01,0,False,False,False,False,False,False
1782457004.095,0,0,0,0,0,1.07,-7.74,0.0,0.0,0.0,0.0,0.0,0,90,0,0.01,0,False,False,False,False,False,False
1782457004.122,0,0,0,0,0,1.05,-7.74,0.0,0.0,0.0,0.0,0.0,0,90,0,0.01,0,False,False,False,False,False,False
1782457004.142,0,0,0,0,0,1.03,-7.75,0.0,0.0,0.0,0.0,0.0,0,90,0,0.01,0,False,False,False,False,False,False
1782457004.166,0,0,0,0,0,0.99,-7.75,0.0,0.0,0.0,0.0,0.0,0,90,0,0.01,0,False,False,False,False,False,False
1782457004.191,0,0,0,0,0,0.97,-7.72,0.0,0.0,0.0,0.0,0.0,0,90,0,0.01,0,False,False,False,False,False,False
1782457004.215,0,0,0,0,0,0.96,-7.69,0.0,0.0,0.0,0.0,0.0,0,90,0,0.01,0,False,False,False,False,False,False
1782457004.238,0,0,0,0,0,0.97,-7.66,0.0,0.0,0.0,0.0,0.0,0,90,0,0.01,0,False,False,False,False,False,False
1782457004.261,0,0,0,0,0,0.96,-7.65,0.0,0.0,0.0,0.0,0.0,0,90,0,0.01,0,False,False,False,False,False,False
1782457004.287,0,0,0,0,0,0.95,-7.66,0.0,0.0,0.0,0.0,0.0,0,90,0,0.01,0,False,False,False,False,False,False
1782457004.309,0,0,0,0,0,0.96,-7.66,0.0,0.0,0.0,0.0,0.0,0,90,0,0.01,0,False,False,False,False,False,False
1782457004.332,0,0,0,0,0,0.96,-7.65,0.0,0.0,0.0,0.0,0.0,0,90,0,0.01,0,False,False,False,False,False,False
1782457004.356,0,0,0,0,0,0.94,-7.65,0.0,0.0,0.0,0.0,0.0,0,90,0,0.01,0,False,False,False,False,False,False
1782457004.38,0,0,0,0,0,0.91,-7.66,0.0,0.0,0.0,0.0,0.0,0,90,0,0.01,0,False,False,False,False,False,False
1782457004.405,0,0,0,0,0,0.9,-7.67,0.0,0.0,0.0,0.0,0.0,0,90,0,0.01,0,False,False,False,False,False,False
1782457004.427,0,0,0,0,0,0.93,-7.67,0.0,0.0,0.0,0.0,0.0,0,90,0,0.01,0,False,False,False,False,False,False
1782457004.45,0,0,0,0,0,0.96,-7.68,0.0,0.0,0.0,0.0,0.0,0,90,0,0.01,0,False,False,False,False,False,False
1782457004.474,0,0,0,0,0,0.98,-7.68,0.0,0.0,0.0,0.0,0.0,0,90,0,0.01,0,False,False,False,False,False,False
1782457004.497,0,0,0,0,0,1.0,-7.71,0.0,0.0,0.0,0.0,0.0,0,90,0,0.01,0,False,False,False,False,False,False
1782457004.522,0,0,0,0,0,1.0,-7.74,0.0,0.0,0.0,0.0,0.0,0,90,0,0.01,0,False,False,False,False,False,False
1782457004.544,0,0,0,0,0,0.99,-7.72,0.0,0.0,0.0,0.0,0.0,0,90,0,0.01,0,False,False,False,False,False,False
1782457004.567,0,0,0,0,0,0.99,-7.65,0.0,0.0,0.0,0.0,0.0,0,90,0,0.01,0,False,False,False,False,False,False
1782457004.591,0,0,0,0,0,0.99,-7.55,0.0,0.0,0.0,0.0,0.0,0,90,0,0.01,0,False,False,False,False,False,False
1782457004.615,0,0,0,0,0,0.98,-7.44,0.0,0.0,0.0,0.0,0.0,0,90,0,0.01,0,False,False,False,False,False,False
1782457004.638,0,0,0,0,0,0.97,-7.38,0.0,0.0,0.0,0.0,0.0,0,90,0,0.01,0,False,False,False,False,False,False
1782457004.662,0,0,0,0,0,0.96,-7.38,0.0,0.0,0.0,0.0,0.0,0,90,0,0.01,0,False,False,False,False,False,False
1782457004.687,0,0,0,0,0,0.96,-7.44,0.0,0.0,0.0,0.0,0.0,0,90,0,0.01,0,False,False,False,False,False,False
1782457004.71,0,0,0,0,0,0.95,-7.55,0.0,0.0,0.0,0.0,0.0,0,90,0,0.01,0,False,False,False,False,False,False
1782457004.732,0,0,0,0,0,0.96,-7.64,0.0,0.0,0.0,0.0,0.0,0,90,0,0.01,0,False,False,False,False,False,False
1782457004.755,0,0,0,0,0,0.99,-7.64,0.0,0.0,0.0,0.0,0.0,0,90,0,0.01,0,False,False,False,False,False,False
1782457004.779,0,0,0,0,0,1.02,-7.59,0.0,0.0,0.0,0.0,0.0,0,90,0,0.01,0,False,False,False,False,False,False
1782457004.803,0,0,0,0,0,1.05,-7.56,0.0,0.0,0.0,0.0,0.0,0,90,0,0.01,0,False,False,False,False,False,False
1782457004.825,0,0,0,0,0,1.06,-7.59,0.0,0.0,0.0,0.0,0.0,0,90,0,0.01,0,False,False,False,False,False,False
1782457004.85,0,0,0,0,0,1.05,-7.65,0.0,0.0,0.0,0.0,0.0,0,90,0,0.01,0,False,False,False,False,False,False
1782457004.872,0,0,0,0,0,1.04,-7.66,0.0,0.0,0.0,0.0,0.0,0,90,0,0.01,0,False,False,False,False,False,False
1782457004.895,0,0,0,0,0,1.04,-7.65,0.0,0.0,0.0,0.0,0.0,0,90,0,0.01,0,False,False,False,False,False,False
1782457004.921,0,0,0,0,0,1.07,-7.65,0.0,0.0,0.0,0.0,0.0,0,90,0,0.01,0,False,False,False,False,False,False
1782457004.943,0,0,0,0,0,1.12,-7.67,0.0,0.0,0.0,0.0,0.0,0,90,0,0.01,0,False,False,False,False,False,False
1782457004.966,0,0,0,0,0,1.16,-7.68,0.0,0.0,0.0,0.0,0.0,0,90,0,0.01,0,False,False,False,False,False,False
1782457004.99,0,0,0,0,0,1.17,-7.79,0.0,0.0,0.0,0.0,0.0,0,90,0,0.01,0,False,False,False,False,False,False
1782457005.014,0,0,0,0,0,1.17,-8.03,0.0,0.0,0.0,0.0,0.0,0,90,0,0.01,0,False,False,False,False,False,False
1782457005.04,0,0,0,0,0,1.16,-8.23,0.0,0.0,0.0,0.0,0.0,0,90,0,0.01,0,False,False,False,False,False,False
1782457005.061,0,0,0,0,0,1.14,-8.29,0.0,0.0,0.0,0.0,0.0,0,90,0,0.0,0,False,False,False,False,False,False
1782457005.085,0,0,0,0,0,1.15,-8.3,0.0,0.0,0.0,0.0,0.0,0,90,0,0.0,0,False,False,False,False,False,False
1782457005.109,0,0,0,0,0,1.16,-8.3,0.0,0.0,0.0,0.0,0.0,0,90,0,0.0,0,False,False,False,False,False,False
1782457005.132,0,0,0,0,0,1.17,-8.29,0.0,0.0,0.0,0.0,0.0,0,90,0,0.0,0,False,False,False,False,False,False
1782457005.156,0,0,0,0,0,1.16,-8.28,0.0,0.0,0.0,0.0,0.0,0,90,0,0.0,0,False,False,False,False,False,False
1782457005.179,0,0,0,0,0,1.16,-8.27,0.0,0.0,0.0,0.0,0.0,0,90,0,0.0,0,False,False,False,False,False,False
1782457005.203,0,0,0,0,0,1.17,-8.27,0.0,0.0,0.0,0.0,0.0,0,90,0,0.0,0,False,False,False,False,False,False
1782457005.226,0,0,0,0,0,1.18,-8.24,0.0,0.0,0.0,0.0,0.0,0,90,0,0.0,0,False,False,False,False,False,False
1782457005.249,0,0,0,0,0,1.17,-8.22,0.0,0.0,0.0,0.0,0.0,0,90,0,0.0,0,False,False,False,False,False,False
1782457005.273,0,0,0,0,0,1.16,-8.25,0.0,0.0,0.0,0.0,0.0,0,90,0,0.0,0,False,False,False,False,False,False
1782457005.297,0,0,0,0,0,1.15,-8.3,0.0,0.0,0.0,0.0,0.0,0,90,0,0.0,0,False,False,False,False,False,False
1782457005.321,0,0,0,0,0,1.15,-8.3,0.0,0.0,0.0,0.0,0.0,0,90,0,0.0,0,False,False,False,False,False,False
1782457005.344,0,0,0,0,0,1.15,-8.29,0.0,0.0,0.0,0.0,0.0,0,90,0,0.0,0,False,False,False,False,False,False
1782457005.367,0,0,0,0,0,1.15,-8.29,0.0,0.0,0.0,0.0,0.0,0,90,0,0.0,0,False,False,False,False,False,False
1782457005.391,0,0,0,0,0,1.14,-8.28,0.0,0.0,0.0,0.0,0.0,0,90,0,0.0,0,False,False,False,False,False,False
1782457005.416,0,0,0,0,0,1.09,-8.26,0.0,0.0,0.0,0.0,0.0,0,90,0,0.0,0,False,False,False,False,False,False
1782457005.439,0,0,0,0,0,1.03,-8.25,0.0,0.0,0.0,0.0,0.0,0,90,0,0.0,0,False,False,False,False,False,False
1782457005.462,0,0,0,0,0,1.01,-8.24,0.0,0.0,0.0,0.0,0.0,0,90,0,0.0,0,False,False,False,False,False,False
1782457005.485,0,0,0,0,0,1.0,-8.22,0.0,0.0,0.0,0.0,0.0,0,90,0,0.0,0,False,False,False,False,False,False
1782457005.509,0,0,0,0,0,0.99,-8.2,0.0,0.0,0.0,0.0,0.0,0,90,0,0.0,0,False,False,False,False,False,False
1782457005.534,0,0,0,0,0,0.98,-8.19,0.0,0.0,0.0,0.0,0.0,0,90,0,0.0,0,False,False,False,False,False,False
1782457005.556,0,0,0,0,0,0.98,-8.17,0.0,0.0,0.0,0.0,0.0,0,90,0,0.0,0,False,False,False,False,False,False
1782457005.58,0,0,0,0,0,0.98,-8.17,0.0,0.0,0.0,0.0,0.0,0,90,0,0.0,0,False,False,False,False,False,False
1782457005.606,0,0,0,0,0,0.97,-8.17,0.0,0.0,0.0,0.0,0.0,0,90,0,0.0,0,False,False,False,False,False,False
1782457005.629,0,0,0,0,0,0.97,-8.16,0.0,0.0,0.0,0.0,0.0,0,90,0,0.0,0,False,False,False,False,False,False
1782457005.652,0,0,0,0,0,0.97,-8.15,0.0,0.0,0.0,0.0,0.0,0,90,0,0.0,0,False,False,False,False,False,False
1782457005.674,0,0,0,0,0,0.97,-8.13,0.0,0.0,0.0,0.0,0.0,0,90,0,0.0,0,False,False,False,False,False,False
1782457005.698,0,0,0,0,0,0.99,-8.11,0.0,0.0,0.0,0.0,0.0,0,90,0,0.0,0,False,False,False,False,False,False
1782457005.723,0,0,0,0,0,1.0,-8.12,0.0,0.0,0.0,0.0,0.0,0,90,0,0.0,0,False,False,False,False,False,False
1782457005.746,0,0,0,0,0,1.0,-8.14,0.0,0.0,0.0,0.0,0.0,0,90,0,0.0,0,False,False,False,False,False,False
1782457005.772,0,0,0,0,0,0.99,-8.15,0.0,0.0,0.0,0.0,0.0,0,90,0,0.0,0,False,False,False,False,False,False
1782457005.794,0,0,0,0,0,0.97,-8.15,0.0,0.0,0.0,0.0,0.0,0,90,0,0.0,0,False,False,False,False,False,False
1782457005.818,0,0,0,0,0,0.97,-8.12,0.0,0.0,0.0,0.0,0.0,0,90,0,0.0,0,False,False,False,False,False,False
1782457005.841,0,0,0,0,0,0.97,-8.08,0.0,0.0,0.0,0.0,0.0,0,90,0,0.0,0,False,False,False,False,False,False
1782457005.865,0,0,0,0,0,0.98,-8.07,0.0,0.0,0.0,0.0,0.0,0,90,0,0.0,0,False,False,False,False,False,False
1782457005.89,0,0,0,0,0,0.99,-8.1,0.0,0.0,0.0,0.0,0.0,0,90,0,0.0,0,False,False,False,False,False,False
1782457005.913,0,0,0,0,0,1.0,-8.13,0.0,0.0,0.0,0.0,0.0,0,90,0,0.0,0,False,False,False,False,False,False
1782457005.937,0,0,0,0,0,1.01,-8.14,0.0,0.0,0.0,0.0,0.0,0,90,0,0.0,0,False,False,False,False,False,False
1782457005.959,0,0,0,0,0,1.01,-8.15,0.0,0.0,0.0,0.0,0.0,0,90,0,0.0,0,False,False,False,False,False,False
1782457005.984,0,0,0,0,0,1.0,-8.14,0.0,0.0,0.0,0.0,0.0,0,90,0,0.0,0,False,False,False,False,False,False
1782457006.008,0,0,0,0,0,1.0,-8.13,0.0,0.0,0.0,0.0,0.0,0,90,0,0.0,0,False,False,False,False,False,False
1782457006.031,0,0,0,0,0,1.01,-8.12,0.0,0.0,0.0,0.0,0.0,0,90,0,0.0,0,False,False,False,False,False,False
1782457006.055,0,0,0,0,0,1.01,-8.12,0.0,0.0,0.0,0.0,0.0,0,90,0,0.0,0,False,False,False,False,False,False
1782457006.079,0,0,0,0,0,1.02,-8.14,0.0,0.0,0.0,0.0,0.0,0,90,0,0.0,0,False,False,False,False,False,False
1782457006.102,0,0,0,0,0,1.02,-8.16,0.0,0.0,0.0,0.0,0.0,0,90,0,0.0,0,False,False,False,False,False,False
1782457006.125,0,0,0,0,0,1.0,-8.17,0.0,0.0,0.0,0.0,0.0,0,90,0,0.0,0,False,False,False,False,False,False
1782457006.149,0,0,0,0,0,0.99,-8.18,0.0,0.0,0.0,0.0,0.0,0,90,0,0.0,0,False,False,False,False,False,False
1782457006.174,0,0,0,0,0,0.98,-8.18,0.0,0.0,0.0,0.0,0.0,0,90,0,0.0,0,False,False,False,False,False,False
1782457006.196,0,0,0,0,0,0.96,-8.18,0.0,0.0,0.0,0.0,0.0,0,90,0,0.0,0,False,False,False,False,False,False
1782457006.222,0,0,0,0,0,0.96,-8.2,0.0,0.0,0.0,0.0,0.0,0,90,0,0.0,0,False,False,False,False,False,False
1782457006.245,0,0,0,0,0,0.95,-8.2,0.0,0.0,0.0,0.0,0.0,0,90,0,0.0,0,False,False,False,False,False,False
1782457006.269,0,0,0,0,0,0.95,-8.19,0.0,0.0,0.0,0.0,0.0,0,90,0,0.0,0,False,False,False,False,False,False
1782457006.291,0,0,0,0,0,0.96,-8.17,0.0,0.0,0.0,0.0,0.0,0,90,0,0.0,0,False,False,False,False,False,False
1782457006.315,0,0,0,0,0,0.97,-8.13,0.0,0.0,0.0,0.0,0.0,0,90,0,0.0,0,False,False,False,False,False,False
1782457006.341,0,0,0,0,0,0.97,-8.1,0.0,0.0,0.0,0.0,0.0,0,90,0,0.0,0,False,False,False,False,False,False
1782457006.363,0,0,0,0,0,0.97,-8.06,0.0,0.0,0.0,0.0,0.0,0,90,0,0.0,0,False,False,False,False,False,False
1782457006.386,0,0,0,0,0,0.96,-8.02,0.0,0.0,0.0,0.0,0.0,0,90,0,0.0,0,False,False,False,False,False,False
1782457006.412,0,0,0,0,0,0.96,-8.03,0.0,0.0,0.0,0.0,0.0,0,90,0,0.0,0,False,False,False,False,False,False
1782457006.433,0,0,0,0,0,0.96,-8.04,0.0,0.0,0.0,0.0,0.0,0,90,0,0.0,0,False,False,False,False,False,False
1782457006.457,0,0,0,0,0,0.96,-8.06,0.0,0.0,0.0,0.0,0.0,0,90,0,0.0,0,False,False,False,False,False,False
1782457006.481,0,0,0,0,0,0.94,-8.09,0.0,0.0,0.0,0.0,0.0,0,90,0,0.0,0,False,False,False,False,False,False
1782457006.5,0,0,0,0,0,0.93,-8.13,0.0,0.0,0.0,0.0,0.0,0,90,0,0.0,0,False,False,False,False,False,False
1782457006.525,0,0,0,0,0,0.94,-8.15,0.0,0.0,0.0,0.0,0.0,0,90,0,0.0,0,False,False,False,False,False,False
1782457006.547,0,0,0,0,0,0.97,-8.17,0.0,0.0,0.0,0.0,0.0,0,90,0,0.0,0,False,False,False,False,False,False
1782457006.572,0,0,0,0,0,0.98,-8.19,0.0,0.0,0.0,0.0,0.0,0,90,0,0.0,0,False,False,False,False,False,False
1782457006.594,0,0,0,0,0,0.96,-8.2,0.0,0.0,0.0,0.0,0.0,0,90,0,0.0,0,False,False,False,False,False,False
1782457006.618,0,0,0,0,0,0.96,-8.2,0.0,0.0,0.0,0.0,0.0,0,90,0,0.0,0,False,False,False,False,False,False
1782457006.641,0,0,0,0,0,0.97,-8.22,0.0,0.0,0.0,0.0,0.0,0,90,0,0.0,0,False,False,False,False,False,False
1782457006.664,0,0,0,0,0,0.98,-8.22,0.0,0.0,0.0,0.0,0.0,0,90,0,0.0,0,False,False,False,False,False,False
1782457006.691,0,0,0,0,0,0.99,-8.21,0.0,0.0,0.0,0.0,0.0,0,90,0,0.0,0,False,False,False,False,False,False
1782457006.713,0,0,0,0,0,1.0,-8.22,0.0,0.0,0.0,0.0,0.0,0,90,0,0.0,0,False,False,False,False,False,False
1782457006.736,0,0,0,0,0,1.0,-8.22,0.0,0.0,0.0,0.0,0.0,0,90,0,0.0,0,False,False,False,False,False,False
1782457006.757,0,0,0,0,0,0.99,-8.22,0.0,0.0,0.0,0.0,0.0,0,90,0,0.0,0,False,False,False,False,False,False
1782457006.778,0,0,0,0,0,0.98,-8.22,0.0,0.0,0.0,0.0,0.0,0,90,0,0.0,0,False,False,False,False,False,False
1782457006.803,0,0,0,0,0,0.97,-8.2,0.0,0.0,0.0,0.0,0.0,0,90,0,0.0,0,False,False,False,False,False,False
1782457006.826,0,0,0,0,0,0.99,-8.18,0.0,0.0,0.0,0.0,0.0,0,90,0,0.0,0,False,False,False,False,False,False
1782457006.849,0,0,0,0,0,1.02,-8.15,0.0,0.0,0.0,0.0,0.0,0,90,0,0.0,0,False,False,False,False,False,False
1782457006.874,0,0,0,0,0,1.02,-8.13,0.0,0.0,0.0,0.0,0.0,0,90,0,0.0,0,False,False,False,False,False,False
1782457006.898,0,0,0,0,0,0.99,-8.11,0.0,0.0,0.0,0.0,0.0,0,90,0,0.0,0,False,False,False,False,False,False
1782457006.92,0,0,0,0,0,0.96,-8.09,0.0,0.0,0.0,0.0,0.0,0,90,0,0.0,0,False,False,False,False,False,False
1782457006.944,0,0,0,0,0,0.94,-8.07,0.0,0.0,0.0,0.0,0.0,0,90,0,0.0,0,False,False,False,False,False,False
1782457006.968,0,0,0,0,0,0.94,-8.08,0.0,0.0,0.0,0.0,0.0,0,90,0,0.0,0,False,False,False,False,False,False
1782457006.991,0,0,0,0,0,0.95,-8.07,0.0,0.0,0.0,0.0,0.0,0,90,0,0.0,0,False,False,False,False,False,False
1782457007.016,0,0,0,0,0,0.96,-8.04,0.0,0.0,0.0,0.0,0.0,0,90,0,0.0,0,False,False,False,False,False,False
1782457007.04,0,0,0,0,0,0.96,-8.06,0.0,0.0,0.0,0.0,0.0,0,90,0,0.0,0,False,False,False,False,False,False
1782457007.064,0,0,0,0,0,0.96,-8.08,0.0,0.0,0.0,0.0,0.0,0,90,0,0.0,0,False,False,False,False,False,False
1782457007.086,0,0,0,0,0,0.95,-8.09,0.0,0.0,0.0,0.0,0.0,0,90,0,0.0,0,False,False,False,False,False,False
1782457007.11,0,0,0,0,0,0.95,-8.1,0.0,0.0,0.0,0.0,0.0,0,90,0,0.0,0,False,False,False,False,False,False
1782457007.133,0,0,0,0,0,0.94,-8.1,0.0,0.0,0.0,0.0,0.0,0,90,0,0.0,0,False,False,False,False,False,False
1782457007.158,0,0,0,0,0,0.95,-8.09,0.0,0.0,0.0,0.0,0.0,0,90,0,0.0,0,False,False,False,False,False,False
1782457007.181,0,0,0,0,0,0.96,-8.08,0.0,0.0,0.0,0.0,0.0,0,90,0,0.0,0,False,False,False,False,False,False
1782457007.206,0,0,0,0,0,0.98,-8.07,0.0,0.0,0.0,0.0,0.0,0,90,0,0.0,0,False,False,False,False,False,False
1782457007.229,0,0,0,0,0,1.0,-8.07,0.0,0.0,0.0,0.0,0.0,0,90,0,0.0,0,False,False,False,False,False,False
1782457007.254,0,0,0,0,0,1.0,-8.07,0.0,0.0,0.0,0.0,0.0,0,90,0,0.0,0,False,False,False,False,False,False
1782457007.279,0,0,0,0,0,0.98,-8.06,0.0,0.0,0.0,0.0,0.0,0,90,0,0.0,0,False,False,False,False,False,False
1782457007.301,0,0,0,0,0,0.95,-8.04,0.0,0.0,0.0,0.0,0.0,0,90,0,0.0,0,False,False,False,False,False,False
1782457007.327,0,0,0,0,0,0.93,-8.03,0.0,0.0,0.0,0.0,0.0,0,90,0,0.0,0,False,False,False,False,False,False
1782457007.35,0,0,0,0,0,0.95,-8.04,0.0,0.0,0.0,0.0,0.0,0,90,0,0.0,0,False,False,False,False,False,False
1782457007.374,0,0,0,0,0,0.98,-8.06,0.0,0.0,0.0,0.0,0.0,0,90,0,0.0,0,False,False,False,False,False,False
1782457007.396,0,0,0,0,0,1.01,-8.07,0.0,0.0,0.0,0.0,0.0,0,90,0,0.0,0,False,False,False,False,False,False
1782457007.42,0,0,0,0,0,1.02,-8.07,0.0,0.0,0.0,0.0,0.0,0,90,0,0.0,0,False,False,False,False,False,False
1782457007.443,0,0,0,0,0,1.0,-8.07,0.0,0.0,0.0,0.0,0.0,0,90,0,0.0,0,False,False,False,False,False,False
1782457007.466,0,0,0,0,0,0.96,-8.07,0.0,0.0,0.0,0.0,0.0,0,90,0,0.0,0,False,False,False,False,False,False
1782457007.491,0,0,0,0,0,0.95,-8.09,0.0,0.0,0.0,0.0,0.0,0,90,0,0.0,0,False,False,False,False,False,False
1782457007.517,0,0,0,0,0,0.95,-8.09,0.0,0.0,0.0,0.0,0.0,0,90,0,0.0,0,False,False,False,False,False,False
1782457007.541,0,0,0,0,0,0.96,-8.08,0.0,0.0,0.0,0.0,0.0,0,90,0,0.0,0,False,False,False,False,False,False
1782457007.563,0,0,0,0,0,0.96,-8.07,0.0,0.0,0.0,0.0,0.0,0,90,0,0.0,0,False,False,False,False,False,False
1782457007.585,0,0,0,0,0,0.94,-8.05,0.0,0.0,0.0,0.0,0.0,0,90,0,0.0,0,False,False,False,False,False,False
1782457007.612,0,0,0,0,0,0.91,-8.02,0.0,0.0,0.0,0.0,0.0,0,90,0,0.0,0,False,False,False,False,False,False
1782457007.633,0,0,0,0,0,0.88,-8.0,0.0,0.0,0.0,0.0,0.0,0,90,0,0.0,0,False,False,False,False,False,False
1782457007.659,0,0,0,0,0,0.86,-8.02,0.0,0.0,0.0,0.0,0.0,0,90,0,0.0,0,False,False,False,False,False,False
1782457007.681,0,0,0,0,0,0.85,-8.04,0.0,0.0,0.0,0.0,0.0,0,90,0,0.0,0,False,False,False,False,False,False
1782457007.704,0,0,0,0,0,0.84,-8.06,0.0,0.0,0.0,0.0,0.0,0,90,0,0.0,0,False,False,False,False,False,False
1782457007.728,0,0,0,0,0,0.84,-8.06,0.0,0.0,0.0,0.0,0.0,0,90,0,0.0,0,False,False,False,False,False,False
1782457007.751,0,0,0,0,0,0.84,-8.05,0.0,0.0,0.0,0.0,0.0,0,90,0,0.0,0,False,False,False,False,False,False
1782457007.775,0,0,0,0,0,0.85,-8.08,0.0,0.0,0.0,0.0,0.0,0,90,0,0.0,0,False,False,False,False,False,False
1782457007.798,0,0,0,0,0,0.86,-8.12,0.0,0.0,0.0,0.0,0.0,0,90,0,0.0,0,False,False,False,False,False,False
1782457007.822,0,0,0,0,0,0.89,-8.12,0.0,0.0,0.0,0.0,0.0,0,90,0,0.0,0,False,False,False,False,False,False
1782457007.845,0,0,0,0,0,0.91,-8.08,0.0,0.0,0.0,0.0,0.0,0,90,0,0.0,0,False,False,False,False,False,False
1782457007.868,0,0,0,0,0,0.93,-8.01,0.0,0.0,0.0,0.0,0.0,0,90,0,0.0,0,False,False,False,False,False,False
1782457007.89,0,0,0,0,0,0.97,-7.36,0.0,0.0,0.0,0.0,0.0,0,90,0,0.0,0,False,False,False,False,False,False
1782457007.916,0,0,0,0,0,1.03,-5.79,0.0,0.0,0.0,0.0,0.0,0,90,0,0.0,0,False,False,False,False,False,False
1782457007.937,0,0,0,0,0,1.08,-4.3,0.0,0.0,0.0,0.0,0.0,0,90,0,0.0,0,False,False,False,False,False,False
1782457007.96,0,0,0,0,0,1.11,-3.62,0.0,0.0,0.0,0.0,0.0,0,90,0,0.0,0,False,False,False,False,False,False
1782457007.985,0,0,0,0,0,1.13,-3.53,0.0,0.0,0.0,0.0,0.0,0,90,0,0.0,0,False,False,False,False,False,False
1782457008.008,0,0,0,0,0,1.14,-3.65,0.0,0.0,0.0,0.0,0.0,0,90,0,0.01,0,False,False,False,False,False,False
1782457008.031,0,0,0,0,0,1.14,-3.79,0.0,0.0,0.0,0.0,0.0,0,90,0,0.01,0,False,False,False,False,False,False
1782457008.053,0,0,0,0,0,1.14,-3.85,0.0,0.0,0.0,0.0,0.0,0,90,0,0.02,0,False,False,False,False,False,False
1782457008.077,0,0,0,0,0,1.14,-3.86,0.0,0.0,0.0,0.0,0.0,0,90,0,0.03,0,False,False,False,False,False,False
1782457008.1,0,0,0,0,0,1.14,-3.88,0.0,0.0,0.0,0.0,0.0,0,90,0,0.03,0,False,False,False,False,False,False
1782457008.126,0,0,0,0,0,1.17,-3.88,0.0,0.0,0.0,0.0,0.0,0,90,0,0.03,0,False,False,False,False,False,False
1782457008.148,0,0,0,0,0,1.23,-3.85,0.0,0.0,0.0,0.0,0.0,0,90,0,0.04,0,False,False,False,False,False,False
1782457008.172,0,0,0,0,0,1.28,-3.82,0.0,0.0,0.0,0.0,0.0,0,90,0,0.05,0,False,False,False,False,False,False
1782457008.195,0,0,0,0,0,1.28,-3.84,0.0,0.0,0.0,0.0,0.0,0,90,0,0.06,0,False,False,False,False,False,False
1782457008.219,0,0,0,0,0,1.26,-3.86,0.0,0.0,0.0,0.0,0.0,0,90,0,0.06,0,False,False,False,False,False,False
1782457008.243,0,0,0,0,0,1.25,-3.85,0.0,0.0,0.0,0.0,0.0,0,90,0,0.06,0,False,False,False,False,False,False
1782457008.265,0,0,0,0,0,1.24,-3.82,0.0,0.0,0.0,0.0,0.0,0,90,0,0.06,0,False,False,False,False,False,False
1782457008.29,0,0,0,0,0,1.24,-3.82,0.0,0.0,0.0,0.0,0.0,0,90,0,0.07,0,False,False,False,False,False,False
1782457008.314,0,0,0,0,0,1.25,-3.82,0.0,0.0,0.0,0.0,0.0,0,90,0,0.07,0,False,False,False,False,False,False
1782457008.333,0,0,0,0,0,1.27,-3.78,0.0,0.0,0.0,0.0,0.0,0,90,0,0.07,0,False,False,False,False,False,False
1782457008.356,0,0,0,0,0,1.28,-3.74,0.0,0.0,0.0,0.0,0.0,0,90,0,0.07,0,False,False,False,False,False,False
1782457008.38,0,0,0,0,0,1.28,-3.75,0.0,0.0,0.0,0.0,0.0,0,90,0,0.07,0,False,False,False,False,False,False
1782457008.404,0,0,0,0,0,1.27,-3.77,0.0,0.0,0.0,0.0,0.0,0,90,0,0.07,0,False,False,False,False,False,False
1782457008.427,0,0,0,0,0,1.25,-3.77,0.0,0.0,0.0,0.0,0.0,0,90,0,0.07,0,False,False,False,False,False,False
1782457008.45,0,0,0,0,0,1.24,-3.76,0.0,0.0,0.0,0.0,0.0,0,90,0,0.07,0,False,False,False,False,False,False
1782457008.474,0,0,0,0,0,1.22,-3.78,0.0,0.0,0.0,0.0,0.0,0,90,0,0.07,0,False,False,False,False,False,False
1782457008.497,0,0,0,0,0,1.2,-3.81,0.0,0.0,0.0,0.0,0.0,0,90,0,0.07,0,False,False,False,False,False,False
1782457008.521,0,0,0,0,0,1.19,-3.84,0.0,0.0,0.0,0.0,0.0,0,90,0,0.07,0,False,False,False,False,False,False
1782457008.544,0,0,0,0,0,1.19,-3.82,0.0,0.0,0.0,0.0,0.0,0,90,0,0.07,0,False,False,False,False,False,False
1782457008.568,0,0,0,0,0,1.2,-3.78,0.0,0.0,0.0,0.0,0.0,0,90,0,0.07,0,False,False,False,False,False,False
1782457008.593,0,0,0,0,0,1.22,-3.77,0.0,0.0,0.0,0.0,0.0,0,90,0,0.07,0,False,False,False,False,False,False
1782457008.615,0,0,0,0,0,1.22,-3.8,0.0,0.0,0.0,0.0,0.0,0,90,0,0.07,0,False,False,False,False,False,False
1782457008.638,0,0,0,0,0,1.22,-3.84,0.0,0.0,0.0,0.0,0.0,0,90,0,0.07,0,False,False,False,False,False,False
1782457008.662,0,0,0,0,0,1.26,-3.89,0.0,0.0,0.0,0.0,0.0,0,90,0,0.07,0,False,False,False,False,False,False
1782457008.684,0,0,0,0,0,1.28,-3.9,0.0,0.0,0.0,0.0,0.0,0,90,0,0.07,0,False,False,False,False,False,False
1782457008.71,0,0,0,0,0,1.27,-3.87,0.0,0.0,0.0,0.0,0.0,0,90,0,0.07,0,False,False,False,False,False,False
1782457008.731,0,0,0,0,0,1.23,-3.82,0.0,0.0,0.0,0.0,0.0,0,90,0,0.07,0,False,False,False,False,False,False
1782457008.755,0,0,0,0,0,1.2,-3.79,0.0,0.0,0.0,0.0,0.0,0,90,0,0.07,0,False,False,False,False,False,False
1782457008.781,0,0,0,0,0,1.19,-3.8,0.0,0.0,0.0,0.0,0.0,0,90,0,0.07,0,False,False,False,False,False,False
1782457008.804,0,0,0,0,0,1.2,-3.81,0.0,0.0,0.0,0.0,0.0,0,90,0,0.07,0,False,False,False,False,False,False
1782457008.833,0,0,0,0,0,1.22,-3.8,0.0,0.0,0.0,0.0,0.0,0,90,0,0.07,0,False,False,False,False,False,False
1782457008.852,0,0,0,0,0,1.23,-3.83,0.0,0.0,0.0,0.0,0.0,0,90,0,0.07,0,False,False,False,False,False,False
1782457008.875,0,0,0,0,0,1.25,-3.87,0.0,0.0,0.0,0.0,0.0,0,90,0,0.07,0,False,False,False,False,False,False
1782457008.897,0,0,0,0,0,1.26,-3.87,0.0,0.0,0.0,0.0,0.0,0,90,0,0.07,0,False,False,False,False,False,False
1782457008.923,0,0,0,0,0,1.26,-3.84,0.0,0.0,0.0,0.0,0.0,0,90,0,0.07,0,False,False,False,False,False,False
1782457008.96,0,0,0,0,0,1.27,-3.85,0.0,0.0,0.0,0.0,0.0,0,90,0,0.07,0,False,False,False,False,False,False
1782457008.969,0,0,0,0,0,1.28,-3.9,0.0,0.0,0.0,0.0,0.0,0,90,0,0.07,0,False,False,False,False,False,False
1782457008.992,0,0,0,0,0,1.29,-3.93,0.0,0.0,0.0,0.0,0.0,0,90,0,0.07,0,False,False,False,False,False,False
1782457009.017,0,0,0,0,0,1.29,-3.92,0.0,0.0,0.0,0.0,0.0,0,90,0,0.07,0,False,False,False,False,False,False
1782457009.04,0,0,0,0,0,1.29,-3.89,0.0,0.0,0.0,0.0,0.0,0,90,0,0.07,0,False,False,False,False,False,False
1782457009.064,0,0,0,0,0,1.28,-3.88,0.0,0.0,0.0,0.0,0.0,0,90,0,0.07,0,False,False,False,False,False,False
1782457009.087,0,0,0,0,0,1.27,-3.87,0.0,0.0,0.0,0.0,0.0,0,90,0,0.07,0,False,False,False,False,False,False
1782457009.11,0,0,0,0,0,1.26,-3.87,0.0,0.0,0.0,0.0,0.0,0,90,0,0.07,0,False,False,False,False,False,False
1782457009.133,0,0,0,0,0,1.26,-3.89,0.0,0.0,0.0,0.0,0.0,0,90,0,0.07,0,False,False,False,False,False,False
1782457009.159,0,0,0,0,0,1.25,-3.9,0.0,0.0,0.0,0.0,0.0,0,90,0,0.07,0,False,False,False,False,False,False
1782457009.182,0,0,0,0,0,1.24,-3.91,0.0,0.0,0.0,0.0,0.0,0,90,0,0.07,0,False,False,False,False,False,False
1782457009.205,0,0,0,0,0,1.25,-3.91,0.0,0.0,0.0,0.0,0.0,0,90,0,0.07,0,False,False,False,False,False,False
1782457009.228,0,0,0,0,0,1.25,-3.91,0.0,0.0,0.0,0.0,0.0,0,90,0,0.07,0,False,False,False,False,False,False
1782457009.252,0,0,0,0,0,1.25,-3.9,0.0,0.0,0.0,0.0,0.0,0,90,0,0.07,0,False,False,False,False,False,False
1782457009.276,0,0,0,0,0,1.25,-3.88,0.0,0.0,0.0,0.0,0.0,0,90,0,0.07,0,False,False,False,False,False,False
1782457009.299,0,0,0,0,0,1.24,-3.88,0.0,0.0,0.0,0.0,0.0,0,90,0,0.07,0,False,False,False,False,False,False
1782457009.322,0,0,0,0,0,1.23,-3.92,0.0,0.0,0.0,0.0,0.0,0,90,0,0.07,0,False,False,False,False,False,False
1782457009.347,0,0,0,0,0,1.22,-3.96,0.0,0.0,0.0,0.0,0.0,0,90,0,0.07,0,False,False,False,False,False,False
1782457009.37,0,0,0,0,0,1.23,-3.96,0.0,0.0,0.0,0.0,0.0,0,90,0,0.07,0,False,False,False,False,False,False
1782457009.393,0,0,0,0,0,1.25,-3.93,0.0,0.0,0.0,0.0,0.0,0,90,0,0.07,0,False,False,False,False,False,False
1782457009.416,0,0,0,0,0,1.27,-3.93,0.0,0.0,0.0,0.0,0.0,0,90,0,0.06,0,False,False,False,False,False,False
1782457009.439,0,0,0,0,0,1.27,-4.0,0.0,0.0,0.0,0.0,0.0,0,90,0,0.06,0,False,False,False,False,False,False
1782457009.462,0,0,0,0,0,1.26,-4.07,0.0,0.0,0.0,0.0,0.0,0,90,0,0.05,0,False,False,False,False,False,False
1782457009.486,0,0,0,0,0,1.24,-4.07,0.0,0.0,0.0,0.0,0.0,0,90,0,0.04,0,False,False,False,False,False,False
1782457009.511,0,0,0,0,0,1.23,-4.02,0.0,0.0,0.0,0.0,0.0,0,90,0,0.04,0,False,False,False,False,False,False
1782457009.533,0,0,0,0,0,1.23,-3.99,0.0,0.0,0.0,0.0,0.0,0,90,0,0.04,0,False,False,False,False,False,False
1782457009.558,0,0,0,0,0,1.23,-4.02,0.0,0.0,0.0,0.0,0.0,0,90,0,0.03,0,False,False,False,False,False,False
1782457009.58,0,0,0,0,0,1.24,-4.07,0.0,0.0,0.0,0.0,0.0,0,90,0,0.02,0,False,False,False,False,False,False
1782457009.605,0,0,0,0,0,1.24,-4.09,0.0,0.0,0.0,0.0,0.0,0,90,0,0.01,0,False,False,False,False,False,False
1782457009.627,0,0,0,0,0,1.24,-4.1,0.0,0.0,0.0,0.0,0.0,0,90,0,0.01,0,False,False,False,False,False,False
1782457009.652,0,0,0,0,0,1.24,-4.08,0.0,0.0,0.0,0.0,0.0,0,90,0,0.01,0,False,False,False,False,False,False
1782457009.675,0,0,0,0,0,1.25,-4.06,0.0,0.0,0.0,0.0,0.0,0,90,0,0.01,0,False,False,False,False,False,False
1782457009.698,0,0,0,0,0,1.25,-4.03,0.0,0.0,0.0,0.0,0.0,0,90,0,0.01,0,False,False,False,False,False,False
1782457009.721,0,0,0,0,0,1.24,-3.99,0.0,0.0,0.0,0.0,0.0,0,90,0,0.0,0,False,False,False,False,False,False
1782457009.745,0,0,0,0,0,1.23,-3.99,0.0,0.0,0.0,0.0,0.0,0,90,0,0.0,0,False,False,False,False,False,False
1782457009.768,0,0,0,0,0,1.23,-4.0,0.0,0.0,0.0,0.0,0.0,0,90,0,0.0,0,False,False,False,False,False,False
1782457009.791,0,0,0,0,0,1.26,-3.97,0.0,0.0,0.0,0.0,0.0,0,90,0,0.0,0,False,False,False,False,False,False
1782457009.816,0,0,0,0,0,1.28,-3.94,0.0,0.0,0.0,0.0,0.0,0,90,0,0.0,0,False,False,False,False,False,False
1782457009.839,0,0,0,0,0,1.3,-3.96,0.0,0.0,0.0,0.0,0.0,0,90,0,0.0,0,False,False,False,False,False,False
1782457009.863,0,0,0,0,0,1.31,-4.01,0.0,0.0,0.0,0.0,0.0,0,90,0,0.0,0,False,False,False,False,False,False
1782457009.886,0,0,0,0,0,1.3,-4.03,0.0,0.0,0.0,0.0,0.0,0,90,0,0.0,0,False,False,False,False,False,False
1782457009.911,0,0,0,0,0,1.28,-4.02,0.0,0.0,0.0,0.0,0.0,0,90,0,0.0,0,False,False,False,False,False,False
1782457009.933,0,0,0,0,0,1.27,-4.04,0.0,0.0,0.0,0.0,0.0,0,90,0,0.0,0,False,False,False,False,False,False
1782457009.959,0,0,0,0,0,1.25,-4.05,0.0,0.0,0.0,0.0,0.0,0,90,0,0.0,0,False,False,False,False,False,False
1782457009.981,0,0,0,0,0,1.23,-4.03,0.0,0.0,0.0,0.0,0.0,0,90,0,0.0,0,False,False,False,False,False,False
1782457010.005,0,0,0,0,0,1.22,-4.01,0.0,0.0,0.0,0.0,0.0,0,90,0,0.0,0,False,False,False,False,False,False
1782457010.028,0,0,0,0,0,1.2,-4.03,0.0,0.0,0.0,0.0,0.0,0,90,0,0.0,0,False,False,False,False,False,False
1782457010.052,0,0,0,0,0,1.19,-4.06,0.0,0.0,0.0,0.0,0.0,0,90,0,0.0,0,False,False,False,False,False,False
1782457010.076,0,0,0,0,0,1.18,-4.04,0.0,0.0,0.0,0.0,0.0,0,90,0,0.0,0,False,False,False,False,False,False
1782457010.099,0,0,0,0,0,1.2,-4.0,0.0,0.0,0.0,0.0,0.0,0,90,0,0.0,0,False,False,False,False,False,False
1782457010.123,0,0,0,0,0,1.21,-3.97,0.0,0.0,0.0,0.0,0.0,0,90,0,0.0,0,False,False,False,False,False,False
1782457010.146,0,0,0,0,0,1.22,-3.95,0.0,0.0,0.0,0.0,0.0,0,90,0,0.0,0,False,False,False,False,False,False
1782457010.169,0,0,0,0,0,1.21,-3.92,0.0,0.0,0.0,0.0,0.0,0,90,0,0.0,0,False,False,False,False,False,False
1782457010.194,0,0,0,0,0,1.21,-3.9,0.0,0.0,0.0,0.0,0.0,0,90,0,0.0,0,False,False,False,False,False,False
1782457010.218,0,0,0,0,0,1.21,-3.87,0.0,0.0,0.0,0.0,0.0,0,90,0,0.0,0,False,False,False,False,False,False
1782457010.242,0,0,0,0,0,1.21,-3.86,0.0,0.0,0.0,0.0,0.0,0,90,0,0.0,0,False,False,False,False,False,False
1782457010.265,0,0,0,0,0,1.19,-3.88,0.0,0.0,0.0,0.0,0.0,0,90,0,0.0,0,False,False,False,False,False,False
1782457010.289,0,0,0,0,0,1.19,-3.94,0.0,0.0,0.0,0.0,0.0,0,90,0,0.0,0,False,False,False,False,False,False
1782457010.313,0,0,0,0,0,1.21,-4.0,0.0,0.0,0.0,0.0,0.0,0,90,0,0.0,0,False,False,False,False,False,False
1782457010.338,0,0,0,0,0,1.25,-4.05,0.0,0.0,0.0,0.0,0.0,0,90,0,0.0,0,False,False,False,False,False,False
1782457010.363,0,0,0,0,0,1.26,-4.07,0.0,0.0,0.0,0.0,0.0,0,90,0,0.0,0,False,False,False,False,False,False
1782457010.385,0,0,0,0,0,1.25,-4.05,0.0,0.0,0.0,0.0,0.0,0,90,0,0.0,0,False,False,False,False,False,False
1782457010.408,0,0,0,0,0,1.21,-4.05,0.0,0.0,0.0,0.0,0.0,0,90,0,0.0,0,False,False,False,False,False,False
1782457010.433,0,0,0,0,0,1.17,-4.08,0.0,0.0,0.0,0.0,0.0,0,90,0,0.0,0,False,False,False,False,False,False
1782457010.456,0,0,0,0,0,1.13,-4.11,0.0,0.0,0.0,0.0,0.0,0,90,0,0.0,0,False,False,False,False,False,False
1782457010.478,0,0,0,0,0,1.13,-4.1,0.0,0.0,0.0,0.0,0.0,0,90,0,0.0,0,False,False,False,False,False,False
1782457010.503,0,0,0,0,0,1.16,-4.06,0.0,0.0,0.0,0.0,0.0,0,90,0,0.0,0,False,False,False,False,False,False
1782457010.526,0,0,0,0,0,1.2,-4.0,0.0,0.0,0.0,0.0,0.0,0,90,0,0.0,0,False,False,False,False,False,False
1782457010.55,0,0,0,0,0,1.21,-3.97,0.0,0.0,0.0,0.0,0.0,0,90,0,0.0,0,False,False,False,False,False,False
1782457010.575,0,0,0,0,0,1.19,-3.97,0.0,0.0,0.0,0.0,0.0,0,90,0,0.0,0,False,False,False,False,False,False
1782457010.592,0,0,0,0,0,1.21,-3.99,0.0,0.0,0.0,0.0,0.0,0,90,0,0.0,0,False,False,False,False,False,False
1782457010.616,0,0,0,0,0,1.25,-4.0,0.0,0.0,0.0,0.0,0.0,0,90,0,0.0,0,False,False,False,False,False,False
1782457010.64,0,0,0,0,0,1.28,-3.99,0.0,0.0,0.0,0.0,0.0,0,90,0,0.0,0,False,False,False,False,False,False
1782457010.665,0,0,0,0,0,1.27,-4.0,0.0,0.0,0.0,0.0,0.0,0,90,0,0.0,0,False,False,False,False,False,False
1782457010.688,0,0,0,0,0,1.24,-4.02,0.0,0.0,0.0,0.0,0.0,0,90,0,0.0,0,False,False,False,False,False,False
1782457010.712,0,0,0,0,0,1.23,-4.03,0.0,0.0,0.0,0.0,0.0,0,90,0,0.0,0,False,False,False,False,False,False
1782457010.735,0,0,0,0,0,1.27,-4.02,0.0,0.0,0.0,0.0,0.0,0,90,0,0.0,0,False,False,False,False,False,False
1782457010.757,0,0,0,0,0,1.31,-4.0,0.0,0.0,0.0,0.0,0.0,0,90,0,0.0,0,False,False,False,False,False,False
1782457010.78,0,0,0,0,0,1.31,-3.99,0.0,0.0,0.0,0.0,0.0,0,90,0,0.0,0,False,False,False,False,False,False
1782457010.806,0,0,0,0,0,1.29,-4.0,0.0,0.0,0.0,0.0,0.0,0,90,0,0.0,0,False,False,False,False,False,False
1782457010.829,0,0,0,0,0,1.26,-4.02,0.0,0.0,0.0,0.0,0.0,0,90,0,0.0,0,False,False,False,False,False,False
1782457010.853,0,0,0,0,0,1.26,-4.05,0.0,0.0,0.0,0.0,0.0,0,90,0,0.0,0,False,False,False,False,False,False
1782457010.876,0,0,0,0,0,1.29,-4.09,0.0,0.0,0.0,0.0,0.0,0,90,0,0.0,0,False,False,False,False,False,False
1782457010.899,0,0,0,0,0,1.29,-4.11,0.0,0.0,0.0,0.0,0.0,0,90,0,0.0,0,False,False,False,False,False,False
1782457010.922,0,0,0,0,0,1.29,-4.1,0.0,0.0,0.0,0.0,0.0,0,90,0,0.0,0,False,False,False,False,False,False
1782457010.945,0,0,0,0,0,1.29,-4.14,0.0,0.0,0.0,0.0,0.0,0,90,0,0.0,0,False,False,False,False,False,False
1782457010.971,0,0,0,0,0,1.3,-4.18,0.0,0.0,0.0,0.0,0.0,0,90,0,0.0,0,False,False,False,False,False,False
1782457010.995,0,0,0,0,0,1.28,-4.19,0.0,0.0,0.0,0.0,0.0,0,90,0,0.0,0,False,False,False,False,False,False
1782457011.015,0,0,0,0,0,1.24,-4.15,0.0,0.0,0.0,0.0,0.0,0,90,0,0.0,0,False,False,False,False,False,False
1782457011.041,0,0,0,0,0,1.22,-4.14,0.0,0.0,0.0,0.0,0.0,0,90,0,0.0,0,False,False,False,False,False,False
1782457011.064,0,0,0,0,0,1.24,-4.16,0.0,0.0,0.0,0.0,0.0,0,90,0,0.0,0,False,False,False,False,False,False
1782457011.087,0,0,0,0,0,1.29,-4.16,0.0,0.0,0.0,0.0,0.0,0,90,0,0.0,0,False,False,False,False,False,False
1782457011.109,0,0,0,0,0,1.34,-4.11,0.0,0.0,0.0,0.0,0.0,0,90,0,0.0,0,False,False,False,False,False,False
1782457011.133,0,0,0,0,0,1.35,-4.07,0.0,0.0,0.0,0.0,0.0,0,90,0,0.0,0,False,False,False,False,False,False
1782457011.157,0,0,0,0,0,1.33,-4.06,0.0,0.0,0.0,0.0,0.0,0,90,0,0.0,0,False,False,False,False,False,False
1782457011.179,0,0,0,0,0,1.31,-4.07,0.0,0.0,0.0,0.0,0.0,0,90,0,0.0,0,False,False,False,False,False,False
1782457011.203,0,0,0,0,0,1.3,-4.07,0.0,0.0,0.0,0.0,0.0,0,90,0,0.0,0,False,False,False,False,False,False
1782457011.228,0,0,0,0,0,1.29,-4.06,0.0,0.0,0.0,0.0,0.0,0,90,0,0.0,0,False,False,False,False,False,False
1782457011.25,0,0,0,0,0,1.29,-4.06,0.0,0.0,0.0,0.0,0.0,0,90,0,0.0,0,False,False,False,False,False,False
1782457011.274,0,0,0,0,0,1.29,-4.08,0.0,0.0,0.0,0.0,0.0,0,90,0,0.0,0,False,False,False,False,False,False
1782457011.297,0,0,0,0,0,1.29,-4.09,0.0,0.0,0.0,0.0,0.0,0,90,0,0.0,0,False,False,False,False,False,False
1782457011.319,0,0,0,0,0,1.3,-4.09,0.0,0.0,0.0,0.0,0.0,0,90,0,0.0,0,False,False,False,False,False,False
1782457011.344,0,0,0,0,0,1.31,-4.24,0.0,0.0,0.0,0.0,0.0,0,90,0,0.0,0,False,False,False,False,False,False
1782457011.366,0,0,0,0,0,1.31,-4.63,0.0,0.0,0.0,0.0,0.0,0,90,0,0.0,0,False,False,False,False,False,False
1782457011.39,0,0,0,0,0,1.31,-4.99,0.0,0.0,0.0,0.0,0.0,0,90,0,0.0,0,False,False,False,False,False,False
1782457011.414,0,0,0,0,0,1.31,-5.08,0.0,0.0,0.0,0.0,0.0,0,90,0,0.0,0,False,False,False,False,False,False
1782457011.435,0,0,0,0,0,1.32,-4.94,0.0,0.0,0.0,0.0,0.0,0,90,0,0.0,0,False,False,False,False,False,False
1782457011.461,0,0,0,0,0,1.33,-4.73,0.0,0.0,0.0,0.0,0.0,0,90,0,0.0,0,False,False,False,False,False,False
1782457011.484,0,0,0,0,0,1.35,-4.56,0.0,0.0,0.0,0.0,0.0,0,90,0,0.0,0,False,False,False,False,False,False
1782457011.508,0,0,0,0,0,1.38,-4.47,0.0,0.0,0.0,0.0,0.0,0,90,0,0.0,0,False,False,False,False,False,False
1782457011.531,0,0,0,0,0,1.39,-4.44,0.0,0.0,0.0,0.0,0.0,0,90,0,0.0,0,False,False,False,False,False,False
1782457011.553,0,0,0,0,0,1.38,-4.45,0.0,0.0,0.0,0.0,0.0,0,90,0,0.0,0,False,False,False,False,False,False
1782457011.578,0,0,0,0,0,1.37,-4.54,0.0,0.0,0.0,0.0,0.0,0,90,0,0.0,0,False,False,False,False,False,False
1782457011.599,0,0,0,0,0,1.36,-4.66,0.0,0.0,0.0,0.0,0.0,0,90,0,0.0,0,False,False,False,False,False,False
1782457011.624,0,0,0,0,0,1.34,-4.67,0.0,0.0,0.0,0.0,0.0,0,90,0,0.01,0,False,False,False,False,False,False
1782457011.647,0,0,0,0,0,1.32,-4.68,0.0,0.0,0.0,0.0,0.0,0,90,0,0.01,0,False,False,False,False,False,False
1782457011.671,0,0,0,0,0,1.3,-4.86,0.0,0.0,0.0,0.0,0.0,0,90,0,0.01,0,False,False,False,False,False,False
1782457011.695,0,0,0,0,0,1.3,-5.1,0.0,0.0,0.0,0.0,0.0,0,90,0,0.01,0,False,False,False,False,False,False
1782457011.717,0,0,0,0,0,1.28,-5.23,0.0,0.0,0.0,0.0,0.0,0,90,0,0.01,0,False,False,False,False,False,False
1782457011.741,0,0,0,0,0,1.27,-5.22,0.0,0.0,0.0,0.0,0.0,0,90,0,0.01,0,False,False,False,False,False,False
1782457011.765,0,0,0,0,0,1.27,-5.13,0.0,0.0,0.0,0.0,0.0,0,90,0,0.01,0,False,False,False,False,False,False
1782457011.788,0,0,0,0,0,1.27,-5.03,0.0,0.0,0.0,0.0,0.0,0,90,0,0.01,0,False,False,False,False,False,False
1782457011.813,0,0,0,0,0,1.27,-4.98,0.0,0.0,0.0,0.0,0.0,0,90,0,0.01,0,False,False,False,False,False,False
1782457011.836,0,0,0,0,0,1.27,-4.96,0.0,0.0,0.0,0.0,0.0,0,90,0,0.01,0,False,False,False,False,False,False
1782457011.858,0,0,0,0,0,1.29,-4.97,0.0,0.0,0.0,0.0,0.0,0,90,0,0.01,0,False,False,False,False,False,False
1782457011.881,0,0,0,0,0,1.32,-5.01,0.0,0.0,0.0,0.0,0.0,0,90,0,0.01,0,False,False,False,False,False,False
1782457011.905,0,0,0,0,0,1.33,-5.02,0.0,0.0,0.0,0.0,0.0,0,90,0,0.01,0,False,False,False,False,False,False
1782457011.928,0,0,0,0,0,1.31,-5.02,0.0,0.0,0.0,0.0,0.0,0,90,0,0.01,0,False,False,False,False,False,False
1782457011.95,0,0,0,0,0,1.29,-5.17,0.0,0.0,0.0,0.0,0.0,0,90,0,0.01,0,False,False,False,False,False,False
1782457011.975,0,0,0,0,0,1.27,-5.56,0.0,0.0,0.0,0.0,0.0,0,90,0,0.01,0,False,False,False,False,False,False
1782457011.998,0,0,0,0,0,1.25,-5.97,0.0,0.0,0.0,0.0,0.0,0,90,0,0.01,0,False,False,False,False,False,False
1782457012.02,0,0,0,0,0,1.23,-6.28,0.0,0.0,0.0,0.0,0.0,0,90,0,0.01,0,False,False,False,False,False,False
1782457012.045,0,0,0,0,0,1.23,-6.45,0.0,0.0,0.0,0.0,0.0,0,90,0,0.01,0,False,False,False,False,False,False
1782457012.069,0,0,0,0,0,1.24,-6.4,0.0,0.0,0.0,0.0,0.0,0,90,0,0.01,0,False,False,False,False,False,False
1782457012.093,0,0,0,0,0,1.24,-6.73,0.0,0.0,0.0,0.0,0.0,0,90,0,0.01,0,False,False,False,False,False,False
1782457012.115,0,0,0,0,0,1.23,-7.96,0.0,0.0,0.0,0.0,0.0,0,90,0,0.01,0,False,False,False,False,False,False
1782457012.155,0,0,0,0,0,1.21,-9.32,0.0,0.0,0.0,0.0,0.0,0,90,0,0.01,0,False,False,False,False,False,False
1782457012.163,0,0,0,0,0,1.18,-10.04,0.0,0.0,0.0,0.0,0.0,0,90,0,0.01,0,False,False,False,False,False,False
1782457012.187,0,0,0,0,0,1.17,-10.16,0.0,0.0,0.0,0.0,0.0,0,90,0,0.01,0,False,False,False,False,False,False
1782457012.213,0,0,0,0,0,1.2,-9.92,0.0,0.0,0.0,0.0,0.0,0,90,0,0.01,0,False,False,False,False,False,False
1782457012.232,0,0,0,0,0,1.24,-9.56,0.0,0.0,0.0,0.0,0.0,0,90,0,0.01,0,False,False,False,False,False,False
1782457012.258,0,0,0,0,0,1.3,-9.16,0.0,0.0,0.0,0.0,0.0,0,90,0,0.02,0,False,False,False,False,False,False
1782457012.283,0,0,0,0,0,1.35,-8.76,0.0,0.0,0.0,0.0,0.0,0,90,0,0.02,0,False,False,False,False,False,False
1782457012.304,0,0,0,0,0,1.36,-8.41,0.0,0.0,0.0,0.0,0.0,0,90,0,0.02,0,False,False,False,False,False,False
1782457012.328,0,0,0,0,0,1.36,-8.15,0.0,0.0,0.0,0.0,0.0,0,90,0,0.03,0,False,False,False,False,False,False
1782457012.35,0,0,0,0,0,1.38,-8.0,0.0,0.0,0.0,0.0,0.0,0,90,0,0.03,0,False,False,False,False,False,False
1782457012.375,0,0,0,0,0,1.38,-7.97,0.0,0.0,0.0,0.0,0.0,0,90,0,0.04,0,False,False,False,False,False,False
1782457012.397,0,0,0,0,0,1.41,-8.06,0.0,0.0,0.0,0.0,0.0,0,90,0,0.05,0,False,False,False,False,False,False
1782457012.421,0,0,0,0,0,1.49,-8.22,0.0,0.0,0.0,0.0,0.0,0,90,0,0.05,0,False,False,False,False,False,False
1782457012.447,0,0,0,0,0,1.55,-8.39,0.0,0.0,0.0,0.0,0.0,0,90,0,0.05,0,False,False,False,False,False,False
1782457012.469,0,0,0,0,0,1.55,-8.5,0.0,0.0,0.0,0.0,0.0,0,90,0,0.05,0,False,False,False,False,False,False
1782457012.493,0,0,0,0,0,1.49,-8.48,0.0,0.0,0.0,0.0,0.0,0,90,0,0.05,0,False,False,False,False,False,False
1782457012.515,0,0,0,0,0,1.42,-8.43,0.0,0.0,0.0,0.0,0.0,0,90,0,0.06,0,False,False,False,False,False,False
1782457012.538,0,0,0,0,0,1.42,-8.43,0.0,0.0,0.0,0.0,0.0,0,90,0,0.06,0,False,False,False,False,False,False
1782457012.564,0,0,0,0,0,1.33,-8.47,0.0,0.0,0.0,0.0,0.0,0,90,0,0.06,0,False,False,False,False,False,False
1782457012.586,0,0,0,0,0,0.95,-8.5,0.0,0.0,0.0,0.0,0.0,0,90,0,0.06,0,False,False,False,False,False,False
1782457012.609,0,0,0,0,0,0.46,-8.72,0.0,0.0,0.0,0.0,0.0,0,90,0,0.06,0,False,False,False,False,False,False
1782457012.632,0,0,0,0,0,0.06,-9.23,0.0,0.0,0.0,0.0,0.0,0,90,0,0.07,0,False,False,False,False,False,False
1782457012.702,0,0,0,0,0,-0.16,-9.61,0.0,0.0,0.0,0.0,0.0,0,90,0,0.07,0,False,False,False,False,False,False
1782457012.732,0,0,0,0,0,-0.25,-9.62,0.0,0.0,0.0,0.0,0.0,0,90,0,0.07,0,False,False,False,False,False,False
1782457012.767,0,0,0,0,0,-0.49,-9.45,0.0,0.0,0.0,0.0,0.0,0,90,0,0.07,0,False,False,False,False,False,False
1782457012.797,0,0,0,0,0,-0.66,-9.34,0.0,0.0,0.0,0.0,0.0,0,90,0,0.07,0,False,False,False,False,False,False
1782457012.802,0,0,0,0,0,-0.53,-9.36,0.0,0.0,0.0,0.0,0.0,0,90,0,0.07,0,False,False,False,False,False,False
1782457012.821,0,0,0,0,0,-0.24,-9.41,0.0,0.0,0.0,0.0,0.0,0,90,0,0.07,0,False,False,False,False,False,False
1782457012.844,0,0,0,0,0,0.1,-9.4,0.0,0.0,0.0,0.0,0.0,0,90,0,0.08,0,False,False,False,False,False,False
1782457012.866,0,0,0,0,0,0.51,-9.33,0.0,0.0,0.0,0.0,0.0,0,90,0,0.08,0,False,False,False,False,False,False
1782457012.893,0,0,0,0,0,0.98,-9.24,0.0,0.0,0.0,0.0,0.0,0,90,0,0.08,0,False,False,False,False,False,False
1782457012.913,0,0,0,0,0,1.38,-9.17,0.0,0.0,0.0,0.0,0.0,0,90,0,0.08,0,False,False,False,False,False,False
1782457012.936,0,0,0,0,0,1.61,-9.07,0.0,0.0,0.0,0.0,0.0,0,90,0,0.08,0,False,False,False,False,False,False
1782457012.961,0,0,0,0,0,1.69,-8.91,0.0,0.0,0.0,0.0,0.0,0,90,0,0.08,0,False,False,False,False,False,False
1782457012.983,0,0,0,0,0,1.71,-8.78,0.0,0.0,0.0,0.0,0.0,0,90,0,0.08,0,False,False,False,False,False,False
1782457013.008,0,0,0,0,0,1.72,-8.79,0.0,0.0,0.0,0.0,0.0,0,90,0,0.08,0,False,False,False,False,False,False
1782457013.031,0,0,0,0,0,1.73,-8.94,0.0,0.0,0.0,0.0,0.0,0,90,0,0.08,0,False,False,False,False,False,False
1782457013.056,0,0,0,0,0,1.72,-9.13,0.0,0.0,0.0,0.0,0.0,0,90,0,0.07,0,False,False,False,False,False,False
1782457013.078,0,0,0,0,0,1.69,-9.22,0.0,0.0,0.0,0.0,0.0,0,90,0,0.07,0,False,False,False,False,False,False
1782457013.1,0,0,0,0,0,1.65,-9.18,0.0,0.0,0.0,0.0,0.0,0,90,0,0.07,0,False,False,False,False,False,False
1782457013.125,0,0,0,0,0,1.62,-9.02,0.0,0.0,0.0,0.0,0.0,0,90,0,0.07,0,False,False,False,False,False,False
1782457013.149,0,0,0,0,0,1.61,-8.87,0.0,0.0,0.0,0.0,0.0,0,90,0,0.07,0,False,False,False,False,False,False
1782457013.17,0,0,0,0,0,1.63,-8.75,0.0,0.0,0.0,0.0,0.0,0,90,0,0.07,0,False,False,False,False,False,False
1782457013.195,0,0,0,0,0,1.65,-8.45,0.0,0.0,0.0,0.0,0.0,0,90,0,0.07,0,False,False,False,False,False,False
1782457013.217,0,0,0,0,0,1.67,-8.03,0.0,0.0,0.0,0.0,0.0,0,90,0,0.07,0,False,False,False,False,False,False
1782457013.242,0,0,0,0,0,1.69,-7.69,0.0,0.0,0.0,0.0,0.0,0,90,0,0.07,0,False,False,False,False,False,False
1782457013.264,0,0,0,0,0,1.7,-7.45,0.0,0.0,0.0,0.0,0.0,0,90,0,0.07,0,False,False,False,False,False,False
1782457013.288,0,0,0,0,0,1.72,-7.26,0.0,0.0,0.0,0.0,0.0,0,90,0,0.07,0,False,False,False,False,False,False
1782457013.311,0,0,0,0,0,1.73,-7.09,0.0,0.0,0.0,0.0,0.0,0,90,0,0.07,0,False,False,False,False,False,False
1782457013.335,0,0,0,0,0,1.74,-6.94,0.0,0.0,0.0,0.0,0.0,0,90,0,0.07,0,False,False,False,False,False,False
1782457013.358,0,0,0,0,0,1.75,-6.81,0.0,0.0,0.0,0.0,0.0,0,90,0,0.07,0,False,False,False,False,False,False
1782457013.381,0,0,0,0,0,1.76,-6.68,0.0,0.0,0.0,0.0,0.0,0,90,0,0.07,0,False,False,False,False,False,False
1782457013.404,0,0,0,0,0,1.77,-6.58,0.0,0.0,0.0,0.0,0.0,0,90,0,0.07,0,False,False,False,False,False,False
1782457013.429,0,0,0,0,0,1.78,-6.49,0.0,0.0,0.0,0.0,0.0,0,90,0,0.07,0,False,False,False,False,False,False
1782457013.452,0,0,0,0,0,1.78,-6.42,0.0,0.0,0.0,0.0,0.0,0,90,0,0.07,0,False,False,False,False,False,False
1782457013.479,0,0,0,0,0,1.78,-6.36,0.0,0.0,0.0,0.0,0.0,0,90,0,0.07,0,False,False,False,False,False,False
1782457013.5,0,0,0,0,0,1.77,-6.3,0.0,0.0,0.0,0.0,0.0,0,90,0,0.07,0,False,False,False,False,False,False
1782457013.522,0,0,0,0,0,1.76,-6.24,0.0,0.0,0.0,0.0,0.0,0,90,0,0.07,0,False,False,False,False,False,False
1782457013.546,0,0,0,0,0,1.75,-6.17,0.0,0.0,0.0,0.0,0.0,0,90,0,0.07,0,False,False,False,False,False,False
1782457013.568,0,0,0,0,0,1.75,-6.1,0.0,0.0,0.0,0.0,0.0,0,90,0,0.07,0,False,False,False,False,False,False
1782457013.591,0,0,0,0,0,1.74,-6.03,0.0,0.0,0.0,0.0,0.0,0,90,0,0.07,0,False,False,False,False,False,False
1782457013.615,0,0,0,0,0,1.74,-5.95,0.0,0.0,0.0,0.0,0.0,0,90,0,0.07,0,False,False,False,False,False,False
1782457013.639,0,0,0,0,0,1.74,-5.88,0.0,0.0,0.0,0.0,0.0,0,90,0,0.07,0,False,False,False,False,False,False
1782457013.664,0,0,0,0,0,1.73,-5.81,0.0,0.0,0.0,0.0,0.0,0,90,0,0.07,0,False,False,False,False,False,False
1782457013.687,0,0,0,0,0,1.71,-5.74,0.0,0.0,0.0,0.0,0.0,0,90,0,0.07,0,False,False,False,False,False,False
1782457013.712,0,0,0,0,0,1.7,-5.68,0.0,0.0,0.0,0.0,0.0,0,90,0,0.06,0,False,False,False,False,False,False
1782457013.734,0,0,0,0,0,1.69,-5.61,0.0,0.0,0.0,0.0,0.0,0,90,0,0.06,0,False,False,False,False,False,False
1782457013.758,0,0,0,0,0,1.67,-5.55,0.0,0.0,0.0,0.0,0.0,0,90,0,0.06,0,False,False,False,False,False,False
1782457013.78,0,0,0,0,0,1.65,-5.48,0.0,0.0,0.0,0.0,0.0,0,90,0,0.06,0,False,False,False,False,False,False
1782457013.806,0,0,0,0,0,1.65,-5.41,0.0,0.0,0.0,0.0,0.0,0,90,0,0.05,0,False,False,False,False,False,False
1782457013.829,0,0,0,0,0,1.64,-5.34,0.0,0.0,0.0,0.0,0.0,0,90,0,0.04,0,False,False,False,False,False,False
1782457013.852,0,0,0,0,0,1.63,-5.27,0.0,0.0,0.0,0.0,0.0,0,90,0,0.04,0,False,False,False,False,False,False
1782457013.875,0,0,0,0,0,1.61,-5.21,0.0,0.0,0.0,0.0,0.0,0,90,0,0.03,0,False,False,False,False,False,False
1782457013.899,0,0,0,0,0,1.59,-5.15,0.0,0.0,0.0,0.0,0.0,0,90,0,0.03,0,False,False,False,False,False,False
1782457013.925,0,0,0,0,0,1.57,-5.09,0.0,0.0,0.0,0.0,0.0,0,90,0,0.03,0,False,False,False,False,False,False
1782457013.946,0,0,0,0,0,1.55,-5.03,0.0,0.0,0.0,0.0,0.0,0,90,0,0.03,0,False,False,False,False,False,False
1782457013.972,0,0,0,0,0,1.54,-4.96,0.0,0.0,0.0,0.0,0.0,0,90,0,0.02,0,False,False,False,False,False,False
1782457013.993,0,0,0,0,0,1.52,-4.9,0.0,0.0,0.0,0.0,0.0,0,90,0,0.02,0,False,False,False,False,False,False
1782457014.017,0,0,0,0,0,1.5,-4.84,0.0,0.0,0.0,0.0,0.0,0,90,0,0.02,0,False,False,False,False,False,False
1782457014.06,0,0,0,0,0,1.47,-4.79,0.0,0.0,0.0,0.0,0.0,0,90,0,0.02,0,False,False,False,False,False,False
1782457014.135,0,0,0,0,0,1.46,-4.71,0.0,0.0,0.0,0.0,0.0,0,90,0,0.02,0,False,False,False,False,False,False
1782457014.159,0,0,0,0,0,1.45,-4.61,0.0,0.0,0.0,0.0,0.0,0,90,0,0.02,0,False,False,False,False,False,False
1782457014.183,0,0,0,0,0,1.45,-4.52,0.0,0.0,0.0,0.0,0.0,0,90,0,0.01,0,False,False,False,False,False,False
1782457014.208,0,0,0,0,0,1.42,-4.46,0.0,0.0,0.0,0.0,0.0,0,90,0,0.01,0,False,False,False,False,False,False
1782457014.229,0,0,0,0,0,1.38,-4.46,0.0,0.0,0.0,0.0,0.0,0,90,0,0.01,0,False,False,False,False,False,False
1782457014.253,0,0,0,0,0,1.33,-4.5,0.0,0.0,0.0,0.0,0.0,0,90,0,0.01,0,False,False,False,False,False,False
1782457014.277,0,0,0,0,0,1.29,-4.52,0.0,0.0,0.0,0.0,0.0,0,90,0,0.01,0,False,False,False,False,False,False
1782457014.301,0,0,0,0,0,1.26,-4.5,0.0,0.0,0.0,0.0,0.0,0,90,0,0.01,0,False,False,False,False,False,False
1782457014.325,0,0,0,0,0,1.25,-4.46,0.0,0.0,0.0,0.0,0.0,0,90,0,0.01,0,False,False,False,False,False,False
1782457014.349,0,0,0,0,0,1.27,-4.44,0.0,0.0,0.0,0.0,0.0,0,90,0,0.01,0,False,False,False,False,False,False
1782457014.372,0,0,0,0,0,1.29,-4.47,0.0,0.0,0.0,0.0,0.0,0,90,0,0.01,0,False,False,False,False,False,False
1782457014.395,0,0,0,0,0,1.29,-4.52,0.0,0.0,0.0,0.0,0.0,0,90,0,0.01,0,False,False,False,False,False,False
1782457014.418,0,0,0,0,0,1.28,-4.55,0.0,0.0,0.0,0.0,0.0,0,90,0,0.01,0,False,False,False,False,False,False
1782457014.442,0,0,0,0,0,1.3,-4.56,0.0,0.0,0.0,0.0,0.0,0,90,0,0.01,0,False,False,False,False,False,False
1782457014.465,0,0,0,0,0,1.32,-4.56,0.0,0.0,0.0,0.0,0.0,0,90,0,0.0,0,False,False,False,False,False,False
1782457014.49,0,0,0,0,0,1.33,-4.55,0.0,0.0,0.0,0.0,0.0,0,90,0,0.0,0,False,False,False,False,False,False
1782457014.515,0,0,0,0,0,1.32,-4.53,0.0,0.0,0.0,0.0,0.0,0,90,0,0.0,0,False,False,False,False,False,False
1782457014.537,0,0,0,0,0,1.32,-4.52,0.0,0.0,0.0,0.0,0.0,0,90,0,0.0,0,False,False,False,False,False,False
1782457014.562,0,0,0,0,0,1.33,-4.51,0.0,0.0,0.0,0.0,0.0,0,90,0,0.0,0,False,False,False,False,False,False
1782457014.584,0,0,0,0,0,1.34,-4.49,0.0,0.0,0.0,0.0,0.0,0,90,0,0.0,0,False,False,False,False,False,False
1782457014.608,0,0,0,0,0,1.36,-4.49,0.0,0.0,0.0,0.0,0.0,0,90,0,0.0,0,False,False,False,False,False,False
1782457014.632,0,0,0,0,0,1.36,-4.52,0.0,0.0,0.0,0.0,0.0,0,90,0,0.0,0,False,False,False,False,False,False
1782457014.655,0,0,0,0,0,1.32,-4.54,0.0,0.0,0.0,0.0,0.0,0,90,0,0.0,0,False,False,False,False,False,False
1782457014.679,0,0,0,0,0,1.29,-4.53,0.0,0.0,0.0,0.0,0.0,0,90,0,0.0,0,False,False,False,False,False,False
1782457014.703,0,0,0,0,0,1.28,-4.5,0.0,0.0,0.0,0.0,0.0,0,90,0,0.0,0,False,False,False,False,False,False
1782457014.726,0,0,0,0,0,1.27,-4.48,0.0,0.0,0.0,0.0,0.0,0,90,0,0.0,0,False,False,False,False,False,False
1782457014.751,0,0,0,0,0,1.28,-4.49,0.0,0.0,0.0,0.0,0.0,0,90,0,0.0,0,False,False,False,False,False,False
1782457014.774,0,0,0,0,0,1.3,-4.51,0.0,0.0,0.0,0.0,0.0,0,90,0,0.0,0,False,False,False,False,False,False
1782457014.796,0,0,0,0,0,1.33,-4.52,0.0,0.0,0.0,0.0,0.0,0,90,0,0.0,0,False,False,False,False,False,False
1782457014.822,0,0,0,0,0,1.33,-4.5,0.0,0.0,0.0,0.0,0.0,0,90,0,0.0,0,False,False,False,False,False,False
1782457014.844,0,0,0,0,0,1.31,-4.49,0.0,0.0,0.0,0.0,0.0,0,90,0,0.0,0,False,False,False,False,False,False
1782457014.868,0,0,0,0,0,1.28,-4.5,0.0,0.0,0.0,0.0,0.0,0,90,0,0.0,0,False,False,False,False,False,False
1782457014.894,0,0,0,0,0,1.26,-4.52,0.0,0.0,0.0,0.0,0.0,0,90,0,0.0,0,False,False,False,False,False,False
1782457014.916,0,0,0,0,0,1.24,-4.52,0.0,0.0,0.0,0.0,0.0,0,90,0,0.0,0,False,False,False,False,False,False
1782457014.939,0,0,0,0,0,1.24,-4.51,0.0,0.0,0.0,0.0,0.0,0,90,0,0.0,0,False,False,False,False,False,False
1782457014.962,0,0,0,0,0,1.26,-4.5,0.0,0.0,0.0,0.0,0.0,0,90,0,0.0,0,False,False,False,False,False,False
1782457014.986,0,0,0,0,0,1.29,-4.5,0.0,0.0,0.0,0.0,0.0,0,90,0,0.0,0,False,False,False,False,False,False
1782457015.011,0,0,0,0,0,1.3,-4.5,0.0,0.0,0.0,0.0,0.0,0,90,0,0.0,0,False,False,False,False,False,False
1782457015.033,0,0,0,0,0,1.28,-4.49,0.0,0.0,0.0,0.0,0.0,0,90,0,0.0,0,False,False,False,False,False,False
1782457015.057,0,0,0,0,0,1.27,-4.48,0.0,0.0,0.0,0.0,0.0,0,90,0,0.0,0,False,False,False,False,False,False
1782457015.083,0,0,0,0,0,1.25,-4.48,0.0,0.0,0.0,0.0,0.0,0,90,0,0.0,0,False,False,False,False,False,False
1782457015.099,0,0,0,0,0,1.25,-4.5,0.0,0.0,0.0,0.0,0.0,0,90,0,0.0,0,False,False,False,False,False,False
1782457015.123,0,0,0,0,0,1.25,-4.52,0.0,0.0,0.0,0.0,0.0,0,90,0,0.0,0,False,False,False,False,False,False
1782457015.148,0,0,0,0,0,1.27,-4.53,0.0,0.0,0.0,0.0,0.0,0,90,0,0.0,0,False,False,False,False,False,False
1782457015.172,0,0,0,0,0,1.28,-4.54,0.0,0.0,0.0,0.0,0.0,0,90,0,0.0,0,False,False,False,False,False,False
1782457015.195,0,0,0,0,0,1.27,-4.55,0.0,0.0,0.0,0.0,0.0,0,90,0,0.0,0,False,False,False,False,False,False
1782457015.218,0,0,0,0,0,1.25,-4.54,0.0,0.0,0.0,0.0,0.0,0,90,0,0.0,0,False,False,False,False,False,False
1782457015.241,0,0,0,0,0,1.25,-4.52,0.0,0.0,0.0,0.0,0.0,0,90,0,0.0,0,False,False,False,False,False,False
1782457015.266,0,0,0,0,0,1.28,-4.51,0.0,0.0,0.0,0.0,0.0,0,90,0,0.0,0,False,False,False,False,False,False
1782457015.29,0,0,0,0,0,1.29,-4.52,0.0,0.0,0.0,0.0,0.0,0,90,0,0.0,0,False,False,False,False,False,False
1782457015.313,0,0,0,0,0,1.27,-4.54,0.0,0.0,0.0,0.0,0.0,0,90,0,0.0,0,False,False,False,False,False,False
1782457015.336,0,0,0,0,0,1.25,-4.54,0.0,0.0,0.0,0.0,0.0,0,90,0,0.0,0,False,False,False,False,False,False
1782457015.36,0,0,0,0,0,1.25,-4.53,0.0,0.0,0.0,0.0,0.0,0,90,0,0.0,0,False,False,False,False,False,False
1782457015.384,0,0,0,0,0,1.27,-4.5,0.0,0.0,0.0,0.0,0.0,0,90,0,0.0,0,False,False,False,False,False,False
1782457015.408,0,0,0,0,0,1.29,-4.47,0.0,0.0,0.0,0.0,0.0,0,90,0,0.0,0,False,False,False,False,False,False
1782457015.432,0,0,0,0,0,1.31,-4.47,0.0,0.0,0.0,0.0,0.0,0,90,0,0.0,0,False,False,False,False,False,False
1782457015.455,0,0,0,0,0,1.32,-4.49,0.0,0.0,0.0,0.0,0.0,0,90,0,0.0,0,False,False,False,False,False,False
1782457015.479,0,0,0,0,0,1.31,-4.49,0.0,0.0,0.0,0.0,0.0,0,90,0,0.0,0,False,False,False,False,False,False
1782457015.497,0,0,0,0,0,1.32,-4.49,0.0,0.0,0.0,0.0,0.0,0,90,0,0.0,0,False,False,False,False,False,False
1782457015.522,0,0,0,0,0,1.34,-4.5,0.0,0.0,0.0,0.0,0.0,0,90,0,0.0,0,False,False,False,False,False,False
1782457015.544,0,0,0,0,0,1.34,-4.54,0.0,0.0,0.0,0.0,0.0,0,90,0,0.0,0,False,False,False,False,False,False
1782457015.569,0,0,0,0,0,1.29,-4.56,0.0,0.0,0.0,0.0,0.0,0,90,0,0.0,0,False,False,False,False,False,False
1782457015.591,0,0,0,0,0,1.24,-4.56,0.0,0.0,0.0,0.0,0.0,0,90,0,0.0,0,False,False,False,False,False,False
1782457015.616,0,0,0,0,0,1.19,-4.53,0.0,0.0,0.0,0.0,0.0,0,90,0,0.0,0,False,False,False,False,False,False
1782457015.639,0,0,0,0,0,1.17,-4.51,0.0,0.0,0.0,0.0,0.0,0,90,0,0.0,0,False,False,False,False,False,False
1782457015.664,0,0,0,0,0,1.19,-4.51,0.0,0.0,0.0,0.0,0.0,0,90,0,0.0,0,False,False,False,False,False,False
1782457015.687,0,0,0,0,0,1.24,-4.52,0.0,0.0,0.0,0.0,0.0,0,90,0,0.0,0,False,False,False,False,False,False
1782457015.704,0,0,0,0,0,1.28,-4.51,0.0,0.0,0.0,0.0,0.0,0,90,0,0.0,0,False,False,False,False,False,False
1782457015.73,0,0,0,0,0,1.29,-4.5,0.0,0.0,0.0,0.0,0.0,0,90,0,0.0,0,False,False,False,False,False,False
1782457015.753,0,0,0,0,0,1.29,-4.51,0.0,0.0,0.0,0.0,0.0,0,90,0,0.0,0,False,False,False,False,False,False
1782457015.776,0,0,0,0,0,1.29,-4.51,0.0,0.0,0.0,0.0,0.0,0,90,0,0.0,0,False,False,False,False,False,False
1782457015.8,0,0,0,0,0,1.31,-4.51,0.0,0.0,0.0,0.0,0.0,0,90,0,0.0,0,False,False,False,False,False,False
1782457015.823,0,0,0,0,0,1.29,-4.5,0.0,0.0,0.0,0.0,0.0,0,90,0,0.0,0,False,False,False,False,False,False
1782457015.848,0,0,0,0,0,1.26,-4.48,0.0,0.0,0.0,0.0,0.0,0,90,0,0.0,0,False,False,False,False,False,False
1782457015.873,0,0,0,0,0,1.24,-4.48,0.0,0.0,0.0,0.0,0.0,0,90,0,0.0,0,False,False,False,False,False,False
1782457015.894,0,0,0,0,0,1.26,-4.5,0.0,0.0,0.0,0.0,0.0,0,90,0,0.0,0,False,False,False,False,False,False
1782457015.917,0,0,0,0,0,1.29,-4.51,0.0,0.0,0.0,0.0,0.0,0,90,0,0.0,0,False,False,False,False,False,False
1782457015.942,0,0,0,0,0,1.33,-4.53,0.0,0.0,0.0,0.0,0.0,0,90,0,0.0,0,False,False,False,False,False,False
1782457015.966,0,0,0,0,0,1.35,-4.53,0.0,0.0,0.0,0.0,0.0,0,90,0,0.0,0,False,False,False,False,False,False
1782457015.989,0,0,0,0,0,1.34,-4.54,0.0,0.0,0.0,0.0,0.0,0,90,0,0.0,0,False,False,False,False,False,False
1782457016.014,0,0,0,0,0,1.31,-4.56,0.0,0.0,0.0,0.0,0.0,0,90,0,0.0,0,False,False,False,False,False,False
1782457016.037,0,0,0,0,0,1.33,-4.57,0.0,0.0,0.0,0.0,0.0,0,90,0,0.0,0,False,False,False,False,False,False
1782457016.059,0,0,0,0,0,1.37,-4.55,0.0,0.0,0.0,0.0,0.0,0,90,0,0.0,0,False,False,False,False,False,False
1782457016.086,0,0,0,0,0,1.43,-4.54,0.0,0.0,0.0,0.0,0.0,0,90,0,0.0,0,False,False,False,False,False,False
1782457016.107,0,0,0,0,0,1.48,-4.55,0.0,0.0,0.0,0.0,0.0,0,90,0,0.0,0,False,False,False,False,False,False
1782457016.132,0,0,0,0,0,1.48,-4.57,0.0,0.0,0.0,0.0,0.0,0,90,0,0.0,0,False,False,False,False,False,False
1782457016.154,0,0,0,0,0,1.42,-4.59,0.0,0.0,0.0,0.0,0.0,0,90,0,0.0,0,False,False,False,False,False,False
1782457016.178,0,0,0,0,0,1.35,-4.61,0.0,0.0,0.0,0.0,0.0,0,90,0,0.0,0,False,False,False,False,False,False
1782457016.203,0,0,0,0,0,1.31,-4.6,0.0,0.0,0.0,0.0,0.0,0,90,0,0.0,0,False,False,False,False,False,False
1782457016.225,0,0,0,0,0,1.3,-4.59,0.0,0.0,0.0,0.0,0.0,0,90,0,0.0,0,False,False,False,False,False,False
1782457016.25,0,0,0,0,0,1.3,-4.56,0.0,0.0,0.0,0.0,0.0,0,90,0,0.0,0,False,False,False,False,False,False
1782457016.273,0,0,0,0,0,1.31,-4.55,0.0,0.0,0.0,0.0,0.0,0,90,0,0.0,0,False,False,False,False,False,False
1782457016.297,0,0,0,0,0,1.3,-4.54,0.0,0.0,0.0,0.0,0.0,0,90,0,0.0,0,False,False,False,False,False,False
1782457016.321,0,0,0,0,0,1.27,-4.53,0.0,0.0,0.0,0.0,0.0,0,90,0,0.0,0,False,False,False,False,False,False
1782457016.343,0,0,0,0,0,1.24,-4.53,0.0,0.0,0.0,0.0,0.0,0,90,0,0.0,0,False,False,False,False,False,False
1782457016.368,0,0,0,0,0,1.23,-4.53,0.0,0.0,0.0,0.0,0.0,0,90,0,0.0,0,False,False,False,False,False,False
1782457016.391,0,0,0,0,0,1.23,-4.53,0.0,0.0,0.0,0.0,0.0,0,90,0,0.0,0,False,False,False,False,False,False
1782457016.417,0,0,0,0,0,1.21,-4.52,0.0,0.0,0.0,0.0,0.0,0,90,0,0.0,0,False,False,False,False,False,False
1782457016.439,0,0,0,0,0,1.19,-4.51,0.0,0.0,0.0,0.0,0.0,0,90,0,0.0,0,False,False,False,False,False,False
1782457016.462,0,0,0,0,0,1.23,-4.5,0.0,0.0,0.0,0.0,0.0,0,90,0,0.0,0,False,False,False,False,False,False
1782457016.487,0,0,0,0,0,1.29,-4.51,0.0,0.0,0.0,0.0,0.0,0,90,0,0.0,0,False,False,False,False,False,False
1782457016.509,0,0,0,0,0,1.34,-4.53,0.0,0.0,0.0,0.0,0.0,0,90,0,0.0,0,False,False,False,False,False,False
1782457016.533,0,0,0,0,0,1.33,-4.53,0.0,0.0,0.0,0.0,0.0,0,90,0,0.0,0,False,False,False,False,False,False
1782457016.557,0,0,0,0,0,1.29,-4.53,0.0,0.0,0.0,0.0,0.0,0,90,0,0.0,0,False,False,False,False,False,False
1782457016.581,0,0,0,0,0,1.26,-4.54,0.0,0.0,0.0,0.0,0.0,0,90,0,0.0,0,False,False,False,False,False,False
1782457016.605,0,0,0,0,0,1.24,-4.55,0.0,0.0,0.0,0.0,0.0,0,90,0,0.0,0,False,False,False,False,False,False
1782457016.629,0,0,0,0,0,1.23,-4.56,0.0,0.0,0.0,0.0,0.0,0,90,0,0.0,0,False,False,False,False,False,False
1782457016.651,0,0,0,0,0,1.24,-4.56,0.0,0.0,0.0,0.0,0.0,0,90,0,0.0,0,False,False,False,False,False,False
1782457016.675,0,0,0,0,0,1.25,-4.55,0.0,0.0,0.0,0.0,0.0,0,90,0,0.0,0,False,False,False,False,False,False
1782457016.699,0,0,0,0,0,1.26,-4.55,0.0,0.0,0.0,0.0,0.0,0,90,0,0.0,0,False,False,False,False,False,False
1782457016.724,0,0,0,0,0,1.25,-4.54,0.0,0.0,0.0,0.0,0.0,0,90,0,0.0,0,False,False,False,False,False,False
1782457016.746,0,0,0,0,0,1.23,-4.51,0.0,0.0,0.0,0.0,0.0,0,90,0,0.0,0,False,False,False,False,False,False
1782457016.765,0,0,0,0,0,1.23,-4.48,0.0,0.0,0.0,0.0,0.0,0,90,0,0.0,0,False,False,False,False,False,False
1782457016.789,0,0,0,0,0,1.23,-4.46,0.0,0.0,0.0,0.0,0.0,0,90,0,0.0,0,False,False,False,False,False,False
1782457016.813,0,0,0,0,0,1.24,-4.47,0.0,0.0,0.0,0.0,0.0,0,90,0,0.0,0,False,False,False,False,False,False
1782457016.837,0,0,0,0,0,1.23,-4.51,0.0,0.0,0.0,0.0,0.0,0,90,0,0.0,0,False,False,False,False,False,False
1782457016.86,0,0,0,0,0,1.22,-4.56,0.0,0.0,0.0,0.0,0.0,0,90,0,0.0,0,False,False,False,False,False,False
1782457016.883,0,0,0,0,0,1.23,-4.55,0.0,0.0,0.0,0.0,0.0,0,90,0,0.0,0,False,False,False,False,False,False
1782457016.908,0,0,0,0,0,1.25,-4.52,0.0,0.0,0.0,0.0,0.0,0,90,0,0.0,0,False,False,False,False,False,False
1782457016.93,0,0,0,0,0,1.27,-4.52,0.0,0.0,0.0,0.0,0.0,0,90,0,0.0,0,False,False,False,False,False,False
1782457016.953,0,0,0,0,0,1.26,-4.54,0.0,0.0,0.0,0.0,0.0,0,90,0,0.0,0,False,False,False,False,False,False
1782457016.979,0,0,0,0,0,1.21,-4.56,0.0,0.0,0.0,0.0,0.0,0,90,0,0.0,0,False,False,False,False,False,False
1782457017.0,0,0,0,0,0,1.19,-4.57,0.0,0.0,0.0,0.0,0.0,0,90,0,0.0,0,False,False,False,False,False,False
1782457017.024,0,0,0,0,0,1.25,-4.6,0.0,0.0,0.0,0.0,0.0,0,90,0,0.0,0,False,False,False,False,False,False
1782457017.049,0,0,0,0,0,1.34,-5.03,0.0,0.0,0.0,0.0,0.0,0,90,0,0.0,0,False,False,False,False,False,False
1782457017.071,0,0,0,0,0,1.4,-6.21,0.0,0.0,0.0,0.0,0.0,0,90,0,0.0,0,False,False,False,False,False,False
1782457017.094,0,0,0,0,0,1.43,-7.66,0.0,0.0,0.0,0.0,0.0,0,90,0,0.0,0,False,False,False,False,False,False
1782457017.119,0,0,0,0,0,1.45,-8.85,0.0,0.0,0.0,0.0,0.0,0,90,0,0.0,0,False,False,False,False,False,False
1782457017.143,0,0,0,0,0,1.45,-9.66,0.0,0.0,0.0,0.0,0.0,0,90,0,0.0,0,False,False,False,False,False,False
1782457017.167,0,0,0,0,0,1.45,-10.06,0.0,0.0,0.0,0.0,0.0,0,90,0,0.0,0,False,False,False,False,False,False
1782457017.189,0,0,0,0,0,1.43,-10.17,0.0,0.0,0.0,0.0,0.0,0,90,0,0.01,0,False,False,False,False,False,False
1782457017.212,0,0,0,0,0,1.41,-10.18,0.0,0.0,0.0,0.0,0.0,0,90,0,0.02,0,False,False,False,False,False,False
1782457017.236,0,0,0,0,0,1.41,-10.27,0.0,0.0,0.0,0.0,0.0,0,90,0,0.02,0,False,False,False,False,False,False
1782457017.26,0,0,0,0,0,1.37,-10.47,0.0,0.0,0.0,0.0,0.0,0,90,0,0.03,0,False,False,False,False,False,False
1782457017.284,0,0,0,0,0,1.22,-10.71,0.0,0.0,0.0,0.0,0.0,0,90,0,0.03,0,False,False,False,False,False,False
1782457017.307,0,0,0,0,0,1.03,-10.94,0.0,0.0,0.0,0.0,0.0,0,90,0,0.03,0,False,False,False,False,False,False
1782457017.329,0,0,0,0,0,0.87,-11.14,0.0,0.0,0.0,0.0,0.0,0,90,0,0.04,0,False,False,False,False,False,False
1782457017.354,0,0,0,0,0,0.76,-11.26,0.0,0.0,0.0,0.0,0.0,0,90,0,0.05,0,False,False,False,False,False,False
1782457017.376,0,0,0,0,0,0.72,-11.31,0.0,0.0,0.0,0.0,0.0,0,90,0,0.05,0,False,False,False,False,False,False
1782457017.402,0,0,0,0,0,0.72,-11.33,0.0,0.0,0.0,0.0,0.0,0,90,0,0.05,0,False,False,False,False,False,False
1782457017.426,0,0,0,0,0,0.74,-11.34,0.0,0.0,0.0,0.0,0.0,0,90,0,0.05,0,False,False,False,False,False,False
1782457017.448,0,0,0,0,0,0.75,-11.36,0.0,0.0,0.0,0.0,0.0,0,90,0,0.06,0,False,False,False,False,False,False
1782457017.47,0,0,0,0,0,0.75,-11.35,0.0,0.0,0.0,0.0,0.0,0,90,0,0.06,0,False,False,False,False,False,False
1782457017.495,0,0,0,0,0,0.78,-11.33,0.0,0.0,0.0,0.0,0.0,0,90,0,0.06,0,False,False,False,False,False,False
1782457017.519,0,0,0,0,0,0.87,-11.28,0.0,0.0,0.0,0.0,0.0,0,90,0,0.06,0,False,False,False,False,False,False
1782457017.543,0,0,0,0,0,0.94,-11.18,0.0,0.0,0.0,0.0,0.0,0,90,0,0.06,0,False,False,False,False,False,False
1782457017.565,0,0,0,0,0,0.95,-11.1,0.0,0.0,0.0,0.0,0.0,0,90,0,0.06,0,False,False,False,False,False,False
1782457017.588,0,0,0,0,0,0.9,-11.12,0.0,0.0,0.0,0.0,0.0,0,90,0,0.06,0,False,False,False,False,False,False
1782457017.611,0,0,0,0,0,0.83,-11.18,0.0,0.0,0.0,0.0,0.0,0,90,0,0.06,0,False,False,False,False,False,False
1782457017.636,0,0,0,0,0,0.76,-11.2,0.0,0.0,0.0,0.0,0.0,0,90,0,0.06,0,False,False,False,False,False,False
1782457017.659,0,0,0,0,0,0.7,-11.21,0.0,0.0,0.0,0.0,0.0,0,90,0,0.06,0,False,False,False,False,False,False
1782457017.682,0,0,0,0,0,0.68,-11.3,0.0,0.0,0.0,0.0,0.0,0,90,0,0.06,0,False,False,False,False,False,False
1782457017.705,0,0,0,0,0,0.72,-11.34,0.0,0.0,0.0,0.0,0.0,0,90,0,0.06,0,False,False,False,False,False,False
1782457017.73,0,0,0,0,0,0.82,-11.3,0.0,0.0,0.0,0.0,0.0,0,90,0,0.06,0,False,False,False,False,False,False
1782457017.755,0,0,0,0,0,0.89,-11.29,0.0,0.0,0.0,0.0,0.0,0,90,0,0.07,0,False,False,False,False,False,False
1782457017.776,0,0,0,0,0,0.96,-11.3,0.0,0.0,0.0,0.0,0.0,0,90,0,0.07,0,False,False,False,False,False,False
1782457017.802,0,0,0,0,0,1.16,-10.83,0.0,0.0,0.0,0.0,0.0,0,90,0,0.07,0,False,False,False,False,False,False
1782457017.823,0,0,0,0,0,1.41,-9.59,0.0,0.0,0.0,0.0,0.0,0,90,0,0.07,0,False,False,False,False,False,False
1782457017.847,0,0,0,0,0,1.55,-8.29,0.0,0.0,0.0,0.0,0.0,0,90,0,0.07,0,False,False,False,False,False,False
1782457017.87,0,0,0,0,0,1.61,-7.56,0.0,0.0,0.0,0.0,0.0,0,90,0,0.07,0,False,False,False,False,False,False
1782457017.893,0,0,0,0,0,1.61,-7.31,0.0,0.0,0.0,0.0,0.0,0,90,0,0.07,0,False,False,False,False,False,False
1782457017.919,0,0,0,0,0,1.6,-7.28,0.0,0.0,0.0,0.0,0.0,0,90,0,0.07,0,False,False,False,False,False,False
1782457017.941,0,0,0,0,0,1.57,-7.32,0.0,0.0,0.0,0.0,0.0,0,90,0,0.07,0,False,False,False,False,False,False
1782457017.965,0,0,0,0,0,1.55,-7.38,0.0,0.0,0.0,0.0,0.0,0,90,0,0.08,0,False,False,False,False,False,False
1782457017.987,0,0,0,0,0,1.55,-7.43,0.0,0.0,0.0,0.0,0.0,0,90,0,0.08,0,False,False,False,False,False,False
1782457018.011,0,0,0,0,0,1.54,-7.48,0.0,0.0,0.0,0.0,0.0,0,90,0,0.08,0,False,False,False,False,False,False
1782457018.035,0,0,0,0,0,1.52,-7.56,0.0,0.0,0.0,0.0,0.0,0,90,0,0.09,0,False,False,False,False,False,False
1782457018.059,0,0,0,0,0,1.48,-7.66,0.0,0.0,0.0,0.0,0.0,0,90,0,0.09,0,False,False,False,False,False,False
1782457018.08,0,0,0,0,0,1.46,-7.68,0.0,0.0,0.0,0.0,0.0,0,90,0,0.1,0,False,False,False,False,False,False
1782457018.104,0,0,0,0,0,1.47,-7.58,0.0,0.0,0.0,0.0,0.0,0,90,0,0.1,0,False,False,False,False,False,False
1782457018.128,0,0,0,0,0,1.49,-7.42,0.0,0.0,0.0,0.0,0.0,0,90,0,0.1,0,False,False,False,False,False,False
1782457018.153,0,0,0,0,0,1.51,-7.26,0.0,0.0,0.0,0.0,0.0,0,90,0,0.1,0,False,False,False,False,False,False
1782457018.174,0,0,0,0,0,1.53,-7.14,0.0,0.0,0.0,0.0,0.0,0,90,0,0.1,0,False,False,False,False,False,False
1782457018.198,0,0,0,0,0,1.53,-7.09,0.0,0.0,0.0,0.0,0.0,0,90,0,0.11,0,False,False,False,False,False,False
1782457018.223,0,0,0,0,0,1.51,-7.13,0.0,0.0,0.0,0.0,0.0,0,90,0,0.11,0,False,False,False,False,False,False
1782457018.245,0,0,0,0,0,1.49,-7.21,0.0,0.0,0.0,0.0,0.0,0,90,0,0.11,0,False,False,False,False,False,False
1782457018.269,0,0,0,0,0,1.47,-7.24,0.0,0.0,0.0,0.0,0.0,0,90,0,0.11,0,False,False,False,False,False,False
1782457018.291,0,0,0,0,0,1.47,-7.16,0.0,0.0,0.0,0.0,0.0,0,90,0,0.11,0,False,False,False,False,False,False
1782457018.316,0,0,0,0,0,1.48,-7.02,0.0,0.0,0.0,0.0,0.0,0,90,0,0.11,0,False,False,False,False,False,False
1782457018.341,0,0,0,0,0,1.5,-6.9,0.0,0.0,0.0,0.0,0.0,0,90,0,0.11,0,False,False,False,False,False,False
1782457018.362,0,0,0,0,0,1.52,-6.84,0.0,0.0,0.0,0.0,0.0,0,90,0,0.11,0,False,False,False,False,False,False
1782457018.385,0,0,0,0,0,1.53,-6.84,0.0,0.0,0.0,0.0,0.0,0,90,0,0.11,0,False,False,False,False,False,False
1782457018.41,0,0,0,0,0,1.53,-6.91,0.0,0.0,0.0,0.0,0.0,0,90,0,0.11,0,False,False,False,False,False,False
1782457018.432,0,0,0,0,0,1.51,-7.06,0.0,0.0,0.0,0.0,0.0,0,90,0,0.11,0,False,False,False,False,False,False
1782457018.455,0,0,0,0,0,1.49,-7.22,0.0,0.0,0.0,0.0,0.0,0,90,0,0.11,0,False,False,False,False,False,False
1782457018.479,0,0,0,0,0,1.47,-7.36,0.0,0.0,0.0,0.0,0.0,0,90,0,0.11,0,False,False,False,False,False,False
1782457018.502,0,0,0,0,0,1.46,-7.43,0.0,0.0,0.0,0.0,0.0,0,90,0,0.11,0,False,False,False,False,False,False
1782457018.529,0,0,0,0,0,1.47,-7.38,0.0,0.0,0.0,0.0,0.0,0,90,0,0.11,0,False,False,False,False,False,False
1782457018.55,0,0,0,0,0,1.49,-7.25,0.0,0.0,0.0,0.0,0.0,0,90,0,0.11,0,False,False,False,False,False,False
1782457018.572,0,0,0,0,0,1.51,-7.07,0.0,0.0,0.0,0.0,0.0,0,90,0,0.11,0,False,False,False,False,False,False
1782457018.6,0,0,0,0,0,1.54,-6.9,0.0,0.0,0.0,0.0,0.0,0,90,0,0.11,0,False,False,False,False,False,False
1782457018.62,0,0,0,0,0,1.57,-6.77,0.0,0.0,0.0,0.0,0.0,0,90,0,0.1,0,False,False,False,False,False,False
1782457018.644,0,0,0,0,0,1.58,-6.67,0.0,0.0,0.0,0.0,0.0,0,90,0,0.09,0,False,False,False,False,False,False
1782457018.666,0,0,0,0,0,1.58,-6.6,0.0,0.0,0.0,0.0,0.0,0,90,0,0.09,0,False,False,False,False,False,False
1782457018.69,0,0,0,0,0,1.56,-6.55,0.0,0.0,0.0,0.0,0.0,0,90,0,0.09,0,False,False,False,False,False,False
1782457018.715,0,0,0,0,0,1.55,-6.5,0.0,0.0,0.0,0.0,0.0,0,90,0,0.09,0,False,False,False,False,False,False
1782457018.736,0,0,0,0,0,1.54,-6.45,0.0,0.0,0.0,0.0,0.0,0,90,0,0.08,0,False,False,False,False,False,False
1782457018.759,0,0,0,0,0,1.53,-6.42,0.0,0.0,0.0,0.0,0.0,0,90,0,0.07,0,False,False,False,False,False,False
1782457018.786,0,0,0,0,0,1.5,-6.46,0.0,0.0,0.0,0.0,0.0,0,90,0,0.07,0,False,False,False,False,False,False
1782457018.807,0,0,0,0,0,1.48,-6.55,0.0,0.0,0.0,0.0,0.0,0,90,0,0.07,0,False,False,False,False,False,False
1782457018.831,0,0,0,0,0,1.47,-6.63,0.0,0.0,0.0,0.0,0.0,0,90,0,0.07,0,False,False,False,False,False,False
1782457018.854,0,0,0,0,0,1.45,-6.66,0.0,0.0,0.0,0.0,0.0,0,90,0,0.06,0,False,False,False,False,False,False
1782457018.878,0,0,0,0,0,1.44,-6.57,0.0,0.0,0.0,0.0,0.0,0,90,0,0.06,0,False,False,False,False,False,False
1782457018.901,0,0,0,0,0,1.45,-6.4,0.0,0.0,0.0,0.0,0.0,0,90,0,0.06,0,False,False,False,False,False,False
1782457018.925,0,0,0,0,0,1.48,-6.21,0.0,0.0,0.0,0.0,0.0,0,90,0,0.06,0,False,False,False,False,False,False
1782457018.949,0,0,0,0,0,1.5,-6.05,0.0,0.0,0.0,0.0,0.0,0,90,0,0.06,0,True,False,False,False,False,False
1782457018.972,0,0,0,0,0,1.51,-5.97,0.0,0.0,0.0,0.0,0.0,0,90,0,0.06,0,True,False,False,False,False,False
1782457018.994,0,0,0,0,0,1.49,-5.96,0.0,0.0,0.0,0.0,0.0,0,90,0,0.06,0,True,False,False,False,False,False
1782457019.019,0,0,0,0,0,1.46,-6.0,0.0,0.0,0.0,0.0,0.0,0,90,0,0.06,0,True,False,False,False,False,False
1782457019.041,0,0,0,0,0,1.44,-5.98,0.0,0.0,0.0,0.0,0.0,0,90,0,0.06,0,True,False,False,False,False,False
1782457019.064,0,0,0,0,0,1.44,-5.93,0.0,0.0,0.0,0.0,0.0,0,90,0,0.06,0,True,False,False,False,False,False
1782457019.088,0,0,0,0,0,1.44,-5.88,0.0,0.0,0.0,0.0,0.0,0,90,0,0.06,0,True,False,False,False,False,False
1782457019.111,0,0,0,0,0,1.44,-5.8,0.0,0.0,0.0,0.0,0.0,0,90,0,0.06,0,True,False,False,False,False,False
1782457019.135,0,0,0,0,0,1.45,-5.66,0.0,0.0,0.0,0.0,0.0,0,90,0,0.06,0,True,False,False,False,False,False
1782457019.157,0,0,0,0,0,1.46,-5.49,0.0,0.0,0.0,0.0,0.0,0,90,0,0.06,0,True,False,False,False,False,False
1782457019.181,0,0,0,0,0,1.46,-5.32,0.0,0.0,0.0,0.0,0.0,0,90,0,0.06,0,True,False,False,False,False,False
1782457019.205,0,0,0,0,0,1.47,-5.17,0.0,0.0,0.0,0.0,0.0,0,90,0,0.06,0,True,False,False,False,False,False
1782457019.229,0,0,0,0,0,1.52,-5.05,0.0,0.0,0.0,0.0,0.0,0,90,0,0.06,0,True,False,False,False,False,False
1782457019.252,0,0,0,0,0,1.56,-4.97,0.0,0.0,0.0,0.0,0.0,0,90,0,0.06,0,True,False,False,False,False,False
1782457019.275,0,0,0,0,0,1.57,-4.95,0.0,0.0,0.0,0.0,0.0,0,90,0,0.06,0,True,False,False,False,False,False
1782457019.299,0,0,0,0,0,1.56,-5.01,0.0,0.0,0.0,0.0,0.0,0,90,0,0.06,0,True,False,False,False,False,False
1782457019.322,0,0,0,0,0,1.54,-5.12,0.0,0.0,0.0,0.0,0.0,0,90,0,0.06,0,True,False,False,False,False,False
1782457019.346,0,0,0,0,0,1.52,-5.21,0.0,0.0,0.0,0.0,0.0,0,90,0,0.05,0,True,False,False,False,False,False
1782457019.37,0,0,0,0,0,1.52,-5.22,0.0,0.0,0.0,0.0,0.0,0,90,0,0.04,0,True,False,False,False,False,False
1782457019.392,0,0,0,0,0,1.53,-5.12,0.0,0.0,0.0,0.0,0.0,0,90,0,0.04,0,True,False,False,False,False,False
1782457019.415,0,0,0,0,0,1.54,-4.95,0.0,0.0,0.0,0.0,0.0,0,90,0,0.04,0,True,False,False,False,False,False
1782457019.439,0,0,0,0,0,1.56,-4.78,0.0,0.0,0.0,0.0,0.0,0,90,0,0.04,0,True,False,False,False,False,False
1782457019.462,0,0,0,0,0,1.57,-4.67,0.0,0.0,0.0,0.0,0.0,0,90,0,0.03,0,True,False,False,False,False,False
1782457019.487,0,0,0,0,0,1.56,-4.61,0.0,0.0,0.0,0.0,0.0,0,90,0,0.03,0,True,False,False,False,False,False
1782457019.511,0,0,0,0,0,1.55,-4.62,0.0,0.0,0.0,0.0,0.0,0,90,0,0.02,0,False,False,False,False,False,False
1782457019.535,0,0,0,0,0,1.54,-4.63,0.0,0.0,0.0,0.0,0.0,0,90,0,0.02,0,False,False,False,False,False,False
1782457019.556,0,0,0,0,0,1.53,-4.61,0.0,0.0,0.0,0.0,0.0,0,90,0,0.02,0,False,False,False,False,False,False
1782457019.58,0,0,0,0,0,1.5,-4.55,0.0,0.0,0.0,0.0,0.0,0,90,0,0.02,0,False,False,False,False,False,False
1782457019.603,0,0,0,0,0,1.49,-4.47,0.0,0.0,0.0,0.0,0.0,0,90,0,0.02,0,False,False,False,False,False,False
1782457019.628,0,0,0,0,0,1.48,-4.43,0.0,0.0,0.0,0.0,0.0,0,90,0,0.02,0,False,False,False,False,False,False
1782457019.652,0,0,0,0,0,1.47,-4.45,0.0,0.0,0.0,0.0,0.0,0,90,0,0.02,0,False,False,False,False,False,False
1782457019.675,0,0,0,0,0,1.47,-4.49,0.0,0.0,0.0,0.0,0.0,0,90,0,0.02,0,False,False,False,False,False,False
1782457019.697,0,0,0,0,0,1.46,-4.49,0.0,0.0,0.0,0.0,0.0,0,90,0,0.02,0,False,False,False,False,False,False
1782457019.721,0,0,0,0,0,1.46,-4.43,0.0,0.0,0.0,0.0,0.0,0,90,0,0.02,0,False,False,False,False,False,False
1782457019.754,0,0,0,0,0,1.47,-4.35,0.0,0.0,0.0,0.0,0.0,0,90,0,0.02,0,False,False,False,False,False,False
1782457019.794,0,0,0,0,0,1.46,-4.29,0.0,0.0,0.0,0.0,0.0,0,90,0,0.01,0,False,False,False,False,False,False
1782457019.839,0,0,0,0,0,1.45,-4.26,0.0,0.0,0.0,0.0,0.0,0,90,0,0.01,0,False,False,False,False,False,False
1782457019.934,0,0,0,0,0,1.45,-4.22,0.0,0.0,0.0,0.0,0.0,0,90,0,0.01,0,False,False,False,False,False,False
1782457019.957,0,0,0,0,0,1.43,-4.2,0.0,0.0,0.0,0.0,0.0,0,90,0,0.01,0,False,False,False,False,False,False
1782457019.981,0,0,0,0,0,1.4,-4.16,0.0,0.0,0.0,0.0,0.0,0,90,0,0.01,0,False,False,False,False,False,False
1782457020.005,0,0,0,0,0,1.36,-4.12,0.0,0.0,0.0,0.0,0.0,0,90,0,0.01,0,False,False,False,False,False,False
1782457020.029,0,0,0,0,0,1.35,-4.12,0.0,0.0,0.0,0.0,0.0,0,90,0,0.01,0,False,False,False,False,False,False
1782457020.053,0,0,0,0,0,1.34,-4.14,0.0,0.0,0.0,0.0,0.0,0,90,0,0.01,0,False,False,False,False,False,False
1782457020.078,0,0,0,0,0,1.34,-4.13,0.0,0.0,0.0,0.0,0.0,0,90,0,0.01,0,True,False,False,False,False,False
1782457020.098,0,0,0,0,0,1.34,-4.09,0.0,0.0,0.0,0.0,0.0,0,90,0,0.01,0,True,False,False,False,False,False
1782457020.124,0,0,0,0,0,1.35,-4.05,0.0,0.0,0.0,0.0,0.0,0,90,0,0.01,0,True,False,False,False,False,False
1782457020.147,0,0,0,0,0,1.34,-4.07,0.0,0.0,0.0,0.0,0.0,0,90,0,0.01,0,True,False,False,False,False,False
1782457020.169,0,0,0,0,0,1.35,-4.14,0.0,0.0,0.0,0.0,0.0,0,90,0,0.01,0,True,False,False,False,False,False
1782457020.194,0,0,0,0,0,1.38,-4.2,0.0,0.0,0.0,0.0,0.0,0,90,0,0.01,0,True,False,False,False,False,False
1782457020.218,0,0,0,0,0,1.42,-4.21,0.0,0.0,0.0,0.0,0.0,0,90,0,0.01,0,True,False,False,False,False,False
1782457020.242,0,0,0,0,0,1.42,-4.19,0.0,0.0,0.0,0.0,0.0,0,90,0,0.01,0,True,False,False,False,False,False
1782457020.265,0,0,0,0,0,1.41,-4.16,0.0,0.0,0.0,0.0,0.0,0,90,0,0.01,0,True,False,False,False,False,False
1782457020.289,0,0,0,0,0,1.39,-4.18,0.0,0.0,0.0,0.0,0.0,0,90,0,0.01,0,True,False,False,False,False,False
1782457020.312,0,0,0,0,0,1.37,-4.25,0.0,0.0,0.0,0.0,0.0,0,90,0,0.01,0,True,False,False,False,False,False
1782457020.336,0,0,0,0,0,1.37,-4.33,0.0,0.0,0.0,0.0,0.0,0,90,0,0.01,0,True,False,False,False,False,False
1782457020.358,0,0,0,0,0,1.39,-4.34,0.0,0.0,0.0,0.0,0.0,0,90,0,0.01,0,True,False,False,False,False,False
1782457020.383,0,0,0,0,0,1.42,-4.29,0.0,0.0,0.0,0.0,0.0,0,90,0,0.01,0,True,False,False,False,False,False
1782457020.405,0,0,0,0,0,1.45,-4.26,0.0,0.0,0.0,0.0,0.0,0,90,0,0.01,0,True,False,False,False,False,False
1782457020.429,0,0,0,0,0,1.47,-4.29,0.0,0.0,0.0,0.0,0.0,0,90,0,0.01,0,True,False,False,False,False,False
1782457020.453,0,0,0,0,0,1.48,-4.33,0.0,0.0,0.0,0.0,0.0,0,90,0,0.01,0,True,False,False,False,False,False
1782457020.476,0,0,0,0,0,1.51,-4.32,0.0,0.0,0.0,0.0,0.0,0,90,0,0.01,0,True,False,False,False,False,False
1782457020.5,0,0,0,0,0,1.53,-4.26,0.0,0.0,0.0,0.0,0.0,0,90,0,0.01,0,True,False,False,False,False,False
1782457020.524,0,0,0,0,0,1.52,-4.21,0.0,0.0,0.0,0.0,0.0,0,90,0,0.01,0,True,False,False,False,False,False
1782457020.546,0,0,0,0,0,1.49,-4.19,0.0,0.0,0.0,0.0,0.0,0,90,0,0.01,0,True,False,False,False,False,False
1782457020.571,0,0,0,0,0,1.46,-4.22,0.0,0.0,0.0,0.0,0.0,0,90,0,0.01,0,True,False,False,False,False,False
1782457020.593,0,0,0,0,0,1.44,-4.29,0.0,0.0,0.0,0.0,0.0,0,90,0,0.01,0,True,False,False,False,False,False
1782457020.618,0,0,0,0,0,1.44,-4.33,0.0,0.0,0.0,0.0,0.0,0,90,0,0.01,0,True,False,False,False,False,False
1782457020.64,0,0,0,0,0,1.44,-4.33,0.0,0.0,0.0,0.0,0.0,0,90,0,0.01,0,True,False,False,False,False,False
1782457020.665,0,0,0,0,0,1.45,-4.31,0.0,0.0,0.0,0.0,0.0,0,90,0,0.01,0,True,False,False,False,False,False
1782457020.689,0,0,0,0,0,1.45,-4.28,0.0,0.0,0.0,0.0,0.0,0,90,0,0.01,0,True,False,False,False,False,False
1782457020.711,0,0,0,0,0,1.45,-4.26,0.0,0.0,0.0,0.0,0.0,0,90,0,0.01,0,True,False,False,False,False,False
1782457020.735,0,0,0,0,0,1.46,-4.26,0.0,0.0,0.0,0.0,0.0,0,90,0,0.01,0,True,False,False,False,False,False
1782457020.758,0,0,0,0,0,1.47,-4.28,0.0,0.0,0.0,0.0,0.0,0,90,0,0.01,0,True,False,False,False,False,False
1782457020.782,0,0,0,0,0,1.49,-4.29,0.0,0.0,0.0,0.0,0.0,0,90,0,0.01,0,True,False,False,False,False,False
1782457020.805,0,0,0,0,0,1.54,-4.29,0.0,0.0,0.0,0.0,0.0,0,90,0,0.0,0,True,False,False,False,False,False
1782457020.828,0,0,0,0,0,1.6,-4.36,0.0,0.0,0.0,0.0,0.0,0,90,0,0.0,0,True,False,False,False,False,False
1782457020.853,0,0,0,0,0,1.6,-5.06,0.0,0.0,0.0,0.0,0.0,0,90,0,0.0,0,True,False,False,False,False,False
1782457020.877,0,0,0,0,0,1.54,-6.69,0.0,0.0,0.0,0.0,0.0,0,90,0,0.0,0,True,False,False,False,False,False
1782457020.9,0,0,0,0,0,1.52,-8.2,0.0,0.0,0.0,0.0,0.0,0,90,0,0.01,0,True,False,False,False,False,False
1782457020.923,0,0,0,0,0,1.51,-8.68,0.0,0.0,0.0,0.0,0.0,0,90,0,0.01,0,True,False,False,False,False,False
1782457020.947,0,0,0,0,0,1.47,-8.27,0.0,0.0,0.0,0.0,0.0,0,90,0,0.01,0,True,False,False,False,False,False
1782457020.971,0,0,0,0,0,1.45,-7.38,0.0,0.0,0.0,0.0,0.0,0,90,0,0.01,0,True,False,False,False,False,False
1782457020.994,0,0,0,0,0,1.5,-6.45,0.0,0.0,0.0,0.0,0.0,0,90,0,0.02,0,True,False,False,False,False,False
1782457021.016,0,0,0,0,0,1.57,-5.8,0.0,0.0,0.0,0.0,0.0,0,90,0,0.04,0,True,False,False,False,False,False
1782457021.039,0,0,0,0,0,1.63,-5.48,0.0,0.0,0.0,0.0,0.0,0,90,0,0.05,0,True,False,False,False,False,False
1782457021.062,0,0,0,0,0,1.65,-5.41,0.0,0.0,0.0,0.0,0.0,0,90,0,0.05,0,True,False,False,False,False,False
1782457021.087,0,0,0,0,0,1.63,-5.48,0.0,0.0,0.0,0.0,0.0,0,90,0,0.06,0,True,False,False,False,False,False
1782457021.109,0,0,0,0,0,1.6,-5.58,0.0,0.0,0.0,0.0,0.0,0,90,0,0.08,0,True,False,False,False,False,False
1782457021.133,0,0,0,0,0,1.57,-5.65,0.0,0.0,0.0,0.0,0.0,0,90,0,0.1,0,True,False,False,False,False,False
1782457021.157,0,0,0,0,0,1.56,-5.62,0.0,0.0,0.0,0.0,0.0,0,90,0,0.11,0,True,False,False,False,False,False
1782457021.18,0,0,0,0,0,1.56,-5.54,0.0,0.0,0.0,0.0,0.0,0,90,0,0.11,0,True,False,False,False,False,False
1782457021.204,0,0,0,0,0,1.56,-5.46,0.0,0.0,0.0,0.0,0.0,0,90,0,0.11,0,True,False,False,False,False,False
1782457021.226,0,0,0,0,0,1.54,-5.37,0.0,0.0,0.0,0.0,0.0,0,90,0,0.13,0,True,False,False,False,False,False
1782457021.251,0,0,0,0,0,1.54,-5.28,0.0,0.0,0.0,0.0,0.0,0,90,0,0.14,0,True,False,False,False,False,False
1782457021.274,0,0,0,0,0,1.54,-5.21,0.0,0.0,0.0,0.0,0.0,0,90,0,0.15,0,True,False,False,False,False,False
1782457021.297,0,0,0,0,0,1.55,-5.14,0.0,0.0,0.0,0.0,0.0,0,90,0,0.15,0,True,False,False,False,False,False
1782457021.321,0,0,0,0,0,1.56,-5.08,0.0,0.0,0.0,0.0,0.0,0,90,0,0.15,0,True,False,False,False,False,False
1782457021.345,0,0,0,0,0,1.58,-5.02,0.0,0.0,0.0,0.0,0.0,0,90,0,0.15,0,True,False,False,False,False,False
1782457021.368,0,0,0,0,0,1.58,-4.97,0.0,0.0,0.0,0.0,0.0,0,90,0,0.16,0,True,False,False,False,False,False
1782457021.393,0,0,0,0,0,1.56,-4.92,0.0,0.0,0.0,0.0,0.0,0,90,0,0.16,0,True,False,False,False,False,False
1782457021.415,0,0,0,0,0,1.54,-4.87,0.0,0.0,0.0,0.0,0.0,0,90,0,0.16,0,True,False,False,False,False,False
1782457021.44,0,0,0,0,0,1.53,-4.8,0.0,0.0,0.0,0.0,0.0,0,90,0,0.16,0,True,False,False,False,False,False
1782457021.463,0,0,0,0,0,1.54,-4.71,0.0,0.0,0.0,0.0,0.0,0,90,0,0.16,0,True,False,False,False,False,False
1782457021.486,0,0,0,0,0,1.54,-4.63,0.0,0.0,0.0,0.0,0.0,0,90,0,0.16,0,True,False,False,False,False,False
1782457021.511,0,0,0,0,0,1.54,-4.58,0.0,0.0,0.0,0.0,0.0,0,90,0,0.16,0,True,False,False,False,False,False
1782457021.533,0,0,0,0,0,1.52,-4.55,0.0,0.0,0.0,0.0,0.0,0,90,0,0.16,0,True,False,False,False,False,False
1782457021.557,0,0,0,0,0,1.5,-4.54,0.0,0.0,0.0,0.0,0.0,0,90,0,0.16,0,True,False,False,False,False,False
1782457021.581,0,0,0,0,0,1.47,-4.51,0.0,0.0,0.0,0.0,0.0,0,90,0,0.16,0,True,False,False,False,False,False
1782457021.603,0,0,0,0,0,1.45,-4.46,0.0,0.0,0.0,0.0,0.0,0,90,0,0.16,0,True,False,False,False,False,False
1782457021.628,0,0,0,0,0,1.44,-4.43,0.0,0.0,0.0,0.0,0.0,0,90,0,0.16,0,True,False,False,False,False,False
1782457021.651,0,0,0,0,0,1.43,-4.41,0.0,0.0,0.0,0.0,0.0,0,90,0,0.16,0,True,False,False,False,False,False
1782457021.674,0,0,0,0,0,1.42,-4.4,0.0,0.0,0.0,0.0,0.0,0,90,0,0.16,0,True,False,False,False,False,False
1782457021.698,0,0,0,0,0,1.42,-4.39,0.0,0.0,0.0,0.0,0.0,0,90,0,0.16,0,True,False,False,False,False,False
1782457021.722,0,0,0,0,0,1.42,-4.36,0.0,0.0,0.0,0.0,0.0,0,90,0,0.16,0,True,False,False,False,False,False
1782457021.744,0,0,0,0,0,1.4,-4.35,0.0,0.0,0.0,0.0,0.0,0,90,0,0.16,0,True,False,False,False,False,False
1782457021.767,0,0,0,0,0,1.39,-4.35,0.0,0.0,0.0,0.0,0.0,0,90,0,0.16,0,True,False,False,False,False,False
1782457021.791,0,0,0,0,0,1.44,-4.36,0.0,0.0,0.0,0.0,0.0,0,90,0,0.16,0,True,False,False,False,False,False
1782457021.815,0,0,0,0,0,1.51,-4.37,0.0,0.0,0.0,0.0,0.0,0,90,0,0.16,0,True,False,False,False,False,False
1782457021.839,0,0,0,0,0,1.54,-4.39,0.0,0.0,0.0,0.0,0.0,0,90,0,0.16,0,True,False,False,False,False,False
1782457021.863,0,0,0,0,0,1.52,-4.4,0.0,0.0,0.0,0.0,0.0,0,90,0,0.16,0,True,False,False,False,False,False
1782457021.886,0,0,0,0,0,1.51,-4.41,0.0,0.0,0.0,0.0,0.0,0,90,0,0.16,0,True,False,False,False,False,False
1782457021.909,0,0,0,0,0,1.53,-4.42,0.0,0.0,0.0,0.0,0.0,0,90,0,0.16,0,True,False,False,False,False,False
1782457021.932,0,0,0,0,0,1.57,-4.41,0.0,0.0,0.0,0.0,0.0,0,90,0,0.16,0,True,False,False,False,False,False
1782457021.955,0,0,0,0,0,1.61,-4.38,0.0,0.0,0.0,0.0,0.0,0,90,0,0.16,0,True,False,False,False,False,False
1782457021.979,0,0,0,0,0,1.61,-4.35,0.0,0.0,0.0,0.0,0.0,0,90,0,0.16,0,True,False,False,False,False,False
1782457022.006,0,0,0,0,0,1.58,-4.31,0.0,0.0,0.0,0.0,0.0,0,90,0,0.16,0,True,False,False,False,False,False
1782457022.026,0,0,0,0,0,1.57,-4.28,0.0,0.0,0.0,0.0,0.0,0,90,0,0.16,0,True,False,False,False,False,False
1782457022.049,0,0,0,0,0,1.59,-4.27,0.0,0.0,0.0,0.0,0.0,0,90,0,0.16,0,True,False,False,False,False,False
1782457022.073,0,0,0,0,0,1.58,-4.29,0.0,0.0,0.0,0.0,0.0,0,90,0,0.16,0,True,False,False,False,False,False
1782457022.098,0,0,0,0,0,1.56,-4.32,0.0,0.0,0.0,0.0,0.0,0,90,0,0.16,0,True,False,False,False,False,False
1782457022.121,0,0,0,0,0,1.55,-4.34,0.0,0.0,0.0,0.0,0.0,0,90,0,0.16,0,True,False,False,False,False,False
1782457022.145,0,0,0,0,0,1.57,-4.35,0.0,0.0,0.0,0.0,0.0,0,90,0,0.16,0,True,False,False,False,False,False
1782457022.169,0,0,0,0,0,1.6,-4.35,0.0,0.0,0.0,0.0,0.0,0,90,0,0.16,0,True,False,False,False,False,False
1782457022.192,0,0,0,0,0,1.62,-4.34,0.0,0.0,0.0,0.0,0.0,0,90,0,0.16,0,True,False,False,False,False,False
1782457022.215,0,0,0,0,0,1.6,-4.32,0.0,0.0,0.0,0.0,0.0,0,90,0,0.16,0,True,False,False,False,False,False
1782457022.239,0,0,0,0,0,1.57,-4.34,0.0,0.0,0.0,0.0,0.0,0,90,0,0.16,0,True,False,False,False,False,False
1782457022.264,0,0,0,0,0,1.57,-4.38,0.0,0.0,0.0,0.0,0.0,0,90,0,0.16,0,True,False,False,False,False,False
1782457022.287,0,0,0,0,0,1.57,-4.4,0.0,0.0,0.0,0.0,0.0,0,90,0,0.16,0,True,False,False,False,False,False
1782457022.311,0,0,0,0,0,1.56,-4.38,0.0,0.0,0.0,0.0,0.0,0,90,0,0.16,0,True,False,False,False,False,False
1782457022.334,0,0,0,0,0,1.53,-4.34,0.0,0.0,0.0,0.0,0.0,0,90,0,0.16,0,True,False,False,False,False,False
1782457022.356,0,0,0,0,0,1.51,-4.3,0.0,0.0,0.0,0.0,0.0,0,90,0,0.16,0,True,False,False,False,False,False
1782457022.381,0,0,0,0,0,1.49,-4.31,0.0,0.0,0.0,0.0,0.0,0,90,0,0.16,0,True,False,False,False,False,False
1782457022.406,0,0,0,0,0,1.5,-4.37,0.0,0.0,0.0,0.0,0.0,0,90,0,0.14,0,True,False,False,False,False,False
1782457022.428,0,0,0,0,0,1.5,-4.43,0.0,0.0,0.0,0.0,0.0,0,90,0,0.13,0,True,False,False,False,False,False
1782457022.452,0,0,0,0,0,1.52,-4.43,0.0,0.0,0.0,0.0,0.0,0,90,0,0.12,0,True,False,False,False,False,False
1782457022.477,0,0,0,0,0,1.52,-4.4,0.0,0.0,0.0,0.0,0.0,0,90,0,0.12,0,True,False,False,False,False,False
1782457022.499,0,0,0,0,0,1.49,-4.36,0.0,0.0,0.0,0.0,0.0,0,90,0,0.11,0,True,False,False,False,False,False
1782457022.522,0,0,0,0,0,1.46,-4.33,0.0,0.0,0.0,0.0,0.0,0,90,0,0.09,0,True,False,False,False,False,False
1782457022.547,0,0,0,0,0,1.44,-4.32,0.0,0.0,0.0,0.0,0.0,0,90,0,0.06,0,True,False,False,False,False,False
1782457022.571,0,0,0,0,0,1.43,-4.31,0.0,0.0,0.0,0.0,0.0,0,90,0,0.05,0,True,False,False,False,False,False
1782457022.593,0,0,0,0,0,1.45,-4.29,0.0,0.0,0.0,0.0,0.0,0,90,0,0.05,0,True,False,False,False,False,False
1782457022.617,0,0,0,0,0,1.47,-4.26,0.0,0.0,0.0,0.0,0.0,0,90,0,0.05,0,True,False,False,False,False,False
1782457022.64,0,0,0,0,0,1.47,-4.29,0.0,0.0,0.0,0.0,0.0,0,90,0,0.04,0,True,False,False,False,False,False
1782457022.663,0,0,0,0,0,1.46,-4.38,0.0,0.0,0.0,0.0,0.0,0,90,0,0.02,0,True,False,False,False,False,False
1782457022.687,0,0,0,0,0,1.43,-4.44,0.0,0.0,0.0,0.0,0.0,0,90,0,0.02,0,True,False,False,False,False,False
1782457022.711,0,0,0,0,0,1.4,-4.44,0.0,0.0,0.0,0.0,0.0,0,90,0,0.02,0,True,False,False,False,False,False
1782457022.734,0,0,0,0,0,1.38,-4.38,0.0,0.0,0.0,0.0,0.0,0,90,0,0.01,0,True,False,False,False,False,False
1782457022.757,0,0,0,0,0,1.36,-4.34,0.0,0.0,0.0,0.0,0.0,0,90,0,0.01,0,True,False,False,False,False,False
1782457022.78,0,0,0,0,0,1.33,-4.35,0.0,0.0,0.0,0.0,0.0,0,90,0,0.01,0,True,False,False,False,False,False
1782457022.806,0,0,0,0,0,1.31,-4.35,0.0,0.0,0.0,0.0,0.0,0,90,0,0.0,0,True,False,False,False,False,False
1782457022.829,0,0,0,0,0,1.29,-4.31,0.0,0.0,0.0,0.0,0.0,0,90,0,0.0,0,True,False,False,False,False,False
1782457022.851,0,0,0,0,0,1.3,-4.27,0.0,0.0,0.0,0.0,0.0,0,90,0,0.0,0,True,False,False,False,False,False
1782457022.876,0,0,0,0,0,1.31,-4.24,0.0,0.0,0.0,0.0,0.0,0,90,0,0.0,0,True,False,False,False,False,False
1782457022.9,0,0,0,0,0,1.32,-4.21,0.0,0.0,0.0,0.0,0.0,0,90,0,0.0,0,True,False,False,False,False,False
1782457022.924,0,0,0,0,0,1.33,-4.17,0.0,0.0,0.0,0.0,0.0,0,90,0,0.0,0,True,False,False,False,False,False
1782457022.946,0,0,0,0,0,1.32,-4.14,0.0,0.0,0.0,0.0,0.0,0,90,0,0.0,0,True,False,False,False,False,False
1782457022.97,0,0,0,0,0,1.33,-4.1,0.0,0.0,0.0,0.0,0.0,0,90,0,0.0,0,True,False,False,False,False,False
1782457022.994,0,0,0,0,0,1.38,-4.07,0.0,0.0,0.0,0.0,0.0,0,90,0,0.0,0,True,False,False,False,False,False
1782457023.019,0,0,0,0,0,1.44,-4.1,0.0,0.0,0.0,0.0,0.0,0,90,0,0.0,0,True,False,False,False,False,False
1782457023.041,0,0,0,0,0,1.47,-4.16,0.0,0.0,0.0,0.0,0.0,0,90,0,0.0,0,True,False,False,False,False,False
1782457023.064,0,0,0,0,0,1.47,-4.21,0.0,0.0,0.0,0.0,0.0,0,90,0,0.0,0,True,False,False,False,False,False
1782457023.088,0,0,0,0,0,1.44,-4.21,0.0,0.0,0.0,0.0,0.0,0,90,0,0.0,0,True,False,False,False,False,False
1782457023.112,0,0,0,0,0,1.43,-4.19,0.0,0.0,0.0,0.0,0.0,0,90,0,0.0,0,True,False,False,False,False,False
1782457023.135,0,0,0,0,0,1.42,-4.21,0.0,0.0,0.0,0.0,0.0,0,90,0,0.0,0,True,False,False,False,False,False
1782457023.158,0,0,0,0,0,1.42,-4.25,0.0,0.0,0.0,0.0,0.0,0,90,0,0.0,0,True,False,False,False,False,False
1782457023.182,0,0,0,0,0,1.42,-4.26,0.0,0.0,0.0,0.0,0.0,0,90,0,0.0,0,True,False,False,False,False,False
1782457023.206,0,0,0,0,0,1.43,-4.24,0.0,0.0,0.0,0.0,0.0,0,90,0,0.0,0,True,False,False,False,False,False
1782457023.231,0,0,0,0,0,1.45,-4.24,0.0,0.0,0.0,0.0,0.0,0,90,0,0.0,0,True,False,False,False,False,False
1782457023.252,0,0,0,0,0,1.46,-4.26,0.0,0.0,0.0,0.0,0.0,0,90,0,0.0,0,True,False,False,False,False,False
1782457023.276,0,0,0,0,0,1.48,-4.26,0.0,0.0,0.0,0.0,0.0,0,90,0,0.0,0,True,False,False,False,False,False
1782457023.301,0,0,0,0,0,1.48,-4.23,0.0,0.0,0.0,0.0,0.0,0,90,0,0.0,0,True,False,False,False,False,False
1782457023.324,0,0,0,0,0,1.46,-4.22,0.0,0.0,0.0,0.0,0.0,0,90,0,0.0,0,True,False,False,False,False,False
1782457023.348,0,0,0,0,0,1.41,-4.22,0.0,0.0,0.0,0.0,0.0,0,90,0,0.0,0,True,False,False,False,False,False
1782457023.371,0,0,0,0,0,1.36,-4.23,0.0,0.0,0.0,0.0,0.0,0,90,0,0.0,0,True,False,False,False,False,False
1782457023.395,0,0,0,0,0,1.33,-4.24,0.0,0.0,0.0,0.0,0.0,0,90,0,0.0,0,True,False,False,False,False,False
1782457023.418,0,0,0,0,0,1.33,-4.22,0.0,0.0,0.0,0.0,0.0,0,90,0,0.0,0,True,False,False,False,False,False
1782457023.444,0,0,0,0,0,1.35,-4.18,0.0,0.0,0.0,0.0,0.0,0,90,0,0.0,0,True,False,False,False,False,False
1782457023.468,0,0,0,0,0,1.37,-4.18,0.0,0.0,0.0,0.0,0.0,0,90,0,0.0,0,True,False,False,False,False,False
1782457023.49,0,0,0,0,0,1.4,-4.23,0.0,0.0,0.0,0.0,0.0,0,90,0,0.0,0,True,False,False,False,False,False
1782457023.515,0,0,0,0,0,1.4,-4.27,0.0,0.0,0.0,0.0,0.0,0,90,0,0.0,0,True,False,False,False,False,False
1782457023.537,0,0,0,0,0,1.38,-4.26,0.0,0.0,0.0,0.0,0.0,0,90,0,0.0,0,True,False,False,False,False,False
1782457023.56,0,0,0,0,0,1.39,-4.22,0.0,0.0,0.0,0.0,0.0,0,90,0,0.0,0,True,False,False,False,False,False
1782457023.584,0,0,0,0,0,1.41,-4.17,0.0,0.0,0.0,0.0,0.0,0,90,0,0.0,0,True,False,False,False,False,False
1782457023.608,0,0,0,0,0,1.42,-4.13,0.0,0.0,0.0,0.0,0.0,0,90,0,0.0,0,True,False,False,False,False,False
1782457023.633,0,0,0,0,0,1.43,-4.12,0.0,0.0,0.0,0.0,0.0,0,90,0,0.0,0,True,False,False,False,False,False
1782457023.655,0,0,0,0,0,1.43,-4.11,0.0,0.0,0.0,0.0,0.0,0,90,0,0.0,0,True,False,False,False,False,False
1782457023.679,0,0,0,0,0,1.41,-4.11,0.0,0.0,0.0,0.0,0.0,0,90,0,0.0,0,True,False,False,False,False,False
1782457023.702,0,0,0,0,0,1.41,-4.14,0.0,0.0,0.0,0.0,0.0,0,90,0,0.0,0,True,False,False,False,False,False
1782457023.726,0,0,0,0,0,1.4,-4.18,0.0,0.0,0.0,0.0,0.0,0,90,0,0.0,0,True,False,False,False,False,False
1782457023.75,0,0,0,0,0,1.38,-4.24,0.0,0.0,0.0,0.0,0.0,0,90,0,0.0,0,True,False,False,False,False,False
1782457023.774,0,0,0,0,0,1.37,-4.3,0.0,0.0,0.0,0.0,0.0,0,90,0,0.0,0,True,False,False,False,False,False
1782457023.797,0,0,0,0,0,1.36,-4.36,0.0,0.0,0.0,0.0,0.0,0,90,0,0.0,0,True,False,False,False,False,False
1782457023.819,0,0,0,0,0,1.37,-4.38,0.0,0.0,0.0,0.0,0.0,0,90,0,0.0,0,True,False,False,False,False,False
1782457023.846,0,0,0,0,0,1.4,-4.35,0.0,0.0,0.0,0.0,0.0,0,90,0,0.0,0,True,False,False,False,False,False
1782457023.867,0,0,0,0,0,1.4,-4.3,0.0,0.0,0.0,0.0,0.0,0,90,0,0.0,0,True,False,False,False,False,False
1782457023.893,0,0,0,0,0,1.39,-4.27,0.0,0.0,0.0,0.0,0.0,0,90,0,0.0,0,True,False,False,False,False,False
1782457023.915,0,0,0,0,0,1.37,-4.29,0.0,0.0,0.0,0.0,0.0,0,90,0,0.0,0,True,False,False,False,False,False
1782457023.94,0,0,0,0,0,1.37,-4.35,0.0,0.0,0.0,0.0,0.0,0,90,0,0.0,0,True,False,False,False,False,False
1782457023.963,0,0,0,0,0,1.37,-4.41,0.0,0.0,0.0,0.0,0.0,0,90,0,0.0,0,True,False,False,False,False,False
1782457023.986,0,0,0,0,0,1.38,-4.41,0.0,0.0,0.0,0.0,0.0,0,90,0,0.0,0,True,False,False,False,False,False
1782457024.01,0,0,0,0,0,1.39,-4.38,0.0,0.0,0.0,0.0,0.0,0,90,0,0.0,0,True,False,False,False,False,False
1782457024.036,0,0,0,0,0,1.38,-4.36,0.0,0.0,0.0,0.0,0.0,0,90,0,0.0,0,True,False,False,False,False,False
1782457024.058,0,0,0,0,0,1.36,-4.36,0.0,0.0,0.0,0.0,0.0,0,90,0,0.0,0,True,False,False,False,False,False
1782457024.083,0,0,0,0,0,1.35,-4.33,0.0,0.0,0.0,0.0,0.0,0,90,0,0.0,0,True,False,False,False,False,False
1782457024.105,0,0,0,0,0,1.34,-4.31,0.0,0.0,0.0,0.0,0.0,0,90,0,0.0,0,True,False,False,False,False,False
1782457024.129,0,0,0,0,0,1.34,-4.3,0.0,0.0,0.0,0.0,0.0,0,90,0,0.0,0,True,False,False,False,False,False
1782457024.153,0,0,0,0,0,1.35,-4.3,0.0,0.0,0.0,0.0,0.0,0,90,0,0.0,0,True,False,False,False,False,False
1782457024.177,0,0,0,0,0,1.38,-4.3,0.0,0.0,0.0,0.0,0.0,0,90,0,0.0,0,True,False,False,False,False,False
1782457024.2,0,0,0,0,0,1.4,-4.32,0.0,0.0,0.0,0.0,0.0,0,90,0,0.0,0,True,False,False,False,False,False
1782457024.222,0,0,0,0,0,1.4,-4.35,0.0,0.0,0.0,0.0,0.0,0,90,0,0.0,0,True,False,False,False,False,False
1782457024.246,0,0,0,0,0,1.38,-4.36,0.0,0.0,0.0,0.0,0.0,0,90,0,0.0,0,True,False,False,False,False,False
1782457024.269,0,0,0,0,0,1.35,-4.37,0.0,0.0,0.0,0.0,0.0,0,90,0,0.0,0,True,False,False,False,False,False
1782457024.293,0,0,0,0,0,1.34,-4.38,0.0,0.0,0.0,0.0,0.0,0,90,0,0.0,0,True,False,False,False,False,False
1782457024.317,0,0,0,0,0,1.36,-4.36,0.0,0.0,0.0,0.0,0.0,0,90,0,0.0,0,True,False,False,False,False,False
1782457024.341,0,0,0,0,0,1.38,-4.29,0.0,0.0,0.0,0.0,0.0,0,90,0,0.0,0,True,False,False,False,False,False
1782457024.364,0,0,0,0,0,1.39,-4.22,0.0,0.0,0.0,0.0,0.0,0,90,0,0.0,0,True,False,False,False,False,False
1782457024.388,0,0,0,0,0,1.4,-4.15,0.0,0.0,0.0,0.0,0.0,0,90,0,0.0,0,True,False,False,False,False,False
1782457024.412,0,0,0,0,0,1.43,-4.11,0.0,0.0,0.0,0.0,0.0,0,90,0,0.0,0,True,False,False,False,False,False
1782457024.435,0,0,0,0,0,1.44,-4.13,0.0,0.0,0.0,0.0,0.0,0,90,0,0.0,0,True,False,False,False,False,False
1782457024.458,0,0,0,0,0,1.42,-4.2,0.0,0.0,0.0,0.0,0.0,0,90,0,0.0,0,True,False,False,False,False,False
1782457024.482,0,0,0,0,0,1.39,-4.28,0.0,0.0,0.0,0.0,0.0,0,90,0,0.0,0,True,False,False,False,False,False
1782457024.505,0,0,0,0,0,1.38,-4.32,0.0,0.0,0.0,0.0,0.0,0,90,0,0.0,0,True,False,False,False,False,False
1782457024.531,0,0,0,0,0,1.41,-4.29,0.0,0.0,0.0,0.0,0.0,0,90,0,0.0,0,False,False,False,False,False,False
1782457024.552,0,0,0,0,0,1.46,-4.26,0.0,0.0,0.0,0.0,0.0,0,90,0,0.0,0,False,False,False,False,False,False
1782457024.576,0,0,0,0,0,1.47,-4.27,0.0,0.0,0.0,0.0,0.0,0,90,0,0.0,0,False,False,False,False,False,False
1782457024.599,0,0,0,0,0,1.44,-4.33,0.0,0.0,0.0,0.0,0.0,0,90,0,0.0,0,False,False,False,False,False,False
1782457024.624,0,0,0,0,0,1.41,-4.38,0.0,0.0,0.0,0.0,0.0,0,90,0,0.0,0,False,False,False,False,False,False
1782457024.647,0,0,0,0,0,1.39,-4.37,0.0,0.0,0.0,0.0,0.0,0,90,0,0.0,0,True,False,False,False,False,False
1782457024.669,0,0,0,0,0,1.39,-4.32,0.0,0.0,0.0,0.0,0.0,0,90,0,0.0,0,True,False,False,False,False,False
1782457024.694,0,0,0,0,0,1.4,-4.31,0.0,0.0,0.0,0.0,0.0,0,90,0,0.0,0,True,False,False,False,False,False
1782457024.718,0,0,0,0,0,1.42,-4.33,0.0,0.0,0.0,0.0,0.0,0,90,0,0.0,0,True,False,False,False,False,False
1782457024.741,0,0,0,0,0,1.47,-4.35,0.0,0.0,0.0,0.0,0.0,0,90,0,0.0,0,False,False,False,False,False,False
1782457024.764,0,0,0,0,0,1.52,-4.32,0.0,0.0,0.0,0.0,0.0,0,90,0,0.0,0,False,False,False,False,False,False
1782457024.789,0,0,0,0,0,1.55,-4.26,0.0,0.0,0.0,0.0,0.0,0,90,0,0.0,0,True,False,False,False,False,False
1782457024.812,0,0,0,0,0,1.55,-4.19,0.0,0.0,0.0,0.0,0.0,0,90,0,0.0,0,True,False,False,False,False,False
1782457024.836,0,0,0,0,0,1.54,-4.15,0.0,0.0,0.0,0.0,0.0,0,90,0,0.0,0,False,False,False,False,False,False
1782457024.859,0,0,0,0,0,1.52,-4.17,0.0,0.0,0.0,0.0,0.0,0,90,0,0.0,0,False,False,False,False,False,False
1782457024.882,0,0,0,0,0,1.5,-4.24,0.0,0.0,0.0,0.0,0.0,0,90,0,0.0,0,False,False,False,False,False,False
1782457024.909,0,0,0,0,0,1.48,-4.32,0.0,0.0,0.0,0.0,0.0,0,90,0,0.0,0,False,False,False,False,False,False
1782457024.931,0,0,0,0,0,1.47,-4.36,0.0,0.0,0.0,0.0,0.0,0,90,0,0.0,0,True,False,False,False,False,False
1782457024.952,0,0,0,0,0,1.45,-4.37,0.0,0.0,0.0,0.0,0.0,0,90,0,0.0,0,True,False,False,False,False,False
1782457024.977,0,0,0,0,0,1.42,-4.36,0.0,0.0,0.0,0.0,0.0,0,90,0,0.0,0,False,False,False,False,False,False
1782457025.001,0,0,0,0,0,1.42,-4.32,0.0,0.0,0.0,0.0,0.0,0,90,0,0.0,0,True,False,False,False,False,False
1782457025.023,0,0,0,0,0,1.42,-4.27,0.0,0.0,0.0,0.0,0.0,0,90,0,0.0,0,True,False,False,False,False,False
1782457025.048,0,0,0,0,0,1.41,-4.25,0.0,0.0,0.0,0.0,0.0,0,90,0,0.0,0,False,False,False,False,False,False
1782457025.07,0,0,0,0,0,1.39,-4.27,0.0,0.0,0.0,0.0,0.0,0,90,0,0.0,0,False,False,False,False,False,False
1782457025.094,0,0,0,0,0,1.42,-4.3,0.0,0.0,0.0,0.0,0.0,0,90,0,0.0,0,False,False,False,False,False,False
1782457025.118,0,0,0,0,0,1.46,-4.29,0.0,0.0,0.0,0.0,0.0,0,90,0,0.0,0,False,False,False,False,False,False
1782457025.141,0,0,0,0,0,1.48,-4.27,0.0,0.0,0.0,0.0,0.0,0,90,0,0.0,0,False,False,False,False,False,False
1782457025.163,0,0,0,0,0,1.47,-4.3,0.0,0.0,0.0,0.0,0.0,0,90,0,0.0,0,False,False,False,False,False,False
1782457025.188,0,0,0,0,0,1.45,-4.37,0.0,0.0,0.0,0.0,0.0,0,90,0,0.0,0,False,False,False,False,False,False
1782457025.211,0,0,0,0,0,1.43,-4.42,0.0,0.0,0.0,0.0,0.0,0,90,0,0.0,0,False,False,False,False,False,False
1782457025.236,0,0,0,0,0,1.42,-4.4,0.0,0.0,0.0,0.0,0.0,0,90,0,0.0,0,True,False,False,False,False,False
1782457025.258,0,0,0,0,0,1.43,-4.36,0.0,0.0,0.0,0.0,0.0,0,90,0,0.0,0,True,False,False,False,False,False
1782457025.281,0,0,0,0,0,1.43,-4.35,0.0,0.0,0.0,0.0,0.0,0,90,0,0.0,0,True,False,False,False,False,False
1782457025.309,0,0,0,0,0,1.42,-4.38,0.0,0.0,0.0,0.0,0.0,0,90,0,0.0,0,False,False,False,False,False,False
1782457025.329,0,0,0,0,0,1.42,-4.39,0.0,0.0,0.0,0.0,0.0,0,90,0,0.0,0,False,False,False,False,False,False
1782457025.353,0,0,0,0,0,1.43,-4.38,0.0,0.0,0.0,0.0,0.0,0,90,0,0.0,0,False,False,False,False,False,False
1782457025.376,0,0,0,0,0,1.43,-4.37,0.0,0.0,0.0,0.0,0.0,0,90,0,0.0,0,False,False,False,False,False,False
1782457025.401,0,0,0,0,0,1.44,-4.35,0.0,0.0,0.0,0.0,0.0,0,90,0,0.0,0,False,False,False,False,False,False
1782457025.423,0,0,0,0,0,1.44,-4.33,0.0,0.0,0.0,0.0,0.0,0,90,0,0.0,0,False,False,False,False,False,False
1782457025.447,0,0,0,0,0,1.43,-4.34,0.0,0.0,0.0,0.0,0.0,0,90,0,0.0,0,False,False,False,False,False,False
1782457025.47,0,0,0,0,0,1.43,-4.37,0.0,0.0,0.0,0.0,0.0,0,90,0,0.0,0,False,False,False,False,False,False
1782457025.496,0,0,0,0,0,1.46,-4.37,0.0,0.0,0.0,0.0,0.0,0,90,0,0.0,0,True,False,False,False,False,False
1782457025.516,0,0,0,0,0,1.47,-4.32,0.0,0.0,0.0,0.0,0.0,0,90,0,0.0,0,True,False,False,False,False,False
1782457025.541,0,0,0,0,0,1.46,-4.3,0.0,0.0,0.0,0.0,0.0,0,90,0,0.0,0,True,False,False,False,False,False
1782457025.685,0,0,0,0,0,1.44,-4.31,0.0,0.0,0.0,0.0,0.0,0,90,0,0.0,0,False,False,False,False,False,False
1782457025.752,0,0,0,0,0,1.42,-4.3,0.0,0.0,0.0,0.0,0.0,0,90,0,0.0,0,False,False,False,False,False,False
1782457025.775,0,0,0,0,0,1.43,-4.26,0.0,0.0,0.0,0.0,0.0,0,90,0,0.0,0,False,False,False,False,False,False
1782457025.798,0,0,0,0,0,1.43,-4.21,0.0,0.0,0.0,0.0,0.0,0,90,0,0.0,0,False,False,False,False,False,False
1782457025.822,0,0,0,0,0,1.44,-4.18,0.0,0.0,0.0,0.0,0.0,0,90,0,0.0,0,False,False,False,False,False,False
1782457025.846,0,0,0,0,0,1.44,-4.18,0.0,0.0,0.0,0.0,0.0,0,90,0,0.0,0,False,False,False,False,False,False
1782457025.869,0,0,0,0,0,1.43,-4.17,0.0,0.0,0.0,0.0,0.0,0,90,0,0.0,0,False,False,False,False,False,False
1782457025.892,0,0,0,0,0,1.42,-4.16,0.0,0.0,0.0,0.0,0.0,0,90,0,0.0,0,False,False,False,False,False,False
1782457025.917,0,0,0,0,0,1.42,-4.19,0.0,0.0,0.0,0.0,0.0,0,90,0,0.0,0,False,False,False,False,False,False
1782457025.942,0,0,0,0,0,1.43,-4.22,0.0,0.0,0.0,0.0,0.0,0,90,0,0.0,0,False,False,False,False,False,False
1782457025.963,0,0,0,0,0,1.45,-4.21,0.0,0.0,0.0,0.0,0.0,0,90,0,0.0,0,False,False,False,False,False,False
1782457025.988,0,0,0,0,0,1.46,-4.21,0.0,0.0,0.0,0.0,0.0,0,90,0,0.0,0,False,False,False,False,False,False
1782457026.013,0,0,0,0,0,1.46,-4.25,0.0,0.0,0.0,0.0,0.0,0,90,0,0.0,0,False,False,False,False,False,False
1782457026.035,0,0,0,0,0,1.46,-4.31,0.0,0.0,0.0,0.0,0.0,0,90,0,0.0,0,False,False,False,False,False,False
1782457026.059,0,0,0,0,0,1.47,-4.32,0.0,0.0,0.0,0.0,0.0,0,90,0,0.0,0,False,False,False,False,False,False
1782457026.083,0,0,0,0,0,1.47,-4.32,0.0,0.0,0.0,0.0,0.0,0,90,0,0.0,0,False,False,False,False,False,False
1782457026.104,0,0,0,0,0,1.47,-4.35,0.0,0.0,0.0,0.0,0.0,0,90,0,0.0,0,False,False,False,False,False,False
1782457026.129,0,0,0,0,0,1.46,-4.39,0.0,0.0,0.0,0.0,0.0,0,90,0,0.0,0,False,False,False,False,False,False
1782457026.152,0,0,0,0,0,1.46,-4.41,0.0,0.0,0.0,0.0,0.0,0,90,0,0.0,0,False,False,False,False,False,False
1782457026.176,0,0,0,0,0,1.45,-4.4,0.0,0.0,0.0,0.0,0.0,0,90,0,0.0,0,False,False,False,False,False,False
1782457026.201,0,0,0,0,0,1.42,-4.35,0.0,0.0,0.0,0.0,0.0,0,90,0,0.0,0,False,False,False,False,False,False
1782457026.224,0,0,0,0,0,1.39,-4.31,0.0,0.0,0.0,0.0,0.0,0,90,0,0.0,0,False,False,False,False,False,False
1782457026.248,0,0,0,0,0,1.38,-4.3,0.0,0.0,0.0,0.0,0.0,0,90,0,0.0,0,False,False,False,False,False,False
1782457026.27,0,0,0,0,0,1.39,-4.25,0.0,0.0,0.0,0.0,0.0,0,90,0,0.0,0,False,False,False,False,False,False
1782457026.295,0,0,0,0,0,1.38,-4.22,0.0,0.0,0.0,0.0,0.0,0,90,0,0.0,0,False,False,False,False,False,False
1782457026.317,0,0,0,0,0,1.37,-4.27,0.0,0.0,0.0,0.0,0.0,0,90,0,0.0,0,False,False,False,False,False,False
1782457026.342,0,0,0,0,0,1.38,-4.35,0.0,0.0,0.0,0.0,0.0,0,90,0,0.0,0,True,False,False,False,False,False
1782457026.364,0,0,0,0,0,1.38,-4.42,0.0,0.0,0.0,0.0,0.0,0,90,0,0.0,0,True,False,False,False,False,False
1782457026.388,0,0,0,0,0,1.37,-4.43,0.0,0.0,0.0,0.0,0.0,0,90,0,0.0,0,True,False,False,False,False,False
1782457026.412,0,0,0,0,0,1.37,-4.43,0.0,0.0,0.0,0.0,0.0,0,90,0,0.0,0,True,False,False,False,False,False
1782457026.435,0,0,0,0,0,1.39,-4.45,0.0,0.0,0.0,0.0,0.0,0,90,0,0.0,0,True,False,False,False,False,False
1782457026.459,0,0,0,0,0,1.4,-4.46,0.0,0.0,0.0,0.0,0.0,0,90,0,0.0,0,True,False,False,False,False,False
1782457026.482,0,0,0,0,0,1.41,-4.48,0.0,0.0,0.0,0.0,0.0,0,90,0,0.0,0,True,False,False,False,False,False
1782457026.505,0,0,0,0,0,1.41,-4.47,0.0,0.0,0.0,0.0,0.0,0,90,0,0.0,0,True,False,False,False,False,False
1782457026.529,0,0,0,0,0,1.41,-4.42,0.0,0.0,0.0,0.0,0.0,0,90,0,0.0,0,True,False,False,False,False,False
1782457026.552,0,0,0,0,0,1.4,-4.35,0.0,0.0,0.0,0.0,0.0,0,90,0,0.0,0,True,False,False,False,False,False
1782457026.576,0,0,0,0,0,1.4,-4.31,0.0,0.0,0.0,0.0,0.0,0,90,0,0.0,0,True,False,False,False,False,False
1782457026.601,0,0,0,0,0,1.4,-4.32,0.0,0.0,0.0,0.0,0.0,0,90,0,0.0,0,True,False,False,False,False,False
1782457026.625,0,0,0,0,0,1.39,-4.33,0.0,0.0,0.0,0.0,0.0,0,90,0,0.0,0,False,False,False,False,False,False
1782457026.648,0,0,0,0,0,1.39,-4.31,0.0,0.0,0.0,0.0,0.0,0,90,0,0.0,0,False,False,False,False,False,False
1782457026.671,0,0,0,0,0,1.39,-4.26,0.0,0.0,0.0,0.0,0.0,0,90,0,0.0,0,False,False,False,False,False,False
1782457026.695,0,0,0,0,0,1.39,-4.21,0.0,0.0,0.0,0.0,0.0,0,90,0,0.0,0,False,False,False,False,False,False
1782457026.717,0,0,0,0,0,1.4,-4.23,0.0,0.0,0.0,0.0,0.0,0,90,0,0.0,0,False,False,False,False,False,False
1782457026.743,0,0,0,0,0,1.41,-4.31,0.0,0.0,0.0,0.0,0.0,0,90,0,0.0,0,False,False,False,False,False,False
1782457026.765,0,0,0,0,0,1.41,-4.39,0.0,0.0,0.0,0.0,0.0,0,90,0,0.0,0,False,False,False,False,False,False
1782457026.789,0,0,0,0,0,1.42,-4.42,0.0,0.0,0.0,0.0,0.0,0,90,0,0.0,0,False,False,False,False,False,False
1782457026.812,0,0,0,0,0,1.43,-4.44,0.0,0.0,0.0,0.0,0.0,0,90,0,0.0,0,False,False,False,False,False,False
1782457026.836,0,0,0,0,0,1.42,-4.45,0.0,0.0,0.0,0.0,0.0,0,90,0,0.0,0,False,False,False,False,False,False
1782457026.86,0,0,0,0,0,1.4,-4.42,0.0,0.0,0.0,0.0,0.0,0,90,0,0.0,0,False,False,False,False,False,False
1782457026.883,0,0,0,0,0,1.39,-4.39,0.0106,0.0,0.1037,0.0,0.0001,0,90,0,0.0,0,False,False,False,False,False,False
1782457026.909,0,0,0,0,0,1.39,-4.35,0.0272,0.0,0.2669,0.0,0.0003,0,90,0,0.0,0,False,False,False,False,False,False
1782457026.927,0,0,0,0,0,1.41,-4.28,0.0308,0.0,0.3024,0.0,0.0003,0,90,0,0.0,0,False,False,False,False,False,False
1782457026.95,0,0,0,0,0,1.44,-4.22,0.0238,0.0,0.2338,0.0,0.0003,0,90,0,0.0,0,False,False,False,False,False,False
1782457026.976,0,0,0,0,0,1.45,-4.21,0.0162,0.0,0.1589,0.0,0.0003,0,90,0,0.0,0,False,False,False,False,False,False
1782457026.998,0,0,0,0,0,1.46,-4.24,0.011,0.0,0.108,0.0,0.0003,0,90,0,0.0,0,False,False,False,False,False,False
1782457027.019,0,0,0,0,0,1.45,-4.25,0.0075,0.0,0.0734,0.0,0.0003,0,90,0,0.0,0,False,False,False,False,False,False
1782457027.045,0,0,0,0,0,1.45,-4.25,0.0051,0.0,0.0499,0.0,0.0003,0,90,0,0.0,0,False,False,False,False,False,False
1782457027.068,0,0,0,0,0,1.46,-4.23,0.0035,0.0,0.0339,0.0,0.0003,0,90,0,0.0,0,False,False,False,False,False,False
1782457027.092,0,0,0,0,0,1.48,-4.21,0.0023,0.0,0.023,0.0,0.0003,0,90,0,0.0,0,False,False,False,False,False,False
1782457027.114,0,0,0,0,0,1.54,-4.22,0.0016,0.0,0.0157,0.0,0.0003,0,90,0,0.0,0,False,False,False,False,False,False
1782457027.137,0,0,0,0,0,1.59,-4.24,0.0011,0.0,0.0106,0.0,0.0003,0,90,0,0.0,0,False,False,False,False,False,False
1782457027.162,0,0,0,0,0,1.63,-4.25,0.0007,0.0,0.0072,0.0,0.0003,0,90,0,0.0,0,False,False,False,False,False,False
1782457027.186,0,0,0,0,0,1.63,-4.26,0.0005,0.0,0.0049,0.0,0.0003,0,90,0,0.0,0,True,False,False,False,False,False
1782457027.209,0,0,0,0,0,1.61,-4.28,0.0003,0.0,0.0033,0.0,0.0003,0,90,0,0.0,0,True,False,False,False,False,False
1782457027.233,0,0,0,0,0,1.61,-4.28,0.0002,0.0,0.0023,0.0,0.0003,0,90,0,0.0,0,True,False,False,False,False,False
1782457027.257,0,0,0,0,0,1.63,-4.28,0.0002,0.0,0.0015,0.0,0.0003,0,90,0,0.0,0,True,False,False,False,False,False
1782457027.28,0,0,0,0,0,1.65,-4.31,0.0001,0.0,0.001,0.0,0.0003,0,90,0,0.0,0,True,False,False,False,False,False
1782457027.303,0,0,0,0,0,1.64,-4.38,0.0001,0.0,0.0007,0.0,0.0003,0,90,0,0.0,0,True,False,False,False,False,False
1782457027.328,0,0,0,0,0,1.61,-4.45,0.0,0.0,0.0005,0.0,0.0003,0,90,0,0.0,0,True,False,False,False,False,False
1782457027.351,0,0,0,0,0,1.59,-4.51,0.0,0.0,0.0003,0.0,0.0003,0,90,0,0.0,0,True,False,False,False,False,False
1782457027.373,0,0,0,0,0,1.57,-4.52,0.0,0.0,0.0002,0.0,0.0003,0,90,0,0.0,0,True,False,False,False,False,False
1782457027.396,0,0,0,0,0,1.55,-4.48,0.0,0.0,0.0002,0.0,0.0003,0,90,0,0.0,0,True,False,False,False,False,False
1782457027.421,0,0,0,0,0,1.54,-4.42,0.0,0.0,0.0001,0.0,0.0003,0,90,0,0.0,0,True,False,False,False,False,False
1782457027.439,0,0,0,0,0,1.54,-4.36,0.0,0.0,0.0001,0.0,0.0003,0,90,0,0.0,0,True,False,False,False,False,False
1782457027.464,0,0,0,0,0,1.53,-4.31,0.0,0.0,0.0,0.0,0.0003,0,90,0,0.0,0,True,False,False,False,False,False
1782457027.488,0,0,0,0,0,1.53,-4.29,0.0,0.0,0.0,0.0,0.0003,0,90,0,0.0,0,True,False,False,False,False,False
1782457027.512,0,0,0,0,0,1.53,-4.27,0.0,0.0,0.0,0.0,0.0003,0,90,0,0.0,0,True,False,False,False,False,False
1782457027.534,0,0,0,0,0,1.54,-4.25,0.0,0.0,0.0,0.0,0.0003,0,90,0,0.0,0,True,False,False,False,False,False
1782457027.559,0,0,0,0,0,1.54,-4.26,0.0,0.0,0.0,0.0,0.0003,0,90,0,0.0,0,True,False,False,False,False,False
1782457027.583,0,0,0,0,0,1.54,-4.29,0.0,0.0,0.0,0.0,0.0003,0,90,0,0.0,0,True,False,False,False,False,False
1782457027.605,0,0,0,0,0,1.55,-4.33,0.0,0.0,0.0,0.0,0.0003,0,90,0,0.0,0,True,False,False,False,False,False
1782457027.63,0,0,0,0,0,1.55,-4.33,0.0,0.0,0.0,0.0,0.0003,0,90,0,0.0,0,True,False,False,False,False,False
1782457027.653,0,0,0,0,0,1.56,-4.32,0.0,0.0,0.0,0.0,0.0003,0,90,0,0.0,0,True,False,False,False,False,False
1782457027.677,0,0,0,0,0,1.56,-4.34,0.0,0.0,0.0,0.0,0.0003,0,90,0,0.0,0,True,False,False,False,False,False
1782457027.699,0,0,0,0,0,1.55,-4.39,0.0,0.0,0.0,0.0,0.0003,0,90,0,0.0,0,True,False,False,False,False,False
1782457027.723,0,0,0,0,0,1.54,-4.4,0.0,0.0,0.0,0.0,0.0003,0,90,0,0.0,0,True,False,False,False,False,False
1782457027.748,0,0,0,0,0,1.53,-4.36,0.0,0.0,0.0,0.0,0.0003,0,90,0,0.0,0,True,False,False,False,False,False
1782457027.771,0,0,0,0,0,1.52,-4.3,0.0,0.0,0.0,0.0,0.0003,0,90,0,0.0,0,True,False,False,False,False,False
1782457027.797,0,0,0,0,0,1.51,-4.24,0.0,0.0,0.0,0.0,0.0003,0,90,0,0.0,0,True,False,False,False,False,False
1782457027.82,0,0,0,0,0,1.5,-4.21,0.0,0.0,0.0,0.0,0.0003,0,90,0,0.0,0,True,False,False,False,False,False
1782457027.842,0,0,0,0,0,1.49,-4.24,0.0,0.0,0.0,0.0,0.0003,0,90,0,0.0,0,True,False,False,False,False,False
1782457027.866,0,0,0,0,0,1.49,-4.33,0.0,0.0,0.0,0.0,0.0003,0,90,0,0.0,0,True,False,False,False,False,False
1782457027.889,0,0,0,0,0,1.49,-4.42,0.0,0.0,0.0,0.0,0.0003,0,90,0,0.0,0,True,False,False,False,False,False
1782457027.913,0,0,0,0,0,1.49,-4.43,0.0,0.0,0.0,0.0,0.0003,0,90,0,0.0,0,True,False,False,False,False,False
1782457027.937,0,0,0,0,0,1.51,-4.38,0.0,0.0,0.0,0.0,0.0003,0,90,0,0.0,0,True,False,False,False,False,False
1782457027.961,0,0,0,0,0,1.52,-4.32,0.0,0.0,0.0,0.0,0.0003,0,90,0,0.0,0,True,False,False,False,False,False
1782457027.983,0,0,0,0,0,1.51,-4.28,0.0,0.0,0.0,0.0,0.0003,0,90,0,0.0,0,True,False,False,False,False,False
1782457028.008,0,0,0,0,0,1.5,-4.28,0.0,0.0,0.0,0.0,0.0003,0,90,0,0.0,0,True,False,False,False,False,False
1782457028.032,0,0,0,0,0,1.5,-4.28,0.0,0.0,0.0,0.0,0.0003,0,90,0,0.0,0,True,False,False,False,False,False
1782457028.055,0,0,0,0,0,1.51,-4.28,0.0,0.0,0.0,0.0,0.0003,0,90,0,0.0,0,True,False,False,False,False,False
1782457028.08,0,0,0,0,0,1.52,-4.26,0.0,0.0,0.0,0.0,0.0003,0,90,0,0.0,0,True,False,False,False,False,False
1782457028.102,0,0,0,0,0,1.52,-4.24,0.0,0.0,0.0,0.0,0.0003,0,90,0,0.0,0,True,False,False,False,False,False
1782457028.126,0,0,0,0,0,1.52,-4.22,0.0,0.0,0.0,0.0,0.0003,0,90,0,0.0,0,True,False,False,False,False,False
1782457028.149,0,0,0,0,0,1.52,-4.18,0.0,0.0,0.0,0.0,0.0003,0,90,0,0.0,0,True,False,False,False,False,False
1782457028.175,0,0,0,0,0,1.51,-4.15,0.0,0.0,0.0,0.0,0.0003,0,90,0,0.0,0,True,False,False,False,False,False
1782457028.197,0,0,0,0,0,1.51,-4.14,0.0,0.0,0.0,0.0,0.0003,0,90,0,0.0,0,True,False,False,False,False,False
1782457028.222,0,0,0,0,0,1.5,-4.14,0.0,0.0,0.0,0.0,0.0003,0,90,0,0.0,0,True,False,False,False,False,False
1782457028.245,0,0,0,0,0,1.48,-4.13,0.0,0.0,0.0,0.0,0.0003,0,90,0,0.0,0,True,False,False,False,False,False
1782457028.269,0,0,0,0,0,1.46,-4.15,0.0,0.0,0.0,0.0,0.0003,0,90,0,0.0,0,True,False,False,False,False,False
1782457028.292,0,0,0,0,0,1.45,-4.18,0.0,0.0,0.0,0.0,0.0003,0,90,0,0.0,0,True,False,False,False,False,False
1782457028.315,0,0,0,0,0,1.47,-4.19,0.0,0.0,0.0,0.0,0.0003,0,90,0,0.0,0,True,False,False,False,False,False
1782457028.339,0,0,0,0,0,1.49,-4.17,0.0,0.0,0.0,0.0,0.0003,0,90,0,0.0,0,True,False,False,False,False,False
1782457028.364,0,0,0,0,0,1.49,-4.18,0.0,0.0,0.0,0.0,0.0003,0,90,0,0.0,0,True,False,False,False,False,False
1782457028.39,0,0,0,0,0,1.5,-4.24,0.0,0.0,0.0,0.0,0.0003,0,90,0,0.0,0,True,False,False,False,False,True
1782457028.411,0,0,0,0,0,1.5,-4.28,0.0,0.0,0.0,0.0,0.0003,0,90,0,0.0,0,True,False,False,False,False,True
1782457028.435,0,0,0,0,0,1.5,-4.27,0.0,0.0,0.0,0.0,0.0003,0,90,0,0.0,0,True,False,False,False,False,True
1782457028.459,0,0,0,0,0,1.5,-4.24,0.0,0.0,0.0,0.0,0.0003,0,90,0,0.0,0,True,False,False,False,False,True
1782457028.482,0,0,0,0,0,1.5,-4.24,0.0,0.0,0.0,0.0,0.0003,0,90,0,0.0,0,True,False,False,False,False,True
1782457028.507,0,0,0,0,0,1.5,-4.23,0.0,0.0,0.0,0.0,0.0003,0,90,0,0.0,0,True,False,False,False,False,True
1782457028.533,0,0,0,0,0,1.51,-4.18,0.0,0.0,0.0,0.0,0.0003,0,90,0,0.0,0,True,False,False,False,False,False
1782457028.554,0,0,0,0,0,1.52,-4.14,0.0,0.0,0.0,0.0,0.0003,1,90,0,0.0,0,True,False,False,False,False,False
1782457028.579,0,0,0,0,0,1.52,-4.13,0.0,0.0,0.0,0.0,0.0003,1,90,0,0.0,0,True,False,False,False,False,False
1782457028.602,0,0,0,0,0,1.5,-4.13,0.0,0.0,0.0,0.0,0.0003,1,90,0,0.0,0,True,False,False,False,False,False
1782457028.624,0,0,0,0,0,1.5,-4.13,0.0,0.0,0.0,0.0,0.0003,1,90,0,0.0,0,True,False,False,False,False,False
1782457028.649,0,0,0,0,0,1.5,-4.13,0.0,0.0,0.0,0.0,0.0003,1,90,0,0.0,0,True,False,False,False,False,False
1782457028.667,0,0,0,0,0,1.53,-4.13,0.0,0.0,0.0,0.0,0.0003,1,90,0,0.0,0,True,False,False,False,False,False
1782457028.691,0,0,0,0,0,1.55,-4.15,0.0,0.0,0.0,0.0,0.0003,1,90,0,0.0,0,True,False,False,False,False,False
1782457028.715,0,0,0,0,0,1.55,-4.18,0.0,0.0,0.0,0.0,0.0003,1,90,0,0.0,0,True,False,False,False,False,False
1782457028.743,0,0,0,0,0,1.54,-4.21,0.0,0.0,0.0,0.0,0.0003,1,90,0,0.0,0,True,False,False,False,False,False
1782457028.762,0,0,0,0,0,1.53,-4.24,0.0,0.0,0.0,0.0,0.0003,1,90,0,0.0,0,True,False,False,False,False,False
1782457028.786,0,0,0,0,0,1.52,-4.27,0.0,0.0,0.0,0.0,0.0003,1,90,0,0.0,0,True,False,False,False,False,False
1782457028.804,0,0,0,0,0,1.54,-4.26,0.0,0.0,0.0,0.0,0.0003,1,90,0,0.0,0,True,False,False,False,False,False
1782457028.829,0,0,0,0,0,1.55,-4.22,0.0,0.0,0.0,0.0,0.0003,1,90,0,0.0,0,True,False,False,False,False,False
1782457028.853,0,0,0,0,0,1.54,-4.21,0.0,0.0,0.0,0.0,0.0003,0,90,0,0.0,0,True,False,False,False,False,False
1782457028.876,0,0,0,0,0,1.53,-4.23,0.0,0.0,0.0,0.0,0.0003,0,90,0,0.0,0,True,False,False,False,False,False
1782457028.9,0,0,0,0,0,1.53,-4.23,0.0,0.0,0.0,0.0,0.0003,0,90,0,0.0,0,True,False,False,False,False,False
1782457028.923,0,0,0,0,0,1.54,-4.21,0.0,0.0,0.0,0.0,0.0003,0,90,0,0.0,0,True,False,False,False,False,False
1782457028.946,0,0,0,0,0,1.54,-4.21,0.0,0.0,0.0,0.0,0.0003,0,90,0,0.0,0,True,False,False,False,False,False
1782457028.971,0,0,0,0,0,1.54,-4.23,0.0,0.0,0.0,0.0,0.0003,0,90,0,0.0,0,True,False,False,False,False,False
1782457028.996,0,0,0,0,0,1.54,-4.23,0.0,0.0,0.0,0.0,0.0003,0,90,0,0.0,0,True,False,False,False,False,False
1782457029.018,0,0,0,0,0,1.54,-4.19,0.0,0.0,0.0,0.0,0.0003,0,90,0,0.0,0,True,False,False,False,False,False
1782457029.042,0,0,0,0,0,1.53,-4.17,0.0,0.0,0.0,0.0,0.0003,0,90,0,0.0,0,True,False,False,False,False,False
1782457029.066,0,0,0,0,0,1.49,-4.19,0.0,0.0,0.0,0.0,0.0003,0,90,0,0.0,0,True,False,False,False,False,False
1782457029.09,0,0,0,0,0,1.46,-4.21,0.0,0.0,0.0,0.0,0.0003,0,90,0,0.0,0,True,False,False,False,False,False
1782457029.114,0,0,0,0,0,1.45,-4.18,0.0,0.0,0.0,0.0,0.0003,0,90,0,0.0,0,True,False,False,False,False,False
1782457029.137,0,0,0,0,0,1.43,-4.15,0.0,0.0,0.0,0.0,0.0003,0,90,0,0.0,0,True,False,False,False,False,False
1782457029.16,0,0,0,0,0,1.41,-4.14,0.0,0.0,0.0,0.0,0.0003,0,90,0,0.0,0,True,False,False,False,False,False
1782457029.184,0,0,0,0,0,1.39,-4.14,0.0,0.0,0.0,0.0,0.0003,0,90,0,0.0,0,True,False,False,False,False,False
1782457029.208,0,0,0,0,0,1.4,-4.13,0.0,0.0,0.0,0.0,0.0003,0,90,0,0.0,0,True,False,False,False,False,False
1782457029.231,0,0,0,0,0,1.4,-4.14,0.0,0.0,0.0,0.0,0.0003,0,90,0,0.0,0,True,False,False,False,False,False
1782457029.255,0,0,0,0,0,1.4,-4.17,0.0,0.0,0.0,0.0,0.0003,0,90,0,0.0,0,True,False,False,False,False,False
1782457029.276,0,0,0,0,0,1.42,-4.17,0.0,0.0,0.0,0.0,0.0003,0,90,0,0.0,0,True,False,False,False,False,False
1782457029.299,0,0,0,0,0,1.44,-4.14,0.0,0.0,0.0,0.0,0.0003,0,90,0,0.0,0,True,False,False,False,False,False
1782457029.32,0,0,0,0,0,1.45,-4.14,0.0,0.0,0.0,0.0,0.0003,0,90,0,0.0,0,True,False,False,False,False,False
1782457029.346,0,0,0,0,0,1.46,-4.19,0.0,0.0,0.0,0.0,0.0003,0,90,0,0.0,0,True,False,False,False,False,False
1782457029.368,0,0,0,0,0,1.47,-4.24,0.0,0.0,0.0,0.0,0.0003,0,90,0,0.0,0,True,False,False,False,False,False
1782457029.391,0,0,0,0,0,1.48,-4.25,0.0,0.0,0.0,0.0,0.0003,0,90,0,0.0,0,True,False,False,False,False,False
1782457029.416,0,0,0,0,0,1.48,-4.23,0.0,0.0,0.0,0.0,0.0003,0,90,0,0.0,0,True,False,False,False,False,False
1782457029.439,0,0,0,0,0,1.47,-4.22,0.0,0.0,0.0,0.0,0.0003,0,90,0,0.0,0,True,False,False,False,False,False
1782457029.463,0,0,0,0,0,1.46,-4.19,0.0,0.0,0.0,0.0,0.0003,0,90,0,0.0,0,True,False,False,False,False,True
1782457029.481,0,0,0,0,0,1.47,-4.16,0.0,0.0,0.0,0.0,0.0003,0,90,0,0.0,0,True,False,False,False,False,True
1782457029.505,0,0,0,0,0,1.5,-4.17,0.0,0.0,0.0,0.0,0.0003,0,90,0,0.0,0,True,False,False,False,False,True
1782457029.529,0,0,0,0,0,1.55,-4.2,0.0,0.0,0.0,0.0,0.0003,0,90,0,0.0,0,True,False,False,False,False,True
1782457029.552,0,0,0,0,0,1.58,-4.2,0.0,0.0,0.0,0.0,0.0003,0,90,0,0.0,0,True,False,False,False,False,True
1782457029.576,0,0,0,0,0,1.59,-4.19,0.0,0.0,0.0,0.0,0.0003,0,90,0,0.0,0,True,False,False,False,False,True
1782457029.6,0,0,0,0,0,1.58,-4.2,0.0,0.0,0.0,0.0,0.0003,0,90,0,0.0,0,True,False,False,False,False,True
1782457029.626,0,0,0,0,0,1.56,-4.21,0.0,0.0,0.0,0.0,0.0003,0,90,0,0.0,0,True,False,False,False,False,False
1782457029.648,0,0,0,0,0,1.53,-4.2,0.0,0.0,0.0,0.0,0.0003,1,90,0,0.0,0,True,False,False,False,False,False
1782457029.668,0,0,0,0,0,1.5,-4.19,0.0,0.0,0.0,0.0,0.0003,1,90,0,0.0,0,True,False,False,False,False,False
1782457029.69,0,0,0,0,0,1.49,-4.2,0.0,0.0,0.0,0.0,0.0003,1,90,0,0.0,0,True,False,False,False,False,False
1782457029.714,0,0,0,0,0,1.5,-4.22,0.0,0.0,0.0,0.0,0.0003,1,90,0,0.0,0,True,False,False,False,False,False
1782457029.738,0,0,0,0,0,1.51,-4.22,0.0,0.0,0.0,0.0,0.0003,1,90,0,0.0,0,True,False,False,False,False,False
1782457029.761,0,0,0,0,0,1.51,-4.2,0.0,0.0,0.0,0.0,0.0003,1,90,0,0.0,0,True,False,False,False,False,False
1782457029.786,0,0,0,0,0,1.5,-4.2,0.0,0.0,0.0,0.0,0.0003,1,90,0,0.0,0,True,False,False,False,False,False
1782457029.811,0,0,0,0,0,1.5,-4.19,0.0,0.0,0.0,0.0,0.0003,1,90,0,0.0,0,True,False,False,False,False,False
1782457029.828,0,0,0,0,0,1.51,-4.18,0.0,0.0,0.0,0.0,0.0003,1,90,0,0.0,0,True,False,False,False,False,False
1782457029.851,0,0,0,0,0,1.52,-4.17,0.0,0.0,0.0,0.0,0.0003,1,90,0,0.0,0,True,False,False,False,False,False
1782457029.874,0,0,0,0,0,1.51,-4.18,0.0,0.0,0.0,0.0,0.0003,1,90,0,0.0,0,True,False,False,False,False,False
1782457029.899,0,0,0,0,0,1.49,-4.15,0.0,0.0,0.0,0.0,0.0003,1,90,0,0.0,0,True,False,False,False,False,False
1782457029.923,0,0,0,0,0,1.47,-4.13,0.0,0.0,0.0,0.0,0.0003,1,90,0,0.0,0,True,False,False,False,False,False
1782457029.947,0,0,0,0,0,1.46,-4.15,0.0,0.0,0.0,0.0,0.0003,0,90,0,0.0,0,True,False,False,False,False,False
1782457029.969,0,0,0,0,0,1.44,-4.2,0.0,0.0,0.0,0.0,0.0003,0,90,0,0.0,0,True,False,False,False,False,False
1782457029.995,0,0,0,0,0,1.43,-4.21,0.0,0.0,0.0,0.0,0.0003,0,90,0,0.0,0,True,False,False,False,False,False
1782457030.017,0,0,0,0,0,1.45,-4.18,0.0,0.0,0.0,0.0,0.0003,0,90,0,0.0,0,True,False,False,False,False,False
1782457030.04,0,0,0,0,0,1.46,-4.14,0.0,0.0,0.0,0.0,0.0003,0,90,0,0.0,0,True,False,False,False,False,False
1782457030.064,0,0,0,0,0,1.47,-4.13,0.0,0.0,0.0,0.0,0.0003,0,90,0,0.0,0,True,False,False,False,False,False
1782457030.089,0,0,0,0,0,1.48,-4.1,0.0,0.0,0.0,0.0,0.0003,0,90,0,0.0,0,True,False,False,False,False,False
1782457030.112,0,0,0,0,0,1.49,-4.08,0.0,0.0,0.0,0.0,0.0003,0,90,0,0.0,0,True,False,False,False,False,False
1782457030.136,0,0,0,0,0,1.49,-4.09,0.0,0.0,0.0,0.0,0.0003,0,90,0,0.0,0,True,False,False,False,False,False
1782457030.16,0,0,0,0,0,1.49,-4.14,0.0,0.0,0.0,0.0,0.0003,0,90,0,0.0,0,True,False,False,False,False,False
1782457030.183,0,0,0,0,0,1.51,-4.19,0.0,0.0,0.0,0.0,0.0003,0,90,0,0.0,0,True,False,False,False,False,False
1782457030.207,0,0,0,0,0,1.51,-4.21,0.0,0.0,0.0,0.0,0.0003,0,90,0,0.0,0,True,False,False,False,False,False
1782457030.231,0,0,0,0,0,1.49,-4.19,0.0,0.0,0.0,0.0,0.0003,0,90,0,0.0,0,True,False,False,False,False,False
1782457030.255,0,0,0,0,0,1.48,-4.15,0.0,0.0,0.0,0.0,0.0003,0,90,0,0.0,0,True,False,False,False,False,False
1782457030.279,0,0,0,0,0,1.46,-4.12,0.0,0.0,0.0,0.0,0.0003,0,90,0,0.0,0,True,False,False,False,False,False
1782457030.302,0,0,0,0,0,1.45,-4.16,0.0,0.0,0.0,0.0,0.0003,0,90,0,0.0,0,True,False,False,False,False,False
1782457030.325,0,0,0,0,0,1.45,-4.2,0.0,0.0,0.0,0.0,0.0003,0,90,0,0.0,0,True,False,False,False,False,False
1782457030.35,0,0,0,0,0,1.48,-4.2,0.0,0.0,0.0,0.0,0.0003,0,90,0,0.0,0,True,False,False,False,False,False
1782457030.373,0,0,0,0,0,1.5,-4.15,0.0,0.0,0.0,0.0,0.0003,0,90,0,0.0,0,True,False,False,False,False,False
1782457030.397,0,0,0,0,0,1.51,-4.11,0.0,0.0,0.0,0.0,0.0003,0,90,0,0.0,0,True,False,False,False,False,False
1782457030.42,0,0,0,0,0,1.5,-4.13,0.0,0.0,0.0,0.0,0.0003,0,90,0,0.0,0,True,False,False,False,False,False
1782457030.445,0,0,0,0,0,1.48,-4.17,0.0,0.0,0.0,0.0,0.0003,0,90,0,0.0,0,True,False,False,False,False,False
1782457030.468,0,0,0,0,0,1.46,-4.18,0.0,0.0,0.0,0.0,0.0003,0,90,0,0.0,0,True,False,False,False,False,False
1782457030.492,0,0,0,0,0,1.44,-4.19,0.0,0.0,0.0,0.0,0.0003,0,90,0,0.0,0,True,False,False,False,False,False
1782457030.515,0,0,0,0,0,1.44,-4.2,0.0,0.0,0.0,0.0,0.0003,0,90,0,0.0,0,True,False,False,False,False,False
1782457030.539,0,0,0,0,0,1.44,-4.2,0.0,0.0,0.0,0.0,0.0003,0,90,0,0.0,0,True,False,False,False,False,False
1782457030.565,0,0,0,0,0,1.44,-4.19,0.0,0.0,0.0,0.0,0.0003,0,90,0,0.0,0,True,False,False,False,False,False
1782457030.586,0,0,0,0,0,1.44,-4.18,0.0,0.0,0.0,0.0,0.0003,0,90,0,0.0,0,True,False,False,False,False,True
1782457030.61,0,0,0,0,0,1.45,-4.16,0.0,0.0,0.0,0.0,0.0003,0,90,0,0.0,0,True,False,False,False,False,True
1782457030.634,0,0,0,0,0,1.45,-4.15,0.0,0.0,0.0,0.0,0.0003,0,90,0,0.0,0,True,False,False,False,False,True
1782457030.658,0,0,0,0,0,1.44,-4.15,0.0,0.0,0.0,0.0,0.0003,0,90,0,0.0,0,True,False,False,False,False,True
1782457030.682,0,0,0,0,0,1.42,-4.15,0.0,0.0,0.0,0.0,0.0003,0,90,0,0.0,0,True,False,False,False,False,True
1782457030.705,0,0,0,0,0,1.43,-4.13,0.0,0.0,0.0,0.0,0.0003,0,90,0,0.0,0,True,False,False,False,False,True
1782457030.729,0,0,0,0,0,1.47,-4.12,0.0,0.0,0.0,0.0,0.0003,0,90,0,0.0,0,True,False,False,False,False,True
1782457030.754,0,0,0,0,0,1.49,-4.15,0.0,0.0,0.0,0.0,0.0003,0,90,0,0.0,0,True,False,False,False,False,True
1782457030.781,0,0,0,0,0,1.51,-4.17,0.0,0.0,0.0,0.0,0.0003,0,90,0,0.0,0,True,False,False,False,False,False
1782457030.802,0,0,0,0,0,1.52,-4.16,0.0,0.0,0.0,0.0,0.0003,1,90,0,0.0,0,True,False,False,False,False,False
1782457030.825,0,0,0,0,0,1.53,-4.14,0.0,0.0,0.0,0.0,0.0003,1,90,0,0.0,0,True,False,False,False,False,False
1782457030.849,0,0,0,0,0,1.54,-4.14,0.0,0.0,0.0,0.0,0.0003,1,90,0,0.0,0,True,False,False,False,False,False
1782457030.873,0,0,0,0,0,1.56,-4.14,0.0,0.0,0.0,0.0,0.0003,1,90,0,0.0,0,True,False,False,False,False,False
1782457030.897,0,0,0,0,0,1.58,-4.11,0.0,0.0,0.0,0.0,0.0003,1,90,0,0.0,0,True,False,False,False,False,False
1782457030.919,0,0,0,0,0,1.57,-4.08,0.0,0.0,0.0,0.0,0.0003,1,90,0,0.0,0,True,False,False,False,False,False
1782457030.944,0,0,0,0,0,1.55,-4.11,0.0,0.0,0.0,0.0,0.0003,1,90,0,0.0,0,True,False,False,False,False,False
1782457030.968,0,0,0,0,0,1.52,-4.18,0.0,0.0,0.0,0.0,0.0003,1,90,0,0.0,0,False,False,False,False,False,False
1782457030.991,0,0,0,0,0,1.5,-4.21,0.0,0.0,0.0,0.0,0.0003,1,90,0,0.0,0,False,False,False,False,False,False
1782457031.014,0,0,0,0,0,1.5,-4.2,0.0,0.0,0.0,0.0,0.0003,1,90,0,0.0,0,False,False,False,False,False,False
1782457031.038,0,0,0,0,0,1.51,-4.17,0.0,0.0,0.0,0.0,0.0003,1,90,0,0.0,0,False,False,False,False,False,False
1782457031.061,0,0,0,0,0,1.52,-4.17,0.0,0.0,0.0,0.0,0.0003,1,90,0,0.0,0,False,False,False,False,False,False
1782457031.085,0,0,0,0,0,1.53,-4.22,0.0,0.0,0.0,0.0,0.0003,1,90,0,0.0,0,False,False,False,False,False,False
1782457031.109,0,0,0,0,0,1.52,-4.3,0.0,0.0,0.0,0.0,0.0003,0,90,0,0.0,0,False,False,False,False,False,False
1782457031.133,0,0,0,0,0,1.51,-4.38,0.0,0.0,0.0,0.0,0.0003,0,90,0,0.0,0,False,False,False,False,False,False
1782457031.157,0,0,0,0,0,1.5,-4.43,0.0,0.0,0.0,0.0,0.0003,0,90,0,0.0,0,False,False,False,False,False,False
1782457031.181,0,0,0,0,0,1.49,-4.43,0.0,0.0,0.0,0.0,0.0003,0,90,0,0.0,0,False,False,False,False,False,False
1782457031.205,0,0,0,0,0,1.49,-4.37,0.0,0.0,0.0,0.0,0.0003,0,90,0,0.0,0,False,False,False,False,False,False
1782457031.228,0,0,0,0,0,1.5,-4.3,0.0,0.0,0.0,0.0,0.0003,0,90,0,0.0,0,False,False,False,False,False,False
1782457031.251,0,0,0,0,0,1.5,-4.26,0.0,0.0,0.0,0.0,0.0003,0,90,0,0.0,0,False,False,False,False,False,False
1782457031.275,0,0,0,0,0,1.51,-4.27,0.0192,0.0,0.1886,0.0,0.0005,0,90,0,0.0,0,False,False,False,False,False,False
1782457031.301,0,0,0,0,0,1.54,-4.32,0.073,0.0,0.7159,0.0,0.001,0,90,0,0.0,0,False,False,False,False,False,False
1782457031.347,0,0,0,0,0,1.6,-4.33,0.1416,0.0,1.3886,0.0,0.0017,0,90,0,0.0,0,False,False,False,False,False,False
1782457031.395,0,0,0,0,0,1.63,-4.32,0.2051,0.0,2.0124,0.0,0.0024,0,90,0,0.0,0,False,False,False,False,False,False
1782457031.436,0,0,0,0,0,1.64,-4.3,0.2548,0.0,2.4991,0.0,0.0031,0,90,0,0.0,0,False,False,False,False,False,False
1782457031.481,0,0,0,0,0,1.67,-4.3,0.288,0.0,2.8252,0.0,0.0038,0,90,0,0.0,0,False,False,False,False,False,False
1782457031.504,0,0,0,0,0,1.68,-4.3,0.3101,0.0,3.0421,0.0,0.0045,0,90,0,0.0,0,False,False,False,False,False,False
1782457031.525,0,0,0,0,0,1.67,-4.3,0.3253,0.0,3.1911,0.0,0.0053,0,90,0,0.0,0,False,False,False,False,False,False
1782457031.587,0,0,0,0,0,1.65,-4.3,0.3358,0.0,3.2939,0.0,0.006,0,90,0,0.0,0,False,False,False,False,False,False
1782457031.612,0,0,0,0,0,1.62,-4.29,0.3429,0.0,3.3638,0.0,0.0067,0,90,0,0.0,0,False,False,False,False,False,False
1782457031.63,0,0,0,0,0,1.6,-4.27,0.3476,0.0,3.4097,0.0,0.0074,0,90,0,0.0,0,False,False,False,False,False,False
1782457031.77,0,0,0,0,0,1.59,-4.27,0.35,0.0,3.433,0.0,0.0081,0,90,0,0.0,0,False,False,False,False,False,False
1782457031.789,0,0,0,0,0,1.59,-4.26,0.3504,0.0,3.4379,0.0,0.0088,0,90,0,0.0,0,False,False,False,False,False,False
1782457031.813,0,0,0,0,0,1.57,-4.21,0.35,0.0,3.4333,0.0,0.0095,0,90,0,0.0,0,False,False,False,False,False,False
1782457031.837,0,0,0,0,0,1.51,-4.18,0.3493,0.0,3.4271,0.0,0.0102,0,90,0,0.0,0,False,False,False,False,False,False
1782457031.863,0,0,0,0,0,1.46,-4.18,0.3486,0.0,3.4197,0.0,0.0109,0,90,0,0.0,0,False,False,False,False,False,False
1782457031.886,0,0,0,0,0,1.46,-4.17,0.3481,0.0,3.4147,0.0,0.0116,0,90,0,0.0,0,False,False,False,False,False,False
1782457031.91,0,0,0,0,0,1.47,-4.15,0.3485,0.0,3.4192,0.0,0.0123,0,90,0,0.0,0,False,False,False,False,False,False
1782457031.935,0,0,0,0,0,1.49,-4.1,0.3492,0.0,3.4253,0.0,0.013,0,90,0,0.0,0,False,False,False,False,False,False
1782457031.958,0,0,0,0,0,1.51,-4.08,0.3494,0.0,3.4279,0.0,0.0137,0,90,0,0.0,0,False,False,False,False,False,False
1782457031.983,0,0,0,0,0,1.54,-4.14,0.3498,0.0,3.4313,0.0,0.0144,0,90,0,0.0,0,False,False,False,False,False,False
1782457032.0,0,0,0,0,0,1.55,-4.24,0.3503,0.0,3.4367,0.0,0.0151,0,90,0,0.0,0,False,False,False,False,False,False
1782457032.025,0,0,0,0,0,1.54,-4.25,0.3509,0.0,3.442,0.0,0.0158,0,90,0,0.0,0,False,False,False,False,False,False
1782457032.049,0,0,0,0,0,1.52,-4.41,0.3509,0.0,3.4424,0.0,0.0165,0,90,0,0.0,0,False,False,False,False,False,False
1782457032.073,0,0,0,0,0,1.5,-4.98,0.3506,0.0,3.4395,0.0,0.0172,0,90,0,0.0,0,False,False,False,False,False,False
1782457032.097,0,0,0,0,0,1.49,-5.68,0.3506,0.0,3.4392,0.0,0.0179,0,90,0,0.0,0,False,False,False,False,False,False
1782457032.121,0,0,0,0,0,1.49,-6.28,0.3507,0.0,3.4405,0.0,0.0186,0,90,0,0.0,0,False,False,False,False,False,False
1782457032.14,0,0,0,0,0,1.49,-6.81,0.3508,0.0,3.4414,0.0,0.0193,0,90,0,0.0,0,False,False,False,False,False,False
1782457032.165,0,0,0,0,0,1.44,-7.27,0.3509,0.0,3.442,0.0,0.02,0,90,0,0.0,0,False,False,False,False,False,False
1782457032.19,0,0,0,0,0,1.3,-7.7,0.3508,0.0,3.4409,0.0,0.0207,0,90,0,0.0,0,False,False,False,False,False,False
1782457032.213,0,0,0,0,0,1.17,-8.24,0.3503,0.0,3.4369,0.0,0.0214,0,90,0,0.0,0,False,False,False,False,False,False
1782457032.236,0,0,0,0,0,1.1,-8.86,0.3499,0.0,3.4327,0.0,0.0221,0,90,0,0.0,0,False,False,False,False,False,False
1782457032.26,0,0,0,0,0,1.06,-9.43,0.3496,0.0,3.4298,0.0,0.0228,0,90,0,0.0,0,False,False,False,False,False,False
1782457032.284,0,0,0,0,0,1.07,-9.84,0.3493,0.0,3.4263,0.0,0.0235,0,90,0,0.0,0,False,False,False,False,False,False
1782457032.308,0,0,0,0,0,1.02,-10.08,0.3485,0.0,3.4192,0.0,0.0242,0,90,0,0.0,0,False,False,False,False,False,False
1782457032.332,0,0,0,0,0,0.81,-10.25,0.3477,0.0,3.4112,0.0,0.0249,0,90,0,0.0,0,False,False,False,False,False,False
1782457032.351,0,0,0,0,0,0.55,-10.45,0.347,0.0,3.4042,0.0,0.0256,0,90,0,0.0,0,False,False,False,False,False,False
1782457032.374,0,0,0,0,0,0.35,-10.73,0.3464,0.0,3.3979,0.0,0.0263,0,90,0,0.0,0,False,False,False,False,False,False
1782457032.393,0,0,0,0,0,0.18,-11.1,0.3461,0.0,3.3951,0.0,0.027,0,90,0,0.0,0,False,False,False,False,False,False
1782457032.418,0,0,0,0,0,0.03,-11.53,0.3462,0.0,3.3964,0.0,0.0276,0,90,0,0.0,0,False,False,False,False,False,False
1782457032.441,0,0,0,0,0,-0.12,-11.95,0.3465,0.0,3.3989,0.0,0.0283,0,90,0,0.0,0,False,False,False,False,False,False
1782457032.465,0,0,0,0,0,-0.29,-12.32,0.3465,0.0,3.399,0.0,0.029,0,90,0,0.0,0,False,False,False,False,False,False
1782457032.488,0,0,0,0,0,-0.45,-12.59,0.3462,0.0,3.3959,0.0,0.0297,0,90,0,0.0,0,False,False,False,False,False,False
1782457032.513,0,0,0,0,0,-0.57,-12.71,0.3455,0.0,3.3891,0.0,0.0304,0,90,0,0.0,0,False,False,False,False,False,False
1782457032.537,0,0,0,0,0,-0.62,-12.69,0.3444,0.0,3.3782,0.0,0.0311,0,90,0,0.0,0,False,False,False,False,False,False
1782457032.56,0,0,0,0,0,-0.62,-12.63,0.3431,0.0,3.366,0.0,0.0318,0,90,0,0.01,0,False,False,False,False,False,False
1782457032.586,0,0,0,0,0,-0.61,-12.58,0.3421,0.0,3.3562,0.0,0.0325,0,90,0,0.01,0,False,False,False,False,False,False
1782457032.603,0,0,0,0,0,-0.63,-12.59,0.3414,0.0,3.3495,0.0,0.0331,0,90,0,0.01,0,False,False,False,False,False,False
1782457032.629,0,0,0,0,0,-0.63,-12.64,0.3408,0.0,3.3434,0.0,0.0338,0,90,0,0.01,0,False,False,False,False,False,False
1782457032.647,0,0,0,0,0,-0.65,-12.69,0.3401,0.0,3.3362,0.0,0.0345,0,90,0,0.01,0,False,False,False,False,False,False
1782457032.671,0,0,0,0,0,-0.74,-12.68,0.3393,0.0,3.3281,0.0,0.0352,0,90,0,0.01,0,False,False,False,False,False,False
1782457032.694,0,0,0,0,0,-0.81,-12.63,0.3385,0.0,3.321,0.0,0.0358,0,90,0,0.01,0,False,False,False,False,False,False
1782457032.718,0,0,0,0,0,-0.83,-12.54,0.338,0.0,3.3162,0.0,0.0365,0,90,0,0.01,0,False,False,False,False,False,False
1782457032.742,0,0,0,0,0,-0.83,-12.43,0.3375,0.0,3.3113,0.0,0.0372,0,90,0,0.01,0,False,False,False,False,False,False
1782457032.768,0,0,0,0,0,-0.86,-12.32,0.3367,0.0,3.3033,0.0,0.0379,0,90,0,0.01,0,False,False,False,False,False,False
1782457032.791,0,0,0,0,0,-0.87,-12.17,0.3354,0.0,3.29,0.0,0.0385,0,90,0,0.01,0,False,False,False,False,False,False
1782457032.809,0,0,0,0,0,-0.86,-12.01,0.3335,0.0,3.2716,0.0,0.0392,0,90,0,0.01,0,False,False,False,False,False,False
1782457032.834,0,0,0,0,0,-0.84,-11.89,0.3316,0.0,3.2527,0.0,0.0398,0,90,0,0.01,0,False,False,False,False,False,False
1782457032.858,0,0,0,0,0,-0.83,-11.82,0.3301,0.0,3.2384,0.0,0.0405,0,90,0,0.01,0,False,False,False,False,False,False
1782457032.883,0,0,0,0,0,-0.82,-11.79,0.329,0.0,3.227,0.0,0.0411,0,90,0,0.01,0,False,False,False,False,False,False
1782457032.904,0,0,0,0,0,-0.82,-11.71,0.3277,0.0,3.2146,0.0,0.0418,0,90,0,0.01,0,False,False,False,False,False,False
1782457032.929,0,0,0,0,0,-0.82,-11.64,0.3262,0.0,3.1999,0.0,0.0424,0,90,0,0.01,0,False,False,False,False,False,False
1782457032.953,0,0,0,0,0,-0.72,-11.66,0.3245,0.0,3.1836,0.0,0.0431,0,90,0,0.01,0,False,False,False,False,False,False
1782457032.977,0,0,0,0,0,-0.42,-11.53,0.3229,0.0,3.1678,0.0,0.0437,0,90,0,0.01,0,False,False,False,False,False,False
1782457033.002,0,0,0,0,0,-0.04,-11.02,0.3212,0.0,3.1508,0.0,0.0443,0,90,0,0.01,0,False,False,False,False,False,False
1782457033.024,0,0,0,0,0,0.26,-10.41,0.3187,0.0,3.1266,0.0,0.045,0,90,0,0.01,0,False,False,False,False,False,False
1782457033.05,0,0,0,0,0,0.47,-9.96,0.3154,0.0,3.0945,0.0,0.0456,0,90,0,0.01,0,False,False,False,False,False,False
1782457033.073,0,0,0,0,0,0.65,-9.69,0.3119,0.0,3.0601,0.0,0.0462,0,90,0,0.01,0,False,False,False,False,False,False
1782457033.097,0,0,0,0,0,0.86,-9.49,0.3091,0.0,3.032,0.0,0.0468,0,90,0,0.01,0,False,False,False,False,False,False
1782457033.12,0,0,0,0,0,1.16,-9.25,0.3071,0.0,3.0129,0.0,0.0474,0,90,0,0.01,0,False,False,False,False,False,False
1782457033.144,0,0,0,0,0,1.49,-8.95,0.3058,0.0,3.0,0.0,0.048,0,90,0,0.01,0,False,False,False,False,False,False
1782457033.169,0,0,0,0,0,1.73,-8.66,0.3047,0.0,2.9896,0.0,0.0486,0,90,0,0.01,0,False,False,False,False,False,False
1782457033.192,0,0,0,0,0,1.83,-8.48,0.3035,0.0,2.9778,0.0,0.0492,0,90,0,0.02,0,False,False,False,False,False,False
1782457033.216,0,0,0,0,0,1.84,-8.44,0.3022,0.0,2.9651,0.0,0.0498,0,90,0,0.02,0,False,False,False,False,False,False
1782457033.234,0,0,0,0,0,1.82,-8.49,0.3012,0.0,2.9549,0.0,0.0504,0,90,0,0.02,0,False,False,False,False,False,False
1782457033.259,0,0,0,0,0,1.81,-8.57,0.3003,0.0,2.9463,0.0,0.051,0,90,0,0.02,0,False,False,False,False,False,False
1782457033.284,0,0,0,0,0,1.8,-8.59,0.2994,0.0,2.9374,0.0,0.0516,0,90,0,0.02,0,False,False,False,False,False,False
1782457033.306,0,0,0,0,0,1.8,-8.71,0.2985,0.0,2.9282,0.0,0.0522,0,90,0,0.02,0,False,False,False,False,False,False
1782457033.332,0,0,0,0,0,1.8,-9.09,0.2975,0.0,2.9188,0.0,0.0528,0,90,0,0.02,0,False,False,False,False,False,False
1782457033.354,0,0,0,0,0,1.79,-9.59,0.2966,0.0,2.9093,0.0,0.0533,0,90,0,0.02,0,False,False,False,False,False,False
1782457033.379,0,0,0,0,0,1.65,-10.05,0.2956,0.0,2.8996,0.0,0.0539,0,90,0,0.02,0,False,False,False,False,False,False
1782457033.403,0,0,0,0,0,1.3,-10.51,0.2948,0.0,2.8915,0.0,0.0545,0,90,0,0.02,0,False,False,False,False,False,False
1782457033.421,0,0,0,0,0,0.91,-10.99,0.2939,0.0,2.8829,0.0,0.0551,0,90,0,0.02,0,False,False,False,False,False,False
1782457033.444,0,0,0,0,0,0.64,-11.44,0.2926,0.0,2.8707,0.0,0.0557,0,90,0,0.02,0,False,False,False,False,False,False
1782457033.466,0,0,0,0,0,0.46,-11.82,0.2915,0.0,2.8593,0.0,0.0563,0,90,0,0.02,0,False,False,False,False,False,False
1782457033.488,0,0,0,0,0,0.33,-12.1,0.2908,0.0,2.8531,0.0,0.0568,0,90,0,0.02,0,False,False,False,False,False,False
1782457033.514,0,0,0,0,0,0.21,-12.22,0.2902,0.0,2.8473,0.0,0.0574,0,90,0,0.02,0,False,False,False,False,False,False
1782457033.538,0,0,0,0,0,0.15,-12.22,0.2892,0.0,2.8371,0.0,0.058,0,90,0,0.02,0,False,False,False,False,False,False
1782457033.561,0,0,0,0,0,0.12,-12.13,0.2877,0.0,2.8223,0.0,0.0586,0,90,0,0.02,0,False,False,False,False,False,False
1782457033.585,0,0,0,0,0,0.11,-12.05,0.2859,0.0,2.8044,0.0,0.0591,0,90,0,0.02,0,False,False,False,False,False,False
1782457033.609,0,0,0,0,0,0.09,-12.01,0.2838,0.0,2.7844,0.0,0.0597,0,90,0,0.02,0,False,False,False,False,False,False
1782457033.634,0,0,0,0,0,0.09,-12.01,0.2815,0.0,2.7613,0.0,0.0602,0,90,0,0.02,0,False,False,False,False,False,False
1782457033.657,0,0,0,0,0,0.16,-11.99,0.2792,0.0,2.7394,0.0,0.0608,0,90,0,0.02,0,False,False,False,False,False,False
1782457033.682,0,0,0,0,0,0.25,-11.88,0.2774,0.0,2.7213,0.0,0.0613,0,90,0,0.02,0,False,False,False,False,False,False
1782457033.705,0,0,0,0,0,0.26,-11.59,0.2757,0.0,2.7044,0.0,0.0619,0,90,0,0.02,0,False,False,False,False,False,False
1782457033.729,0,0,0,0,0,0.4,-11.33,0.274,0.0,2.6881,0.0,0.0624,0,90,0,0.02,0,False,False,False,False,False,False
1782457033.753,0,0,0,0,0,0.86,-11.12,0.2724,0.0,2.6723,0.0,0.0629,0,90,0,0.02,0,False,False,False,False,False,False
1782457033.776,0,0,0,0,0,1.35,-10.55,0.2705,0.0,2.6538,0.0,0.0635,0,90,0,0.02,0,False,False,False,False,False,False
1782457033.802,0,0,0,0,0,1.61,-9.84,0.2687,0.0,2.6364,0.0,0.064,0,90,0,0.02,0,False,False,False,False,False,False
1782457033.825,0,0,0,0,0,1.68,-9.47,0.2677,0.0,2.6262,0.0,0.0645,0,90,0,0.02,0,False,False,False,False,False,False
1782457033.85,0,0,0,0,0,1.68,-9.43,0.267,0.0,2.6193,0.0,0.0651,0,90,0,0.02,0,False,False,False,False,False,False
1782457033.872,0,0,0,0,0,1.68,-9.56,0.2657,0.0,2.6067,0.0,0.0656,0,90,0,0.02,0,False,False,False,False,False,False
1782457033.891,0,0,0,0,0,1.68,-9.67,0.2637,0.0,2.5872,0.0,0.0661,0,90,0,0.02,0,False,False,False,False,False,False
1782457033.918,0,0,0,0,0,1.68,-9.68,0.2616,0.0,2.566,0.0,0.0666,0,90,0,0.02,0,False,False,False,False,False,False
1782457033.94,0,0,0,0,0,1.68,-9.65,0.2593,0.0,2.5438,0.0,0.0671,0,90,0,0.02,0,False,False,False,False,False,False
1782457033.963,0,0,0,0,0,1.68,-9.62,0.2568,0.0,2.5193,0.0,0.0676,0,90,0,0.02,0,False,False,False,False,False,False
1782457033.989,0,0,0,0,0,1.66,-9.6,0.2541,0.0,2.4932,0.0,0.0681,0,90,0,0.02,0,False,False,False,False,False,False
1782457034.011,0,0,0,0,0,1.65,-9.57,0.2511,0.0,2.4628,0.0,0.0686,0,90,0,0.02,0,False,False,False,False,False,False
1782457034.036,0,0,0,0,0,1.63,-9.53,0.2474,0.0,2.4265,0.0,0.0691,0,90,0,0.03,0,False,False,False,False,False,False
1782457034.061,0,0,0,0,0,1.62,-9.47,0.2439,0.0,2.3924,0.0,0.0695,0,90,0,0.03,0,False,False,False,False,False,False
1782457034.085,0,0,0,0,0,1.62,-9.41,0.2412,0.0,2.3661,0.0,0.07,0,90,0,0.02,0,False,False,False,False,False,False
1782457034.108,0,0,0,0,0,1.61,-9.35,0.2389,0.0,2.3435,0.0,0.0705,0,90,0,0.02,0,False,False,False,False,False,False
1782457034.134,0,0,0,0,0,1.6,-9.29,0.2365,0.0,2.3203,0.0,0.0709,0,90,0,0.02,0,False,False,False,False,False,False
1782457034.157,0,0,0,0,0,1.59,-9.23,0.234,0.0,2.2951,0.0,0.0714,0,90,0,0.03,0,False,False,False,False,False,False
1782457034.18,0,0,0,0,0,1.58,-9.17,0.2312,0.0,2.2685,0.0,0.0718,0,90,0,0.03,0,False,False,False,False,False,False
1782457034.205,0,0,0,0,0,1.55,-9.11,0.2281,0.0,2.2379,0.0,0.0723,0,90,0,0.02,0,False,False,False,False,False,False
1782457034.23,0,0,0,0,0,1.51,-9.03,0.2039,0.0,2.0002,0.0,0.0724,0,90,0,0.02,0,False,False,False,False,False,False
1782457034.256,0,0,0,0,0,1.49,-8.94,0.1562,0.0,1.5322,0.0,0.0725,0,90,0,0.02,0,False,False,False,False,False,False
1782457034.276,0,0,0,0,0,1.48,-8.84,0.1292,0.0,1.2676,0.0,0.0727,0,90,0,0.02,0,False,False,False,False,False,False
1782457034.302,0,0,0,0,0,1.49,-8.78,0.1338,0.0,1.3125,0.0,0.0731,0,90,0,0.02,0,False,False,False,False,False,False
1782457034.326,0,0,0,0,0,1.5,-8.75,0.147,0.0,1.442,0.0,0.0734,0,90,0,0.02,0,False,False,False,False,False,False
1782457034.352,0,0,0,0,0,1.52,-8.7,0.1395,0.0,1.3682,0.0,0.0736,0,90,0,0.02,0,False,False,False,False,False,False
1782457034.372,0,0,0,0,0,1.52,-8.66,0.107,0.0,1.0492,0.0,0.0736,0,90,0,0.02,0,False,False,False,False,False,False
1782457034.398,0,0,0,0,0,1.53,-8.67,0.0746,0.0,0.7319,0.0,0.0736,0,90,0,0.02,0,False,False,False,False,False,False
1782457034.42,0,0,0,0,0,1.53,-8.68,0.0507,0.0,0.4974,0.0,0.0736,0,90,0,0.02,0,False,False,False,False,False,False
1782457034.443,0,0,0,0,0,1.53,-8.39,0.0345,0.0,0.338,0.0,0.0736,0,90,0,0.02,0,False,False,False,False,False,False
1782457034.466,0,0,0,0,0,1.53,-7.62,0.0234,0.0,0.2297,0.0,0.0736,0,90,0,0.02,0,False,False,False,False,False,False
1782457034.489,0,0,0,0,0,1.56,-6.78,0.0159,0.0,0.1561,0.0,0.0736,0,90,0,0.02,0,False,False,False,False,False,False
1782457034.513,0,0,0,0,0,1.64,-6.19,0.0108,0.0,0.1061,0.0,0.0736,0,90,0,0.02,0,False,False,False,False,False,False
1782457034.537,0,0,0,0,0,1.72,-5.85,0.0221,0.0,0.2167,0.0,0.0738,0,90,0,0.02,0,False,False,False,False,False,False
1782457034.56,0,0,0,0,0,1.79,-5.68,0.0352,0.0,0.3453,0.0,0.0738,0,90,0,0.02,0,False,False,False,False,False,False
1782457034.584,0,0,0,0,0,1.84,-5.6,0.0294,0.0,0.2881,0.0,0.0738,0,90,0,0.02,0,False,False,False,False,False,False
1782457034.607,0,0,0,0,0,1.87,-5.59,0.0236,0.0,0.2319,0.0,0.0739,0,90,0,0.03,0,False,False,False,False,False,False
1782457034.632,0,0,0,0,0,1.88,-5.62,0.0286,0.0,0.2802,0.0,0.074,0,90,0,0.03,0,False,False,False,False,False,False
1782457034.656,0,0,0,0,0,1.86,-5.66,0.0298,0.0,0.2926,0.0,0.074,0,90,0,0.03,0,False,False,False,False,False,False
1782457034.679,0,0,0,0,0,1.84,-5.71,0.0219,0.0,0.2146,0.0,0.074,0,90,0,0.03,0,False,False,False,False,False,False
1782457034.702,0,0,0,0,0,1.81,-5.78,0.0149,0.0,0.1458,0.0,0.074,0,90,0,0.03,0,False,False,False,False,False,False
1782457034.725,0,0,0,0,0,1.81,-5.84,0.0101,0.0,0.0991,0.0,0.074,0,90,0,0.03,0,False,False,False,False,False,False
1782457034.751,0,0,0,0,0,1.83,-5.83,0.0069,0.0,0.0673,0.0,0.074,0,90,0,0.03,0,False,False,False,False,False,False
1782457034.773,0,0,0,0,0,1.85,-5.77,0.0047,0.0,0.0458,0.0,0.074,0,90,0,0.04,0,False,False,False,False,False,False
1782457034.797,0,0,0,0,0,1.88,-5.6,0.0032,0.0,0.0311,0.0,0.074,0,90,0,0.04,0,False,False,False,False,False,False
1782457034.82,0,0,0,0,0,1.89,-5.29,0.0022,0.0,0.0211,0.0,0.074,0,90,0,0.04,0,False,False,False,False,False,False
1782457034.843,0,0,0,0,0,1.86,-5.04,0.0015,0.0,0.0144,0.0,0.074,0,90,0,0.04,0,False,False,False,False,False,False
1782457034.869,0,0,0,0,0,1.82,-4.98,0.001,0.0,0.0098,0.0,0.074,0,90,0,0.04,0,False,False,False,False,False,False
1782457034.889,0,0,0,0,0,1.77,-5.01,0.0007,0.0,0.0066,0.0,0.074,0,90,0,0.04,0,False,False,False,False,False,False
1782457034.914,0,0,0,0,0,1.74,-5.0,0.0005,0.0,0.0045,0.0,0.074,0,90,0,0.04,0,False,False,False,False,False,False
1782457034.938,0,0,0,0,0,1.73,-4.96,0.0003,0.0,0.0031,0.0,0.074,0,90,0,0.04,0,False,False,False,False,False,False
1782457034.961,0,0,0,0,0,1.74,-4.96,0.0002,0.0,0.0021,0.0,0.074,0,90,0,0.04,0,False,False,False,False,False,False
1782457034.986,0,0,0,0,0,1.74,-5.0,0.0001,0.0,0.0014,0.0,0.074,0,90,0,0.04,0,False,False,False,False,False,False
1782457035.008,0,0,0,0,0,1.73,-5.03,0.0001,0.0,0.001,0.0,0.074,0,90,0,0.04,0,True,False,False,False,False,False
1782457035.032,0,0,0,0,0,1.72,-5.01,0.0001,0.0,0.0007,0.0,0.074,0,90,0,0.04,0,True,False,False,False,False,False
1782457035.055,0,0,0,0,0,1.71,-4.97,0.0,0.0,0.0004,0.0,0.074,0,90,0,0.04,0,True,False,False,False,False,False
1782457035.078,0,0,0,0,0,1.69,-4.96,0.0,0.0,0.0003,0.0,0.074,0,90,0,0.04,0,True,False,False,False,False,False
1782457035.102,0,0,0,0,0,1.68,-4.95,0.0,0.0,0.0002,0.0,0.074,0,90,0,0.04,0,True,False,False,False,False,False
1782457035.125,0,0,0,0,0,1.67,-4.93,0.0,0.0,0.0001,0.0,0.074,0,90,0,0.04,0,True,False,False,False,False,False
1782457035.15,0,0,0,0,0,1.65,-4.92,0.0,0.0,0.0001,0.0,0.074,0,90,0,0.04,0,True,False,False,False,False,False
1782457035.172,0,0,0,0,0,1.63,-4.9,0.0,0.0,0.0001,0.0,0.074,0,90,0,0.04,0,True,False,False,False,False,False
1782457035.194,0,0,0,0,0,1.61,-4.84,0.0,0.0,0.0,0.0,0.074,0,90,0,0.04,0,True,False,False,False,False,False
1782457035.219,0,0,0,0,0,1.6,-4.79,0.0,0.0,0.0,0.0,0.074,0,90,0,0.04,0,True,False,False,False,False,False
1782457035.241,0,0,0,0,0,1.6,-4.78,0.0,0.0,0.0,0.0,0.074,0,90,0,0.04,0,True,False,False,False,False,False
1782457035.267,0,0,0,0,0,1.6,-4.79,0.0,0.0,0.0,0.0,0.074,0,90,0,0.04,0,True,False,False,False,False,False
1782457035.29,0,0,0,0,0,1.61,-4.78,0.0,0.0,0.0,0.0,0.074,0,90,0,0.03,0,True,False,False,False,False,False
1782457035.315,0,0,0,0,0,1.61,-4.74,0.0,0.0,0.0,0.0,0.074,0,90,0,0.03,0,True,False,False,False,False,True
1782457035.336,0,0,0,0,0,1.6,-4.7,0.0,0.0,0.0,0.0,0.074,0,90,0,0.03,0,True,False,False,False,False,True
1782457035.361,0,0,0,0,0,1.59,-4.65,0.0,0.0,0.0,0.0,0.074,0,90,0,0.03,0,True,False,False,False,False,True
1782457035.385,0,0,0,0,0,1.59,-4.62,0.0,0.0,0.0,0.0,0.074,0,90,0,0.03,0,True,False,False,False,False,True
1782457035.407,0,0,0,0,0,1.61,-4.6,0.0,0.0,0.0,0.0,0.074,0,90,0,0.03,0,True,False,False,False,False,True
1782457035.431,0,0,0,0,0,1.64,-4.58,0.0,0.0,0.0,0.0,0.074,0,90,0,0.03,0,True,False,False,False,False,True
1782457035.458,0,0,0,0,0,1.65,-4.55,0.0,0.0,0.0,0.0,0.074,0,90,0,0.03,0,True,False,False,False,False,False
1782457035.48,0,0,0,0,0,1.64,-4.51,0.0,0.0,0.0,0.0,0.074,1,90,0,0.02,0,True,False,False,False,False,False
1782457035.504,0,0,0,0,0,1.64,-4.48,0.0,0.0,0.0,0.0,0.074,1,90,0,0.02,0,True,False,False,False,False,False
1782457035.526,0,0,0,0,0,1.64,-4.46,0.0,0.0,0.0,0.0,0.074,1,90,0,0.02,0,True,False,False,False,False,False
1782457035.552,0,0,0,0,0,1.63,-4.45,0.0,0.0,0.0,0.0,0.074,1,90,0,0.02,0,True,False,False,False,False,False
1782457035.575,0,0,0,0,0,1.6,-4.43,0.0,0.0,0.0,0.0,0.074,1,90,0,0.02,0,True,False,False,False,False,False
1782457035.598,0,0,0,0,0,1.58,-4.43,0.0,0.0,0.0,0.0,0.074,1,90,0,0.02,0,True,False,False,False,False,False
1782457035.623,0,0,0,0,0,1.58,-4.42,0.0,0.0,0.0,0.0,0.074,1,90,0,0.02,0,True,False,False,False,False,False
1782457035.645,0,0,0,0,0,1.57,-4.42,0.0,0.0,0.0,0.0,0.074,1,90,0,0.02,0,True,False,False,False,False,False
1782457035.67,0,0,0,0,0,1.56,-4.39,0.0,0.0,0.0,0.0,0.074,1,90,0,0.02,0,True,False,False,False,False,False
1782457035.693,0,0,0,0,0,1.56,-4.37,0.0,0.0,0.0,0.0,0.074,1,90,0,0.02,0,True,False,False,False,False,False
1782457035.718,0,0,0,0,0,1.56,-4.36,0.0,0.0,0.0,0.0,0.074,1,90,0,0.02,0,True,False,False,False,False,False
1782457035.74,0,0,0,0,0,1.56,-4.35,0.0,0.0,0.0,0.0,0.074,1,90,0,0.02,0,True,False,False,False,False,False
1782457035.765,0,0,0,0,0,1.56,-4.35,0.0,0.0,0.0,0.0,0.074,1,90,0,0.02,0,True,False,False,False,False,False
1782457035.788,0,0,0,0,0,1.55,-4.37,0.0,0.0,0.0,0.0,0.074,0,90,0,0.02,0,True,False,False,False,False,False
1782457035.812,0,0,0,0,0,1.54,-4.39,0.0,0.0,0.0,0.0,0.074,0,90,0,0.02,0,True,False,False,False,False,False
1782457035.834,0,0,0,0,0,1.54,-4.39,0.0,0.0,0.0,0.0,0.074,0,90,0,0.02,0,True,False,False,False,False,False
1782457035.859,0,0,0,0,0,1.54,-4.37,0.0,0.0,0.0,0.0,0.074,0,90,0,0.02,0,True,False,False,False,False,False
1782457035.884,0,0,0,0,0,1.54,-4.36,0.0,0.0,0.0,0.0,0.074,0,90,0,0.02,0,True,False,False,False,False,False
1782457035.906,0,0,0,0,0,1.53,-4.35,0.0,0.0,0.0,0.0,0.074,0,90,0,0.02,0,True,False,False,False,False,False
1782457035.929,0,0,0,0,0,1.52,-4.33,0.0,0.0,0.0,0.0,0.074,0,90,0,0.02,0,True,False,False,False,False,False
1782457035.954,0,0,0,0,0,1.52,-4.31,0.0,0.0,0.0,0.0,0.074,0,90,0,0.02,0,True,False,False,False,False,False
1782457035.978,0,0,0,0,0,1.51,-4.29,0.0,0.0,0.0,0.0,0.074,0,90,0,0.02,0,True,False,False,False,False,False
1782457036.003,0,0,0,0,0,1.5,-4.28,0.0,0.0,0.0,0.0,0.074,0,90,0,0.02,0,True,False,False,False,False,False
1782457036.026,0,0,0,0,0,1.48,-4.27,0.0,0.0,0.0,0.0,0.074,0,90,0,0.02,0,True,False,False,False,False,True
1782457036.049,0,0,0,0,0,1.46,-4.26,0.0,0.0,0.0,0.0,0.074,0,90,0,0.01,0,True,False,False,False,False,True
1782457036.073,0,0,0,0,0,1.47,-4.26,0.0,0.0,0.0,0.0,0.074,0,90,0,0.01,0,True,False,False,False,False,True
1782457036.096,0,0,0,0,0,1.5,-4.26,0.0,0.0,0.0,0.0,0.074,0,90,0,0.01,0,True,False,False,False,False,True
1782457036.12,0,0,0,0,0,1.53,-4.27,0.0,0.0,0.0,0.0,0.074,0,90,0,0.01,0,True,False,False,False,False,True
1782457036.144,0,0,0,0,0,1.54,-4.28,0.0,0.0,0.0,0.0,0.074,0,90,0,0.01,0,True,False,False,False,False,True
1782457036.169,0,0,0,0,0,1.54,-4.3,0.0,0.0,0.0,0.0,0.074,0,90,0,0.01,0,True,False,False,False,False,True
1782457036.194,0,0,0,0,0,1.52,-4.3,0.0,0.0,0.0,0.0,0.074,0,90,0,0.0,0,True,False,False,False,False,False
1782457036.218,0,0,0,0,0,1.5,-4.3,0.0,0.0,0.0,0.0,0.074,1,90,0,0.0,0,True,False,False,False,False,False
1782457036.237,0,0,0,0,0,1.47,-4.29,0.0,0.0,0.0,0.0,0.074,1,90,0,0.0,0,True,False,False,False,False,False
1782457036.258,0,0,0,0,0,1.46,-4.28,0.0,0.0,0.0,0.0,0.074,1,90,0,0.0,0,True,False,False,False,False,False
1782457036.282,0,0,0,0,0,1.46,-4.28,0.0,0.0,0.0,0.0,0.074,1,90,0,0.0,0,True,False,False,False,False,False
1782457036.305,0,0,0,0,0,1.47,-4.29,0.0,0.0,0.0,0.0,0.074,1,90,0,0.0,0,True,False,False,False,False,False
1782457036.33,0,0,0,0,0,1.48,-4.3,0.0,0.0,0.0,0.0,0.074,1,90,0,0.0,0,True,False,False,False,False,False
1782457036.354,0,0,0,0,0,1.49,-4.3,0.0,0.0,0.0,0.0,0.074,1,90,0,0.0,0,True,False,False,False,False,False
1782457036.377,0,0,0,0,0,1.51,-4.3,0.0,0.0,0.0,0.0,0.074,1,90,0,0.0,0,True,False,False,False,False,False
1782457036.401,0,0,0,0,0,1.51,-4.28,0.0,0.0,0.0,0.0,0.074,1,90,0,0.0,0,True,False,False,False,False,False
1782457036.424,0,0,0,0,0,1.51,-4.29,0.0,0.0,0.0,0.0,0.074,1,90,0,0.0,0,True,False,False,False,False,False
1782457036.449,0,0,0,0,0,1.5,-4.29,0.0,0.0,0.0,0.0,0.074,1,90,0,0.0,0,True,False,False,False,False,False
1782457036.471,0,0,0,0,0,1.48,-4.28,0.0,0.0,0.0,0.0,0.074,1,90,0,0.0,0,True,False,False,False,False,False
1782457036.495,0,0,0,0,0,1.48,-4.26,0.0,0.0,0.0,0.0,0.074,1,90,0,0.0,0,True,False,False,False,False,False
1782457036.52,0,0,0,0,0,1.47,-4.24,0.0,0.0,0.0,0.0,0.074,0,90,0,0.0,0,True,False,False,False,False,False
1782457036.543,0,0,0,0,0,1.46,-4.25,0.0,0.0,0.0,0.0,0.074,0,90,0,0.0,0,True,False,False,False,False,False
1782457036.567,0,0,0,0,0,1.46,-4.25,0.0,0.0,0.0,0.0,0.074,0,90,0,0.0,0,True,False,False,False,False,False
1782457036.591,0,0,0,0,0,1.47,-4.25,0.0,0.0,0.0,0.0,0.074,0,90,0,0.0,0,True,False,False,False,False,False
1782457036.616,0,0,0,0,0,1.49,-4.26,0.0,0.0,0.0,0.0,0.074,0,90,0,0.0,0,True,False,False,False,False,False
1782457036.638,0,0,0,0,0,1.5,-4.27,0.0,0.0,0.0,0.0,0.074,0,90,0,0.0,0,True,False,False,False,False,False
1782457036.662,0,0,0,0,0,1.5,-4.29,0.0,0.0,0.0,0.0,0.074,0,90,0,0.0,0,True,False,False,False,False,False
1782457036.689,0,0,0,0,0,1.48,-4.3,0.0,0.0,0.0,0.0,0.074,0,90,0,0.0,0,True,False,False,False,False,True
1782457036.71,0,0,0,0,0,1.48,-4.31,0.0,0.0,0.0,0.0,0.074,0,90,0,0.0,0,True,False,False,False,False,True
1782457036.733,0,0,0,0,0,1.5,-4.31,0.0,0.0,0.0,0.0,0.074,0,90,0,0.0,0,True,False,False,False,False,True
1782457036.757,0,0,0,0,0,1.53,-4.31,0.0,0.0,0.0,0.0,0.074,0,90,0,0.0,0,True,False,False,False,False,True
1782457036.781,0,0,0,0,0,1.54,-4.3,0.0,0.0,0.0,0.0,0.074,0,90,0,0.0,0,True,False,False,False,False,True
1782457036.804,0,0,0,0,0,1.53,-4.3,0.0,0.0,0.0,0.0,0.074,0,90,0,0.0,0,True,False,False,False,False,True
1782457036.828,0,0,0,0,0,1.51,-4.3,0.0,0.0,0.0,0.0,0.074,0,90,0,0.0,0,True,False,False,False,False,True
1782457036.853,0,0,0,0,0,1.48,-4.29,0.0,0.0,0.0,0.0,0.074,0,90,0,0.0,0,True,False,False,False,False,True
1782457036.879,0,0,0,0,0,1.46,-4.29,0.0,0.0,0.0,0.0,0.074,0,90,0,0.0,0,True,False,False,False,False,False
1782457036.9,0,0,0,0,0,1.43,-4.28,0.0,0.0,0.0,0.0,0.074,1,90,0,0.0,0,True,False,False,False,False,False
1782457036.924,0,0,0,0,0,1.42,-4.25,0.0,0.0,0.0,0.0,0.074,1,90,0,0.0,0,True,False,False,False,False,False
1782457036.947,0,0,0,0,0,1.42,-4.21,0.0,0.0,0.0,0.0,0.074,1,90,0,0.0,0,True,False,False,False,False,False
1782457036.972,0,0,0,0,0,1.43,-4.18,0.0,0.0,0.0,0.0,0.074,1,90,0,0.0,0,True,False,False,False,False,False
1782457036.995,0,0,0,0,0,1.44,-4.17,0.0,0.0,0.0,0.0,0.074,1,90,0,0.0,0,True,False,False,False,False,False
1782457037.019,0,0,0,0,0,1.45,-4.16,0.0,0.0,0.0,0.0,0.074,1,90,0,0.0,0,True,False,False,False,False,False
1782457037.037,0,0,0,0,0,1.47,-4.16,0.0,0.0,0.0,0.0,0.074,1,90,0,0.0,0,True,False,False,False,False,False
1782457037.061,0,0,0,0,0,1.47,-4.16,0.0,0.0,0.0,0.0,0.074,1,90,0,0.0,0,True,False,False,False,False,False
1782457037.086,0,0,0,0,0,1.46,-4.16,0.0,0.0,0.0,0.0,0.074,1,90,0,0.0,0,True,False,False,False,False,False
1782457037.11,0,0,0,0,0,1.46,-4.17,0.0,0.0,0.0,0.0,0.074,1,90,0,0.0,0,True,False,False,False,False,False
1782457037.132,0,0,0,0,0,1.48,-4.18,0.0,0.0,0.0,0.0,0.074,1,90,0,0.0,0,True,False,False,False,False,False
1782457037.157,0,0,0,0,0,1.49,-4.19,0.0,0.0,0.0,0.0,0.074,1,90,0,0.0,0,True,False,False,False,False,False
1782457037.181,0,0,0,0,0,1.49,-4.18,0.0,0.0,0.0,0.0,0.074,1,90,0,0.0,0,True,False,False,False,False,False
1782457037.204,0,0,0,0,0,1.47,-4.16,0.0,0.0,0.0,0.0,0.074,0,90,0,0.0,0,True,False,False,False,False,False
1782457037.227,0,0,0,0,0,1.44,-4.14,0.0,0.0,0.0,0.0,0.074,0,90,0,0.0,0,True,False,False,False,False,False
1782457037.252,0,0,0,0,0,1.42,-4.11,0.0,0.0,0.0,0.0,0.074,0,90,0,0.0,0,True,False,False,False,False,False
1782457037.275,0,0,0,0,0,1.4,-4.09,0.0,0.0,0.0,0.0,0.074,0,90,0,0.0,0,True,False,False,False,False,False
1782457037.299,0,0,0,0,0,1.37,-4.08,0.0,0.0,0.0,0.0,0.074,0,90,0,0.0,0,True,False,False,False,False,False
1782457037.371,0,0,0,0,0,1.36,-4.08,0.0,0.0,0.0,0.0,0.074,0,90,0,0.0,0,True,False,False,False,False,False
1782457037.394,0,0,0,0,0,1.37,-4.1,0.0,0.0,0.0,0.0,0.074,0,90,0,0.0,0,True,False,False,False,False,False
1782457037.419,0,0,0,0,0,1.37,-4.14,0.0,0.0,0.0,0.0,0.074,0,90,0,0.0,0,True,False,False,False,False,False
1782457037.442,0,0,0,0,0,1.36,-4.17,0.0,0.0,0.0,0.0,0.074,0,90,0,0.0,0,True,False,False,False,False,False
1782457037.465,0,0,0,0,0,1.34,-4.15,0.0,0.0,0.0,0.0,0.074,0,90,0,0.0,0,True,False,False,False,False,False
1782457037.49,0,0,0,0,0,1.35,-4.13,0.0,0.0,0.0,0.0,0.074,0,90,0,0.0,0,True,False,False,False,False,False
1782457037.514,0,0,0,0,0,1.35,-4.11,0.0,0.0,0.0,0.0,0.074,0,90,0,0.0,0,True,False,False,False,False,False
1782457037.538,0,0,0,0,0,1.36,-4.11,0.0,0.0,0.0,0.0,0.074,0,90,0,0.0,0,True,False,False,False,False,False
1782457037.561,0,0,0,0,0,1.37,-4.11,0.0,0.0,0.0,0.0,0.074,0,90,0,0.0,0,True,False,False,False,False,False
1782457037.585,0,0,0,0,0,1.38,-4.11,0.0,0.0,0.0,0.0,0.074,0,90,0,0.0,0,True,False,False,False,False,False
1782457037.609,0,0,0,0,0,1.39,-4.14,0.0,0.0,0.0,0.0,0.074,0,90,0,0.0,0,True,False,False,False,False,True
1782457037.632,0,0,0,0,0,1.42,-4.18,0.0,0.0,0.0,0.0,0.074,0,90,0,0.0,0,True,False,False,False,False,True
1782457037.656,0,0,0,0,0,1.47,-4.22,0.0,0.0,0.0,0.0,0.074,0,90,0,0.0,0,True,False,False,False,False,True
1782457037.679,0,0,0,0,0,1.49,-4.24,0.0,0.0,0.0,0.0,0.074,0,90,0,0.0,0,True,False,False,False,False,True
1782457037.704,0,0,0,0,0,1.46,-4.24,0.0,0.0,0.0,0.0,0.074,0,90,0,0.0,0,True,False,False,False,False,True
1782457037.727,0,0,0,0,0,1.43,-4.24,0.0,0.0,0.0,0.0,0.074,0,90,0,0.0,0,True,False,False,False,False,True
1782457037.755,0,0,0,0,0,1.44,-4.23,0.0,0.0,0.0,0.0,0.074,0,90,0,0.0,0,True,False,False,False,False,False
1782457037.775,0,0,0,0,0,1.5,-4.22,0.0,0.0,0.0,0.0,0.074,1,90,0,0.0,0,True,False,False,False,False,False
1782457037.799,0,0,0,0,0,1.57,-4.23,0.0,0.0,0.0,0.0,0.074,1,90,0,0.0,0,True,False,False,False,False,False
1782457037.822,0,0,0,0,0,1.62,-4.24,0.0,0.0,0.0,0.0,0.074,1,90,0,0.0,0,True,False,False,False,False,False
1782457037.847,0,0,0,0,0,1.62,-4.24,0.0,0.0,0.0,0.0,0.074,1,90,0,0.0,0,True,False,False,False,False,False
1782457037.869,0,0,0,0,0,1.61,-4.24,0.0,0.0,0.0,0.0,0.074,1,90,0,0.0,0,True,False,False,False,False,False
1782457037.893,0,0,0,0,0,1.59,-4.24,0.0,0.0,0.0,0.0,0.074,1,90,0,0.0,0,True,False,False,False,False,False
1782457037.922,0,0,0,0,0,1.57,-4.25,0.0,0.0,0.0,0.0,0.074,1,90,0,0.0,0,False,False,False,False,False,False
1782457037.94,0,0,0,0,0,1.55,-4.26,0.0,0.0,0.0,0.0,0.074,1,90,0,0.0,0,False,False,False,False,False,False
1782457037.965,0,0,0,0,0,1.53,-4.26,0.0,0.0,0.0,0.0,0.074,1,90,0,0.0,0,False,False,False,False,False,False
1782457037.983,0,0,0,0,0,1.52,-4.27,0.0,0.0,0.0,0.0,0.074,1,90,0,0.0,0,False,False,False,False,False,False
1782457038.007,0,0,0,0,0,1.5,-4.27,0.0,0.0,0.0,0.0,0.074,1,90,0,0.0,0,False,False,False,False,False,False
1782457038.031,0,0,0,0,0,1.48,-4.27,0.0,0.0,0.0,0.0,0.074,1,90,0,0.0,0,False,False,False,False,False,False
1782457038.055,0,0,0,0,0,1.49,-4.29,0.0,0.0,0.0,0.0,0.074,1,90,0,0.0,0,False,False,False,False,False,False
1782457038.078,0,0,0,0,0,1.5,-4.32,0.0,0.0,0.0,0.0,0.074,0,90,0,0.0,0,False,False,False,False,False,False
1782457038.103,0,0,0,0,0,1.51,-4.35,0.0,0.0,0.0,0.0,0.074,0,90,0,0.0,0,False,False,False,False,False,False
1782457038.125,0,0,0,0,0,1.51,-4.36,0.0,0.0,0.0,0.0,0.074,0,90,0,0.0,0,False,False,False,False,False,False
1782457038.149,0,0,0,0,0,1.49,-4.36,0.0,0.0,0.0,0.0,0.074,0,90,0,0.0,0,False,False,False,False,False,False
1782457038.172,0,0,0,0,0,1.48,-4.35,0.0,0.0,0.0,0.0,0.074,0,90,0,0.0,0,False,False,False,False,False,False
1782457038.197,0,0,0,0,0,1.47,-4.34,0.0,0.0,0.0,0.0,0.074,0,90,0,0.0,0,False,False,False,False,False,False
1782457038.222,0,0,0,0,0,1.48,-4.34,0.0,0.0,0.0,0.0,0.074,0,90,0,0.0,0,False,False,False,False,False,False
1782457038.239,0,0,0,0,0,1.48,-4.34,0.0016,0.0,0.0157,0.0,0.074,0,90,0,0.0,0,False,False,False,False,False,False
1782457038.264,0,0,0,0,0,1.5,-4.34,0.0045,0.0,0.0437,0.0,0.0741,0,90,0,0.0,0,False,False,False,False,False,False
1782457038.283,0,0,0,0,0,1.51,-4.33,0.0067,0.0,0.0658,0.0,0.0741,0,90,0,0.0,0,False,False,False,False,False,False
1782457038.306,0,0,0,0,0,1.52,-4.32,0.0084,0.0,0.0825,0.0,0.0741,0,90,0,0.0,0,False,False,False,False,False,False
1782457038.325,0,0,0,0,0,1.51,-4.29,0.0096,0.0,0.0938,0.0,0.0741,0,90,0,0.0,0,False,False,False,False,False,False
1782457038.35,0,0,0,0,0,1.5,-4.26,0.0105,0.0,0.103,0.0,0.0742,0,90,0,0.0,0,False,False,False,False,False,False
1782457038.369,0,0,0,0,0,1.48,-4.26,0.0113,0.0,0.1109,0.0,0.0742,0,90,0,0.0,0,False,False,False,False,False,False
1782457038.393,0,0,0,0,0,1.47,-4.26,0.0118,0.0,0.1162,0.0,0.0742,0,90,0,0.0,0,False,False,False,False,False,False
1782457038.417,0,0,0,0,0,1.47,-4.26,0.0122,0.0,0.1198,0.0,0.0742,0,90,0,0.0,0,False,False,False,False,False,False
1782457038.44,0,0,0,0,0,1.46,-4.27,0.0126,0.0,0.1239,0.0,0.0743,0,90,0,0.0,0,False,False,False,False,False,False
1782457038.465,0,0,0,0,0,1.45,-4.28,0.0131,0.0,0.1282,0.0,0.0743,0,90,0,0.0,0,False,False,False,False,False,False
1782457038.484,0,0,0,0,0,1.45,-4.28,0.0135,0.0,0.1327,0.0,0.0743,0,90,0,0.0,0,False,False,False,False,False,False
1782457038.509,0,0,0,0,0,1.46,-4.29,0.0142,0.0,0.1389,0.0,0.0743,0,90,0,0.0,0,False,False,False,False,False,False
1782457038.533,0,0,0,0,0,1.46,-4.28,0.0151,0.0,0.1478,0.0,0.0744,0,90,0,0.0,0,False,False,False,False,False,False
1782457038.556,0,0,0,0,0,1.46,-4.27,0.016,0.0,0.157,0.0,0.0744,0,90,0,0.0,0,False,False,False,False,False,False
1782457038.581,0,0,0,0,0,1.46,-4.26,0.0166,0.0,0.1633,0.0,0.0745,0,90,0,0.0,0,False,False,False,False,False,False
1782457038.606,0,0,0,0,0,1.47,-4.24,0.0169,0.0,0.166,0.0,0.0745,0,90,0,0.0,0,False,False,False,False,False,False
1782457038.63,0,0,0,0,0,1.49,-4.25,0.0166,0.0,0.1631,0.0,0.0745,0,90,0,0.0,0,False,False,False,False,False,False
1782457038.655,0,0,0,0,0,1.49,-4.26,0.0156,0.0,0.1533,0.0,0.0745,0,90,0,0.0,0,False,False,False,False,False,False
1782457038.678,0,0,0,0,0,1.48,-4.28,0.0125,0.0,0.123,0.0,0.0745,0,90,0,0.0,0,False,False,False,False,False,False
1782457038.704,0,0,0,0,0,1.46,-4.32,0.0085,0.0,0.0836,0.0,0.0745,0,90,0,0.0,0,False,False,False,False,False,False
1782457038.725,0,0,0,0,0,1.43,-4.37,0.0058,0.0,0.0568,0.0,0.0745,0,90,0,0.0,0,False,False,False,False,False,False
1782457038.75,0,0,0,0,0,1.41,-4.37,0.0039,0.0,0.0386,0.0,0.0745,0,90,0,0.0,0,False,False,False,False,False,False
1782457038.772,0,0,0,0,0,1.41,-4.43,0.0044,0.0,0.0435,0.0,0.0746,0,90,0,0.0,0,False,False,False,False,False,False
1782457038.797,0,0,0,0,0,1.41,-4.7,0.0069,0.0,0.0673,0.0,0.0746,0,90,0,0.0,0,False,False,False,False,False,False
1782457038.821,0,0,0,0,0,1.41,-4.99,0.009,0.0,0.0882,0.0,0.0746,0,90,0,0.0,0,False,False,False,False,False,False
1782457038.845,0,0,0,0,0,1.42,-5.13,0.0106,0.0,0.1039,0.0,0.0746,0,90,0,0.0,0,False,False,False,False,False,False
1782457038.871,0,0,0,0,0,1.44,-5.15,0.0118,0.0,0.1162,0.0,0.0747,0,90,0,0.0,0,False,False,False,False,False,False
1782457038.894,0,0,0,0,0,1.46,-5.07,0.0129,0.0,0.1261,0.0,0.0747,0,90,0,0.0,0,False,False,False,False,False,False
1782457038.916,0,0,0,0,0,1.47,-4.97,0.0137,0.0,0.1344,0.0,0.0746,0,90,0,0.0,0,False,False,False,False,False,False
1782457038.94,0,0,0,0,0,1.48,-4.89,0.0144,0.0,0.1416,0.0,0.0745,0,90,0,0.0,0,False,False,False,False,False,False
1782457038.965,0,0,0,0,0,1.49,-4.92,0.0149,0.0,0.1466,0.0,0.0745,0,90,0,0.0,0,False,False,False,False,False,False
1782457038.989,0,0,0,0,0,1.49,-5.02,0.0153,0.0,0.1499,0.0,0.0745,0,90,0,0.0,0,False,False,False,False,False,False
1782457039.012,0,0,0,0,0,1.5,-5.14,0.0157,0.0,0.1537,0.0,0.0746,0,90,0,0.0,0,False,False,False,False,False,False
1782457039.035,0,0,0,0,0,1.51,-5.2,0.0161,0.0,0.1579,0.0,0.0746,0,90,0,0.0,0,False,False,False,False,False,False
1782457039.061,0,0,0,0,0,1.51,-5.16,0.0164,0.0,0.1607,0.0,0.0747,0,90,0,0.0,0,False,False,False,False,False,False
1782457039.087,0,0,0,0,0,1.52,-5.08,0.0166,0.0,0.1627,0.0,0.0747,0,90,0,0.0,0,False,False,False,False,False,False
1782457039.11,0,0,0,0,0,1.55,-5.04,0.0167,0.0,0.164,0.0,0.0747,0,90,0,0.0,0,False,False,False,False,False,False
1782457039.134,0,0,0,0,0,1.59,-5.08,0.0168,0.0,0.1649,0.0,0.0748,0,90,0,0.0,0,False,False,False,False,False,False
1782457039.156,0,0,0,0,0,1.59,-5.15,0.0169,0.0,0.1655,0.0,0.0748,0,90,0,0.0,0,False,False,False,False,False,False
1782457039.181,0,0,0,0,0,1.57,-5.18,0.0171,0.0,0.1675,0.0,0.0748,0,90,0,0.0,0,False,False,False,False,False,False
1782457039.207,0,0,0,0,0,1.56,-5.14,0.0174,0.0,0.1704,0.0,0.0749,0,90,0,0.0,0,False,False,False,False,False,False
1782457039.223,0,0,0,0,0,1.58,-5.1,0.0176,0.0,0.1724,0.0,0.0749,0,90,0,0.0,0,False,False,False,False,False,False
1782457039.248,0,0,0,0,0,1.61,-5.1,0.0175,0.0,0.1721,0.0,0.0749,0,90,0,0.0,0,False,False,False,False,False,False
1782457039.271,0,0,0,0,0,1.65,-5.16,0.0174,0.0,0.1704,0.0,0.075,0,90,0,0.0,0,False,False,False,False,False,False
1782457039.295,0,0,0,0,0,1.67,-5.2,0.0174,0.0,0.1708,0.0,0.075,0,90,0,0.0,0,False,False,False,False,False,False
1782457039.32,0,0,0,0,0,1.67,-5.18,0.0178,0.0,0.1742,0.0,0.075,0,90,0,0.0,0,False,False,False,False,False,False
1782457039.343,0,0,0,0,0,1.66,-5.14,0.0182,0.0,0.1781,0.0,0.0751,0,90,0,0.0,0,False,False,False,False,False,False
1782457039.368,0,0,0,0,0,1.64,-5.11,0.0184,0.0,0.1808,0.0,0.0751,0,90,0,0.0,0,False,False,False,False,False,False
1782457039.39,0,0,0,0,0,1.63,-5.08,0.0186,0.0,0.1826,0.0,0.0752,0,90,0,0.0,0,False,False,False,False,False,False
1782457039.414,0,0,0,0,0,1.64,-5.04,0.0187,0.0,0.1838,0.0,0.0752,0,90,0,0.0,0,False,False,False,False,False,False
1782457039.439,0,0,0,0,0,1.65,-5.02,0.0188,0.0,0.1846,0.0,0.0752,0,90,0,0.0,0,False,False,False,False,False,False
1782457039.462,0,0,0,0,0,1.65,-5.02,0.0189,0.0,0.1852,0.0,0.0753,0,90,0,0.0,0,False,False,False,False,False,False
1782457039.488,0,0,0,0,0,1.64,-5.02,0.0191,0.0,0.1871,0.0,0.0753,0,90,0,0.0,0,False,False,False,False,False,False
1782457039.51,0,0,0,0,0,1.63,-5.03,0.0192,0.0,0.1885,0.0,0.0753,0,90,0,0.0,0,False,False,False,False,False,False
1782457039.533,0,0,0,0,0,1.64,-5.05,0.019,0.0,0.1862,0.0,0.0754,0,90,0,0.0,0,False,False,False,False,False,False
1782457039.558,0,0,0,0,0,1.66,-5.32,0.0185,0.0,0.1816,0.0,0.0754,0,90,0,0.0,0,False,False,False,False,False,False
1782457039.582,0,0,0,0,0,1.7,-6.09,0.018,0.0,0.1768,0.0,0.0754,0,90,0,0.0,0,False,False,False,False,False,False
1782457039.601,0,0,0,0,0,1.72,-7.02,0.0175,0.0,0.172,0.0,0.0755,0,90,0,0.0,0,False,False,False,False,False,False
1782457039.624,0,0,0,0,0,1.74,-7.67,0.0167,0.0,0.1641,0.0,0.0755,0,90,0,0.0,0,False,False,False,False,False,False
1782457039.649,0,0,0,0,0,1.74,-7.98,0.0157,0.0,0.1539,0.0,0.0755,0,90,0,0.0,0,False,False,False,False,False,False
1782457039.673,0,0,0,0,0,1.72,-8.06,0.0148,0.0,0.1455,0.0,0.0756,0,90,0,0.0,0,False,False,False,False,False,False
1782457039.7,0,0,0,0,0,1.7,-8.01,0.0142,0.0,0.1397,0.0,0.0756,0,90,0,0.01,0,False,False,False,False,False,False
1782457039.72,0,0,0,0,0,1.7,-7.94,0.0138,0.0,0.1358,0.0,0.0756,0,90,0,0.01,0,False,False,False,False,False,False
1782457039.745,0,0,0,0,0,1.7,-7.94,0.0134,0.0,0.1316,0.0,0.0756,0,90,0,0.01,0,False,False,False,False,False,False
1782457039.77,0,0,0,0,0,1.69,-7.98,0.013,0.0,0.1271,0.0,0.0757,0,90,0,0.01,0,False,False,False,False,False,False
1782457039.791,0,0,0,0,0,1.68,-8.03,0.0125,0.0,0.1226,0.0,0.0757,0,90,0,0.01,0,False,False,False,False,False,False
1782457039.819,0,0,0,0,0,1.68,-8.08,0.012,0.0,0.1179,0.0,0.0757,0,90,0,0.02,0,False,False,False,False,False,False
1782457039.841,0,0,0,0,0,1.66,-8.12,0.0117,0.0,0.1147,0.0,0.0757,0,90,0,0.02,0,False,False,False,False,False,False
1782457039.865,0,0,0,0,0,1.62,-8.13,0.0115,0.0,0.1125,0.0,0.0757,0,90,0,0.02,0,False,False,False,False,False,False
1782457039.89,0,0,0,0,0,1.57,-8.19,0.0113,0.0,0.111,0.0,0.0758,0,90,0,0.02,0,False,False,False,False,False,False
1782457039.909,0,0,0,0,0,1.53,-8.25,0.0111,0.0,0.1085,0.0,0.0758,0,90,0,0.02,0,False,False,False,False,False,False
1782457039.932,0,0,0,0,0,1.5,-8.28,0.0091,0.0,0.0894,0.0,0.0758,0,90,0,0.02,0,False,False,False,False,False,False
1782457039.957,0,0,0,0,0,1.48,-8.26,0.0062,0.0,0.0608,0.0,0.0758,0,90,0,0.02,0,False,False,False,False,False,False
1782457039.974,0,0,0,0,0,1.45,-8.25,0.0042,0.0,0.0413,0.0,0.0758,0,90,0,0.03,0,False,False,False,False,False,False
1782457039.999,0,0,0,0,0,1.42,-8.29,0.0029,0.0,0.0281,0.0,0.0758,0,90,0,0.03,0,False,False,False,False,False,False
1782457040.023,0,0,0,0,0,1.4,-8.36,0.0037,0.0,0.0364,0.0,0.0758,0,90,0,0.03,0,False,False,False,False,False,False
1782457040.05,0,0,0,0,0,1.38,-8.39,0.0043,0.0,0.042,0.0,0.0758,0,90,0,0.03,0,False,False,False,False,False,False
1782457040.072,0,0,0,0,0,1.36,-8.38,0.0029,0.0,0.0285,0.0,0.0758,0,90,0,0.03,0,False,False,False,False,False,False
1782457040.095,0,0,0,0,0,1.34,-8.39,0.002,0.0,0.0194,0.0,0.0758,0,90,0,0.03,0,False,False,False,False,False,False
1782457040.119,0,0,0,0,0,1.32,-8.44,0.0013,0.0,0.0132,0.0,0.0758,0,90,0,0.03,0,False,False,False,False,False,False
1782457040.143,0,0,0,0,0,1.3,-8.49,0.0009,0.0,0.009,0.0,0.0758,0,90,0,0.03,0,False,False,False,False,False,False
1782457040.167,0,0,0,0,0,1.29,-8.49,0.0006,0.0,0.0061,0.0,0.0758,0,90,0,0.03,0,False,False,False,False,False,False
1782457040.19,0,0,0,0,0,1.27,-8.48,0.0004,0.0,0.0041,0.0,0.0758,0,90,0,0.03,0,False,False,False,False,False,False
1782457040.214,0,0,0,0,0,1.26,-8.51,0.0003,0.0,0.0028,0.0,0.0758,0,90,0,0.03,0,False,False,False,False,False,False
1782457040.233,0,0,0,0,0,1.24,-8.55,0.0002,0.0,0.0019,0.0,0.0758,0,90,0,0.03,0,False,False,False,False,False,False
1782457040.256,0,0,0,0,0,1.22,-8.54,0.0001,0.0,0.0013,0.0,0.0758,0,90,0,0.03,0,False,False,False,False,False,False
1782457040.276,0,0,0,0,0,1.2,-8.54,0.0001,0.0,0.0009,0.0,0.0758,0,90,0,0.03,0,False,False,False,False,False,False
1782457040.299,0,0,0,0,0,1.21,-8.56,0.0001,0.0,0.0006,0.0,0.0758,0,90,0,0.03,0,False,False,False,False,False,False
1782457040.318,0,0,0,0,0,1.24,-8.57,0.0,0.0,0.0004,0.0,0.0758,0,90,0,0.03,0,False,False,False,False,False,False
1782457040.344,0,0,0,0,0,1.28,-8.55,0.0,0.0,0.0003,0.0,0.0758,0,90,0,0.03,0,False,False,False,False,False,False
1782457040.362,0,0,0,0,0,1.29,-8.52,0.0,0.0,0.0002,0.0,0.0758,0,90,0,0.03,0,False,False,False,False,False,False
1782457040.387,0,0,0,0,0,1.27,-8.53,0.0,0.0,0.0001,0.0,0.0758,0,90,0,0.03,0,False,False,False,False,False,False
1782457040.407,0,0,0,0,0,1.25,-8.54,0.0,0.0,0.0001,0.0,0.0758,0,90,0,0.03,0,False,False,False,False,False,False
1782457040.43,0,0,0,0,0,1.22,-8.52,0.0,0.0,0.0001,0.0,0.0758,0,90,0,0.03,0,False,False,False,False,False,False
1782457040.449,0,0,0,0,0,1.2,-8.49,0.0,0.0,0.0,0.0,0.0758,0,90,0,0.03,0,False,False,False,False,False,False
1782457040.473,0,0,0,0,0,1.19,-8.45,0.0,0.0,0.0,0.0,0.0758,0,90,0,0.03,0,False,False,False,False,False,False
1782457040.491,0,0,0,0,0,1.18,-8.41,0.0,0.0,0.0,0.0,0.0758,0,90,0,0.03,0,False,False,False,False,False,False
1782457040.517,0,0,0,0,0,1.18,-8.37,0.0,0.0,0.0,0.0,0.0758,0,90,0,0.03,0,False,False,False,False,False,False
1782457040.535,0,0,0,0,0,1.19,-8.33,0.0,0.0,0.0,0.0,0.0758,0,90,0,0.03,0,False,False,False,False,False,False
1782457040.56,0,0,0,0,0,1.21,-8.34,0.0,0.0,0.0,0.0,0.0758,0,90,0,0.03,0,False,False,False,False,False,False
1782457040.578,0,0,0,0,0,1.23,-8.37,0.0,0.0,0.0,0.0,0.0758,0,90,0,0.03,0,False,False,False,False,False,False
1782457040.602,0,0,0,0,0,1.26,-8.39,0.0018,0.0,0.0173,0.0,0.0758,0,90,0,0.03,0,False,False,False,False,False,False
1782457040.622,0,0,0,0,0,1.27,-8.4,0.0049,0.0,0.0479,0.0,0.0759,0,90,0,0.03,0,False,False,False,False,False,False
1782457040.645,0,0,0,0,0,1.27,-8.42,0.0072,0.0,0.0703,0.0,0.0759,0,90,0,0.03,0,False,False,False,False,False,False
1782457040.665,0,0,0,0,0,1.25,-8.45,0.0089,0.0,0.087,0.0,0.0759,0,90,0,0.03,0,False,False,False,False,False,False
1782457040.69,0,0,0,0,0,1.23,-8.46,0.0102,0.0,0.1,0.0,0.0759,0,90,0,0.03,0,False,False,False,False,False,False
1782457040.708,0,0,0,0,0,1.2,-8.47,0.0111,0.0,0.1088,0.0,0.076,0,90,0,0.03,0,False,False,False,False,False,False
1782457040.731,0,0,0,0,0,1.18,-8.46,0.0119,0.0,0.1164,0.0,0.076,0,90,0,0.03,0,False,False,False,False,False,False
1782457040.749,0,0,0,0,0,1.17,-8.44,0.0125,0.0,0.1231,0.0,0.076,0,90,0,0.03,0,False,False,False,False,False,False
1782457040.775,0,0,0,0,0,1.16,-8.41,0.013,0.0,0.1277,0.0,0.076,0,90,0,0.03,0,False,False,False,False,False,False
1782457040.791,0,0,0,0,0,1.14,-8.41,0.0135,0.0,0.1323,0.0,0.0761,0,90,0,0.03,0,False,False,False,False,False,False
1782457040.816,0,0,0,0,0,1.12,-8.42,0.014,0.0,0.1371,0.0,0.0761,0,90,0,0.03,0,False,False,False,False,False,False
1782457040.836,0,0,0,0,0,1.14,-8.42,0.0143,0.0,0.1403,0.0,0.0761,0,90,0,0.03,0,False,False,False,False,False,False
1782457040.859,0,0,0,0,0,1.16,-8.41,0.0147,0.0,0.1441,0.0,0.0762,0,90,0,0.03,0,False,False,False,False,False,False
1782457040.879,0,0,0,0,0,1.17,-8.43,0.0151,0.0,0.1482,0.0,0.0762,0,90,0,0.03,0,False,False,False,False,False,False
1782457040.904,0,0,0,0,0,1.17,-8.46,0.0152,0.0,0.1494,0.0,0.0762,0,90,0,0.03,0,False,False,False,False,False,False
1782457040.921,0,0,0,0,0,1.16,-8.47,0.015,0.0,0.1471,0.0,0.0763,0,90,0,0.03,0,False,False,False,False,False,False
1782457040.945,0,0,0,0,0,1.15,-8.48,0.0147,0.0,0.144,0.0,0.0763,0,90,0,0.02,0,False,False,False,False,False,False
1782457040.965,0,0,0,0,0,1.13,-8.5,0.0143,0.0,0.1403,0.0,0.0763,0,90,0,0.02,0,False,False,False,False,False,False
1782457040.99,0,0,0,0,0,1.11,-8.5,0.0139,0.0,0.1362,0.0,0.0763,0,90,0,0.02,0,False,False,False,False,False,False
1782457041.006,0,0,0,0,0,1.1,-8.49,0.0136,0.0,0.1334,0.0,0.0764,0,90,0,0.02,0,False,False,False,False,False,False
1782457041.031,0,0,0,0,0,1.09,-8.49,0.0132,0.0,0.13,0.0,0.0764,0,90,0,0.02,0,False,False,False,False,False,False
1782457041.051,0,0,0,0,0,1.09,-8.49,0.0128,0.0,0.126,0.0,0.0764,0,90,0,0.02,0,False,False,False,False,False,False
1782457041.074,0,0,0,0,0,1.09,-8.49,0.0124,0.0,0.1218,0.0,0.0764,0,90,0,0.02,0,False,False,False,False,False,False
1782457041.094,0,0,0,0,0,1.09,-8.48,0.012,0.0,0.1174,0.0,0.0765,0,90,0,0.01,0,False,False,False,False,False,False
1782457041.118,0,0,0,0,0,1.09,-8.46,0.0117,0.0,0.1143,0.0,0.0765,0,90,0,0.01,0,False,False,False,False,False,False
1782457041.137,0,0,0,0,0,1.1,-8.44,0.0113,0.0,0.1107,0.0,0.0765,0,90,0,0.01,0,False,False,False,False,False,False
1782457041.161,0,0,0,0,0,1.11,-8.45,0.0109,0.0,0.1067,0.0,0.0765,0,90,0,0.01,0,False,False,False,False,False,False
1782457041.179,0,0,0,0,0,1.12,-8.45,0.009,0.0,0.0882,0.0,0.0765,0,90,0,0.01,0,False,False,False,False,False,False
1782457041.205,0,0,0,0,0,1.13,-8.43,0.0061,0.0,0.0599,0.0,0.0765,0,90,0,0.01,0,False,False,False,False,False,False
1782457041.223,0,0,0,0,0,1.15,-8.4,0.0042,0.0,0.0407,0.0,0.0765,0,90,0,0.01,0,False,False,False,False,False,False
1782457041.246,0,0,0,0,0,1.15,-8.39,0.0028,0.0,0.0277,0.0,0.0765,0,90,0,0.0,0,False,False,False,False,False,False
1782457041.266,0,0,0,0,0,1.12,-8.4,0.0019,0.0,0.0188,0.0,0.0765,0,90,0,0.0,0,False,False,False,False,False,False
1782457041.291,0,0,0,0,0,1.09,-8.39,0.0013,0.0,0.0128,0.0,0.0765,0,90,0,0.0,0,False,False,False,False,False,False
1782457041.31,0,0,0,0,0,1.07,-8.39,0.0009,0.0,0.0087,0.0,0.0765,0,90,0,0.0,0,False,False,False,False,False,False
1782457041.332,0,0,0,0,0,1.07,-8.42,0.0006,0.0,0.0059,0.0,0.0765,0,90,0,0.0,0,False,False,False,False,False,False
1782457041.352,0,0,0,0,0,1.09,-8.43,0.0004,0.0,0.004,0.0,0.0765,0,90,0,0.0,0,False,False,False,False,False,False
1782457041.376,0,0,0,0,0,1.11,-8.42,0.0003,0.0,0.0027,0.0,0.0765,0,90,0,0.0,0,False,False,False,False,False,False
1782457041.394,0,0,0,0,0,1.11,-8.44,0.0002,0.0,0.0019,0.0,0.0765,0,90,0,0.0,0,False,False,False,False,False,False
1782457041.418,0,0,0,0,0,1.1,-8.46,0.0001,0.0,0.0013,0.0,0.0765,0,90,0,0.0,0,False,False,False,False,False,False
1782457041.438,0,0,0,0,0,1.12,-8.46,0.0001,0.0,0.0009,0.0,0.0765,0,90,0,0.0,0,False,False,False,False,False,False
1782457041.461,0,0,0,0,0,1.15,-8.47,0.0001,0.0,0.0006,0.0,0.0765,0,90,0,0.0,0,False,False,False,False,False,False
1782457041.48,0,0,0,0,0,1.16,-8.49,0.0,0.0,0.0004,0.0,0.0765,0,90,0,0.0,0,False,False,False,False,False,False
1782457041.506,0,0,0,0,0,1.16,-8.49,0.0,0.0,0.0003,0.0,0.0765,0,90,0,0.0,0,False,False,False,False,False,False
1782457041.524,0,0,0,0,0,1.17,-8.48,0.0,0.0,0.0002,0.0,0.0765,0,90,0,0.0,0,False,False,False,False,False,False
1782457041.548,0,0,0,0,0,1.17,-8.5,0.0,0.0,0.0001,0.0,0.0765,0,90,0,0.0,0,False,False,False,False,False,False
1782457041.574,0,0,0,0,0,1.16,-8.53,0.0,0.0,0.0001,0.0,0.0765,0,90,0,0.0,0,False,False,False,False,False,False
1782457041.595,0,0,0,0,0,1.14,-8.52,0.0,0.0,0.0001,0.0,0.0765,0,90,0,0.0,0,False,False,False,False,False,False
1782457041.615,0,0,0,0,0,1.13,-8.52,0.0,0.0,0.0,0.0,0.0765,0,90,0,0.0,0,False,False,False,False,False,False
1782457041.639,0,0,0,0,0,1.11,-8.52,0.0,0.0,0.0,0.0,0.0765,0,90,0,0.0,0,False,False,False,False,False,False
1782457041.662,0,0,0,0,0,1.11,-8.51,0.0,0.0,0.0,0.0,0.0765,0,90,0,0.0,0,False,False,False,False,False,False
1782457041.687,0,0,0,0,0,1.11,-8.48,0.0,0.0,0.0,0.0,0.0765,0,90,0,0.0,0,False,False,False,False,False,False
1782457041.71,0,0,0,0,0,1.12,-8.49,0.0,0.0,0.0,0.0,0.0765,0,90,0,0.0,0,False,False,False,False,False,False
1782457041.735,0,0,0,0,0,1.11,-8.5,0.0,0.0,0.0,0.0,0.0765,0,90,0,0.0,0,False,False,False,False,False,False
1782457041.76,0,0,0,0,0,1.11,-8.49,0.0,0.0,0.0,0.0,0.0765,0,90,0,0.0,0,False,False,False,False,False,False
1782457041.777,0,0,0,0,0,1.11,-8.47,0.0,0.0,0.0,0.0,0.0765,0,90,0,0.0,0,False,False,False,False,False,False
1782457041.803,0,0,0,0,0,1.11,-8.46,0.0,0.0,0.0,0.0,0.0765,0,90,0,0.0,0,False,False,False,False,False,False
1782457041.822,0,0,0,0,0,1.09,-8.44,0.0,0.0,0.0,0.0,0.0765,0,90,0,0.0,0,False,False,False,False,False,False
1782457041.844,0,0,0,0,0,1.08,-8.43,0.0,0.0,0.0,0.0,0.0765,0,90,0,0.0,0,False,False,False,False,False,False
1782457041.87,0,0,0,0,0,1.08,-8.44,0.0,0.0,0.0,0.0,0.0765,0,90,0,0.0,0,False,False,False,False,False,False
1782457041.892,0,0,0,0,0,1.08,-8.43,0.0,0.0,0.0,0.0,0.0765,0,90,0,0.0,0,False,False,False,False,False,False
1782457041.911,0,0,0,0,0,1.08,-8.43,0.0,0.0,0.0,0.0,0.0765,0,90,0,0.0,0,False,False,False,False,False,False
1782457041.941,0,0,0,0,0,1.09,-8.46,0.0,0.0,0.0,0.0,0.0765,0,90,0,0.0,0,False,False,False,False,False,False
1782457041.958,0,0,0,0,0,1.1,-8.48,0.0,0.0,0.0,0.0,0.0765,0,90,0,0.0,0,False,False,False,False,False,False
1782457041.979,0,0,0,0,0,1.11,-8.47,0.0,0.0,0.0,0.0,0.0765,0,90,0,0.0,0,False,False,False,False,False,False
1782457041.998,0,0,0,0,0,1.14,-8.46,0.0,0.0,0.0,0.0,0.0765,0,90,0,0.0,0,False,False,False,False,False,False
1782457042.023,0,0,0,0,0,1.15,-8.45,0.0,0.0,0.0,0.0,0.0765,0,90,0,0.0,0,False,False,False,False,False,False
1782457042.046,0,0,0,0,0,1.16,-8.43,0.0,0.0,0.0,0.0,0.0765,0,90,0,0.0,0,False,False,False,False,False,False
1782457042.072,0,0,0,0,0,1.15,-8.43,0.0,0.0,0.0,0.0,0.0765,0,90,0,0.0,0,False,False,False,False,False,False
1782457042.095,0,0,0,0,0,1.13,-8.45,0.0,0.0,0.0,0.0,0.0765,0,90,0,0.0,0,False,False,False,False,False,False
1782457042.118,0,0,0,0,0,1.1,-8.46,0.0,0.0,0.0,0.0,0.0765,0,90,0,0.0,0,False,False,False,False,False,False
1782457042.142,0,0,0,0,0,1.07,-8.45,0.0,0.0,0.0,0.0,0.0765,0,90,0,0.0,0,False,False,False,False,False,False
1782457042.166,0,0,0,0,0,1.07,-8.44,0.0,0.0,0.0,0.0,0.0765,0,90,0,0.0,0,False,False,False,False,False,False
1782457042.19,0,0,0,0,0,1.07,-8.45,0.0,0.0,0.0,0.0,0.0765,0,90,0,0.0,0,False,False,False,False,False,False
1782457042.213,0,0,0,0,0,1.06,-8.46,0.0,0.0,0.0,0.0,0.0765,0,90,0,0.0,0,False,False,False,False,False,False
1782457042.238,0,0,0,0,0,1.06,-8.46,0.0,0.0,0.0,0.0,0.0765,0,90,0,0.0,0,False,False,False,False,False,False
1782457042.261,0,0,0,0,0,1.06,-8.44,0.0,0.0,0.0,0.0,0.0765,0,90,0,0.0,0,False,False,False,False,False,False
1782457042.284,0,0,0,0,0,1.08,-8.4,0.0,0.0,0.0,0.0,0.0765,0,90,0,0.0,0,False,False,False,False,False,False
1782457042.309,0,0,0,0,0,1.09,-8.37,0.0,0.0,0.0,0.0,0.0765,0,90,0,0.0,0,False,False,False,False,False,False
1782457042.331,0,0,0,0,0,1.1,-8.36,0.0,0.0,0.0,0.0,0.0765,0,90,0,0.0,0,False,False,False,False,False,False
1782457042.357,0,0,0,0,0,1.12,-8.39,0.0,0.0,0.0,0.0,0.0765,0,90,0,0.0,0,False,False,False,False,False,False
1782457042.379,0,0,0,0,0,1.13,-8.45,0.0,0.0,0.0,0.0,0.0765,0,90,0,0.0,0,False,False,False,False,False,False
1782457042.403,0,0,0,0,0,1.14,-8.52,0.0,0.0,0.0,0.0,0.0765,0,90,0,0.0,0,False,False,False,False,False,False
1782457042.426,0,0,0,0,0,1.18,-8.56,0.0,0.0,0.0,0.0,0.0765,0,90,0,0.0,0,False,False,False,False,False,False
1782457042.449,0,0,0,0,0,1.24,-8.51,0.0,0.0,0.0,0.0,0.0765,0,90,0,0.0,0,False,False,False,False,False,False
1782457042.475,0,0,0,0,0,1.3,-8.4,0.0,0.0,0.0,0.0,0.0765,0,90,0,0.0,0,False,False,False,False,False,False
1782457042.496,0,0,0,0,0,1.34,-8.37,0.0,0.0,0.0,0.0,0.0765,0,90,0,0.0,0,False,False,False,False,False,False
1782457042.52,0,0,0,0,0,1.37,-8.27,0.0,0.0,0.0,0.0,0.0765,0,90,0,0.0,0,False,False,False,False,False,False
1782457042.545,0,0,0,0,0,1.42,-7.81,0.0,0.0,0.0,0.0,0.0765,0,90,0,0.0,0,False,False,False,False,False,False
1782457042.567,0,0,0,0,0,1.45,-7.31,0.0,0.0,0.0,0.0,0.0765,0,90,0,0.0,0,False,False,False,False,False,False
1782457042.59,0,0,0,0,0,1.49,-6.91,0.0,0.0,0.0,0.0,0.0765,0,90,0,0.0,0,False,False,False,False,False,False
1782457042.613,0,0,0,0,0,1.62,-6.04,0.0,0.0,0.0,0.0,0.0765,0,90,0,0.0,0,False,False,False,False,False,False
1782457042.638,0,0,0,0,0,1.77,-5.05,0.0,0.0,0.0,0.0,0.0765,0,90,0,0.0,0,False,False,False,False,False,False
1782457042.659,0,0,0,0,0,1.87,-4.48,0.0,0.0,0.0,0.0,0.0765,0,90,0,0.0,0,False,False,False,False,False,False
1782457042.684,0,0,0,0,0,1.9,-4.19,0.0,0.0,0.0,0.0,0.0765,0,90,0,0.0,0,False,False,False,False,False,False
1782457042.706,0,0,0,0,0,1.85,-3.94,0.0,0.0,0.0,0.0,0.0765,0,90,0,0.0,0,False,False,False,False,False,False
1782457042.73,0,0,0,0,0,1.77,-3.65,0.0,0.0,0.0,0.0,0.0765,0,90,0,0.0,0,False,False,False,False,False,False
1782457042.753,0,0,0,0,0,1.75,-3.36,0.0,0.0,0.0,0.0,0.0765,0,90,0,0.0,0,False,False,False,False,False,False
1782457042.776,0,0,0,0,0,1.8,-3.19,0.0,0.0,0.0,0.0,0.0765,0,90,0,0.0,0,False,False,False,False,False,False
1782457042.799,0,0,0,0,0,1.86,-3.18,0.0,0.0,0.0,0.0,0.0765,0,90,0,0.0,0,False,False,False,False,False,False
1782457042.824,0,0,0,0,0,1.89,-3.24,0.0,0.0,0.0,0.0,0.0765,0,90,0,0.01,0,False,False,False,False,False,False
1782457042.848,0,0,0,0,0,1.91,-3.31,0.0,0.0,0.0,0.0,0.0765,0,90,0,0.01,0,False,False,False,False,False,False
1782457042.87,0,0,0,0,0,1.9,-3.34,0.0,0.0,0.0,0.0,0.0765,0,90,0,0.01,0,False,False,False,False,False,False
1782457042.893,0,0,0,0,0,1.84,-3.31,0.0,0.0,0.0,0.0,0.0765,0,90,0,0.01,0,False,False,False,False,False,False
1782457042.917,0,0,0,0,0,1.75,-3.27,0.0,0.0,0.0,0.0,0.0765,0,90,0,0.01,0,False,False,False,False,False,False
1782457042.949,0,0,0,0,0,1.71,-3.27,0.0,0.0,0.0,0.0,0.0765,0,90,0,0.01,0,False,False,False,False,False,False
1782457042.963,0,0,0,0,0,1.74,-3.36,0.0,0.0,0.0,0.0,0.0765,0,90,0,0.01,0,False,False,False,False,False,False
1782457042.987,0,0,0,0,0,1.8,-3.5,0.0,0.0,0.0,0.0,0.0765,0,90,0,0.01,0,False,False,False,False,False,False
1782457043.011,0,0,0,0,0,1.83,-3.6,0.0,0.0,0.0,0.0,0.0765,0,90,0,0.01,0,False,False,False,False,False,False
1782457043.037,0,0,0,0,0,1.83,-3.62,0.0,0.0,0.0,0.0,0.0765,0,90,0,0.01,0,False,False,False,False,False,False
1782457043.059,0,0,0,0,0,1.82,-3.6,0.0,0.0,0.0,0.0,0.0765,0,90,0,0.01,0,False,False,False,False,False,False
1782457043.082,0,0,0,0,0,1.82,-3.61,0.0,0.0,0.0,0.0,0.0765,0,90,0,0.01,0,False,False,False,False,False,False
1782457043.105,0,0,0,0,0,1.83,-3.64,0.0,0.0,0.0,0.0,0.0765,0,90,0,0.01,0,False,False,False,False,False,False
1782457043.129,0,0,0,0,0,1.83,-3.68,0.0,0.0,0.0,0.0,0.0765,0,90,0,0.01,0,False,False,False,False,False,False
1782457043.152,0,0,0,0,0,1.84,-3.76,0.0,0.0,0.0,0.0,0.0765,0,90,0,0.01,0,False,False,False,False,False,False
1782457043.176,0,0,0,0,0,1.88,-3.84,0.0,0.0,0.0,0.0,0.0763,0,90,0,0.01,0,False,False,False,False,False,False
1782457043.201,0,0,0,0,0,1.92,-3.93,0.0,0.0,0.0,0.0,0.0758,0,90,0,0.01,0,False,False,False,False,False,False
1782457043.225,0,0,0,0,0,1.92,-4.01,0.0,0.0,0.0,0.0,0.0751,0,90,0,0.01,0,False,False,False,False,False,False
1782457043.247,0,0,0,0,0,1.91,-4.06,0.0,0.0,0.0,0.0,0.0744,0,90,0,0.01,0,False,False,False,False,False,False
1782457043.27,0,0,0,0,0,1.89,-4.07,0.0,0.0,0.0,0.0,0.0737,0,90,0,0.01,0,False,False,False,False,False,False
1782457043.293,0,0,0,0,0,1.87,-4.08,0.0,0.0,0.0,0.0,0.073,0,90,0,0.01,0,False,False,False,False,False,False
1782457043.318,0,0,0,0,0,1.83,-4.09,0.0,0.0,0.0,0.0,0.0723,0,90,0,0.01,0,False,False,False,False,False,False
1782457043.342,0,0,0,0,0,1.82,-4.11,0.0,0.0,0.0,0.0,0.0715,0,90,0,0.01,0,False,False,False,False,False,False
1782457043.364,0,0,0,0,0,1.81,-4.11,0.0,0.0,0.0,0.0,0.0708,0,90,0,0.01,0,False,False,False,False,False,False
1782457043.388,0,0,0,0,0,1.8,-4.12,0.0,0.0,0.0,0.0,0.0701,0,90,0,0.01,0,False,False,False,False,False,False
1782457043.413,0,0,0,0,0,1.79,-4.14,0.0,0.0,0.0,0.0,0.0694,0,90,0,0.01,0,False,False,False,False,False,False
1782457043.436,0,0,0,0,0,1.79,-4.14,0.0,0.0,0.0,0.0,0.0687,0,90,0,0.01,0,False,False,False,False,False,False
1782457043.46,0,0,0,0,0,1.78,-4.13,0.0,0.0,0.0,0.0,0.068,0,90,0,0.01,0,False,False,False,False,False,False
1782457043.484,0,0,0,0,0,1.76,-4.13,0.0,0.0,0.0,0.0,0.0673,0,90,0,0.01,0,False,False,False,False,False,False
1782457043.505,0,0,0,0,0,1.74,-4.14,0.0,0.0,0.0,0.0,0.0666,0,90,0,0.01,0,False,False,False,False,False,False
1782457043.53,0,0,0,0,0,1.72,-4.21,0.0,0.0,0.0,0.0,0.0659,0,90,0,0.01,0,False,False,False,False,False,False
1782457043.553,0,0,0,0,0,1.72,-4.36,0.0,0.0,0.0,0.0,0.0652,0,90,0,0.01,0,False,False,False,False,False,False
1782457043.577,0,0,0,0,0,1.73,-4.5,0.0,0.0,0.0,0.0,0.0645,0,90,0,0.01,0,False,False,False,False,False,False
1782457043.599,0,0,0,0,0,1.73,-4.57,0.0,0.0,0.0,0.0,0.0638,0,90,0,0.01,0,False,False,False,False,False,False
1782457043.623,0,0,0,0,0,1.74,-4.57,0.0,0.0,0.0,0.0,0.0631,0,90,0,0.01,0,False,False,False,False,False,False
1782457043.647,0,0,0,0,0,1.73,-4.54,0.0,0.0,0.0,0.0,0.0624,0,90,0,0.01,0,False,False,False,False,False,False
1782457043.67,0,0,0,0,0,1.73,-4.52,0.0,0.0,0.0,0.0,0.0617,0,90,0,0.01,0,False,False,False,False,False,False
1782457043.694,0,0,0,0,0,1.74,-4.51,0.0,0.0,0.0,0.0,0.061,0,90,0,0.01,0,False,False,False,False,False,False
1782457043.718,0,0,0,0,0,1.75,-4.55,0.0,0.0,0.0,0.0,0.0603,0,90,0,0.01,0,False,False,False,False,False,False
1782457043.742,0,0,0,0,0,1.76,-4.58,0.0,0.0,0.0,0.0,0.0596,0,90,0,0.01,0,False,False,False,False,False,False
1782457043.764,0,0,0,0,0,1.77,-4.58,0.0,0.0,0.0,0.0,0.0589,0,90,0,0.01,0,False,False,False,False,False,False
1782457043.787,0,0,0,0,0,1.8,-4.78,0.0,0.0,0.0,0.0,0.0582,0,90,0,0.01,0,False,False,False,False,False,False
1782457043.811,0,0,0,0,0,1.81,-5.38,0.0,0.0,0.0,0.0,0.0575,0,90,0,0.01,0,False,False,False,False,False,False
1782457043.834,0,0,0,0,0,1.85,-6.27,0.0,0.0,0.0,0.0,0.0568,0,90,0,0.01,0,False,False,False,False,False,False
1782457043.861,0,0,0,0,0,1.89,-7.33,0.0,0.0,0.0,0.0,0.0561,0,90,0,0.01,0,False,False,False,False,False,False
1782457043.882,0,0,0,0,0,1.92,-8.55,0.0,0.0,0.0,0.0,0.0554,0,90,0,0.01,0,False,False,False,False,False,False
1782457043.906,0,0,0,0,0,1.91,-9.84,0.0,0.0,0.0,0.0,0.0547,0,90,0,0.01,0,False,False,False,False,False,False
1782457043.927,0,0,0,0,0,1.9,-11.01,0.0,0.0,0.0,0.0,0.054,0,90,0,0.01,0,False,False,False,False,False,False
1782457043.952,0,0,0,0,0,1.8,-11.9,0.0,0.0,0.0,0.0,0.0533,0,90,0,0.01,0,False,False,False,False,False,False
1782457043.978,0,0,0,0,0,1.55,-12.54,0.0,0.0,0.0,0.0,0.0526,0,90,0,0.02,0,False,False,False,False,False,False
1782457043.999,0,0,0,0,0,1.31,-13.12,0.0,0.0,0.0,0.0,0.0519,0,90,0,0.02,0,False,False,False,False,False,False
1782457044.023,0,0,0,0,0,1.18,-13.77,0.0,0.0,0.0,0.0,0.0512,0,90,0,0.02,0,False,False,False,False,False,False
1782457044.049,0,0,0,0,0,1.11,-14.48,0.0,0.0,0.0,0.0,0.0505,0,90,0,0.02,0,False,False,False,False,False,False
1782457044.071,0,0,0,0,0,1.02,-15.16,0.0,0.0,0.0,0.0,0.0498,0,90,0,0.02,0,False,False,False,False,False,False
1782457044.095,0,0,0,0,0,0.94,-15.72,0.0,0.0,0.0,0.0,0.0491,0,90,0,0.02,0,False,False,False,False,False,False
1782457044.118,0,0,0,0,0,0.87,-16.11,0.0,0.0,0.0,0.0,0.0485,0,90,0,0.03,0,False,False,False,False,False,False
1782457044.143,0,0,0,0,0,0.79,-16.35,0.0,0.0,0.0,0.0,0.0478,0,90,0,0.03,0,False,False,False,False,False,False
1782457044.166,0,0,0,0,0,0.71,-16.53,0.0,0.0,0.0,0.0,0.0471,0,90,0,0.03,0,False,False,False,False,False,False
1782457044.191,0,0,0,0,0,0.63,-16.73,0.0,0.0,0.0,0.0,0.0464,0,90,0,0.03,0,False,False,False,False,False,False
1782457044.214,0,0,0,0,0,0.54,-16.98,0.0,0.0,0.0,0.0,0.0457,0,90,0,0.03,0,False,False,False,False,False,False
1782457044.237,0,0,0,0,0,0.44,-17.24,0.0,0.0,0.0,0.0,0.045,0,90,0,0.03,0,False,False,False,False,False,False
1782457044.262,0,0,0,0,0,0.34,-17.42,0.0,0.0,0.0,0.0,0.0443,0,90,0,0.03,0,False,False,False,False,False,False
1782457044.285,0,0,0,0,0,0.24,-17.35,0.0,0.0,0.0,0.0,0.0437,0,90,0,0.03,0,False,False,False,False,False,False
1782457044.311,0,0,0,0,0,0.26,-16.94,0.0,0.0,0.0,0.0,0.043,0,90,0,0.03,0,False,False,False,False,False,False
1782457044.333,0,0,0,0,0,0.45,-16.34,0.0,0.0,0.0,0.0,0.0423,0,90,0,0.03,0,False,False,False,False,False,False
1782457044.357,0,0,0,0,0,0.7,-15.59,0.0,0.0,0.0,0.0,0.0416,0,90,0,0.03,0,False,False,False,False,False,False
1782457044.381,0,0,0,0,0,0.95,-14.58,0.0,0.0,0.0,0.0,0.041,0,90,0,0.03,0,False,False,False,False,False,False
1782457044.405,0,0,0,0,0,1.32,-13.5,0.0,0.0,0.0,0.0,0.0403,0,90,0,0.03,0,False,False,False,False,False,False
1782457044.435,0,0,0,0,0,1.73,-12.8,0.0,0.0,0.0,0.0,0.0396,0,90,0,0.03,0,False,False,False,False,False,False
1782457044.454,0,0,0,0,0,2.02,-12.6,0.0,0.0,0.0,0.0,0.039,0,90,0,0.03,0,False,False,False,False,False,False
1782457044.48,0,0,0,0,0,2.24,-12.8,0.0,0.0,0.0,0.0,0.0383,0,90,0,0.03,0,False,False,False,False,False,False
1782457044.499,0,0,0,0,0,2.47,-13.13,0.0,0.0,0.0,0.0,0.0376,0,90,0,0.03,0,False,False,False,False,False,False
1782457044.522,0,0,0,0,0,2.66,-13.35,0.0,0.0,0.0,0.0,0.037,0,90,0,0.04,0,False,False,False,False,False,False
1782457044.545,0,0,0,0,0,2.76,-13.46,0.0,0.0,0.0,0.0,0.0363,0,90,0,0.04,0,False,False,False,False,False,False
1782457044.569,0,0,0,0,0,2.77,-13.51,0.0,0.0,0.0,0.0,0.0357,0,90,0,0.04,0,False,False,False,False,False,False
1782457044.593,0,0,0,0,0,2.69,-13.49,0.0,0.0,0.0,0.0,0.035,0,90,0,0.04,0,False,False,False,False,False,False
1782457044.617,0,0,0,0,0,2.57,-13.42,0.0,0.0,0.0,0.0,0.0344,0,90,0,0.05,0,False,False,False,False,False,False
1782457044.639,0,0,0,0,0,2.45,-13.36,0.0,0.0,0.0,0.0,0.0337,0,90,0,0.06,0,False,False,False,False,False,False
1782457044.664,0,0,0,0,0,2.42,-13.0,0.0,0.0,0.0,0.0,0.0331,0,90,0,0.07,0,False,False,False,False,False,False
1782457044.687,0,0,0,0,0,2.58,-12.08,0.0,0.0,0.0,0.0,0.0325,0,90,0,0.07,0,False,False,False,False,False,False
1782457044.711,0,0,0,0,0,2.84,-11.21,0.0,0.0,0.0,0.0,0.0318,0,90,0,0.07,0,False,False,False,False,False,False
1782457044.735,0,0,0,0,0,2.95,-10.97,0.0,0.0,0.0,0.0,0.0312,0,90,0,0.07,0,False,False,False,False,False,False
1782457044.758,0,0,0,0,0,2.84,-11.28,0.0,0.0,0.0,0.0,0.0306,0,90,0,0.07,0,False,False,False,False,False,False
1782457044.781,0,0,0,0,0,2.63,-11.84,0.0,0.0,0.0,0.0,0.03,0,90,0,0.08,0,False,False,False,False,False,False
1782457044.805,0,0,0,0,0,2.49,-12.28,0.0,0.0,0.0,0.0,0.0294,0,90,0,0.08,0,False,False,False,False,False,False
1782457044.83,0,0,0,0,0,2.44,-12.45,0.0,0.0,0.0,0.0,0.0288,0,90,0,0.09,0,False,False,False,False,False,False
1782457044.852,0,0,0,0,0,2.45,-12.52,0.0,0.0,0.0,0.0,0.0282,0,90,0,0.09,0,False,False,False,False,False,False
1782457044.875,0,0,0,0,0,2.46,-12.61,0.0,0.0,0.0,0.0,0.0276,0,90,0,0.09,0,False,False,False,False,False,False
1782457044.898,0,0,0,0,0,2.47,-12.68,0.0,0.0,0.0,0.0,0.027,0,90,0,0.1,0,False,False,False,False,False,False
1782457044.923,0,0,0,0,0,2.49,-12.69,0.0,0.0,0.0,0.0,0.0264,0,90,0,0.11,0,False,False,False,False,False,False
1782457044.946,0,0,0,0,0,2.5,-12.66,0.0,0.0,0.0,0.0,0.0258,0,90,0,0.11,0,False,False,False,False,False,False
1782457044.968,0,0,0,0,0,2.52,-12.61,0.0,0.0,0.0,0.0,0.0252,0,90,0,0.11,0,False,False,False,False,False,False
1782457044.993,0,0,0,0,0,2.53,-12.57,0.0,0.0,0.0,0.0,0.0246,0,90,0,0.11,0,False,False,False,False,False,False
1782457045.015,0,0,0,0,0,2.53,-12.58,0.0,0.0,0.0,0.0,0.024,0,90,0,0.12,0,False,False,False,False,False,False
1782457045.04,0,0,0,0,0,2.57,-12.58,0.0,0.0,0.0,0.0,0.0235,0,90,0,0.12,0,False,False,False,False,False,False
1782457045.063,0,0,0,0,0,3.04,-12.29,0.0,0.0,0.0,0.0,0.0229,0,90,0,0.12,0,False,False,False,False,False,False
1782457045.087,0,0,0,0,0,4.15,-11.55,0.0,0.0,0.0,0.0,0.0223,0,90,0,0.12,0,False,False,False,False,False,False
1782457045.112,0,0,0,0,0,5.22,-10.85,0.0,0.0,0.0,0.0,0.0217,0,90,0,0.12,0,False,False,False,False,False,False
1782457045.134,0,0,0,0,0,5.71,-10.57,0.0,0.0,0.0,0.0,0.0211,0,90,0,0.12,0,False,False,False,False,False,False
1782457045.157,0,0,0,0,0,5.86,-10.52,0.0,0.0,0.0,0.0,0.0205,0,90,0,0.13,0,False,False,False,False,False,False
1782457045.18,0,0,0,0,0,5.9,-10.51,0.0,0.0,0.0,0.0,0.02,0,90,0,0.13,0,False,False,False,False,False,False
1782457045.204,0,0,0,0,0,5.94,-10.49,0.0,0.0,0.0,0.0,0.0194,0,90,0,0.13,0,False,False,False,False,False,False
1782457045.229,0,0,0,0,0,5.93,-10.4,0.0,0.0,0.0,0.0,0.0188,0,90,0,0.13,0,False,False,False,False,False,False
1782457045.251,0,0,0,0,0,5.85,-10.36,0.0,0.0,0.0,0.0,0.0182,0,90,0,0.13,0,False,False,False,False,False,False
1782457045.275,0,0,0,0,0,5.74,-10.43,0.0,0.0,0.0,0.0,0.0177,0,90,0,0.13,0,False,False,False,False,False,False
1782457045.299,0,0,0,0,0,5.72,-10.47,0.0,0.0,0.0,0.0,0.0171,0,90,0,0.13,0,False,False,False,False,False,False
1782457045.322,0,0,0,0,0,5.73,-10.48,0.0,0.0,0.0,0.0,0.0166,0,90,0,0.13,0,False,False,False,False,False,False
1782457045.345,0,0,0,0,0,5.32,-10.54,0.0,0.0,0.0,0.0,0.016,0,90,0,0.13,0,False,False,False,False,False,False
1782457045.368,0,0,0,0,0,4.26,-10.68,0.0,0.0,0.0,0.0,0.0155,0,90,0,0.13,0,False,False,False,False,False,False
1782457045.393,0,0,0,0,0,3.26,-10.99,0.0,0.0,0.0,0.0,0.0149,0,90,0,0.13,0,False,False,False,False,False,False
1782457045.416,0,0,0,0,0,2.87,-11.23,0.0,0.0,0.0,0.0,0.0144,0,90,0,0.12,0,False,False,False,False,False,False
1782457045.439,0,0,0,0,0,2.92,-11.16,0.0,0.0,0.0,0.0,0.0139,0,90,0,0.12,0,False,False,False,False,False,False
1782457045.465,0,0,0,0,0,3.15,-10.85,0.0,0.0,0.0,0.0,0.0133,0,90,0,0.12,0,False,False,False,False,False,False
1782457045.486,0,0,0,0,0,3.39,-10.45,0.0,0.0,0.0,0.0,0.0128,0,90,0,0.12,0,False,False,False,False,False,False
1782457045.512,0,0,0,0,0,3.58,-10.07,0.0,0.0,0.0,0.0,0.0123,0,90,0,0.12,0,False,False,False,False,False,False
1782457045.532,0,0,0,0,0,3.68,-9.8,0.0,0.0,0.0,0.0,0.0117,0,90,0,0.11,0,False,False,False,False,False,False
1782457045.556,0,0,0,0,0,3.69,-9.67,0.0,0.0,0.0,0.0,0.0112,0,90,0,0.11,0,False,False,False,False,False,False
1782457045.58,0,0,0,0,0,3.6,-9.72,0.0,0.0,0.0,0.0,0.0107,0,90,0,0.11,0,False,False,False,False,False,False
1782457045.601,0,0,0,0,0,3.41,-9.94,0.0,0.0,0.0,0.0,0.0102,0,90,0,0.11,0,False,False,False,False,False,False
1782457045.627,0,0,0,0,0,3.21,-10.2,0.0,0.0,0.0,0.0,0.0097,0,90,0,0.11,0,False,False,False,False,False,False
1782457045.648,0,0,0,0,0,3.09,-10.31,0.0,0.0,0.0,0.0,0.0092,0,90,0,0.11,0,False,False,False,False,False,False
1782457045.671,0,0,0,0,0,3.07,-10.17,0.0,0.0,0.0,0.0,0.0087,0,90,0,0.11,0,False,False,False,False,False,False
1782457045.697,0,0,0,0,0,3.15,-9.84,0.0,0.0,0.0,0.0,0.0082,0,90,0,0.11,0,False,False,False,False,False,False
1782457045.719,0,0,0,0,0,3.26,-9.49,0.0,0.0,0.0,0.0,0.0077,0,90,0,0.12,0,False,False,False,False,False,False
1782457045.745,0,0,0,0,0,3.36,-9.24,0.0,0.0,0.0,0.0,0.0073,0,90,0,0.12,0,False,False,False,False,False,False
1782457045.765,0,0,0,0,0,3.41,-9.12,0.0,0.0,0.0,0.0,0.0068,0,90,0,0.12,0,False,False,False,False,False,False
1782457045.789,0,0,0,0,0,3.41,-9.07,0.0,0.0,0.0,0.0,0.0063,0,90,0,0.12,0,False,False,False,False,False,False
1782457045.813,0,0,0,0,0,3.4,-9.06,0.0,0.0,0.0,0.0,0.0059,0,90,0,0.12,0,False,False,False,False,False,False
1782457045.837,0,0,0,0,0,3.4,-9.04,0.0,0.0,0.0,0.0,0.0054,0,90,0,0.12,0,False,False,False,False,False,False
1782457045.862,0,0,0,0,0,3.39,-9.04,0.0,0.0,0.0,0.0,0.005,0,90,0,0.13,0,False,False,False,False,False,False
1782457045.885,0,0,0,0,0,3.38,-9.09,0.0,0.0,0.0,0.0,0.0045,0,90,0,0.13,0,False,False,False,False,False,False
1782457045.908,0,0,0,0,0,3.38,-9.19,0.0,0.0,0.0,0.0,0.0044,0,90,0,0.12,0,False,False,False,False,False,False
1782457045.931,0,0,0,0,0,3.38,-9.26,0.0,0.0,0.0,0.0,0.0043,0,90,0,0.11,0,False,False,False,False,False,False
1782457045.955,0,0,0,0,0,3.33,-9.25,0.0,0.0,0.0,0.0,0.0041,0,90,0,0.11,0,False,False,False,False,False,False
1782457045.979,0,0,0,0,0,3.2,-9.14,0.0,0.0,0.0,0.0,0.0037,0,90,0,0.11,0,False,False,False,False,False,False
1782457046.003,0,0,0,0,0,3.09,-8.96,0.0,0.0,0.0,0.0,0.0034,0,90,0,0.11,0,False,False,False,False,False,False
1782457046.026,0,0,0,0,0,3.04,-8.82,0.0,0.0,0.0,0.0,0.0032,0,90,0,0.1,0,False,False,False,False,False,False
1782457046.049,0,0,0,0,0,3.04,-8.85,0.0,0.0,0.0,0.0,0.0032,0,90,0,0.1,0,False,False,False,False,False,False
1782457046.073,0,0,0,0,0,3.06,-8.6,0.0,0.0,0.0,0.0,0.0032,0,90,0,0.09,0,False,False,False,False,False,False
1782457046.096,0,0,0,0,0,3.07,-7.73,0.0,0.0,0.0,0.0,0.0032,0,90,0,0.09,0,False,False,False,False,False,False
1782457046.12,0,0,0,0,0,3.12,-6.79,0.0,0.0,0.0,0.0,0.0032,0,90,0,0.09,0,False,False,False,False,False,False
1782457046.143,0,0,0,0,0,3.24,-6.31,0.0,0.0,0.0,0.0,0.0032,0,90,0,0.09,0,False,False,False,False,False,False
1782457046.166,0,0,0,0,0,3.37,-6.17,0.0,0.0,0.0,0.0,0.0032,0,90,0,0.09,0,False,False,False,False,False,False
1782457046.188,0,0,0,0,0,3.45,-6.16,0.0,0.0,0.0,0.0,0.0032,0,90,0,0.08,0,False,False,False,False,False,False
1782457046.212,0,0,0,0,0,3.47,-6.14,0.0,0.0,0.0,0.0,0.003,0,90,0,0.07,0,False,False,False,False,False,False
1782457046.235,0,0,0,0,0,3.47,-6.1,0.0,0.0,0.0,0.0,0.003,0,90,0,0.07,0,False,False,False,False,False,False
1782457046.259,0,0,0,0,0,3.47,-6.01,0.0,0.0,0.0,0.0,0.003,0,90,0,0.07,0,False,False,False,False,False,False
1782457046.282,0,0,0,0,0,3.48,-5.89,0.0,0.0,0.0,0.0,0.0029,0,90,0,0.07,0,False,False,False,False,False,False
