Timestamp,JX,JY,B1_Dur,B2_Dur,Grip,Pitch,Roll,FSR_L_KG,FSR_R_KG,FSR_L_Newton,FSR_R_Newton,Fatigue_Live_KG,Vib_Active,Servo_Angle,Tremor_Flag,Tremor_Var,UI_Mode,FS_Up,FS_Down,FS_Left,FS_Right,FS_Trigger,FS_Thumb
1782461790.103,0,0,0,0,0,0.19,-0.99,0.0,0.0,0.0,0.0,0.0,0,90,0,0.0,0,False,False,False,False,False,False
1782461790.124,0,0,0,0,0,0.67,-3.65,0.0,0.0,0.0,0.0,0.0,0,90,0,0.0,0,False,False,False,False,False,False
1782461790.148,0,0,0,0,0,1.12,-6.19,0.0,0.0,0.0,0.0,0.0,0,90,0,0.0,0,False,False,False,False,False,False
1782461790.172,0,0,0,0,0,1.33,-7.24,0.0,0.0,0.0,0.0,0.0,0,90,0,0.0,0,False,False,False,False,False,False
1782461790.197,0,0,0,0,0,1.4,-7.31,0.0,0.0,0.0,0.0,0.0,0,90,0,0.0,0,False,False,False,False,False,False
1782461790.219,0,0,0,0,0,1.41,-7.1,0.0,0.0,0.0,0.0,0.0,0,90,0,0.0,0,False,False,False,False,False,False
1782461790.246,0,0,0,0,0,1.38,-6.94,0.0,0.0,0.0,0.0,0.0,0,90,0,0.0,0,False,False,False,False,False,False
1782461790.266,0,0,0,0,0,1.37,-6.88,0.0,0.0,0.0,0.0,0.0,0,90,0,0.0,0,False,False,False,False,False,False
1782461790.292,0,0,0,0,0,1.35,-6.88,0.0,0.0,0.0,0.0,0.0,0,90,0,0.0,0,False,False,False,False,False,False
1782461790.314,0,0,0,0,0,1.34,-6.89,0.0,0.0,0.0,0.0,0.0,0,90,0,0.0,0,False,False,False,False,False,False
1782461790.338,0,0,0,0,0,1.33,-6.9,0.0,0.0,0.0,0.0,0.0,0,90,0,0.0,0,False,False,False,False,False,False
1782461790.362,0,0,0,0,0,1.33,-6.9,0.0,0.0,0.0,0.0,0.0,0,90,0,0.0,0,False,False,False,False,False,False
1782461790.386,0,0,0,0,0,1.33,-6.91,0.0,0.0,0.0,0.0,0.0,0,90,0,0.0,0,False,False,False,False,False,False
1782461790.408,0,0,0,0,0,1.3,-6.91,0.0,0.0,0.0,0.0,0.0,0,90,0,0.0,0,False,False,False,False,False,False
1782461790.433,0,0,0,0,0,1.26,-6.88,0.0,0.0,0.0,0.0,0.0,0,90,0,0.0,0,False,False,False,False,False,False
1782461790.456,0,0,0,0,0,1.24,-6.87,0.0,0.0,0.0,0.0,0.0,0,90,0,0.0,0,False,False,False,False,False,False
1782461790.48,0,0,0,0,0,1.26,-6.87,0.0,0.0,0.0,0.0,0.0,0,90,0,0.0,0,False,False,False,False,False,False
1782461790.504,0,0,0,0,0,1.31,-6.88,0.0,0.0,0.0,0.0,0.0,0,90,0,0.0,0,False,False,False,False,False,False
1782461790.528,0,0,0,0,0,1.34,-6.88,0.0,0.0,0.0,0.0,0.0,0,90,0,0.0,0,False,False,False,False,False,False
1782461790.552,0,0,0,0,0,1.33,-6.9,0.0,0.0,0.0,0.0,0.0,0,90,0,0.0,0,False,False,False,False,False,False
1782461790.575,0,0,0,0,0,1.3,-6.9,0.0,0.0,0.0,0.0,0.0,0,90,0,0.0,0,False,False,False,False,False,False
1782461790.599,0,0,0,0,0,1.3,-6.91,0.0,0.0,0.0,0.0,0.0,0,90,0,0.0,0,False,False,False,False,False,False
1782461790.622,0,0,0,0,0,1.32,-6.95,0.0,0.0,0.0,0.0,0.0,0,90,0,0.0,0,False,False,False,False,False,False
1782461790.647,0,0,0,0,0,1.33,-6.98,0.0,0.0,0.0,0.0,0.0,0,90,0,0.0,0,False,False,False,False,False,False
1782461790.669,0,0,0,0,0,1.33,-6.97,0.0,0.0,0.0,0.0,0.0,0,90,0,0.0,0,False,False,False,False,False,False
1782461790.696,0,0,0,0,0,1.34,-6.96,0.0,0.0,0.0,0.0,0.0,0,90,0,0.0,0,False,False,False,False,False,False
1782461790.718,0,0,0,0,0,1.36,-6.97,0.0,0.0,0.0,0.0,0.0,0,90,0,0.0,0,False,False,False,False,False,False
1782461790.743,0,0,0,0,0,1.36,-6.97,0.0,0.0,0.0,0.0,0.0,0,90,0,0.0,0,False,False,False,False,False,False
1782461790.764,0,0,0,0,0,1.35,-6.96,0.0,0.0,0.0,0.0,0.0,0,90,0,0.0,0,False,False,False,False,False,False
1782461790.789,0,0,0,0,0,1.34,-6.94,0.0,0.0,0.0,0.0,0.0,0,90,0,0.0,0,False,False,False,False,False,False
1782461790.814,0,0,0,0,0,1.34,-6.91,0.0,0.0,0.0,0.0,0.0,0,90,0,0.0,0,False,False,False,False,False,False
1782461790.836,0,0,0,0,0,1.31,-6.89,0.0,0.0,0.0,0.0,0.0,0,90,0,0.0,0,False,False,False,False,False,False
1782461790.859,0,0,0,0,0,1.26,-6.9,0.0,0.0,0.0,0.0,0.0,0,90,0,0.0,0,False,False,False,False,False,False
1782461790.883,0,0,0,0,0,1.25,-6.93,0.0,0.0,0.0,0.0,0.0,0,90,0,0.0,0,False,False,False,False,False,False
1782461790.906,0,0,0,0,0,1.28,-6.92,0.0,0.0,0.0,0.0,0.0,0,90,0,0.0,0,False,False,False,False,False,False
1782461790.932,0,0,0,0,0,1.31,-6.9,0.0,0.0,0.0,0.0,0.0,0,90,0,0.0,0,False,False,False,False,False,False
1782461790.954,0,0,0,0,0,1.31,-6.9,0.0,0.0,0.0,0.0,0.0,0,90,0,0.0,0,False,False,False,False,False,False
1782461790.981,0,0,0,0,0,1.28,-6.9,0.0,0.0,0.0,0.0,0.0,0,90,0,0.0,0,False,False,False,False,False,False
1782461791.001,0,0,0,0,0,1.26,-6.89,0.0,0.0,0.0,0.0,0.0,0,90,0,0.0,0,False,False,False,False,False,False
1782461791.027,0,0,0,0,0,1.26,-6.9,0.0,0.0,0.0,0.0,0.0,0,90,0,0.0,0,False,False,False,False,False,False
1782461791.05,0,0,0,0,0,1.3,-6.92,0.0,0.0,0.0,0.0,0.0,0,90,0,0.0,0,False,False,False,False,False,False
1782461791.073,0,0,0,0,0,1.35,-6.94,0.0,0.0,0.0,0.0,0.0,0,90,0,0.0,0,False,False,False,False,False,False
1782461791.097,0,0,0,0,0,1.39,-6.94,0.0,0.0,0.0,0.0,0.0,0,90,0,0.0,0,False,False,False,False,False,False
1782461791.121,0,0,0,0,0,1.4,-6.94,0.0,0.0,0.0,0.0,0.0,0,90,0,0.0,0,False,False,False,False,False,False
1782461791.144,0,0,0,0,0,1.37,-6.93,0.0,0.0,0.0,0.0,0.0,0,90,0,0.0,0,False,False,False,False,False,False
1782461791.168,0,0,0,0,0,1.36,-6.91,0.0,0.0,0.0,0.0,0.0,0,90,0,0.0,0,False,False,False,False,False,False
1782461791.191,0,0,0,0,0,1.37,-6.91,0.0,0.0,0.0,0.0,0.0,0,90,0,0.0,0,False,False,False,False,False,False
1782461791.216,0,0,0,0,0,1.38,-6.91,0.0,0.0,0.0,0.0,0.0,0,90,0,0.0,0,False,False,False,False,False,False
1782461791.238,0,0,0,0,0,1.4,-6.91,0.0,0.0,0.0,0.0,0.0,0,90,0,0.0,0,False,False,False,False,False,False
1782461791.264,0,0,0,0,0,1.41,-6.91,0.0,0.0,0.0,0.0,0.0,0,90,0,0.0,0,False,False,False,False,False,False
1782461791.285,0,0,0,0,0,1.39,-6.91,0.0,0.0,0.0,0.0,0.0,0,90,0,0.0,0,False,False,False,False,False,False
1782461791.311,0,0,0,0,0,1.35,-6.91,0.0,0.0,0.0,0.0,0.0,0,90,0,0.0,0,False,False,False,False,False,False
1782461791.333,0,0,0,0,0,1.32,-6.9,0.0,0.0,0.0,0.0,0.0,0,90,0,0.0,0,False,False,False,False,False,False
1782461791.357,0,0,0,0,0,1.32,-6.9,0.0,0.0,0.0,0.0,0.0,0,90,0,0.0,0,False,False,False,False,False,False
1782461791.381,0,0,0,0,0,1.34,-6.89,0.0,0.0,0.0,0.0,0.0,0,90,0,0.0,0,False,False,False,False,False,False
1782461791.404,0,0,0,0,0,1.36,-6.87,0.0,0.0,0.0,0.0,0.0,0,90,0,0.0,0,False,False,False,False,False,False
1782461791.429,0,0,0,0,0,1.38,-6.87,0.0,0.0,0.0,0.0,0.0,0,90,0,0.0,0,False,False,False,False,False,False
1782461791.451,0,0,0,0,0,1.39,-6.9,0.0,0.0,0.0,0.0,0.0,0,90,0,0.0,0,False,False,False,False,False,False
1782461791.475,0,0,0,0,0,1.39,-6.92,0.0,0.0,0.0,0.0,0.0,0,90,0,0.0,0,False,False,False,False,False,False
1782461791.499,0,0,0,0,0,1.38,-6.9,0.0,0.0,0.0,0.0,0.0,0,90,0,0.19,0,False,False,False,False,False,False
1782461791.523,0,0,0,0,0,1.37,-6.9,0.0,0.0,0.0,0.0,0.0,0,90,0,0.19,0,False,False,False,False,False,False
1782461791.546,0,0,0,0,0,1.37,-6.93,0.0,0.0,0.0,0.0,0.0,0,90,0,0.19,0,False,False,False,False,False,False
1782461791.571,0,0,0,0,0,1.37,-6.93,0.0,0.0,0.0,0.0,0.0,0,90,0,0.18,0,False,False,False,False,False,False
1782461791.593,0,0,0,0,0,1.36,-6.91,0.0,0.0,0.0,0.0,0.0,0,90,0,0.18,0,False,False,False,False,False,False
1782461791.613,0,0,0,0,0,1.33,-6.93,0.0,0.0,0.0,0.0,0.0,0,90,0,0.18,0,False,False,False,False,False,False
1782461791.635,0,0,0,0,0,1.31,-6.94,0.0,0.0,0.0,0.0,0.0,0,90,0,0.17,0,False,False,False,False,False,False
1782461791.661,0,0,0,0,0,1.31,-6.93,0.0,0.0,0.0,0.0,0.0,0,90,0,0.15,0,False,False,False,False,False,False
1782461791.684,0,0,0,0,0,1.32,-6.91,0.0,0.0,0.0,0.0,0.0,0,90,0,0.12,0,False,False,False,False,False,False
1782461791.709,0,0,0,0,0,1.32,-6.9,0.0,0.0,0.0,0.0,0.0,0,90,0,0.1,0,False,False,False,False,False,False
1782461791.731,0,0,0,0,0,1.32,-6.88,0.0,0.0,0.0,0.0,0.0,0,90,0,0.1,0,False,False,False,False,False,False
1782461791.755,0,0,0,0,0,1.33,-6.87,0.0,0.0,0.0,0.0,0.0,0,90,0,0.1,0,False,False,False,False,False,False
1782461791.78,0,0,0,0,0,1.34,-6.86,0.0,0.0,0.0,0.0,0.0,0,90,0,0.08,0,False,False,False,False,False,False
1782461791.802,0,0,0,0,0,1.32,-6.86,0.0,0.0,0.0,0.0,0.0,0,90,0,0.05,0,False,False,False,False,False,False
1782461791.825,0,0,0,0,0,1.31,-6.88,0.0,0.0,0.0,0.0,0.0,0,90,0,0.03,0,False,False,False,False,False,False
1782461791.85,0,0,0,0,0,1.3,-6.92,0.0,0.0,0.0,0.0,0.0,0,90,0,0.03,0,False,False,False,False,False,False
1782461791.872,0,0,0,0,0,1.28,-6.94,0.0,0.0,0.0,0.0,0.0,0,90,0,0.03,0,False,False,False,False,False,False
1782461791.896,0,0,0,0,0,1.27,-6.94,0.0,0.0,0.0,0.0,0.0,0,90,0,0.02,0,False,False,False,False,False,False
1782461791.92,0,0,0,0,0,1.27,-6.92,0.0,0.0,0.0,0.0,0.0,0,90,0,0.01,0,False,False,False,False,False,False
1782461791.943,0,0,0,0,0,1.29,-6.92,0.0,0.0,0.0,0.0,0.0,0,90,0,0.01,0,False,False,False,False,False,False
1782461791.967,0,0,0,0,0,1.33,-6.93,0.0,0.0,0.0,0.0,0.0,0,90,0,0.01,0,False,False,False,False,False,False
1782461791.99,0,0,0,0,0,1.34,-6.96,0.0,0.0,0.0,0.0,0.0,0,90,0,0.01,0,False,False,False,False,False,False
1782461792.014,0,0,0,0,0,1.33,-6.97,0.0,0.0,0.0,0.0,0.0,0,90,0,0.01,0,False,False,False,False,False,False
1782461792.038,0,0,0,0,0,1.32,-6.97,0.0,0.0,0.0,0.0,0.0,0,90,0,0.0,0,False,False,False,False,False,False
1782461792.063,0,0,0,0,0,1.32,-6.97,0.0,0.0,0.0,0.0,0.0,0,90,0,0.0,0,False,False,False,False,False,False
1782461792.085,0,0,0,0,0,1.33,-6.95,0.0,0.0,0.0,0.0,0.0,0,90,0,0.0,0,False,False,False,False,False,False
1782461792.109,0,0,0,0,0,1.33,-6.93,0.0,0.0,0.0,0.0,0.0,0,90,0,0.0,0,False,False,False,False,False,False
1782461792.132,0,0,0,0,0,1.32,-6.92,0.0,0.0,0.0,0.0,0.0,0,90,0,0.0,0,False,False,False,False,False,False
1782461792.157,0,0,0,0,0,1.32,-6.91,0.0,0.0,0.0,0.0,0.0,0,90,0,0.0,0,False,False,False,False,False,False
1782461792.181,0,0,0,0,0,1.33,-6.91,0.0,0.0,0.0,0.0,0.0,0,90,0,0.0,0,False,False,False,False,False,False
1782461792.204,0,0,0,0,0,1.34,-6.92,0.0,0.0,0.0,0.0,0.0,0,90,0,0.0,0,False,False,False,False,False,False
1782461792.227,0,0,0,0,0,1.33,-6.91,0.0,0.0,0.0,0.0,0.0,0,90,0,0.0,0,False,False,False,False,False,False
1782461792.25,0,0,0,0,0,1.35,-6.9,0.0,0.0,0.0,0.0,0.0,0,90,0,0.0,0,False,False,False,False,False,False
1782461792.273,0,0,0,0,0,1.41,-6.88,0.0,0.0,0.0,0.0,0.0,0,90,0,0.0,0,False,False,False,False,False,False
1782461792.299,0,0,0,0,0,1.48,-6.87,0.0,0.0,0.0,0.0,0.0,0,90,0,0.0,0,False,False,False,False,False,False
1782461792.321,0,0,0,0,0,1.54,-6.88,0.0,0.0,0.0,0.0,0.0,0,90,0,0.0,0,False,False,False,False,False,False
1782461792.345,0,0,0,0,0,1.58,-6.88,0.0,0.0,0.0,0.0,0.0,0,90,0,0.0,0,False,False,False,False,False,False
1782461792.368,0,0,0,0,0,1.6,-6.89,0.0,0.0,0.0,0.0,0.0,0,90,0,0.0,0,False,False,False,False,False,False
1782461792.391,0,0,0,0,0,1.6,-6.9,0.0,0.0,0.0,0.0,0.0,0,90,0,0.0,0,False,False,False,False,False,False
1782461792.415,0,0,0,0,0,1.57,-6.9,0.0,0.0,0.0,0.0,0.0,0,90,0,0.0,0,False,False,False,False,False,False
1782461792.438,0,0,0,0,0,1.54,-6.89,0.0,0.0,0.0,0.0,0.0,0,90,0,0.0,0,False,False,False,False,False,False
1782461792.463,0,0,0,0,0,1.52,-6.89,0.0,0.0,0.0,0.0,0.0,0,90,0,0.0,0,False,False,False,False,False,False
1782461792.487,0,0,0,0,0,1.52,-6.9,0.0,0.0,0.0,0.0,0.0,0,90,0,0.0,0,False,False,False,False,False,False
1782461792.51,0,0,0,0,0,1.51,-6.9,0.0,0.0,0.0,0.0,0.0,0,90,0,0.0,0,False,False,False,False,False,False
1782461792.533,0,0,0,0,0,1.49,-6.89,0.0,0.0,0.0,0.0,0.0,0,90,0,0.0,0,False,False,False,False,False,False
1782461792.556,0,0,0,0,0,1.46,-6.88,0.0,0.0,0.0,0.0,0.0,0,90,0,0.0,0,False,False,False,False,False,False
1782461792.58,0,0,0,0,0,1.44,-6.89,0.0,0.0,0.0,0.0,0.0,0,90,0,0.0,0,False,False,False,False,False,False
1782461792.605,0,0,0,0,0,1.43,-6.91,0.0,0.0,0.0,0.0,0.0,0,90,0,0.0,0,False,False,False,False,False,False
1782461792.629,0,0,0,0,0,1.42,-6.92,0.0,0.0,0.0,0.0,0.0,0,90,0,0.0,0,False,False,False,False,False,False
1782461792.652,0,0,0,0,0,1.42,-6.94,0.0,0.0,0.0,0.0,0.0,0,90,0,0.0,0,False,False,False,False,False,False
1782461792.675,0,0,0,0,0,1.42,-6.95,0.0,0.0,0.0,0.0,0.0,0,90,0,0.0,0,False,False,False,False,False,False
1782461792.699,0,0,0,0,0,1.42,-6.93,0.0,0.0,0.0,0.0,0.0,0,90,0,0.0,0,False,False,False,False,False,False
1782461792.721,0,0,0,0,0,1.42,-6.91,0.0,0.0,0.0,0.0,0.0,0,90,0,0.0,0,False,False,False,False,False,False
1782461792.748,0,0,0,0,0,1.41,-6.9,0.0,0.0,0.0,0.0,0.0,0,90,0,0.0,0,False,False,False,False,False,False
1782461792.768,0,0,0,0,0,1.41,-6.88,0.0,0.0,0.0,0.0,0.0,0,90,0,0.0,0,False,False,False,False,False,False
1782461792.793,0,0,0,0,0,1.38,-6.85,0.0,0.0,0.0,0.0,0.0,0,90,0,0.0,0,False,False,False,False,False,False
1782461792.816,0,0,0,0,0,1.32,-6.82,0.0,0.0,0.0,0.0,0.0,0,90,0,0.0,0,False,False,False,False,False,False
1782461792.84,0,0,0,0,0,1.27,-6.82,0.0,0.0,0.0,0.0,0.0,0,90,0,0.0,0,False,False,False,False,False,False
1782461792.863,0,0,0,0,0,1.24,-6.87,0.0,0.0,0.0,0.0,0.0,0,90,0,0.0,0,False,False,False,False,False,False
1782461792.887,0,0,0,0,0,1.23,-6.91,0.0,0.0,0.0,0.0,0.0,0,90,0,0.0,0,False,False,False,False,False,False
1782461792.909,0,0,0,0,0,1.25,-6.91,0.0,0.0,0.0,0.0,0.0,0,90,0,0.0,0,False,False,False,False,False,False
1782461792.934,0,0,0,0,0,1.27,-6.88,0.0,0.0,0.0,0.0,0.0,0,90,0,0.0,0,False,False,False,False,False,False
1782461792.956,0,0,0,0,0,1.3,-6.9,0.0,0.0,0.0,0.0,0.0,0,90,0,0.0,0,False,False,False,False,False,False
1782461792.982,0,0,0,0,0,1.33,-6.94,0.0,0.0,0.0,0.0,0.0,0,90,0,0.0,0,False,False,False,False,False,False
1782461793.004,0,0,0,0,0,1.36,-6.96,0.0,0.0,0.0,0.0,0.0,0,90,0,0.0,0,False,False,False,False,False,False
1782461793.03,0,0,0,0,0,1.38,-6.95,0.0,0.0,0.0,0.0,0.0,0,90,0,0.0,0,False,False,False,False,False,False
1782461793.051,0,0,0,0,0,1.38,-6.97,0.0,0.0,0.0,0.0,0.0,0,90,0,0.0,0,False,False,False,False,False,False
1782461793.076,0,0,0,0,0,1.38,-6.99,0.0,0.0,0.0,0.0,0.0,0,90,0,0.0,0,False,False,False,False,False,False
1782461793.099,0,0,0,0,0,1.38,-7.0,0.0,0.0,0.0,0.0,0.0,0,90,0,0.0,0,False,False,False,False,False,False
1782461793.116,0,0,0,0,0,1.38,-7.01,0.0,0.0,0.0,0.0,0.0,0,90,0,0.0,0,False,False,False,False,False,False
1782461793.14,0,0,0,0,0,1.37,-7.04,0.0,0.0,0.0,0.0,0.0,0,90,0,0.0,0,False,False,False,False,False,False
1782461793.167,0,0,0,0,0,1.34,-7.06,0.0,0.0,0.0,0.0,0.0,0,90,0,0.0,0,False,False,False,False,False,False
1782461793.187,0,0,0,0,0,1.33,-7.07,0.0,0.0,0.0,0.0,0.0,0,90,0,0.0,0,False,False,False,False,False,False
1782461793.213,0,0,0,0,0,1.35,-7.04,0.0,0.0,0.0,0.0,0.0,0,90,0,0.0,0,False,False,False,False,False,False
1782461793.234,0,0,0,0,0,1.37,-7.02,0.0,0.0,0.0,0.0,0.0,0,90,0,0.0,0,False,False,False,False,False,False
1782461793.259,0,0,0,0,0,1.36,-7.02,0.0,0.0,0.0,0.0,0.0,0,90,0,0.0,0,False,False,False,False,False,False
1782461793.283,0,0,0,0,0,1.34,-7.03,0.0,0.0,0.0,0.0,0.0,0,90,0,0.0,0,False,False,False,False,False,False
1782461793.305,0,0,0,0,0,1.32,-7.04,0.0,0.0,0.0,0.0,0.0,0,90,0,0.0,0,False,False,False,False,False,False
1782461793.33,0,0,0,0,0,1.29,-7.04,0.0,0.0,0.0,0.0,0.0,0,90,0,0.0,0,False,False,False,False,False,False
1782461793.354,0,0,0,0,0,1.24,-7.08,0.0,0.0,0.0,0.0,0.0,0,90,0,0.0,0,False,False,False,False,False,False
1782461793.376,0,0,0,0,0,1.23,-7.77,0.0,0.0,0.0,0.0,0.0,0,90,0,0.0,0,False,False,False,False,False,False
1782461793.401,0,0,0,0,0,1.19,-9.52,0.0,0.0,0.0,0.0,0.0,0,90,0,0.0,0,False,False,False,False,False,False
1782461793.423,0,0,0,0,0,1.05,-11.21,0.0,0.0,0.0,0.0,0.0,0,90,0,0.0,0,False,False,False,False,False,False
1782461793.449,0,0,0,0,0,0.86,-11.85,0.0,0.0,0.0,0.0,0.0,0,90,0,0.0,0,False,False,False,False,False,False
1782461793.47,0,0,0,0,0,0.74,-11.67,0.0,0.0,0.0,0.0,0.0,0,90,0,0.0,0,False,False,False,False,False,False
1782461793.494,0,0,0,0,0,0.74,-11.24,0.0,0.0,0.0,0.0,0.0,0,90,0,0.01,0,False,False,False,False,False,False
1782461793.517,0,0,0,0,0,0.73,-10.97,0.0,0.0,0.0,0.0,0.0,0,90,0,0.02,0,False,False,False,False,False,False
1782461793.541,0,0,0,0,0,0.58,-10.91,0.0,0.0,0.0,0.0,0.0,0,90,0,0.03,0,False,False,False,False,False,False
1782461793.566,0,0,0,0,0,0.4,-10.93,0.0,0.0,0.0,0.0,0.0,0,90,0,0.04,0,False,False,False,False,False,False
1782461793.588,0,0,0,0,0,0.35,-10.95,0.0,0.0,0.0,0.0,0.0,0,90,0,0.04,0,False,False,False,False,False,False
1782461793.613,0,0,0,0,0,0.36,-10.96,0.0,0.0,0.0,0.0,0.0,0,90,0,0.04,0,False,False,False,False,False,False
1782461793.638,0,0,0,0,0,0.38,-10.96,0.0,0.0,0.0,0.0,0.0,0,90,0,0.06,0,False,False,False,False,False,False
1782461793.659,0,0,0,0,0,0.36,-10.93,0.0,0.0,0.0,0.0,0.0,0,90,0,0.07,0,False,False,False,False,False,False
1782461793.683,0,0,0,0,0,0.31,-10.75,0.0,0.0,0.0,0.0,0.0,0,90,0,0.08,0,False,False,False,False,False,False
1782461793.705,0,0,0,0,0,0.22,-10.33,0.0,0.0,0.0,0.0,0.0,0,90,0,0.08,0,False,False,False,False,False,False
1782461793.731,0,0,0,0,0,0.18,-9.97,0.0,0.0,0.0,0.0,0.0,0,90,0,0.08,0,False,False,False,False,False,False
1782461793.752,0,0,0,0,0,0.24,-9.84,0.0,0.0,0.0,0.0,0.0,0,90,0,0.09,0,False,False,False,False,False,False
1782461793.775,0,0,0,0,0,0.36,-9.84,0.0,0.0,0.0,0.0,0.0,0,90,0,0.09,0,False,False,False,False,False,False
1782461793.801,0,0,0,0,0,0.44,-9.85,0.0,0.0,0.0,0.0,0.0,0,90,0,0.09,0,False,False,False,False,False,False
1782461793.822,0,0,0,0,0,0.46,-9.86,0.0,0.0,0.0,0.0,0.0,0,90,0,0.09,0,False,False,False,False,False,False
1782461793.848,0,0,0,0,0,0.44,-9.81,0.0,0.0,0.0,0.0,0.0,0,90,0,0.09,0,False,False,False,False,False,False
1782461793.869,0,0,0,0,0,0.42,-9.64,0.0,0.0,0.0,0.0,0.0,0,90,0,0.1,0,False,False,False,False,False,False
1782461793.893,0,0,0,0,0,0.42,-9.47,0.0,0.0,0.0,0.0,0.0,0,90,0,0.1,0,False,False,False,False,False,False
1782461793.917,0,0,0,0,0,0.43,-9.4,0.0,0.0,0.0,0.0,0.0,0,90,0,0.1,0,False,False,False,False,False,False
1782461793.94,0,0,0,0,0,0.47,-9.4,0.0,0.0,0.0,0.0,0.0,0,90,0,0.1,0,False,False,False,False,False,False
1782461793.965,0,0,0,0,0,0.51,-9.39,0.0,0.0,0.0,0.0,0.0,0,90,0,0.1,0,False,False,False,False,False,False
1782461793.987,0,0,0,0,0,0.55,-9.35,0.0,0.0,0.0,0.0,0.0,0,90,0,0.1,0,False,False,False,False,False,False
1782461794.01,0,0,0,0,0,0.59,-9.31,0.0,0.0,0.0,0.0,0.0,0,90,0,0.1,0,False,False,False,False,False,False
1782461794.035,0,0,0,0,0,0.63,-9.32,0.0,0.0,0.0,0.0,0.0,0,90,0,0.1,0,False,False,False,False,False,False
1782461794.057,0,0,0,0,0,0.62,-9.41,0.0,0.0,0.0,0.0,0.0,0,90,0,0.1,0,False,False,False,False,False,False
1782461794.082,0,0,0,0,0,0.7,-9.53,0.0,0.0,0.0,0.0,0.0,0,90,0,0.1,0,False,False,False,False,False,False
1782461794.105,0,0,0,0,0,0.98,-9.59,0.0,0.0,0.0,0.0,0.0,0,90,0,0.1,0,False,False,False,False,False,False
1782461794.127,0,0,0,0,0,1.27,-9.55,0.0,0.0,0.0,0.0,0.0,0,90,0,0.1,0,False,False,False,False,False,False
1782461794.15,0,0,0,0,0,1.43,-9.45,0.0,0.0,0.0,0.0,0.0,0,90,0,0.1,0,False,False,False,False,False,False
1782461794.174,0,0,0,0,0,1.51,-9.38,0.0,0.0,0.0,0.0,0.0,0,90,0,0.1,0,False,False,False,False,False,False
1782461794.2,0,0,0,0,0,1.55,-9.33,0.0,0.0,0.0,0.0,0.0,0,90,0,0.1,0,False,False,False,False,False,False
1782461794.221,0,0,0,0,0,1.61,-9.27,0.0,0.0,0.0,0.0,0.0,0,90,0,0.1,0,False,False,False,False,False,False
1782461794.245,0,0,0,0,0,1.87,-9.2,0.0,0.0,0.0,0.0,0.0,0,90,0,0.1,0,False,False,False,False,False,False
1782461794.269,0,0,0,0,0,2.3,-9.13,0.0,0.0,0.0,0.0,0.0,0,90,0,0.1,0,False,False,False,False,False,False
1782461794.291,0,0,0,0,0,2.79,-9.05,0.0,0.0,0.0,0.0,0.0,0,90,0,0.1,0,False,False,False,False,False,False
1782461794.316,0,0,0,0,0,3.29,-8.96,0.0,0.0,0.0,0.0,0.0,0,90,0,0.1,0,False,False,False,False,False,False
1782461794.339,0,0,0,0,0,3.73,-8.87,0.0,0.0,0.0,0.0,0.0,0,90,0,0.1,0,False,False,False,False,False,False
1782461794.362,0,0,0,0,0,4.05,-8.78,0.0,0.0,0.0,0.0,0.0,0,90,0,0.1,0,False,False,False,False,False,False
1782461794.386,0,0,0,0,0,4.21,-8.71,0.0,0.0,0.0,0.0,0.0,0,90,0,0.1,0,False,False,False,False,False,False
1782461794.408,0,0,0,0,0,4.23,-8.66,0.0,0.0,0.0,0.0,0.0,0,90,0,0.1,0,False,False,False,False,False,False
1782461794.434,0,0,0,0,0,4.17,-8.62,0.0,0.0,0.0,0.0,0.0,0,90,0,0.1,0,False,False,False,False,False,False
1782461794.455,0,0,0,0,0,4.15,-8.55,0.0,0.0,0.0,0.0,0.0,0,90,0,0.1,0,False,False,False,False,False,False
1782461794.479,0,0,0,0,0,4.21,-8.44,0.0,0.0,0.0,0.0,0.0,0,90,0,0.1,0,False,False,False,False,False,False
1782461794.502,0,0,0,0,0,4.28,-8.3,0.0,0.0,0.0,0.0,0.0,0,90,0,0.1,0,False,False,False,False,False,False
1782461794.525,0,0,0,0,0,4.25,-8.09,0.0,0.0,0.0,0.0,0.0,0,90,0,0.1,0,False,False,False,False,False,False
1782461794.55,0,0,0,0,0,4.15,-7.78,0.0,0.0,0.0,0.0,0.0,0,90,0,0.1,0,False,False,False,False,False,False
1782461794.571,0,0,0,0,0,4.11,-7.37,0.0,0.0,0.0,0.0,0.0,0,90,0,0.1,0,False,False,False,False,False,False
1782461794.596,0,0,0,0,0,4.16,-6.89,0.0,0.0,0.0,0.0,0.0,0,90,0,0.1,0,False,False,False,False,False,False
1782461794.617,0,0,0,0,0,4.26,-6.42,0.0,0.0,0.0,0.0,0.0,0,90,0,0.1,0,False,False,False,False,False,False
1782461794.641,0,0,0,0,0,4.32,-6.08,0.0,0.0,0.0,0.0,0.0,0,90,0,0.1,0,False,False,False,False,False,False
1782461794.665,0,0,0,0,0,4.28,-5.95,0.0,0.0,0.0,0.0,0.0,0,90,0,0.1,0,False,False,False,False,False,False
1782461794.689,0,0,0,0,0,4.16,-6.05,0.0,0.0,0.0,0.0,0.0,0,90,0,0.1,0,False,False,False,False,False,False
1782461794.711,0,0,0,0,0,4.01,-6.3,0.0,0.0,0.0,0.0,0.0,0,90,0,0.1,0,False,False,False,False,False,False
1782461794.737,0,0,0,0,0,3.88,-6.6,0.0,0.0,0.0,0.0,0.0,0,90,0,0.1,0,False,False,False,False,False,False
1782461794.757,0,0,0,0,0,3.79,-6.83,0.0,0.0,0.0,0.0,0.0,0,90,0,0.1,0,False,False,False,False,False,False
1782461794.784,0,0,0,0,0,3.74,-6.91,0.0,0.0,0.0,0.0,0.0,0,90,0,0.1,0,False,False,False,False,False,False
1782461794.804,0,0,0,0,0,3.75,-6.82,0.0,0.0,0.0,0.0,0.0,0,90,0,0.1,0,False,False,False,False,False,False
1782461794.827,0,0,0,0,0,3.76,-6.61,0.0,0.0,0.0,0.0,0.0,0,90,0,0.1,0,False,False,False,False,False,False
1782461794.851,0,0,0,0,0,3.78,-6.37,0.0,0.0,0.0,0.0,0.0,0,90,0,0.1,0,False,False,False,False,False,False
1782461794.875,0,0,0,0,0,3.81,-6.09,0.0,0.0,0.0,0.0,0.0,0,90,0,0.11,0,False,False,False,False,False,False
1782461794.899,0,0,0,0,0,3.83,-5.8,0.0,0.0,0.0,0.0,0.0,0,90,0,0.1,0,False,False,False,False,False,False
1782461794.921,0,0,0,0,0,3.83,-5.59,0.0,0.0,0.0,0.0,0.0,0,90,0,0.09,0,False,False,False,False,False,False
1782461794.945,0,0,0,0,0,3.72,-5.59,0.0,0.0,0.0,0.0,0.0,0,90,0,0.08,0,False,False,False,False,False,False
1782461794.968,0,0,0,0,0,3.49,-5.82,0.0,0.0,0.0,0.0,0.0,0,90,0,0.08,0,False,False,False,False,False,False
1782461794.991,0,0,0,0,0,3.25,-6.21,0.0,0.0,0.0,0.0,0.0,0,90,0,0.08,0,False,False,False,False,False,False
1782461795.015,0,0,0,0,0,3.05,-6.69,0.0,0.0,0.0,0.0,0.0,0,90,0,0.08,0,False,False,False,False,False,False
1782461795.039,0,0,0,0,0,2.88,-7.17,0.0,0.0,0.0,0.0,0.0,0,90,0,0.06,0,False,False,False,False,False,False
1782461795.062,0,0,0,0,0,2.68,-7.58,0.0,0.0,0.0,0.0,0.0,0,90,0,0.05,0,False,False,False,False,False,False
1782461795.086,0,0,0,0,0,2.45,-7.85,0.0,0.0,0.0,0.0,0.0,0,90,0,0.05,0,False,False,False,False,False,False
1782461795.109,0,0,0,0,0,2.18,-7.98,0.0,0.0,0.0,0.0,0.0,0,90,0,0.05,0,False,False,False,False,False,False
1782461795.133,0,0,0,0,0,1.9,-8.06,0.0,0.0,0.0,0.0,0.0,0,90,0,0.05,0,False,False,False,False,False,False
1782461795.156,0,0,0,0,0,1.69,-8.12,0.0,0.0,0.0,0.0,0.0,0,90,0,0.05,0,False,False,False,False,False,False
1782461795.179,0,0,0,0,0,1.58,-8.17,0.0,0.0,0.0,0.0,0.0,0,90,0,0.04,0,False,False,False,False,False,False
1782461795.203,0,0,0,0,0,1.53,-8.21,0.0,0.0,0.0,0.0,0.0,0,90,0,0.04,0,False,False,False,False,False,False
1782461795.226,0,0,0,0,0,1.43,-8.35,0.0,0.0,0.0,0.0,0.0,0,90,0,0.04,0,False,False,False,False,False,False
1782461795.25,0,0,0,0,0,1.26,-8.48,0.0,0.0,0.0,0.0,0.0,0,90,0,0.04,0,False,False,False,False,False,False
1782461795.273,0,0,0,0,0,1.11,-8.51,0.0,0.0,0.0,0.0,0.0,0,90,0,0.04,0,False,False,False,False,False,False
1782461795.297,0,0,0,0,0,1.05,-8.61,0.0,0.0,0.0,0.0,0.0,0,90,0,0.04,0,False,False,False,False,False,False
1782461795.32,0,0,0,0,0,1.05,-8.73,0.0,0.0,0.0,0.0,0.0,0,90,0,0.04,0,False,False,False,False,False,False
1782461795.344,0,0,0,0,0,1.07,-8.74,0.0,0.0,0.0,0.0,0.0,0,90,0,0.04,0,False,False,False,False,False,False
1782461795.368,0,0,0,0,0,1.09,-8.66,0.0,0.0,0.0,0.0,0.0,0,90,0,0.04,0,False,False,False,False,False,False
1782461795.391,0,0,0,0,0,1.11,-8.55,0.0,0.0,0.0,0.0,0.0,0,90,0,0.04,0,False,False,False,False,False,False
1782461795.416,0,0,0,0,0,1.13,-8.45,0.0,0.0,0.0,0.0,0.0,0,90,0,0.04,0,False,False,False,False,False,False
1782461795.439,0,0,0,0,0,1.16,-8.36,0.0,0.0,0.0,0.0,0.0,0,90,0,0.04,0,False,False,False,False,False,False
1782461795.462,0,0,0,0,0,1.18,-8.28,0.0,0.0,0.0,0.0,0.0,0,90,0,0.04,0,False,False,False,False,False,False
1782461795.487,0,0,0,0,0,1.2,-8.19,0.0,0.0,0.0,0.0,0.0,0,90,0,0.04,0,False,False,False,False,False,False
1782461795.51,0,0,0,0,0,1.21,-8.11,0.0,0.0,0.0,0.0,0.0,0,90,0,0.04,0,False,False,False,False,False,False
1782461795.535,0,0,0,0,0,1.22,-8.02,0.0,0.0,0.0,0.0,0.0,0,90,0,0.04,0,False,False,False,False,False,False
1782461795.557,0,0,0,0,0,1.24,-7.93,0.0,0.0,0.0,0.0,0.0,0,90,0,0.05,0,False,False,False,False,False,False
1782461795.583,0,0,0,0,0,1.26,-7.84,0.0,0.0,0.0,0.0,0.0,0,90,0,0.05,0,False,False,False,False,False,False
1782461795.605,0,0,0,0,0,1.28,-7.75,0.0,0.0,0.0,0.0,0.0,0,90,0,0.04,0,False,False,False,False,False,False
1782461795.628,0,0,0,0,0,1.3,-7.66,0.0,0.0,0.0,0.0,0.0,0,90,0,0.04,0,False,False,False,False,False,False
1782461795.652,0,0,0,0,0,1.33,-7.57,0.0,0.0,0.0,0.0,0.0,0,90,0,0.04,0,False,False,False,False,False,False
1782461795.675,0,0,0,0,0,1.35,-7.49,0.0,0.0,0.0,0.0,0.0,0,90,0,0.04,0,False,False,False,False,False,False
1782461795.7,0,0,0,0,0,1.37,-7.4,0.0,0.0,0.0,0.0,0.0,0,90,0,0.04,0,False,False,False,False,False,False
1782461795.722,0,0,0,0,0,1.38,-7.31,0.0,0.0,0.0,0.0,0.0,0,90,0,0.04,0,False,False,False,False,False,False
1782461795.749,0,0,0,0,0,1.4,-7.23,0.0,0.0,0.0,0.0,0.0,0,90,0,0.04,0,False,False,False,False,False,False
1782461795.77,0,0,0,0,0,1.41,-7.16,0.0,0.0,0.0,0.0,0.0,0,90,0,0.04,0,False,False,False,False,False,False
1782461795.793,0,0,0,0,0,1.42,-7.1,0.0,0.0,0.0,0.0,0.0,0,90,0,0.04,0,False,False,False,False,False,False
1782461795.818,0,0,0,0,0,1.42,-7.06,0.0,0.0,0.0,0.0,0.0,0,90,0,0.04,0,False,False,False,False,False,False
1782461795.841,0,0,0,0,0,1.41,-7.08,0.0,0.0,0.0,0.0,0.0,0,90,0,0.04,0,False,False,False,False,False,False
1782461795.866,0,0,0,0,0,1.41,-7.09,0.0,0.0,0.0,0.0,0.0,0,90,0,0.04,0,False,False,False,False,False,False
1782461795.889,0,0,0,0,0,1.41,-7.09,0.0,0.0,0.0,0.0,0.0,0,90,0,0.04,0,False,False,False,False,False,False
1782461795.912,0,0,0,0,0,1.42,-7.08,0.0,0.0,0.0,0.0,0.0,0,90,0,0.04,0,False,False,False,False,False,False
1782461795.935,0,0,0,0,0,1.43,-7.07,0.0,0.0,0.0,0.0,0.0,0,90,0,0.04,0,False,False,False,False,False,False
1782461795.959,0,0,0,0,0,1.44,-7.07,0.0,0.0,0.0,0.0,0.0,0,90,0,0.04,0,False,False,False,False,False,False
1782461795.984,0,0,0,0,0,1.43,-7.08,0.0,0.0,0.0,0.0,0.0,0,90,0,0.04,0,False,False,False,False,False,False
1782461796.006,0,0,0,0,0,1.43,-7.09,0.0,0.0,0.0,0.0,0.0,0,90,0,0.04,0,False,False,False,False,False,False
1782461796.029,0,0,0,0,0,1.43,-7.07,0.0,0.0,0.0,0.0,0.0,0,90,0,0.04,0,False,False,False,False,False,False
1782461796.054,0,0,0,0,0,1.43,-7.05,0.0,0.0,0.0,0.0,0.0,0,90,0,0.04,0,False,False,False,False,False,False
1782461796.077,0,0,0,0,0,1.41,-7.05,0.0,0.0,0.0,0.0,0.0,0,90,0,0.04,0,False,False,False,False,False,False
1782461796.103,0,0,0,0,0,1.4,-7.08,0.0,0.0,0.0,0.0,0.0,0,90,0,0.04,0,False,False,False,False,False,False
1782461796.124,0,0,0,0,0,1.4,-7.1,0.0,0.0,0.0,0.0,0.0,0,90,0,0.04,0,False,False,False,False,False,False
1782461796.149,0,0,0,0,0,1.39,-7.08,0.0,0.0,0.0,0.0,0.0,0,90,0,0.04,0,False,False,False,False,False,False
1782461796.172,0,0,0,0,0,1.37,-7.06,0.0,0.0,0.0,0.0,0.0,0,90,0,0.04,0,False,False,False,False,False,False
1782461796.195,0,0,0,0,0,1.38,-7.04,0.0,0.0,0.0,0.0,0.0,0,90,0,0.04,0,False,False,False,False,False,False
1782461796.219,0,0,0,0,0,1.4,-7.03,0.0,0.0,0.0,0.0,0.0,0,90,0,0.04,0,False,False,False,False,False,False
1782461796.243,0,0,0,0,0,1.41,-7.02,0.0,0.0,0.0,0.0,0.0,0,90,0,0.04,0,False,False,False,False,False,False
1782461796.268,0,0,0,0,0,1.41,-7.01,0.0,0.0,0.0,0.0,0.0,0,90,0,0.04,0,False,False,False,False,False,False
1782461796.289,0,0,0,0,0,1.42,-7.0,0.0,0.0,0.0,0.0,0.0,0,90,0,0.03,0,False,False,False,False,False,False
1782461796.313,0,0,0,0,0,1.43,-7.0,0.0,0.0,0.0,0.0,0.0,0,90,0,0.03,0,False,False,False,False,False,False
1782461796.337,0,0,0,0,0,1.44,-7.0,0.0,0.0,0.0,0.0,0.0,0,90,0,0.03,0,False,False,False,False,False,False
1782461796.361,0,0,0,0,0,1.49,-7.01,0.0,0.0,0.0,0.0,0.0,0,90,0,0.03,0,False,False,False,False,False,False
1782461796.384,0,0,0,0,0,1.56,-7.02,0.0,0.0,0.0,0.0,0.0,0,90,0,0.03,0,False,False,False,False,False,False
1782461796.407,0,0,0,0,0,1.59,-7.02,0.0,0.0,0.0,0.0,0.0,0,90,0,0.02,0,False,False,False,False,False,False
1782461796.431,0,0,0,0,0,1.6,-7.05,0.0,0.0,0.0,0.0,0.0,0,90,0,0.02,0,False,False,False,False,False,False
1782461796.456,0,0,0,0,0,1.6,-7.12,0.0,0.0,0.0,0.0,0.0,0,90,0,0.02,0,False,False,False,False,False,False
1782461796.478,0,0,0,0,0,1.59,-7.17,0.0,0.0,0.0,0.0,0.0,0,90,0,0.02,0,False,False,False,False,False,False
1782461796.5,0,0,0,0,0,1.59,-7.19,0.0,0.0,0.0,0.0,0.0,0,90,0,0.02,0,False,False,False,False,False,False
1782461796.524,0,0,0,0,0,1.59,-7.21,0.0,0.0,0.0,0.0,0.0,0,90,0,0.02,0,False,False,False,False,False,False
1782461796.551,0,0,0,0,0,1.65,-7.23,0.0,0.0,0.0,0.0,0.0,0,90,0,0.01,0,False,False,False,False,False,False
1782461796.571,0,0,0,0,0,1.8,-7.21,0.0,0.0,0.0,0.0,0.0,0,90,0,0.01,0,False,False,False,False,False,False
1782461796.596,0,0,0,0,0,1.96,-7.17,0.0,0.0,0.0,0.0,0.0,0,90,0,0.01,0,False,False,False,False,False,False
1782461796.618,0,0,0,0,0,2.03,-7.12,0.0,0.0,0.0,0.0,0.0,0,90,0,0.01,0,False,False,False,False,False,False
1782461796.643,0,0,0,0,0,2.04,-7.09,0.0,0.0,0.0,0.0,0.0,0,90,0,0.01,0,False,False,False,False,False,False
1782461796.666,0,0,0,0,0,2.01,-7.1,0.0,0.0,0.0,0.0,0.0,0,90,0,0.01,0,False,False,False,False,False,False
1782461796.692,0,0,0,0,0,1.97,-7.11,0.0,0.0,0.0,0.0,0.0,0,90,0,0.01,0,False,False,False,False,False,False
1782461796.713,0,0,0,0,0,1.96,-7.11,0.0,0.0,0.0,0.0,0.0,0,90,0,0.0,0,False,False,False,False,False,False
1782461796.731,0,0,0,0,0,1.95,-7.09,0.0,0.0,0.0,0.0,0.0,0,90,0,0.0,0,False,False,False,False,False,False
1782461796.756,0,0,0,0,0,1.88,-7.09,0.0,0.0,0.0,0.0,0.0,0,90,0,0.0,0,False,False,False,False,False,False
1782461796.779,0,0,0,0,0,1.8,-7.1,0.0,0.0,0.0,0.0,0.0,0,90,0,0.0,0,False,False,False,False,False,False
1782461796.804,0,0,0,0,0,1.74,-7.1,0.0,0.0,0.0,0.0,0.0,0,90,0,0.0,0,False,False,False,False,False,False
1782461796.826,0,0,0,0,0,1.69,-7.11,0.0,0.0,0.0,0.0,0.0,0,90,0,0.0,0,False,False,False,False,False,False
1782461796.852,0,0,0,0,0,1.66,-7.11,0.0,0.0,0.0,0.0,0.0,0,90,0,0.0,0,False,False,False,False,False,False
1782461796.873,0,0,0,0,0,1.64,-7.1,0.0,0.0,0.0,0.0,0.0,0,90,0,0.0,0,False,False,False,False,False,False
1782461796.896,0,0,0,0,0,1.65,-7.11,0.0,0.0,0.0,0.0,0.0,0,90,0,0.0,0,False,False,False,False,False,False
1782461796.92,0,0,0,0,0,1.66,-7.14,0.0,0.0,0.0,0.0,0.0,0,90,0,0.0,0,False,False,False,False,False,False
1782461796.944,0,0,0,0,0,1.65,-7.35,0.0,0.0,0.0,0.0,0.0,0,90,0,0.0,0,False,False,False,False,False,False
1782461796.969,0,0,0,0,0,1.56,-7.78,0.0,0.0,0.0,0.0,0.0,0,90,0,0.0,0,False,False,False,False,False,False
1782461796.991,0,0,0,0,0,1.35,-8.13,0.0,0.0,0.0,0.0,0.0,0,90,0,0.0,0,False,False,False,False,False,False
1782461797.016,0,0,0,0,0,1.16,-8.23,0.0,0.0,0.0,0.0,0.0,0,90,0,0.0,0,False,False,False,False,False,False
1782461797.039,0,0,0,0,0,1.09,-8.17,0.0,0.0,0.0,0.0,0.0,0,90,0,0.0,0,False,False,False,False,False,False
1782461797.063,0,0,0,0,0,1.1,-8.05,0.0,0.0,0.0,0.0,0.0,0,90,0,0.0,0,False,False,False,False,False,False
1782461797.087,0,0,0,0,0,1.13,-7.94,0.0,0.0,0.0,0.0,0.0,0,90,0,0.0,0,False,False,False,False,False,False
1782461797.109,0,0,0,0,0,1.16,-7.86,0.0,0.0,0.0,0.0,0.0,0,90,0,0.0,0,False,False,False,False,False,False
1782461797.136,0,0,0,0,0,1.16,-7.78,0.0,0.0,0.0,0.0,0.0,0,90,0,0.0,0,False,False,False,False,False,False
1782461797.158,0,0,0,0,0,1.17,-7.71,0.0,0.0,0.0,0.0,0.0,0,90,0,0.0,0,False,False,False,False,False,False
1782461797.181,0,0,0,0,0,1.22,-7.63,0.0,0.0,0.0,0.0,0.0,0,90,0,0.0,0,False,False,False,False,False,False
1782461797.205,0,0,0,0,0,1.27,-7.54,0.0,0.0,0.0,0.0,0.0,0,90,0,0.0,0,False,False,False,False,False,False
1782461797.228,0,0,0,0,0,1.31,-7.46,0.0,0.0,0.0,0.0,0.0,0,90,0,0.0,0,False,False,False,False,False,False
1782461797.253,0,0,0,0,0,1.33,-7.37,0.0,0.0,0.0,0.0,0.0,0,90,0,0.01,0,False,False,False,False,False,False
1782461797.275,0,0,0,0,0,1.36,-7.3,0.0,0.0,0.0,0.0,0.0,0,90,0,0.01,0,False,False,False,False,False,False
1782461797.3,0,0,0,0,0,1.39,-7.22,0.0,0.0,0.0,0.0,0.0,0,90,0,0.01,0,False,False,False,False,False,False
1782461797.323,0,0,0,0,0,1.41,-7.16,0.0,0.0,0.0,0.0,0.0,0,90,0,0.01,0,False,False,False,False,False,False
1782461797.348,0,0,0,0,0,1.39,-7.11,0.0,0.0,0.0,0.0,0.0,0,90,0,0.01,0,False,False,False,False,False,False
1782461797.371,0,0,0,0,0,1.37,-7.07,0.0,0.0,0.0,0.0,0.0,0,90,0,0.01,0,False,False,False,False,False,False
1782461797.395,0,0,0,0,0,1.37,-7.05,0.0,0.0,0.0,0.0,0.0,0,90,0,0.01,0,False,False,False,False,False,False
1782461797.418,0,0,0,0,0,1.38,-7.04,0.0,0.0,0.0,0.0,0.0,0,90,0,0.01,0,False,False,False,False,False,False
1782461797.441,0,0,0,0,0,1.39,-7.02,0.0,0.0,0.0,0.0,0.0,0,90,0,0.01,0,False,False,False,False,False,False
1782461797.465,0,0,0,0,0,1.41,-7.0,0.0,0.0,0.0,0.0,0.0,0,90,0,0.01,0,False,False,False,False,False,False
1782461797.489,0,0,0,0,0,1.42,-7.0,0.0,0.0,0.0,0.0,0.0,0,90,0,0.01,0,False,False,False,False,False,False
1782461797.506,0,0,0,0,0,1.41,-7.02,0.0,0.0,0.0,0.0,0.0,0,90,0,0.01,0,False,False,False,False,False,False
1782461797.531,0,0,0,0,0,1.41,-7.01,0.0,0.0,0.0,0.0,0.0,0,90,0,0.01,0,False,False,False,False,False,False
1782461797.554,0,0,0,0,0,1.41,-6.99,0.0,0.0,0.0,0.0,0.0,0,90,0,0.01,0,False,False,False,False,False,False
1782461797.578,0,0,0,0,0,1.41,-6.98,0.0,0.0,0.0,0.0,0.0,0,90,0,0.01,0,False,False,False,False,False,False
1782461797.601,0,0,0,0,0,1.41,-6.98,0.0,0.0,0.0,0.0,0.0,0,90,0,0.01,0,False,False,False,False,False,False
1782461797.625,0,0,0,0,0,1.42,-6.99,0.0,0.0,0.0,0.0,0.0,0,90,0,0.01,0,False,False,False,False,False,False
1782461797.648,0,0,0,0,0,1.42,-7.0,0.0,0.0,0.0,0.0,0.0,0,90,0,0.01,0,False,False,False,False,False,False
1782461797.671,0,0,0,0,0,1.41,-7.0,0.0,0.0,0.0,0.0,0.0,0,90,0,0.01,0,False,False,False,False,False,False
1782461797.696,0,0,0,0,0,1.36,-7.09,0.0,0.0,0.0,0.0,0.0,0,90,0,0.01,0,False,False,False,False,False,False
1782461797.721,0,0,0,0,0,1.23,-7.28,0.0,0.0,0.0,0.0,0.0,0,90,0,0.01,0,False,False,False,False,False,False
1782461797.741,0,0,0,0,0,1.0,-7.33,0.0,0.0,0.0,0.0,0.0,0,90,0,0.01,0,False,False,False,False,False,False
1782461797.766,0,0,0,0,0,0.76,-7.15,0.0,0.0,0.0,0.0,0.0,0,90,0,0.01,0,False,False,False,False,False,False
1782461797.789,0,0,0,0,0,0.58,-6.88,0.0,0.0,0.0,0.0,0.0,0,90,0,0.01,0,False,False,False,False,False,False
1782461797.812,0,0,0,0,0,0.56,-6.71,0.0,0.0,0.0,0.0,0.0,0,90,0,0.01,0,False,False,False,False,False,False
1782461797.837,0,0,0,0,0,0.76,-6.72,0.0,0.0,0.0,0.0,0.0,0,90,0,0.01,0,False,False,False,False,False,False
1782461797.859,0,0,0,0,0,1.09,-6.95,0.0,0.0,0.0,0.0,0.0,0,90,0,0.01,0,False,False,False,False,False,False
1782461797.882,0,0,0,0,0,1.36,-7.34,0.0,0.0,0.0,0.0,0.0,0,90,0,0.01,0,False,False,False,False,False,False
1782461797.907,0,0,0,0,0,1.46,-7.73,0.0,0.0,0.0,0.0,0.0,0,90,0,0.01,0,False,False,False,False,False,False
1782461797.93,0,0,0,0,0,1.46,-8.04,0.0,0.0,0.0,0.0,0.0,0,90,0,0.01,0,False,False,False,False,False,False
1782461797.954,0,0,0,0,0,1.46,-8.34,0.0,0.0,0.0,0.0,0.0,0,90,0,0.01,0,False,False,False,False,False,False
1782461797.975,0,0,0,0,0,1.49,-8.72,0.0,0.0,0.0,0.0,0.0,0,90,0,0.01,0,False,False,False,False,False,False
1782461798.0,0,0,0,0,0,1.55,-9.13,0.0,0.0,0.0,0.0,0.0,0,90,0,0.01,0,False,False,False,False,False,False
1782461798.023,0,0,0,0,0,1.6,-9.42,0.0,0.0,0.0,0.0,0.0,0,90,0,0.01,0,False,False,False,False,False,False
1782461798.046,0,0,0,0,0,1.6,-9.58,0.0,0.0,0.0,0.0,0.0,0,90,0,0.01,0,False,False,False,False,False,False
1782461798.071,0,0,0,0,0,1.58,-9.72,0.0,0.0,0.0,0.0,0.0,0,90,0,0.01,0,False,False,False,False,False,False
1782461798.093,0,0,0,0,0,2.1,-9.83,0.0,0.0,0.0,0.0,0.0,0,90,0,0.01,0,False,False,False,False,False,False
1782461798.119,0,0,0,0,0,3.55,-9.99,0.0,0.0,0.0,0.0,0.0,0,90,0,0.01,0,False,False,False,False,False,False
1782461798.141,0,0,0,0,0,5.23,-10.49,0.0,0.0,0.0,0.0,0.0,0,90,0,0.01,0,False,False,False,False,False,False
1782461798.164,0,0,0,0,0,6.49,-11.18,0.0,0.0,0.0,0.0,0.0,0,90,0,0.02,0,False,False,False,False,False,False
1782461798.188,0,0,0,0,0,7.36,-11.66,0.0,0.0,0.0,0.0,0.0,0,90,0,0.02,0,False,False,False,False,False,False
1782461798.211,0,0,0,0,0,7.92,-11.89,0.0,0.0,0.0,0.0,0.0,0,90,0,0.02,0,False,False,False,False,False,False
1782461798.238,0,0,0,0,0,8.25,-11.92,0.0,0.0,0.0,0.0,0.0,0,90,0,0.02,0,False,False,False,False,False,False
1782461798.257,0,0,0,0,0,8.45,-11.8,0.0,0.0,0.0,0.0,0.0,0,90,0,0.03,0,False,False,False,False,False,False
1782461798.282,0,0,0,0,0,8.65,-11.56,0.0,0.0,0.0,0.0,0.0,0,90,0,0.05,0,False,False,False,False,False,False
1782461798.306,0,0,0,0,0,8.85,-11.29,0.0,0.0,0.0,0.0,0.0,0,90,0,0.05,0,False,False,False,False,False,False
1782461798.329,0,0,0,0,0,8.98,-11.1,0.0,0.0,0.0,0.0,0.0,0,90,0,0.05,0,False,False,False,False,False,False
1782461798.354,0,0,0,0,0,9.06,-11.06,0.0,0.0,0.0,0.0,0.0,0,90,0,0.05,0,False,False,False,False,False,False
1782461798.375,0,0,0,0,0,9.15,-11.17,0.0,0.0,0.0,0.0,0.0,0,90,0,0.06,0,False,False,False,False,False,False
1782461798.399,0,0,0,0,0,9.26,-11.38,0.0,0.0,0.0,0.0,0.0,0,90,0,0.07,0,False,False,False,False,False,False
1782461798.422,0,0,0,0,0,9.38,-11.61,0.0,0.0,0.0,0.0,0.0,0,90,0,0.07,0,False,False,False,False,False,False
1782461798.446,0,0,0,0,0,9.49,-11.76,0.0,0.0,0.0,0.0,0.0,0,90,0,0.08,0,False,False,False,False,False,False
1782461798.471,0,0,0,0,0,9.53,-11.81,0.0,0.0,0.0,0.0,0.0,0,90,0,0.08,0,False,False,False,False,False,False
1782461798.493,0,0,0,0,0,9.44,-11.78,0.0,0.0,0.0,0.0,0.0,0,90,0,0.08,0,False,False,False,False,False,False
1782461798.516,0,0,0,0,0,9.22,-11.71,0.0,0.0,0.0,0.0,0.0,0,90,0,0.08,0,False,False,False,False,False,False
1782461798.54,0,0,0,0,0,9.04,-11.64,0.0,0.0,0.0,0.0,0.0,0,90,0,0.08,0,False,False,False,False,False,False
1782461798.563,0,0,0,0,0,8.96,-11.55,0.0,0.0,0.0,0.0,0.0,0,90,0,0.08,0,False,False,False,False,False,False
1782461798.587,0,0,0,0,0,8.69,-11.46,0.0,0.0,0.0,0.0,0.0,0,90,0,0.08,0,False,False,False,False,False,False
1782461798.61,0,0,0,0,0,8.23,-11.4,0.0,0.0,0.0,0.0,0.0,0,90,0,0.08,0,False,False,False,False,False,False
1782461798.634,0,0,0,0,0,7.71,-11.34,0.0,0.0,0.0,0.0,0.0,0,90,0,0.08,0,False,False,False,False,False,False
1782461798.657,0,0,0,0,0,7.16,-11.25,0.0,0.0,0.0,0.0,0.0,0,90,0,0.08,0,False,False,False,False,False,False
1782461798.68,0,0,0,0,0,6.58,-11.1,0.0,0.0,0.0,0.0,0.0,0,90,0,0.09,0,False,False,False,False,False,False
1782461798.705,0,0,0,0,0,5.94,-10.85,0.0,0.0,0.0,0.0,0.0,0,90,0,0.09,0,False,False,False,False,False,False
1782461798.727,0,0,0,0,0,5.26,-10.52,0.0,0.0,0.0,0.0,0.0,0,90,0,0.09,0,False,False,False,False,False,False
1782461798.752,0,0,0,0,0,4.62,-10.17,0.0,0.0,0.0,0.0,0.0,0,90,0,0.09,0,False,False,False,False,False,False
1782461798.774,0,0,0,0,0,4.12,-9.85,0.0,0.0,0.0,0.0,0.0,0,90,0,0.08,0,False,False,False,False,False,False
1782461798.797,0,0,0,0,0,3.72,-9.57,0.0,0.0,0.0,0.0,0.0,0,90,0,0.09,0,False,False,False,False,False,False
1782461798.822,0,0,0,0,0,3.41,-9.34,0.0,0.0,0.0,0.0,0.0,0,90,0,0.09,0,False,False,False,False,False,False
1782461798.844,0,0,0,0,0,3.1,-9.19,0.0,0.0,0.0,0.0,0.0,0,90,0,0.09,0,False,False,False,False,False,False
1782461798.869,0,0,0,0,0,2.72,-9.07,0.0,0.0,0.0,0.0,0.0,0,90,0,0.09,0,False,False,False,False,False,False
1782461798.89,0,0,0,0,0,2.16,-8.89,0.0,0.0,0.0,0.0,0.0,0,90,0,0.09,0,False,False,False,False,False,False
1782461798.915,0,0,0,0,0,1.53,-8.73,0.0,0.0,0.0,0.0,0.0,0,90,0,0.09,0,False,False,False,False,False,False
1782461798.939,0,0,0,0,0,1.11,-8.58,0.0,0.0,0.0,0.0,0.0,0,90,0,0.09,0,False,False,False,False,False,False
1782461798.961,0,0,0,0,0,0.98,-8.2,0.0,0.0,0.0,0.0,0.0,0,90,0,0.09,0,False,False,False,False,False,False
1782461798.987,0,0,0,0,0,1.01,-7.71,0.0,0.0,0.0,0.0,0.0,0,90,0,0.09,0,False,False,False,False,False,False
1782461799.007,0,0,0,0,0,1.07,-7.44,0.0,0.0,0.0,0.0,0.0,0,90,0,0.09,0,False,False,False,False,False,False
1782461799.031,0,0,0,0,0,1.11,-7.37,0.0,0.0,0.0,0.0,0.0,0,90,0,0.09,0,False,False,False,False,False,False
1782461799.056,0,0,0,0,0,1.12,-7.41,0.0,0.0,0.0,0.0,0.0,0,90,0,0.09,0,False,False,False,False,False,False
1782461799.079,0,0,0,0,0,1.11,-7.44,0.0,0.0,0.0,0.0,0.0,0,90,0,0.09,0,False,False,False,False,False,False
1782461799.103,0,0,0,0,0,1.11,-7.42,0.0,0.0,0.0,0.0,0.0,0,90,0,0.09,0,False,False,False,False,False,False
1782461799.126,0,0,0,0,0,1.12,-7.38,0.0,0.0,0.0,0.0,0.0,0,90,0,0.09,0,False,False,False,False,False,False
1782461799.15,0,0,0,0,0,1.13,-7.36,0.0,0.0,0.0,0.0,0.0,0,90,0,0.09,0,False,False,False,False,False,False
1782461799.173,0,0,0,0,0,1.14,-7.35,0.0,0.0,0.0,0.0,0.0,0,90,0,0.09,0,False,False,False,False,False,False
1782461799.196,0,0,0,0,0,1.15,-7.34,0.0,0.0,0.0,0.0,0.0,0,90,0,0.09,0,False,False,False,False,False,False
1782461799.221,0,0,0,0,0,1.16,-7.33,0.0,0.0,0.0,0.0,0.0,0,90,0,0.09,0,False,False,False,False,False,False
1782461799.245,0,0,0,0,0,1.18,-7.33,0.0,0.0,0.0,0.0,0.0,0,90,0,0.09,0,False,False,False,False,False,False
1782461799.267,0,0,0,0,0,1.2,-7.31,0.0,0.0,0.0,0.0,0.0,0,90,0,0.09,0,False,False,False,False,False,False
1782461799.292,0,0,0,0,0,1.19,-7.28,0.0,0.0,0.0,0.0,0.0,0,90,0,0.09,0,False,False,False,False,False,False
1782461799.315,0,0,0,0,0,1.17,-7.27,0.0,0.0,0.0,0.0,0.0,0,90,0,0.09,0,False,False,False,False,False,False
1782461799.339,0,0,0,0,0,1.15,-7.26,0.0,0.0,0.0,0.0,0.0,0,90,0,0.09,0,False,False,False,False,False,False
1782461799.361,0,0,0,0,0,1.14,-7.27,0.0,0.0,0.0,0.0,0.0,0,90,0,0.09,0,False,False,False,False,False,False
1782461799.387,0,0,0,0,0,1.13,-7.28,0.0,0.0,0.0,0.0,0.0,0,90,0,0.09,0,False,False,False,False,False,False
1782461799.409,0,0,0,0,0,1.12,-7.32,0.0,0.0,0.0,0.0,0.0,0,90,0,0.09,0,False,False,False,False,False,False
1782461799.431,0,0,0,0,0,1.11,-7.68,0.0,0.0,0.0,0.0,0.0,0,90,0,0.09,0,False,False,False,False,False,False
1782461799.455,0,0,0,0,0,1.1,-8.38,0.0,0.0,0.0,0.0,0.0,0,90,0,0.09,0,False,False,False,False,False,False
1782461799.479,0,0,0,0,0,1.11,-8.87,0.0,0.0,0.0,0.0,0.0,0,90,0,0.09,0,False,False,False,False,False,False
1782461799.504,0,0,0,0,0,1.13,-8.87,0.0,0.0,0.0,0.0,0.0,0,90,0,0.09,0,False,False,False,False,False,False
1782461799.526,0,0,0,0,0,1.16,-8.65,0.0,0.0,0.0,0.0,0.0,0,90,0,0.09,0,False,False,False,False,False,False
1782461799.551,0,0,0,0,0,1.19,-8.48,0.0,0.0,0.0,0.0,0.0,0,90,0,0.08,0,False,False,False,False,False,False
1782461799.573,0,0,0,0,0,1.21,-8.44,0.0,0.0,0.0,0.0,0.0,0,90,0,0.08,0,False,False,False,False,False,False
1782461799.596,0,0,0,0,0,1.23,-8.5,0.0,0.0,0.0,0.0,0.0,0,90,0,0.08,0,False,False,False,False,False,False
1782461799.621,0,0,0,0,0,1.24,-8.59,0.0,0.0,0.0,0.0,0.0,0,90,0,0.08,0,False,False,False,False,False,False
1782461799.645,0,0,0,0,0,1.23,-8.65,0.0,0.0,0.0,0.0,0.0,0,90,0,0.07,0,False,False,False,False,False,False
1782461799.667,0,0,0,0,0,1.2,-8.65,0.0,0.0,0.0,0.0,0.0,0,90,0,0.06,0,False,False,False,False,False,False
1782461799.692,0,0,0,0,0,1.18,-8.56,0.0,0.0,0.0,0.0,0.0,0,90,0,0.05,0,False,False,False,False,False,False
1782461799.714,0,0,0,0,0,1.17,-8.41,0.0,0.0,0.0,0.0,0.0,0,90,0,0.04,0,False,False,False,False,False,False
1782461799.738,0,0,0,0,0,1.18,-8.25,0.0,0.0,0.0,0.0,0.0,0,90,0,0.04,0,False,False,False,False,False,False
1782461799.76,0,0,0,0,0,1.2,-8.16,0.0,0.0,0.0,0.0,0.0,0,90,0,0.04,0,False,False,False,False,False,False
1782461799.786,0,0,0,0,0,1.23,-8.14,0.0,0.0,0.0,0.0,0.0,0,90,0,0.04,0,False,False,False,False,False,False
1782461799.809,0,0,0,0,0,1.25,-8.18,0.0,0.0,0.0,0.0,0.0,0,90,0,0.04,0,False,False,False,False,False,False
1782461799.832,0,0,0,0,0,1.25,-8.21,0.0,0.0,0.0,0.0,0.0,0,90,0,0.03,0,False,False,False,False,False,False
1782461799.856,0,0,0,0,0,1.24,-8.2,0.0,0.0,0.0,0.0,0.0,0,90,0,0.03,0,False,False,False,False,False,False
1782461799.879,0,0,0,0,0,1.23,-8.12,0.0,0.0,0.0,0.0,0.0,0,90,0,0.03,0,False,False,False,False,False,False
1782461799.905,0,0,0,0,0,1.22,-8.02,0.0,0.0,0.0,0.0,0.0,0,90,0,0.03,0,False,False,False,False,False,False
1782461799.925,0,0,0,0,0,1.2,-7.96,0.0,0.0,0.0,0.0,0.0,0,90,0,0.03,0,False,False,False,False,False,False
1782461799.949,0,0,0,0,0,1.18,-7.97,0.0,0.0,0.0,0.0,0.0,0,90,0,0.03,0,False,False,False,False,False,False
1782461799.974,0,0,0,0,0,1.18,-7.99,0.0,0.0,0.0,0.0,0.0,0,90,0,0.02,0,False,False,False,False,False,False
1782461799.996,0,0,0,0,0,1.17,-7.97,0.0,0.0,0.0,0.0,0.0,0,90,0,0.02,0,False,False,False,False,False,False
1782461800.022,0,0,0,0,0,1.21,-7.95,0.0,0.0,0.0,0.0,0.0,0,90,0,0.02,0,False,False,False,False,False,False
1782461800.043,0,0,0,0,0,1.27,-7.93,0.0,0.0,0.0,0.0,0.0,0,90,0,0.02,0,False,False,False,False,False,False
1782461800.066,0,0,0,0,0,1.31,-7.72,0.0,0.0,0.0,0.0,0.0,0,90,0,0.02,0,False,False,False,False,False,False
1782461800.089,0,0,0,0,0,1.34,-7.22,0.0,0.0,0.0,0.0,0.0,0,90,0,0.02,0,False,False,False,False,False,False
1782461800.113,0,0,0,0,0,1.35,-6.76,0.0,0.0,0.0,0.0,0.0,0,90,0,0.02,0,False,False,False,False,False,False
1782461800.138,0,0,0,0,0,1.36,-6.59,0.0,0.0,0.0,0.0,0.0,0,90,0,0.02,0,False,False,False,False,False,False
1782461800.16,0,0,0,0,0,1.36,-6.63,0.0,0.0,0.0,0.0,0.0,0,90,0,0.02,0,False,False,False,False,False,False
1782461800.183,0,0,0,0,0,1.36,-6.69,0.0,0.0,0.0,0.0,0.0,0,90,0,0.02,0,False,False,False,False,False,False
1782461800.207,0,0,0,0,0,1.36,-6.68,0.0,0.0,0.0,0.0,0.0,0,90,0,0.02,0,False,False,False,False,False,False
1782461800.23,0,0,0,0,0,1.36,-6.65,0.0,0.0,0.0,0.0,0.0,0,90,0,0.02,0,False,False,False,False,False,False
1782461800.254,0,0,0,0,0,1.33,-6.63,0.0,0.0,0.0,0.0,0.0,0,90,0,0.02,0,False,False,False,False,False,False
1782461800.277,0,0,0,0,0,1.33,-6.38,0.0,0.0,0.0,0.0,0.0,0,90,0,0.02,0,False,False,False,False,False,False
1782461800.3,0,0,0,0,0,1.45,-5.67,0.0,0.0,0.0,0.0,0.0,0,90,0,0.02,0,False,False,False,False,False,False
1782461800.324,0,0,0,0,0,1.64,-4.77,0.0,0.0,0.0,0.0,0.0,0,90,0,0.02,0,False,False,False,False,False,False
1782461800.347,0,0,0,0,0,1.75,-3.95,0.0,0.0,0.0,0.0,0.0,0,90,0,0.02,0,False,False,False,False,False,False
1782461800.371,0,0,0,0,0,1.79,-3.22,0.0,0.0,0.0,0.0,0.0,0,90,0,0.03,0,False,False,False,False,False,False
1782461800.394,0,0,0,0,0,1.85,-2.53,0.0,0.0,0.0,0.0,0.0,0,90,0,0.03,0,False,False,False,False,False,False
1782461800.417,0,0,0,0,0,1.93,-1.83,0.0,0.0,0.0,0.0,0.0,0,90,0,0.03,0,False,False,False,False,False,False
1782461800.44,0,0,0,0,0,1.92,-1.14,0.0,0.0,0.0,0.0,0.0,0,90,0,0.03,0,False,False,False,False,False,False
1782461800.464,0,0,0,0,0,1.96,-0.56,0.0,0.0,0.0,0.0,0.0,0,90,0,0.03,0,False,False,False,False,False,False
1782461800.488,0,0,0,0,0,2.16,-0.29,0.0,0.0,0.0,0.0,0.0,0,90,0,0.03,0,False,False,False,False,False,False
1782461800.511,0,0,0,0,0,2.3,-0.41,0.0,0.0,0.0,0.0,0.0,0,90,0,0.03,0,False,False,False,False,False,False
1782461800.534,0,0,0,0,0,2.18,-0.91,0.0,0.0,0.0,0.0,0.0,0,90,0,0.03,0,False,False,False,False,False,False
1782461800.558,0,0,0,0,0,2.02,-1.68,0.0,0.0,0.0,0.0,0.0,0,90,0,0.03,0,False,False,False,False,False,False
1782461800.582,0,0,0,0,0,1.88,-2.62,0.0,0.0,0.0,0.0,0.0,0,90,0,0.03,0,False,False,False,False,False,False
1782461800.605,0,0,0,0,0,1.5,-3.69,0.0,0.0,0.0,0.0,0.0,0,90,0,0.03,0,False,False,False,False,False,False
1782461800.629,0,0,0,0,0,1.04,-4.78,0.0,0.0,0.0,0.0,0.0,0,90,0,0.03,0,False,False,False,False,False,False
1782461800.651,0,0,0,0,0,0.87,-5.73,0.0,0.0,0.0,0.0,0.0,0,90,0,0.03,0,False,False,False,False,False,False
1782461800.675,0,0,0,0,0,1.01,-6.4,0.0,0.0,0.0,0.0,0.0,0,90,0,0.04,0,False,False,False,False,False,False
1782461800.698,0,0,0,0,0,1.27,-6.74,0.0,0.0,0.0,0.0,0.0,0,90,0,0.04,0,False,False,False,False,False,False
1782461800.723,0,0,0,0,0,1.48,-6.84,0.0,0.0,0.0,0.0,0.0,0,90,0,0.04,0,False,False,False,False,False,False
1782461800.745,0,0,0,0,0,1.58,-6.82,0.0,0.0,0.0,0.0,0.0,0,90,0,0.04,0,False,False,False,False,False,False
1782461800.769,0,0,0,0,0,1.6,-6.79,0.0,0.0,0.0,0.0,0.0,0,90,0,0.04,0,False,False,False,False,False,False
1782461800.793,0,0,0,0,0,1.6,-6.8,0.0,0.0,0.0,0.0,0.0,0,90,0,0.04,0,False,False,False,False,False,False
1782461800.816,0,0,0,0,0,1.59,-6.85,0.0,0.0,0.0,0.0,0.0,0,90,0,0.04,0,False,False,False,False,False,False
1782461800.84,0,0,0,0,0,1.56,-6.88,0.0,0.0,0.0,0.0,0.0,0,90,0,0.05,0,False,False,False,False,False,False
1782461800.863,0,0,0,0,0,1.51,-6.9,0.0,0.0,0.0,0.0,0.0,0,90,0,0.05,0,False,False,False,False,False,False
1782461800.888,0,0,0,0,0,1.46,-6.91,0.0,0.0,0.0,0.0,0.0,0,90,0,0.06,0,False,False,False,False,False,False
1782461800.909,0,0,0,0,0,1.43,-6.92,0.0,0.0,0.0,0.0,0.0,0,90,0,0.06,0,False,False,False,False,False,False
1782461800.934,0,0,0,0,0,1.42,-6.92,0.0,0.0,0.0,0.0,0.0,0,90,0,0.06,0,False,False,False,False,False,False
1782461800.957,0,0,0,0,0,1.42,-6.9,0.0,0.0,0.0,0.0,0.0,0,90,0,0.06,0,False,False,False,False,False,False
1782461800.982,0,0,0,0,0,1.41,-6.87,0.0,0.0,0.0,0.0,0.0,0,90,0,0.06,0,False,False,False,False,False,False
1782461801.006,0,0,0,0,0,1.4,-6.86,0.0,0.0,0.0,0.0,0.0,0,90,0,0.06,0,False,False,False,False,False,False
1782461801.028,0,0,0,0,0,1.39,-6.85,0.0,0.0,0.0,0.0,0.0,0,90,0,0.06,0,False,False,False,False,False,False
1782461801.052,0,0,0,0,0,1.38,-6.85,0.0,0.0,0.0,0.0,0.0,0,90,0,0.06,0,False,False,False,False,False,False
1782461801.075,0,0,0,0,0,1.38,-6.86,0.0,0.0,0.0,0.0,0.0,0,90,0,0.06,0,False,False,False,False,False,False
1782461801.099,0,0,0,0,0,1.39,-6.85,0.0,0.0,0.0,0.0,0.0,0,90,0,0.05,0,False,False,False,False,False,False
1782461801.123,0,0,0,0,0,1.4,-6.84,0.0,0.0,0.0,0.0,0.0,0,90,0,0.05,0,False,False,False,False,False,False
1782461801.146,0,0,0,0,0,1.39,-6.84,0.0,0.0,0.0,0.0,0.0,0,90,0,0.05,0,False,False,False,False,False,False
1782461801.171,0,0,0,0,0,1.39,-6.86,0.0,0.0,0.0,0.0,0.0,0,90,0,0.05,0,False,False,False,False,False,False
1782461801.194,0,0,0,0,0,1.4,-6.87,0.0,0.0,0.0,0.0,0.0,0,90,0,0.05,0,False,False,False,False,False,False
1782461801.217,0,0,0,0,0,1.4,-6.85,0.0,0.0,0.0,0.0,0.0,0,90,0,0.05,0,False,False,False,False,False,False
1782461801.241,0,0,0,0,0,1.4,-6.83,0.0,0.0,0.0,0.0,0.0,0,90,0,0.05,0,False,False,False,False,False,False
1782461801.264,0,0,0,0,0,1.38,-6.82,0.0,0.0,0.0,0.0,0.0,0,90,0,0.05,0,False,False,False,False,False,False
1782461801.29,0,0,0,0,0,1.35,-6.82,0.0,0.0,0.0,0.0,0.0,0,90,0,0.05,0,False,False,False,False,False,False
1782461801.311,0,0,0,0,0,1.31,-6.83,0.0,0.0,0.0,0.0,0.0,0,90,0,0.05,0,False,False,False,False,False,False
1782461801.335,0,0,0,0,0,1.29,-6.82,0.0,0.0,0.0,0.0,0.0,0,90,0,0.05,0,False,False,False,False,False,False
1782461801.359,0,0,0,0,0,1.29,-6.81,0.0,0.0,0.0,0.0,0.0,0,90,0,0.05,0,False,False,False,False,False,False
1782461801.383,0,0,0,0,0,1.3,-6.8,0.0,0.0,0.0,0.0,0.0,0,90,0,0.05,0,False,False,False,False,False,False
1782461801.408,0,0,0,0,0,1.32,-6.78,0.0,0.0,0.0,0.0,0.0,0,90,0,0.05,0,False,False,False,False,False,False
1782461801.43,0,0,0,0,0,1.33,-6.77,0.0,0.0,0.0,0.0,0.0,0,90,0,0.05,0,False,False,False,False,False,False
1782461801.456,0,0,0,0,0,1.33,-6.78,0.0,0.0,0.0,0.0,0.0,0,90,0,0.05,0,False,False,False,False,False,False
1782461801.476,0,0,0,0,0,1.33,-6.79,0.0,0.0,0.0,0.0,0.0,0,90,0,0.05,0,False,False,False,False,False,False
1782461801.501,0,0,0,0,0,1.35,-6.8,0.0,0.0,0.0,0.0,0.0,0,90,0,0.05,0,False,False,False,False,False,False
1782461801.525,0,0,0,0,0,1.37,-6.78,0.0,0.0,0.0,0.0,0.0,0,90,0,0.05,0,False,False,False,False,False,False
1782461801.547,0,0,0,0,0,1.38,-6.75,0.0,0.0,0.0,0.0,0.0,0,90,0,0.05,0,False,False,False,False,False,False
1782461801.573,0,0,0,0,0,1.38,-6.76,0.0,0.0,0.0,0.0,0.0,0,90,0,0.05,0,False,False,False,False,False,False
1782461801.596,0,0,0,0,0,1.37,-6.8,0.0,0.0,0.0,0.0,0.0,0,90,0,0.05,0,False,False,False,False,False,False
1782461801.622,0,0,0,0,0,1.36,-6.82,0.0,0.0,0.0,0.0,0.0,0,90,0,0.05,0,False,False,False,False,False,False
1782461801.642,0,0,0,0,0,1.34,-6.82,0.0,0.0,0.0,0.0,0.0,0,90,0,0.05,0,False,False,False,False,False,False
1782461801.666,0,0,0,0,0,1.35,-6.81,0.0,0.0,0.0,0.0,0.0,0,90,0,0.05,0,False,False,False,False,False,False
1782461801.691,0,0,0,0,0,1.35,-6.8,0.0,0.0,0.0,0.0,0.0,0,90,0,0.05,0,False,False,False,False,False,False
1782461801.714,0,0,0,0,0,1.33,-6.8,0.0,0.0,0.0,0.0,0.0,0,90,0,0.05,0,False,False,False,False,False,False
1782461801.74,0,0,0,0,0,1.3,-6.79,0.0,0.0,0.0,0.0,0.0,0,90,0,0.05,0,False,False,False,False,False,False
1782461801.76,0,0,0,0,0,1.3,-6.76,0.0,0.0,0.0,0.0,0.0,0,90,0,0.04,0,False,False,False,False,False,False
1782461801.785,0,0,0,0,0,1.32,-6.72,0.0,0.0,0.0,0.0,0.0,0,90,0,0.04,0,False,False,False,False,False,False
1782461801.808,0,0,0,0,0,1.36,-6.7,0.0,0.0,0.0,0.0,0.0,0,90,0,0.04,0,False,False,False,False,False,False
1782461801.833,0,0,0,0,0,1.38,-6.72,0.0,0.0,0.0,0.0,0.0,0,90,0,0.04,0,False,False,False,False,False,False
1782461801.857,0,0,0,0,0,1.39,-6.74,0.0,0.0,0.0,0.0,0.0,0,90,0,0.04,0,False,False,False,False,False,False
1782461801.879,0,0,0,0,0,1.37,-6.74,0.0,0.0,0.0,0.0,0.0,0,90,0,0.04,0,False,False,False,False,False,False
1782461801.906,0,0,0,0,0,1.33,-6.73,0.0,0.0,0.0,0.0,0.0,0,90,0,0.03,0,False,False,False,False,False,False
1782461801.926,0,0,0,0,0,1.33,-6.73,0.0,0.0,0.0,0.0,0.0,0,90,0,0.03,0,False,False,False,False,False,False
1782461801.95,0,0,0,0,0,1.35,-6.73,0.0,0.0,0.0,0.0,0.0,0,90,0,0.03,0,False,False,False,False,False,False
1782461801.975,0,0,0,0,0,1.36,-6.75,0.0,0.0,0.0,0.0,0.0,0,90,0,0.03,0,False,False,False,False,False,False
1782461801.998,0,0,0,0,0,1.37,-6.76,0.0,0.0,0.0,0.0,0.0,0,90,0,0.03,0,False,False,False,False,False,False
1782461802.024,0,0,0,0,0,1.4,-6.76,0.0,0.0,0.0,0.0,0.0,0,90,0,0.03,0,False,False,False,False,False,False
1782461802.045,0,0,0,0,0,1.4,-6.76,0.0,0.0,0.0,0.0,0.0,0,90,0,0.03,0,False,False,False,False,False,False
1782461802.069,0,0,0,0,0,1.38,-6.75,0.0,0.0,0.0,0.0,0.0,0,90,0,0.03,0,False,False,False,False,False,False
1782461802.094,0,0,0,0,0,1.38,-6.73,0.0,0.0,0.0,0.0,0.0,0,90,0,0.03,0,False,False,False,False,False,False
1782461802.115,0,0,0,0,0,1.38,-6.72,0.0,0.0,0.0,0.0,0.0,0,90,0,0.03,0,False,False,False,False,False,False
1782461802.142,0,0,0,0,0,1.39,-6.71,0.0,0.0,0.0,0.0,0.0,0,90,0,0.02,0,False,False,False,False,False,False
1782461802.163,0,0,0,0,0,1.38,-6.68,0.0,0.0,0.0,0.0,0.0,0,90,0,0.02,0,False,False,False,False,False,False
1782461802.189,0,0,0,0,0,1.37,-6.65,0.0,0.0,0.0,0.0,0.0,0,90,0,0.02,0,False,False,False,False,False,False
1782461802.211,0,0,0,0,0,1.37,-6.63,0.0,0.0,0.0,0.0,0.0,0,90,0,0.02,0,False,False,False,False,False,False
1782461802.235,0,0,0,0,0,1.35,-6.64,0.0,0.0,0.0,0.0,0.0,0,90,0,0.02,0,False,False,False,False,False,False
1782461802.258,0,0,0,0,0,1.33,-6.64,0.0,0.0,0.0,0.0,0.0,0,90,0,0.01,0,False,False,False,False,False,False
1782461802.282,0,0,0,0,0,1.32,-6.62,0.0,0.0,0.0,0.0,0.0,0,90,0,0.01,0,False,False,False,False,False,False
1782461802.306,0,0,0,0,0,1.34,-6.61,0.0,0.0,0.0,0.0,0.0,0,90,0,0.01,0,False,False,False,False,False,False
1782461802.33,0,0,0,0,0,1.37,-6.61,0.0,0.0,0.0,0.0,0.0,0,90,0,0.01,0,False,False,False,False,False,False
1782461802.352,0,0,0,0,0,1.4,-6.61,0.0,0.0,0.0,0.0,0.0,0,90,0,0.01,0,False,False,False,False,False,False
1782461802.376,0,0,0,0,0,1.42,-6.6,0.0,0.0,0.0,0.0,0.0,0,90,0,0.01,0,False,False,False,False,False,False
1782461802.4,0,0,0,0,0,1.43,-6.58,0.0,0.0,0.0,0.0,0.0,0,90,0,0.0,0,False,False,False,False,False,False
1782461802.424,0,0,0,0,0,1.42,-6.55,0.0,0.0,0.0,0.0,0.0,0,90,0,0.0,0,False,False,False,False,False,False
1782461802.447,0,0,0,0,0,1.41,-6.54,0.0,0.0,0.0,0.0,0.0,0,90,0,0.0,0,False,False,False,False,False,False
1782461802.471,0,0,0,0,0,1.42,-6.54,0.0,0.0,0.0,0.0,0.0,0,90,0,0.0,0,False,False,False,False,False,False
1782461802.494,0,0,0,0,0,1.42,-6.57,0.0,0.0,0.0,0.0,0.0,0,90,0,0.0,0,False,False,False,False,False,False
1782461802.518,0,0,0,0,0,1.41,-6.59,0.0,0.0,0.0,0.0,0.0,0,90,0,0.0,0,False,False,False,False,False,False
1782461802.542,0,0,0,0,0,1.41,-6.6,0.0,0.0,0.0,0.0,0.0,0,90,0,0.0,0,False,False,False,False,False,False
1782461802.565,0,0,0,0,0,1.41,-6.58,0.0,0.0,0.0,0.0,0.0,0,90,0,0.0,0,False,False,False,False,False,False
1782461802.59,0,0,0,0,0,1.41,-6.58,0.0,0.0,0.0,0.0,0.0,0,90,0,0.0,0,False,False,False,False,False,False
1782461802.614,0,0,0,0,0,1.4,-6.58,0.0,0.0,0.0,0.0,0.0,0,90,0,0.0,0,False,False,False,False,False,False
1782461802.636,0,0,0,0,0,1.4,-6.58,0.0,0.0,0.0,0.0,0.0,0,90,0,0.0,0,False,False,False,False,False,False
1782461802.66,0,0,0,0,0,1.42,-6.58,0.0,0.0,0.0,0.0,0.0,0,90,0,0.0,0,False,False,False,False,False,False
1782461802.685,0,0,0,0,0,1.43,-6.57,0.0,0.0,0.0,0.0,0.0,0,90,0,0.0,0,False,False,False,False,False,False
1782461802.707,0,0,0,0,0,1.43,-6.55,0.0,0.0,0.0,0.0,0.0,0,90,0,0.0,0,False,False,False,False,False,False
1782461802.731,0,0,0,0,0,1.42,-6.55,0.0,0.0,0.0,0.0,0.0,0,90,0,0.0,0,False,False,False,False,False,False
1782461802.755,0,0,0,0,0,1.4,-6.55,0.0,0.0,0.0,0.0,0.0,0,90,0,0.0,0,False,False,False,False,False,False
1782461802.777,0,0,0,0,0,1.41,-6.55,0.0,0.0,0.0,0.0,0.0,0,90,0,0.0,0,False,False,False,False,False,False
1782461802.801,0,0,0,0,0,1.43,-6.54,0.0,0.0,0.0,0.0,0.0,0,90,0,0.0,0,False,False,False,False,False,False
1782461802.825,0,0,0,0,0,1.45,-6.5,0.0,0.0,0.0,0.0,0.0,0,90,0,0.0,0,False,False,False,False,False,False
1782461802.848,0,0,0,0,0,1.47,-6.13,0.0,0.0,0.0,0.0,0.0,0,90,0,0.0,0,False,False,False,False,False,False
1782461802.872,0,0,0,0,0,1.48,-5.22,0.0,0.0,0.0,0.0,0.0,0,90,0,0.0,0,False,False,False,False,False,False
1782461802.895,0,0,0,0,0,1.47,-4.22,0.0,0.0,0.0,0.0,0.0,0,90,0,0.0,0,False,False,False,False,False,False
1782461802.919,0,0,0,0,0,1.46,-3.54,0.0,0.0,0.0,0.0,0.0,0,90,0,0.0,0,False,False,False,False,False,False
1782461802.941,0,0,0,0,0,1.47,-3.14,0.0,0.0,0.0,0.0,0.0,0,90,0,0.0,0,False,False,False,False,False,False
1782461802.965,0,0,0,0,0,1.48,-2.9,0.0,0.0,0.0,0.0,0.0,0,90,0,0.0,0,False,False,False,False,False,False
1782461802.989,0,0,0,0,0,1.5,-2.75,0.0,0.0,0.0,0.0,0.0,0,90,0,0.0,0,False,False,False,False,False,False
1782461803.012,0,0,0,0,0,1.51,-2.62,0.0,0.0,0.0,0.0,0.0,0,90,0,0.01,0,False,False,False,False,False,False
1782461803.036,0,0,0,0,0,1.51,-2.51,0.0,0.0,0.0,0.0,0.0,0,90,0,0.01,0,False,False,False,False,False,False
1782461803.059,0,0,0,0,0,1.53,-2.44,0.0,0.0,0.0,0.0,0.0,0,90,0,0.01,0,False,False,False,False,False,False
1782461803.082,0,0,0,0,0,1.55,-2.43,0.0,0.0,0.0,0.0,0.0,0,90,0,0.01,0,False,False,False,False,False,False
1782461803.106,0,0,0,0,0,1.57,-2.44,0.0,0.0,0.0,0.0,0.0,0,90,0,0.01,0,False,False,False,False,False,False
1782461803.129,0,0,0,0,0,1.59,-2.45,0.0,0.0,0.0,0.0,0.0,0,90,0,0.02,0,False,False,False,False,False,False
1782461803.153,0,0,0,0,0,1.6,-2.45,0.0,0.0,0.0,0.0,0.0,0,90,0,0.02,0,False,False,False,False,False,False
1782461803.176,0,0,0,0,0,1.58,-2.29,0.0,0.0,0.0,0.0,0.0,0,90,0,0.02,0,False,False,False,False,False,False
1782461803.199,0,0,0,0,0,1.53,-1.92,0.0,0.0,0.0,0.0,0.0,0,90,0,0.02,0,False,False,False,False,False,False
1782461803.223,0,0,0,0,0,1.49,-1.59,0.0,0.0,0.0,0.0,0.0,0,90,0,0.02,0,False,False,False,False,False,False
1782461803.246,0,0,0,0,0,1.45,-1.48,0.0,0.0,0.0,0.0,0.0,0,90,0,0.02,0,False,False,False,False,False,False
1782461803.269,0,0,0,0,0,1.4,-1.45,0.0,0.0,0.0,0.0,0.0,0,90,0,0.02,0,False,False,False,False,False,False
1782461803.292,0,0,0,0,0,1.33,-1.42,0.0,0.0,0.0,0.0,0.0,0,90,0,0.02,0,False,False,False,False,False,False
1782461803.317,0,0,0,0,0,1.27,-1.43,0.0,0.0,0.0,0.0,0.0,0,90,0,0.02,0,False,False,False,False,False,False
1782461803.34,0,0,0,0,0,1.24,-1.3,0.0,0.0,0.0,0.0,0.0,0,90,0,0.02,0,False,False,False,False,False,False
1782461803.363,0,0,0,0,0,1.25,-0.89,0.0,0.0,0.0,0.0,0.0,0,90,0,0.02,0,False,False,False,False,False,False
1782461803.388,0,0,0,0,0,1.27,-0.47,0.0,0.0,0.0,0.0,0.0,0,90,0,0.02,0,False,False,False,False,False,False
1782461803.411,0,0,0,0,0,1.27,-0.23,0.0,0.0,0.0,0.0,0.0,0,90,0,0.02,0,False,False,False,False,False,False
1782461803.433,0,0,0,0,0,1.23,-0.05,0.0,0.0,0.0,0.0,0.0,0,90,0,0.03,0,False,False,False,False,False,False
1782461803.458,0,0,0,0,0,1.19,0.07,0.0,0.0,0.0,0.0,0.0,0,90,0,0.03,0,False,False,False,False,False,False
1782461803.482,0,0,0,0,0,1.16,0.18,0.0,0.0,0.0,0.0,0.0,0,90,0,0.03,0,False,False,False,False,False,False
1782461803.508,0,0,0,0,0,1.13,0.61,0.0,0.0,0.0,0.0,0.0,0,90,0,0.03,0,False,False,False,False,False,False
1782461803.527,0,0,0,0,0,1.09,1.25,0.0,0.0,0.0,0.0,0.0,0,90,0,0.03,0,False,False,False,False,False,False
1782461803.552,0,0,0,0,0,1.06,1.75,0.0,0.0,0.0,0.0,0.0,0,90,0,0.03,0,False,False,False,False,False,False
1782461803.575,0,0,0,0,0,1.05,2.0,0.0,0.0,0.0,0.0,0.0,0,90,0,0.03,0,False,False,False,False,False,False
1782461803.598,0,0,0,0,0,1.04,2.06,0.0,0.0,0.0,0.0,0.0,0,90,0,0.03,0,False,False,False,False,False,False
1782461803.622,0,0,0,0,0,1.04,2.02,0.0,0.0,0.0,0.0,0.0,0,90,0,0.03,0,False,False,False,False,False,False
1782461803.645,0,0,0,0,0,1.05,1.93,0.0,0.0,0.0,0.0,0.0,0,90,0,0.03,0,False,False,False,False,False,False
1782461803.669,0,0,0,0,0,1.06,1.83,0.0,0.0,0.0,0.0,0.0,0,90,0,0.03,0,False,False,False,False,False,False
1782461803.693,0,0,0,0,0,1.07,1.73,0.0,0.0,0.0,0.0,0.0,0,90,0,0.03,0,False,False,False,False,False,False
1782461803.717,0,0,0,0,0,1.08,1.63,0.0,0.0,0.0,0.0,0.0,0,90,0,0.03,0,False,False,False,False,False,False
1782461803.741,0,0,0,0,0,1.09,1.52,0.0,0.0,0.0,0.0,0.0,0,90,0,0.03,0,False,False,False,False,False,False
1782461803.765,0,0,0,0,0,1.1,1.42,0.0,0.0,0.0,0.0,0.0,0,90,0,0.03,0,False,False,False,False,False,False
1782461803.789,0,0,0,0,0,1.11,1.32,0.0,0.0,0.0,0.0,0.0,0,90,0,0.03,0,False,False,False,False,False,False
1782461803.811,0,0,0,0,0,1.12,1.22,0.0,0.0,0.0,0.0,0.0,0,90,0,0.03,0,False,False,False,False,False,False
1782461803.835,0,0,0,0,0,1.13,1.11,0.0,0.0,0.0,0.0,0.0,0,90,0,0.03,0,False,False,False,False,False,False
1782461803.859,0,0,0,0,0,1.14,1.0,0.0,0.0,0.0,0.0,0.0,0,90,0,0.03,0,False,False,False,False,False,False
1782461803.883,0,0,0,0,0,1.16,0.88,0.0,0.0,0.0,0.0,0.0,0,90,0,0.03,0,False,False,False,False,False,False
1782461803.908,0,0,0,0,0,1.18,0.75,0.0,0.0,0.0,0.0,0.0,0,90,0,0.03,0,False,False,False,False,False,False
1782461803.929,0,0,0,0,0,1.2,0.6,0.0,0.0,0.0,0.0,0.0,0,90,0,0.03,0,False,False,False,False,False,False
1782461803.953,0,0,0,0,0,1.22,0.47,0.0,0.0,0.0,0.0,0.0,0,90,0,0.03,0,False,False,False,False,False,False
1782461803.976,0,0,0,0,0,1.23,0.36,0.0,0.0,0.0,0.0,0.0,0,90,0,0.03,0,False,False,False,False,False,False
1782461804.0,0,0,0,0,0,1.24,0.26,0.0,0.0,0.0,0.0,0.0,0,90,0,0.03,0,False,False,False,False,False,False
1782461804.025,0,0,0,0,0,1.25,0.16,0.0,0.0,0.0,0.0,0.0,0,90,0,0.03,0,False,False,False,False,False,False
1782461804.048,0,0,0,0,0,1.26,0.06,0.0,0.0,0.0,0.0,0.0,0,90,0,0.03,0,False,False,False,False,False,False
1782461804.066,0,0,0,0,0,1.27,-0.04,0.0,0.0,0.0,0.0,0.0,0,90,0,0.03,0,False,False,False,False,False,False
1782461804.091,0,0,0,0,0,1.27,-0.14,0.0,0.0,0.0,0.0,0.0,0,90,0,0.03,0,False,False,False,False,False,False
1782461804.114,0,0,0,0,0,1.28,-0.24,0.0,0.0,0.0,0.0,0.0,0,90,0,0.03,0,False,False,False,False,False,False
1782461804.138,0,0,0,0,0,1.29,-0.33,0.0,0.0,0.0,0.0,0.0,0,90,0,0.03,0,False,False,False,False,False,False
1782461804.161,0,0,0,0,0,1.3,-0.44,0.0,0.0,0.0,0.0,0.0,0,90,0,0.03,0,False,False,False,False,False,False
1782461804.184,0,0,0,0,0,1.3,-0.54,0.0,0.0,0.0,0.0,0.0,0,90,0,0.03,0,False,False,False,False,False,False
1782461804.209,0,0,0,0,0,1.31,-0.64,0.0,0.0,0.0,0.0,0.0,0,90,0,0.03,0,False,False,False,False,False,False
1782461804.232,0,0,0,0,0,1.32,-0.75,0.0,0.0,0.0,0.0,0.0,0,90,0,0.03,0,False,False,False,False,False,False
1782461804.256,0,0,0,0,0,1.33,-0.85,0.0,0.0,0.0,0.0,0.0,0,90,0,0.03,0,False,False,False,False,False,False
1782461804.279,0,0,0,0,0,1.34,-0.95,0.0,0.0,0.0,0.0,0.0,0,90,0,0.03,0,False,False,False,False,False,False
1782461804.303,0,0,0,0,0,1.35,-1.05,0.0,0.0,0.0,0.0,0.0,0,90,0,0.03,0,False,False,False,False,False,False
1782461804.326,0,0,0,0,0,1.35,-1.15,0.0,0.0,0.0,0.0,0.0,0,90,0,0.03,0,False,False,False,False,False,False
1782461804.35,0,0,0,0,0,1.36,-1.25,0.0,0.0,0.0,0.0,0.0,0,90,0,0.03,0,False,False,False,False,False,False
1782461804.375,0,0,0,0,0,1.37,-1.35,0.0,0.0,0.0,0.0,0.0,0,90,0,0.03,0,False,False,False,False,False,False
1782461804.397,0,0,0,0,0,1.38,-1.44,0.0,0.0,0.0,0.0,0.0,0,90,0,0.03,0,False,False,False,False,False,False
1782461804.421,0,0,0,0,0,1.38,-1.54,0.0,0.0,0.0,0.0,0.0,0,90,0,0.02,0,False,False,False,False,False,False
1782461804.444,0,0,0,0,0,1.38,-1.63,0.0,0.0,0.0,0.0,0.0,0,90,0,0.02,0,False,False,False,False,False,False
1782461804.467,0,0,0,0,0,1.39,-1.72,0.0,0.0,0.0,0.0,0.0,0,90,0,0.02,0,False,False,False,False,False,False
1782461804.492,0,0,0,0,0,1.39,-1.82,0.0,0.0,0.0,0.0,0.0,0,90,0,0.02,0,False,False,False,False,False,False
1782461804.515,0,0,0,0,0,1.4,-1.91,0.0,0.0,0.0,0.0,0.0,0,90,0,0.02,0,False,False,False,False,False,False
1782461804.54,0,0,0,0,0,1.4,-2.01,0.0,0.0,0.0,0.0,0.0,0,90,0,0.01,0,False,False,False,False,False,False
1782461804.562,0,0,0,0,0,1.41,-2.1,0.0,0.0,0.0,0.0,0.0,0,90,0,0.01,0,False,False,False,False,False,False
1782461804.586,0,0,0,0,0,1.42,-2.19,0.0,0.0,0.0,0.0,0.0,0,90,0,0.01,0,False,False,False,False,False,False
1782461804.609,0,0,0,0,0,1.42,-2.28,0.0,0.0,0.0,0.0,0.0,0,90,0,0.01,0,False,False,False,False,False,False
1782461804.633,0,0,0,0,0,1.43,-2.37,0.0,0.0,0.0,0.0,0.0,0,90,0,0.01,0,False,False,False,False,False,False
1782461804.658,0,0,0,0,0,1.43,-2.46,0.0,0.0,0.0,0.0,0.0,0,90,0,0.01,0,False,False,False,False,False,False
1782461804.68,0,0,0,0,0,1.44,-2.55,0.0,0.0,0.0,0.0,0.0,0,90,0,0.01,0,False,False,False,False,False,False
1782461804.704,0,0,0,0,0,1.45,-2.64,0.0,0.0,0.0,0.0,0.0,0,90,0,0.01,0,False,False,False,False,False,False
1782461804.728,0,0,0,0,0,1.45,-2.73,0.0,0.0,0.0,0.0,0.0,0,90,0,0.01,0,False,False,False,False,False,False
1782461804.751,0,0,0,0,0,1.45,-2.81,0.0,0.0,0.0,0.0,0.0,0,90,0,0.01,0,False,False,False,False,False,False
1782461804.777,0,0,0,0,0,1.46,-2.9,0.0,0.0,0.0,0.0,0.0,0,90,0,0.01,0,False,False,False,False,False,False
1782461804.798,0,0,0,0,0,1.46,-2.98,0.0,0.0,0.0,0.0,0.0,0,90,0,0.01,0,False,False,False,False,False,False
1782461804.822,0,0,0,0,0,1.46,-3.06,0.0,0.0,0.0,0.0,0.0,0,90,0,0.01,0,False,False,False,False,False,False
1782461804.846,0,0,0,0,0,1.46,-3.15,0.0,0.0,0.0,0.0,0.0,0,90,0,0.01,0,False,False,False,False,False,False
1782461804.87,0,0,0,0,0,1.47,-3.23,0.0,0.0,0.0,0.0,0.0,0,90,0,0.01,0,False,False,False,False,False,False
1782461804.893,0,0,0,0,0,1.47,-3.32,0.0,0.0,0.0,0.0,0.0,0,90,0,0.01,0,False,False,False,False,False,False
1782461804.917,0,0,0,0,0,1.47,-3.4,0.0,0.0,0.0,0.0,0.0,0,90,0,0.01,0,False,False,False,False,False,False
1782461804.94,0,0,0,0,0,1.47,-3.47,0.0,0.0,0.0,0.0,0.0,0,90,0,0.0,0,False,False,False,False,False,False
1782461804.964,0,0,0,0,0,1.48,-3.55,0.0,0.0,0.0,0.0,0.0,0,90,0,0.0,0,False,False,False,False,False,False
1782461804.987,0,0,0,0,0,1.48,-3.63,0.0,0.0,0.0,0.0,0.0,0,90,0,0.0,0,False,False,False,False,False,False
1782461805.006,0,0,0,0,0,1.48,-3.71,0.0,0.0,0.0,0.0,0.0,0,90,0,0.0,0,False,False,False,False,False,False
1782461805.03,0,0,0,0,0,1.48,-3.78,0.0,0.0,0.0,0.0,0.0,0,90,0,0.0,0,False,False,False,False,False,False
1782461805.053,0,0,0,0,0,1.48,-3.85,0.0,0.0,0.0,0.0,0.0,0,90,0,0.0,0,False,False,False,False,False,False
1782461805.077,0,0,0,0,0,1.49,-3.93,0.0,0.0,0.0,0.0,0.0,0,90,0,0.0,0,False,False,False,False,False,False
1782461805.101,0,0,0,0,0,1.49,-4.0,0.0,0.0,0.0,0.0,0.0,0,90,0,0.0,0,False,False,False,False,False,False
1782461805.125,0,0,0,0,0,1.49,-4.08,0.0,0.0,0.0,0.0,0.0,0,90,0,0.0,0,False,False,False,False,False,False
1782461805.147,0,0,0,0,0,1.48,-4.15,0.0,0.0,0.0,0.0,0.0,0,90,0,0.0,0,False,False,False,False,False,False
1782461805.171,0,0,0,0,0,1.48,-4.22,0.0,0.0,0.0,0.0,0.0,0,90,0,0.0,0,False,False,False,False,False,False
1782461805.195,0,0,0,0,0,1.48,-4.3,0.0,0.0,0.0,0.0,0.0,0,90,0,0.0,0,False,False,False,False,False,False
1782461805.218,0,0,0,0,0,1.47,-4.37,0.0,0.0,0.0,0.0,0.0,0,90,0,0.0,0,False,False,False,False,False,False
1782461805.243,0,0,0,0,0,1.47,-4.44,0.0,0.0,0.0,0.0,0.0,0,90,0,0.0,0,False,False,False,False,False,False
1782461805.266,0,0,0,0,0,1.47,-4.52,0.0,0.0,0.0,0.0,0.0,0,90,0,0.0,0,False,False,False,False,False,False
1782461805.288,0,0,0,0,0,1.47,-4.59,0.0,0.0,0.0,0.0,0.0,0,90,0,0.0,0,False,False,False,False,False,False
1782461805.312,0,0,0,0,0,1.46,-4.66,0.0,0.0,0.0,0.0,0.0,0,90,0,0.0,0,False,False,False,False,False,False
1782461805.336,0,0,0,0,0,1.45,-4.72,0.0,0.0,0.0,0.0,0.0,0,90,0,0.0,0,False,False,False,False,False,False
1782461805.36,0,0,0,0,0,1.44,-4.79,0.0,0.0,0.0,0.0,0.0,0,90,0,0.0,0,False,False,False,False,False,False
1782461805.383,0,0,0,0,0,1.43,-4.86,0.0,0.0,0.0,0.0,0.0,0,90,0,0.0,0,False,False,False,False,False,False
1782461805.408,0,0,0,0,0,1.43,-4.93,0.0,0.0,0.0,0.0,0.0,0,90,0,0.0,0,False,False,False,False,False,False
1782461805.43,0,0,0,0,0,1.42,-4.99,0.0,0.0,0.0,0.0,0.0,0,90,0,0.0,0,False,False,False,False,False,False
1782461805.454,0,0,0,0,0,1.4,-5.06,0.0,0.0,0.0,0.0,0.0,0,90,0,0.0,0,False,False,False,False,False,False
1782461805.477,0,0,0,0,0,1.39,-5.13,0.0,0.0,0.0,0.0,0.0,0,90,0,0.0,0,False,False,False,False,False,False
1782461805.501,0,0,0,0,0,1.38,-5.19,0.0,0.0,0.0,0.0,0.0,0,90,0,0.0,0,False,False,False,False,False,False
1782461805.526,0,0,0,0,0,1.36,-5.25,0.0,0.0,0.0,0.0,0.0,0,90,0,0.0,0,False,False,False,False,False,False
1782461805.548,0,0,0,0,0,1.34,-5.3,0.0,0.0,0.0,0.0,0.0,0,90,0,0.0,0,False,False,False,False,False,False
1782461805.573,0,0,0,0,0,1.32,-5.31,0.0,0.0,0.0,0.0,0.0,0,90,0,0.0,0,False,False,False,False,False,False
1782461805.596,0,0,0,0,0,1.3,-5.28,0.0,0.0,0.0,0.0,0.0,0,90,0,0.0,0,False,False,False,False,False,False
1782461805.615,0,0,0,0,0,1.29,-5.23,0.0,0.0,0.0,0.0,0.0,0,90,0,0.0,0,False,False,False,False,False,False
1782461805.637,0,0,0,0,0,1.29,-5.2,0.0,0.0,0.0,0.0,0.0,0,90,0,0.0,0,False,False,False,False,False,False
1782461805.661,0,0,0,0,0,1.31,-5.16,0.0,0.0,0.0,0.0,0.0,0,90,0,0.0,0,False,False,False,False,False,False
1782461805.685,0,0,0,0,0,1.32,-5.13,0.0,0.0,0.0,0.0,0.0,0,90,0,0.0,0,False,False,False,False,False,False
1782461805.709,0,0,0,0,0,1.33,-5.08,0.0,0.0,0.0,0.0,0.0,0,90,0,0.0,0,False,False,False,False,False,False
1782461805.732,0,0,0,0,0,1.34,-5.03,0.0,0.0,0.0,0.0,0.0,0,90,0,0.0,0,False,False,False,False,False,False
1782461805.756,0,0,0,0,0,1.32,-5.01,0.0,0.0,0.0,0.0,0.0,0,90,0,0.0,0,False,False,False,False,False,False
1782461805.78,0,0,0,0,0,1.31,-5.02,0.0,0.0,0.0,0.0,0.0,0,90,0,0.0,0,False,False,False,False,False,False
1782461805.803,0,0,0,0,0,1.32,-5.02,0.0,0.0,0.0,0.0,0.0,0,90,0,0.0,0,False,False,False,False,False,False
1782461805.828,0,0,0,0,0,1.31,-4.99,0.0,0.0,0.0,0.0,0.0,0,90,0,0.0,0,False,False,False,False,False,False
1782461805.851,0,0,0,0,0,1.28,-4.93,0.0,0.0,0.0,0.0,0.0,0,90,0,0.0,0,False,False,False,False,False,False
1782461805.876,0,0,0,0,0,1.25,-4.87,0.0,0.0,0.0,0.0,0.0,0,90,0,0.0,0,False,False,False,False,False,False
1782461805.898,0,0,0,0,0,1.24,-4.81,0.0,0.0,0.0,0.0,0.0,0,90,0,0.0,0,False,False,False,False,False,False
1782461805.922,0,0,0,0,0,1.24,-4.76,0.0,0.0,0.0,0.0,0.0,0,90,0,0.0,0,False,False,False,False,False,False
1782461805.946,0,0,0,0,0,1.24,-4.7,0.0,0.0,0.0,0.0,0.0,0,90,0,0.0,0,False,False,False,False,False,False
1782461805.969,0,0,0,0,0,1.25,-4.67,0.0,0.0,0.0,0.0,0.0,0,90,0,0.0,0,False,False,False,False,False,False
1782461805.994,0,0,0,0,0,1.25,-4.67,0.0,0.0,0.0,0.0,0.0,0,90,0,0.0,0,False,False,False,False,False,False
1782461806.016,0,0,0,0,0,1.24,-4.66,0.0,0.0,0.0,0.0,0.0,0,90,0,0.0,0,False,False,False,False,False,False
1782461806.041,0,0,0,0,0,1.24,-4.65,0.0,0.0,0.0,0.0,0.0,0,90,0,0.0,0,False,False,False,False,False,False
1782461806.063,0,0,0,0,0,1.27,-4.64,0.0,0.0,0.0,0.0,0.0,0,90,0,0.0,0,False,False,False,False,False,False
1782461806.088,0,0,0,0,0,1.3,-4.62,0.0,0.0,0.0,0.0,0.0,0,90,0,0.0,0,False,False,False,False,False,False
1782461806.113,0,0,0,0,0,1.33,-4.59,0.0,0.0,0.0,0.0,0.0,0,90,0,0.0,0,False,False,False,False,False,False
1782461806.136,0,0,0,0,0,1.33,-4.54,0.0,0.0,0.0,0.0,0.0,0,90,0,0.0,0,False,False,False,False,False,False
1782461806.16,0,0,0,0,0,1.33,-4.48,0.0,0.0,0.0,0.0,0.0,0,90,0,0.0,0,False,False,False,False,False,False
1782461806.182,0,0,0,0,0,1.32,-4.45,0.0,0.0,0.0,0.0,0.0,0,90,0,0.0,0,False,False,False,False,False,False
1782461806.206,0,0,0,0,0,1.32,-4.42,0.0,0.0,0.0,0.0,0.0,0,90,0,0.0,0,False,False,False,False,False,False
1782461806.229,0,0,0,0,0,1.3,-4.4,0.0,0.0,0.0,0.0,0.0,0,90,0,0.0,0,False,False,False,False,False,False
1782461806.253,0,0,0,0,0,1.28,-4.37,0.0,0.0,0.0,0.0,0.0,0,90,0,0.0,0,False,False,False,False,False,False
1782461806.278,0,0,0,0,0,1.28,-4.31,0.0,0.0,0.0,0.0,0.0,0,90,0,0.0,0,False,False,False,False,False,False
1782461806.3,0,0,0,0,0,1.28,-4.24,0.0,0.0,0.0,0.0,0.0,0,90,0,0.0,0,False,False,False,False,False,False
1782461806.326,0,0,0,0,0,1.29,-4.19,0.0,0.0,0.0,0.0,0.0,0,90,0,0.0,0,False,False,False,False,False,False
1782461806.347,0,0,0,0,0,1.31,-4.16,0.0,0.0,0.0,0.0,0.0,0,90,0,0.0,0,False,False,False,False,False,False
1782461806.371,0,0,0,0,0,1.33,-4.16,0.0,0.0,0.0,0.0,0.0,0,90,0,0.0,0,False,False,False,False,False,False
1782461806.396,0,0,0,0,0,1.33,-4.16,0.0,0.0,0.0,0.0,0.0,0,90,0,0.0,0,False,False,False,False,False,False
1782461806.42,0,0,0,0,0,1.29,-4.16,0.0,0.0,0.0,0.0,0.0,0,90,0,0.0,0,False,False,False,False,False,False
1782461806.451,0,0,0,0,0,1.25,-4.16,0.0,0.0,0.0,0.0,0.0,0,90,0,0.0,0,False,False,False,False,False,False
1782461806.475,0,0,0,0,0,1.24,-4.16,0.0,0.0,0.0,0.0,0.0,0,90,0,0.0,0,False,False,False,False,False,False
1782461806.492,0,0,0,0,0,1.26,-4.15,0.0,0.0,0.0,0.0,0.0,0,90,0,0.0,0,False,False,False,False,False,False
1782461806.514,0,0,0,0,0,1.3,-4.13,0.0,0.0,0.0,0.0,0.0,0,90,0,0.0,0,False,False,False,False,False,False
1782461806.538,0,0,0,0,0,1.34,-4.09,0.0,0.0,0.0,0.0,0.0,0,90,0,0.0,0,False,False,False,False,False,False
1782461806.567,0,0,0,0,0,1.34,-4.03,0.0,0.0,0.0,0.0,0.0,0,90,0,0.0,0,False,False,False,False,False,False
1782461806.585,0,0,0,0,0,1.32,-3.96,0.0,0.0,0.0,0.0,0.0,0,90,0,0.0,0,False,False,False,False,False,False
1782461806.609,0,0,0,0,0,1.31,-3.89,0.0,0.0,0.0,0.0,0.0,0,90,0,0.0,0,False,False,False,False,False,False
1782461806.632,0,0,0,0,0,1.33,-3.85,0.0,0.0,0.0,0.0,0.0,0,90,0,0.0,0,False,False,False,False,False,False
1782461806.656,0,0,0,0,0,1.35,-3.83,0.0,0.0,0.0,0.0,0.0,0,90,0,0.0,0,False,False,False,False,False,False
1782461806.679,0,0,0,0,0,1.36,-3.83,0.0,0.0,0.0,0.0,0.0,0,90,0,0.0,0,False,False,False,False,False,False
1782461806.704,0,0,0,0,0,1.35,-3.84,0.0,0.0,0.0,0.0,0.0,0,90,0,0.0,0,False,False,False,False,False,False
1782461806.727,0,0,0,0,0,1.34,-3.82,0.0,0.0,0.0,0.0,0.0,0,90,0,0.0,0,False,False,False,False,False,False
1782461806.752,0,0,0,0,0,1.32,-3.82,0.0,0.0,0.0,0.0,0.0,0,90,0,0.0,0,False,False,False,False,False,False
1782461806.771,0,0,0,0,0,1.3,-3.82,0.0,0.0,0.0,0.0,0.0,0,90,0,0.0,0,False,False,False,False,False,False
1782461806.794,0,0,0,0,0,1.29,-3.79,0.0,0.0,0.0,0.0,0.0,0,90,0,0.0,0,False,False,False,False,False,False
1782461806.817,0,0,0,0,0,1.28,-3.74,0.0,0.0,0.0,0.0,0.0,0,90,0,0.0,0,False,False,False,False,False,False
1782461806.84,0,0,0,0,0,1.25,-3.69,0.0,0.0,0.0,0.0,0.0,0,90,0,0.0,0,False,False,False,False,False,False
1782461806.864,0,0,0,0,0,1.24,-3.65,0.0,0.0,0.0,0.0,0.0,0,90,0,0.0,0,False,False,False,False,False,False
1782461806.887,0,0,0,0,0,1.26,-3.61,0.0,0.0,0.0,0.0,0.0,0,90,0,0.0,0,False,False,False,False,False,False
1782461806.912,0,0,0,0,0,1.27,-3.59,0.0,0.0,0.0,0.0,0.0,0,90,0,0.0,0,False,False,False,False,False,False
1782461806.935,0,0,0,0,0,1.27,-3.6,0.0,0.0,0.0,0.0,0.0,0,90,0,0.0,0,False,False,False,False,False,False
1782461806.958,0,0,0,0,0,1.27,-3.61,0.0,0.0,0.0,0.0,0.0,0,90,0,0.0,0,False,False,False,False,False,False
1782461806.982,0,0,0,0,0,1.31,-3.59,0.0,0.0,0.0,0.0,0.0,0,90,0,0.0,0,False,False,False,False,False,False
1782461807.006,0,0,0,0,0,1.35,-3.56,0.0,0.0,0.0,0.0,0.0,0,90,0,0.0,0,False,False,False,False,False,False
1782461807.031,0,0,0,0,0,1.36,-3.53,0.0,0.0,0.0,0.0,0.0,0,90,0,0.0,0,False,False,False,False,False,False
1782461807.053,0,0,0,0,0,1.34,-3.51,0.0,0.0,0.0,0.0,0.0,0,90,0,0.0,0,False,False,False,False,False,False
1782461807.078,0,0,0,0,0,1.31,-3.5,0.0,0.0,0.0,0.0,0.0,0,90,0,0.0,0,False,False,False,False,False,False
1782461807.1,0,0,0,0,0,1.28,-3.5,0.0,0.0,0.0,0.0,0.0,0,90,0,0.0,0,False,False,False,False,False,False
1782461807.124,0,0,0,0,0,1.27,-3.49,0.0,0.0,0.0,0.0,0.0,0,90,0,0.0,0,False,False,False,False,False,False
1782461807.148,0,0,0,0,0,1.26,-3.45,0.0,0.0,0.0,0.0,0.0,0,90,0,0.0,0,False,False,False,False,False,False
1782461807.171,0,0,0,0,0,1.26,-3.43,0.0,0.0,0.0,0.0,0.0,0,90,0,0.0,0,False,False,False,False,False,False
1782461807.189,0,0,0,0,0,1.27,-3.41,0.0,0.0,0.0,0.0,0.0,0,90,0,0.0,0,False,False,False,False,False,False
1782461807.214,0,0,0,0,0,1.27,-3.39,0.0,0.0,0.0,0.0,0.0,0,90,0,0.0,0,False,False,False,False,False,False
1782461807.236,0,0,0,0,0,1.28,-3.36,0.0,0.0,0.0,0.0,0.0,0,90,0,0.0,0,False,False,False,False,False,False
1782461807.262,0,0,0,0,0,1.3,-3.32,0.0,0.0,0.0,0.0,0.0,0,90,0,0.0,0,False,False,False,False,False,False
1782461807.284,0,0,0,0,0,1.3,-3.3,0.0,0.0,0.0,0.0,0.0,0,90,0,0.0,0,False,False,False,False,False,False
1782461807.308,0,0,0,0,0,1.3,-3.28,0.0,0.0,0.0,0.0,0.0,0,90,0,0.0,0,False,False,False,False,False,False
1782461807.333,0,0,0,0,0,1.32,-3.25,0.0,0.0,0.0,0.0,0.0,0,90,0,0.0,0,False,False,False,False,False,False
1782461807.354,0,0,0,0,0,1.36,-3.22,0.0,0.0,0.0,0.0,0.0,0,90,0,0.0,0,False,False,False,False,False,False
1782461807.381,0,0,0,0,0,1.37,-3.21,0.0,0.0,0.0,0.0,0.0,0,90,0,0.0,0,False,False,False,False,False,False
1782461807.403,0,0,0,0,0,1.36,-3.2,0.0,0.0,0.0,0.0,0.0,0,90,0,0.0,0,False,False,False,False,False,False
1782461807.428,0,0,0,0,0,1.36,-3.18,0.0,0.0,0.0,0.0,0.0,0,90,0,0.0,0,False,False,False,False,False,False
1782461807.45,0,0,0,0,0,1.37,-3.15,0.0,0.0,0.0,0.0,0.0,0,90,0,0.0,0,False,False,False,False,False,False
1782461807.474,0,0,0,0,0,1.38,-3.1,0.0,0.0,0.0,0.0,0.0,0,90,0,0.0,0,False,False,False,False,False,False
1782461807.491,0,0,0,0,0,1.38,-3.06,0.0,0.0,0.0,0.0,0.0,0,90,0,0.0,0,False,False,False,False,False,False
1782461807.515,0,0,0,0,0,1.38,-3.05,0.0,0.0,0.0,0.0,0.0,0,90,0,0.0,0,False,False,False,False,False,False
1782461807.538,0,0,0,0,0,1.38,-3.04,0.0,0.0,0.0,0.0,0.0,0,90,0,0.0,0,False,False,False,False,False,False
1782461807.564,0,0,0,0,0,1.37,-3.02,0.0,0.0,0.0,0.0,0.0,0,90,0,0.0,0,False,False,False,False,False,False
1782461807.586,0,0,0,0,0,1.34,-2.99,0.0,0.0,0.0,0.0,0.0,0,90,0,0.0,0,False,False,False,False,False,False
1782461807.611,0,0,0,0,0,1.32,-2.97,0.0,0.0,0.0,0.0,0.0,0,90,0,0.0,0,False,False,False,False,False,False
1782461807.634,0,0,0,0,0,1.33,-2.95,0.0,0.0,0.0,0.0,0.0,0,90,0,0.0,0,False,False,False,False,False,False
1782461807.657,0,0,0,0,0,1.34,-2.95,0.0,0.0,0.0,0.0,0.0,0,90,0,0.0,0,False,False,False,False,False,False
1782461807.682,0,0,0,0,0,1.33,-2.94,0.0,0.0,0.0,0.0,0.0,0,90,0,0.0,0,False,False,False,False,False,False
1782461807.704,0,0,0,0,0,1.33,-2.91,0.0,0.0,0.0,0.0,0.0,0,90,0,0.0,0,False,False,False,False,False,False
1782461807.73,0,0,0,0,0,1.32,-2.88,0.0,0.0,0.0,0.0,0.0,0,90,0,0.0,0,False,False,False,False,False,False
1782461807.751,0,0,0,0,0,1.32,-2.84,0.0,0.0,0.0,0.0,0.0,0,90,0,0.0,0,False,False,False,False,False,False
1782461807.775,0,0,0,0,0,1.31,-2.83,0.0,0.0,0.0,0.0,0.0,0,90,0,0.0,0,False,False,False,False,False,False
1782461807.796,0,0,0,0,0,1.31,-2.85,0.0,0.0,0.0,0.0,0.0,0,90,0,0.0,0,False,False,False,False,False,False
1782461807.819,0,0,0,0,0,1.32,-2.87,0.0,0.0,0.0,0.0,0.0,0,90,0,0.0,0,False,False,False,False,False,False
1782461807.841,0,0,0,0,0,1.34,-2.87,0.0,0.0,0.0,0.0,0.0,0,90,0,0.0,0,False,False,False,False,False,False
1782461807.865,0,0,0,0,0,1.34,-2.87,0.0,0.0,0.0,0.0,0.0,0,90,0,0.0,0,False,False,False,False,False,False
1782461807.888,0,0,0,0,0,1.31,-2.85,0.0,0.0,0.0,0.0,0.0,0,90,0,0.0,0,False,False,False,False,False,False
1782461807.913,0,0,0,0,0,1.28,-2.82,0.0,0.0,0.0,0.0,0.0,0,90,0,0.0,0,False,False,False,False,False,False
1782461807.936,0,0,0,0,0,1.27,-2.78,0.0,0.0,0.0,0.0,0.0,0,90,0,0.0,0,False,False,False,False,False,False
1782461807.96,0,0,0,0,0,1.3,-2.75,0.0,0.0,0.0,0.0,0.0,0,90,0,0.0,0,False,False,False,False,False,False
1782461807.983,0,0,0,0,0,1.33,-2.71,0.0,0.0,0.0,0.0,0.0,0,90,0,0.0,0,False,False,False,False,False,False
1782461808.006,0,0,0,0,0,1.34,-2.69,0.0,0.0,0.0,0.0,0.0,0,90,0,0.0,0,False,False,False,False,False,False
1782461808.031,0,0,0,0,0,1.33,-2.7,0.0,0.0,0.0,0.0,0.0,0,90,0,0.0,0,False,False,False,False,False,False
1782461808.054,0,0,0,0,0,1.33,-2.71,0.0,0.0,0.0,0.0,0.0,0,90,0,0.0,0,False,False,False,False,False,False
1782461808.079,0,0,0,0,0,1.35,-2.7,0.0,0.0,0.0,0.0,0.0,0,90,0,0.0,0,False,False,False,False,False,False
1782461808.102,0,0,0,0,0,1.36,-2.69,0.0,0.0,0.0,0.0,0.0,0,90,0,0.0,0,False,False,False,False,False,False
1782461808.125,0,0,0,0,0,1.37,-2.68,0.0,0.0,0.0,0.0,0.0,0,90,0,0.0,0,False,False,False,False,False,False
1782461808.15,0,0,0,0,0,1.36,-2.67,0.0,0.0,0.0,0.0,0.0,0,90,0,0.0,0,False,False,False,False,False,False
1782461808.172,0,0,0,0,0,1.35,-2.64,0.0,0.0,0.0,0.0,0.0,0,90,0,0.0,0,False,False,False,False,False,False
1782461808.196,0,0,0,0,0,1.34,-2.62,0.0,0.0,0.0,0.0,0.0,0,90,0,0.0,0,False,False,False,False,False,False
1782461808.219,0,0,0,0,0,1.33,-2.6,0.0,0.0,0.0,0.0,0.0,0,90,0,0.0,0,False,False,False,False,False,False
1782461808.242,0,0,0,0,0,1.34,-2.59,0.0,0.0,0.0,0.0,0.0,0,90,0,0.0,0,False,False,False,False,False,False
1782461808.266,0,0,0,0,0,1.34,-2.57,0.0,0.0,0.0,0.0,0.0,0,90,0,0.0,0,False,False,False,False,False,False
1782461808.29,0,0,0,0,0,1.34,-2.55,0.0,0.0,0.0,0.0,0.0,0,90,0,0.0,0,False,False,False,False,False,False
1782461808.314,0,0,0,0,0,1.32,-2.53,0.0,0.0,0.0,0.0,0.0,0,90,0,0.0,0,False,False,False,False,False,False
1782461808.337,0,0,0,0,0,1.32,-2.49,0.0,0.0,0.0,0.0,0.0,0,90,0,0.0,0,False,False,False,False,False,False
1782461808.362,0,0,0,0,0,1.35,-2.46,0.0,0.0,0.0,0.0,0.0,0,90,0,0.0,0,False,False,False,False,False,False
1782461808.385,0,0,0,0,0,1.36,-2.46,0.0,0.0,0.0,0.0,0.0,0,90,0,0.0,0,False,False,False,False,False,False
1782461808.409,0,0,0,0,0,1.35,-2.48,0.0,0.0,0.0,0.0,0.0,0,90,0,0.0,0,False,False,False,False,False,False
1782461808.432,0,0,0,0,0,1.34,-2.47,0.0,0.0,0.0,0.0,0.0,0,90,0,0.0,0,False,False,False,False,False,False
1782461808.456,0,0,0,0,0,1.32,-2.45,0.0,0.0,0.0,0.0,0.0,0,90,0,0.0,0,False,False,False,False,False,False
1782461808.481,0,0,0,0,0,1.32,-2.44,0.0,0.0,0.0,0.0,0.0,0,90,0,0.0,0,False,False,False,False,False,False
1782461808.503,0,0,0,0,0,1.32,-2.42,0.0,0.0,0.0,0.0,0.0,0,90,0,0.0,0,False,False,False,False,False,False
1782461808.528,0,0,0,0,0,1.32,-2.39,0.0,0.0,0.0,0.0,0.0,0,90,0,0.0,0,False,False,False,False,False,False
1782461808.55,0,0,0,0,0,1.33,-2.39,0.0,0.0,0.0,0.0,0.0,0,90,0,0.0,0,False,False,False,False,False,False
1782461808.573,0,0,0,0,0,1.33,-2.4,0.0,0.0,0.0,0.0,0.0,0,90,0,0.0,0,False,False,False,False,False,False
1782461808.599,0,0,0,0,0,1.33,-2.38,0.0,0.0,0.0,0.0,0.0,0,90,0,0.0,0,False,False,False,False,False,False
1782461808.621,0,0,0,0,0,1.32,-2.34,0.0,0.0,0.0,0.0,0.0,0,90,0,0.0,0,False,False,False,False,False,False
1782461808.645,0,0,0,0,0,1.31,-2.3,0.0,0.0,0.0,0.0,0.0,0,90,0,0.0,0,False,False,False,False,False,False
1782461808.669,0,0,0,0,0,1.31,-2.3,0.0,0.0,0.0,0.0,0.0,0,90,0,0.0,0,False,False,False,False,False,False
1782461808.693,0,0,0,0,0,1.33,-2.31,0.0,0.0,0.0,0.0,0.0,0,90,0,0.0,0,False,False,False,False,False,False
1782461808.716,0,0,0,0,0,1.35,-2.32,0.0,0.0,0.0,0.0,0.0,0,90,0,0.0,0,False,False,False,False,False,False
1782461808.739,0,0,0,0,0,1.36,-2.3,0.0,0.0,0.0,0.0,0.0,0,90,0,0.0,0,False,False,False,False,False,False
1782461808.764,0,0,0,0,0,1.36,-2.26,0.0,0.0,0.0,0.0,0.0,0,90,0,0.0,0,False,False,False,False,False,False
1782461808.787,0,0,0,0,0,1.36,-2.22,0.0,0.0,0.0,0.0,0.0,0,90,0,0.0,0,False,False,False,False,False,False
1782461808.812,0,0,0,0,0,1.37,-2.21,0.0,0.0,0.0,0.0,0.0,0,90,0,0.0,0,False,False,False,False,False,False
1782461808.834,0,0,0,0,0,1.37,-2.21,0.0,0.0,0.0,0.0,0.0,0,90,0,0.0,0,False,False,False,False,False,False
1782461808.857,0,0,0,0,0,1.36,-2.22,0.0,0.0,0.0,0.0,0.0,0,90,0,0.0,0,False,False,False,False,False,False
1782461808.881,0,0,0,0,0,1.37,-2.22,0.0,0.0,0.0,0.0,0.0,0,90,0,0.0,0,False,False,False,False,False,False
1782461808.904,0,0,0,0,0,1.37,-2.19,0.0,0.0,0.0,0.0,0.0,0,90,0,0.0,0,False,False,False,False,False,False
1782461808.929,0,0,0,0,0,1.37,-2.15,0.0,0.0,0.0,0.0,0.0,0,90,0,0.0,0,False,False,False,False,False,False
1782461808.953,0,0,0,0,0,1.35,-2.12,0.0,0.0,0.0,0.0,0.0,0,90,0,0.0,0,False,False,False,False,False,False
1782461808.976,0,0,0,0,0,1.33,-2.1,0.0,0.0,0.0,0.0,0.0,0,90,0,0.0,0,False,False,False,False,False,False
1782461809.0,0,0,0,0,0,1.31,-2.11,0.0,0.0,0.0,0.0,0.0,0,90,0,0.0,0,False,False,False,False,False,False
1782461809.023,0,0,0,0,0,1.31,-2.15,0.0,0.0,0.0,0.0,0.0,0,90,0,0.0,0,False,False,False,False,False,False
1782461809.049,0,0,0,0,0,1.31,-2.17,0.0,0.0,0.0,0.0,0.0,0,90,0,0.0,0,False,False,False,False,False,False
1782461809.071,0,0,0,0,0,1.3,-2.16,0.0,0.0,0.0,0.0,0.0,0,90,0,0.0,0,False,False,False,False,False,False
1782461809.094,0,0,0,0,0,1.3,-2.13,0.0,0.0,0.0,0.0,0.0,0,90,0,0.0,0,False,False,False,False,False,False
1782461809.117,0,0,0,0,0,1.31,-2.12,0.0,0.0,0.0,0.0,0.0,0,90,0,0.0,0,False,False,False,False,False,False
1782461809.142,0,0,0,0,0,1.32,-2.13,0.0,0.0,0.0,0.0,0.0,0,90,0,0.0,0,False,False,False,False,False,False
1782461809.166,0,0,0,0,0,1.33,-2.13,0.0,0.0,0.0,0.0,0.0,0,90,0,0.0,0,False,False,False,False,False,False
1782461809.188,0,0,0,0,0,1.33,-2.1,0.0,0.0,0.0,0.0,0.0,0,90,0,0.0,0,False,False,False,False,False,False
1782461809.213,0,0,0,0,0,1.33,-2.06,0.0,0.0,0.0,0.0,0.0,0,90,0,0.0,0,False,False,False,False,False,False
1782461809.237,0,0,0,0,0,1.33,-2.04,0.0,0.0,0.0,0.0,0.0,0,90,0,0.0,0,False,False,False,False,False,False
1782461809.26,0,0,0,0,0,1.32,-2.06,0.0,0.0,0.0,0.0,0.0,0,90,0,0.0,0,False,False,False,False,False,False
1782461809.283,0,0,0,0,0,1.33,-2.04,0.0,0.0,0.0,0.0,0.0,0,90,0,0.0,0,False,False,False,False,False,False
1782461809.307,0,0,0,0,0,1.34,-1.99,0.0,0.0,0.0,0.0,0.0,0,90,0,0.0,0,False,False,False,False,False,False
1782461809.332,0,0,0,0,0,1.34,-1.97,0.0,0.0,0.0,0.0,0.0,0,90,0,0.0,0,False,False,False,False,False,False
1782461809.353,0,0,0,0,0,1.35,-1.96,0.0,0.0,0.0,0.0,0.0,0,90,0,0.0,0,False,False,False,False,False,False
1782461809.378,0,0,0,0,0,1.35,-1.96,0.0,0.0,0.0,0.0,0.0,0,90,0,0.0,0,False,False,False,False,False,False
1782461809.402,0,0,0,0,0,1.34,-1.97,0.0,0.0,0.0,0.0,0.0,0,90,0,0.0,0,False,False,False,False,False,False
1782461809.426,0,0,0,0,0,1.34,-1.97,0.0,0.0,0.0,0.0,0.0,0,90,0,0.0,0,False,False,False,False,False,False
1782461809.449,0,0,0,0,0,1.37,-1.96,0.0,0.0,0.0,0.0,0.0,0,90,0,0.0,0,False,False,False,False,False,False
1782461809.472,0,0,0,0,0,1.39,-1.95,0.0,0.0,0.0,0.0,0.0,0,90,0,0.0,0,False,False,False,False,False,False
1782461809.496,0,0,0,0,0,1.39,-1.93,0.0,0.0,0.0,0.0,0.0,0,90,0,0.0,0,False,False,False,False,False,False
1782461809.52,0,0,0,0,0,1.35,-1.9,0.0,0.0,0.0,0.0,0.0,0,90,0,0.0,0,False,False,False,False,False,False
1782461809.543,0,0,0,0,0,1.32,-1.87,0.0,0.0,0.0,0.0,0.0,0,90,0,0.0,0,False,False,False,False,False,False
1782461809.568,0,0,0,0,0,1.3,-1.86,0.0,0.0,0.0,0.0,0.0,0,90,0,0.0,0,False,False,False,False,False,False
1782461809.59,0,0,0,0,0,1.3,-1.86,0.0,0.0,0.0,0.0,0.0,0,90,0,0.0,0,False,False,False,False,False,False
1782461809.615,0,0,0,0,0,1.29,-1.86,0.0,0.0,0.0,0.0,0.0,0,90,0,0.0,0,False,False,False,False,False,False
1782461809.637,0,0,0,0,0,1.3,-1.86,0.0,0.0,0.0,0.0,0.0,0,90,0,0.0,0,False,False,False,False,False,False
1782461809.661,0,0,0,0,0,1.31,-1.85,0.0,0.0,0.0,0.0,0.0,0,90,0,0.0,0,False,False,False,False,False,False
1782461809.686,0,0,0,0,0,1.31,-1.82,0.0,0.0,0.0,0.0,0.0,0,90,0,0.0,0,False,False,False,False,False,False
1782461809.709,0,0,0,0,0,1.29,-1.8,0.0,0.0,0.0,0.0,0.0,0,90,0,0.0,0,False,False,False,False,False,False
1782461809.733,0,0,0,0,0,1.29,-1.82,0.0,0.0,0.0,0.0,0.0,0,90,0,0.0,0,False,False,False,False,False,False
1782461809.756,0,0,0,0,0,1.32,-1.84,0.0,0.0,0.0,0.0,0.0,0,90,0,0.0,0,False,False,False,False,False,False
1782461809.781,0,0,0,0,0,1.36,-1.85,0.0,0.0,0.0,0.0,0.0,0,90,0,0.0,0,False,False,False,False,False,False
1782461809.805,0,0,0,0,0,1.38,-1.84,0.0,0.0,0.0,0.0,0.0,0,90,0,0.0,0,False,False,False,False,False,False
1782461809.827,0,0,0,0,0,1.37,-1.82,0.0,0.0,0.0,0.0,0.0,0,90,0,0.0,0,False,False,False,False,False,False
1782461809.85,0,0,0,0,0,1.34,-1.81,0.0,0.0,0.0,0.0,0.0,0,90,0,0.0,0,False,False,False,False,False,False
1782461809.874,0,0,0,0,0,1.32,-1.79,0.0,0.0,0.0,0.0,0.0,0,90,0,0.0,0,False,False,False,False,False,False
1782461809.898,0,0,0,0,0,1.31,-1.77,0.0,0.0,0.0,0.0,0.0,0,90,0,0.0,0,False,False,False,False,False,False
1782461809.922,0,0,0,0,0,1.31,-1.75,0.0,0.0,0.0,0.0,0.0,0,90,0,0.0,0,False,False,False,False,False,False
1782461809.946,0,0,0,0,0,1.3,-1.74,0.0,0.0,0.0,0.0,0.0,0,90,0,0.0,0,False,False,False,False,False,False
1782461809.969,0,0,0,0,0,1.3,-1.74,0.0,0.0,0.0,0.0,0.0,0,90,0,0.0,0,False,False,False,False,False,False
1782461809.992,0,0,0,0,0,1.32,-1.73,0.0,0.0,0.0,0.0,0.0,0,90,0,0.0,0,False,False,False,False,False,False
1782461810.017,0,0,0,0,0,1.33,-1.72,0.0,0.0,0.0,0.0,0.0,0,90,0,0.0,0,False,False,False,False,False,False
1782461810.039,0,0,0,0,0,1.33,-1.71,0.0,0.0,0.0,0.0,0.0,0,90,0,0.0,0,False,False,False,False,False,False
1782461810.064,0,0,0,0,0,1.31,-1.7,0.0,0.0,0.0,0.0,0.0,0,90,0,0.0,0,False,False,False,False,False,False
1782461810.087,0,0,0,0,0,1.3,-1.68,0.0,0.0,0.0,0.0,0.0,0,90,0,0.0,0,False,False,False,False,False,False
1782461810.109,0,0,0,0,0,1.29,-1.66,0.0,0.0,0.0,0.0,0.0,0,90,0,0.0,0,False,False,False,False,False,False
1782461810.134,0,0,0,0,0,1.3,-1.64,0.0,0.0,0.0,0.0,0.0,0,90,0,0.0,0,False,False,False,False,False,False
1782461810.158,0,0,0,0,0,1.32,-1.61,0.0,0.0,0.0,0.0,0.0,0,90,0,0.0,0,False,False,False,False,False,False
1782461810.182,0,0,0,0,0,1.34,-1.59,0.0,0.0,0.0,0.0,0.0,0,90,0,0.0,0,False,False,False,False,False,False
1782461810.205,0,0,0,0,0,1.37,-1.61,0.0,0.0,0.0,0.0,0.0,0,90,0,0.0,0,False,False,False,False,False,False
1782461810.23,0,0,0,0,0,1.37,-1.64,0.0,0.0,0.0,0.0,0.0,0,90,0,0.0,0,False,False,False,False,False,False
1782461810.252,0,0,0,0,0,1.37,-1.64,0.0,0.0,0.0,0.0,0.0,0,90,0,0.0,0,False,False,False,False,False,False
1782461810.276,0,0,0,0,0,1.36,-1.63,0.0,0.0,0.0,0.0,0.0,0,90,0,0.0,0,False,False,False,False,False,False
1782461810.301,0,0,0,0,0,1.35,-1.61,0.0,0.0,0.0,0.0,0.0,0,90,0,0.0,0,False,False,False,False,False,False
1782461810.324,0,0,0,0,0,1.35,-1.62,0.0,0.0,0.0,0.0,0.0,0,90,0,0.0,0,False,False,False,False,False,False
1782461810.348,0,0,0,0,0,1.34,-1.64,0.0,0.0,0.0,0.0,0.0,0,90,0,0.0,0,False,False,False,False,False,False
1782461810.371,0,0,0,0,0,1.33,-1.65,0.0,0.0,0.0,0.0,0.0,0,90,0,0.0,0,False,False,False,False,False,False
1782461810.394,0,0,0,0,0,1.33,-1.65,0.0,0.0,0.0,0.0,0.0,0,90,0,0.0,0,False,False,False,False,False,False
1782461810.418,0,0,0,0,0,1.34,-1.65,0.0,0.0,0.0,0.0,0.0,0,90,0,0.0,0,False,False,False,False,False,False
1782461810.441,0,0,0,0,0,1.37,-1.63,0.0,0.0,0.0,0.0,0.0,0,90,0,0.0,0,False,False,False,False,False,False
1782461810.465,0,0,0,0,0,1.4,-1.59,0.0,0.0,0.0,0.0,0.0,0,90,0,0.0,0,False,False,False,False,False,False
1782461810.489,0,0,0,0,0,1.4,-1.56,0.0,0.0,0.0,0.0,0.0,0,90,0,0.0,0,False,False,False,False,False,False
1782461810.512,0,0,0,0,0,1.38,-1.54,0.0,0.0,0.0,0.0,0.0,0,90,0,0.0,0,False,False,False,False,False,False
1782461810.536,0,0,0,0,0,1.37,-1.52,0.0,0.0,0.0,0.0,0.0,0,90,0,0.0,0,False,False,False,False,False,False
1782461810.56,0,0,0,0,0,1.36,-1.52,0.0,0.0,0.0,0.0,0.0,0,90,0,0.0,0,False,False,False,False,False,False
1782461810.583,0,0,0,0,0,1.33,-1.52,0.0,0.0,0.0,0.0,0.0,0,90,0,0.0,0,False,False,False,False,False,False
1782461810.608,0,0,0,0,0,1.3,-1.51,0.0,0.0,0.0,0.0,0.0,0,90,0,0.0,0,False,False,False,False,False,False
1782461810.632,0,0,0,0,0,1.3,-1.51,0.0,0.0,0.0,0.0,0.0,0,90,0,0.0,0,False,False,False,False,False,False
1782461810.654,0,0,0,0,0,1.32,-1.5,0.0,0.0,0.0,0.0,0.0,0,90,0,0.0,0,False,False,False,False,False,False
1782461810.678,0,0,0,0,0,1.37,-1.5,0.0,0.0,0.0,0.0,0.0,0,90,0,0.0,0,False,False,False,False,False,False
1782461810.701,0,0,0,0,0,1.41,-1.51,0.0,0.0,0.0,0.0,0.0,0,90,0,0.0,0,False,False,False,False,False,False
1782461810.726,0,0,0,0,0,1.4,-1.52,0.0,0.0,0.0,0.0,0.0,0,90,0,0.0,0,False,False,False,False,False,False
1782461810.749,0,0,0,0,0,1.35,-1.52,0.0,0.0,0.0,0.0,0.0,0,90,0,0.0,0,False,False,False,False,False,False
1782461810.773,0,0,0,0,0,1.32,-1.5,0.0,0.0,0.0,0.0,0.0,0,90,0,0.0,0,False,False,False,False,False,False
1782461810.798,0,0,0,0,0,1.32,-1.49,0.0,0.0,0.0,0.0,0.0,0,90,0,0.0,0,False,False,False,False,False,False
1782461810.82,0,0,0,0,0,1.33,-1.5,0.0,0.0,0.0,0.0,0.0,0,90,0,0.0,0,False,False,False,False,False,False
1782461810.843,0,0,0,0,0,1.35,-1.51,0.0,0.0,0.0,0.0,0.0,0,90,0,0.0,0,False,False,False,False,False,False
1782461810.868,0,0,0,0,0,1.36,-1.51,0.0,0.0,0.0,0.0,0.0,0,90,0,0.0,0,False,False,False,False,False,False
1782461810.89,0,0,0,0,0,1.36,-1.49,0.0,0.0,0.0,0.0,0.0,0,90,0,0.0,0,False,False,False,False,False,False
1782461810.914,0,0,0,0,0,1.35,-1.47,0.0,0.0,0.0,0.0,0.0,0,90,0,0.0,0,False,False,False,False,False,False
1782461810.938,0,0,0,0,0,1.33,-1.45,0.0,0.0,0.0,0.0,0.0,0,90,0,0.0,0,False,False,False,False,False,False
1782461810.962,0,0,0,0,0,1.31,-1.44,0.0,0.0,0.0,0.0,0.0,0,90,0,0.0,0,False,False,False,False,False,False
1782461810.985,0,0,0,0,0,1.31,-1.43,0.0,0.0,0.0,0.0,0.0,0,90,0,0.0,0,False,False,False,False,False,False
1782461811.009,0,0,0,0,0,1.32,-1.42,0.0,0.0,0.0,0.0,0.0,0,90,0,0.0,0,False,False,False,False,False,False
1782461811.033,0,0,0,0,0,1.34,-1.42,0.0,0.0,0.0,0.0,0.0,0,90,0,0.0,0,False,False,False,False,False,False
1782461811.056,0,0,0,0,0,1.35,-1.43,0.0,0.0,0.0,0.0,0.0,0,90,0,0.0,0,False,False,False,False,False,False
1782461811.081,0,0,0,0,0,1.35,-1.45,0.0,0.0,0.0,0.0,0.0,0,90,0,0.0,0,False,False,False,False,False,False
1782461811.104,0,0,0,0,0,1.34,-1.46,0.0,0.0,0.0,0.0,0.0,0,90,0,0.0,0,False,False,False,False,False,False
1782461811.126,0,0,0,0,0,1.33,-1.45,0.0,0.0,0.0,0.0,0.0,0,90,0,0.0,0,False,False,False,False,False,False
1782461811.151,0,0,0,0,0,1.32,-1.43,0.0,0.0,0.0,0.0,0.0,0,90,0,0.0,0,False,False,False,False,False,False
1782461811.175,0,0,0,0,0,1.31,-1.43,0.0,0.0,0.0,0.0,0.0,0,90,0,0.0,0,False,False,False,False,False,False
1782461811.197,0,0,0,0,0,1.3,-1.44,0.0,0.0,0.0,0.0,0.0,0,90,0,0.0,0,False,False,False,False,False,False
1782461811.223,0,0,0,0,0,1.29,-1.43,0.0,0.0,0.0,0.0,0.0,0,90,0,0.0,0,False,False,False,False,False,False
1782461811.245,0,0,0,0,0,1.3,-1.41,0.0,0.0,0.0,0.0,0.0,0,90,0,0.0,0,False,False,False,False,False,False
1782461811.27,0,0,0,0,0,1.32,-1.39,0.0,0.0,0.0,0.0,0.0,0,90,0,0.0,0,False,False,False,False,False,False
1782461811.292,0,0,0,0,0,1.33,-1.36,0.0,0.0,0.0,0.0,0.0,0,90,0,0.0,0,False,False,False,False,False,False
1782461811.318,0,0,0,0,0,1.36,-1.34,0.0,0.0,0.0,0.0,0.0,0,90,0,0.0,0,False,False,False,False,False,False
1782461811.387,0,0,0,0,0,1.38,-1.34,0.0,0.0,0.0,0.0,0.0,0,90,0,0.0,0,False,False,False,False,False,False
1782461811.419,0,0,0,0,0,1.38,-1.35,0.0,0.0,0.0,0.0,0.0,0,90,0,0.0,0,False,False,False,False,False,False
1782461811.435,0,0,0,0,0,1.35,-1.37,0.0,0.0,0.0,0.0,0.0,0,90,0,0.0,0,False,False,False,False,False,False
1782461811.459,0,0,0,0,0,1.32,-1.38,0.0,0.0,0.0,0.0,0.0,0,90,0,0.0,0,False,False,False,False,False,False
1782461811.482,0,0,0,0,0,1.33,-1.39,0.0,0.0,0.0,0.0,0.0,0,90,0,0.0,0,False,False,False,False,False,False
1782461811.506,0,0,0,0,0,1.36,-1.38,0.0,0.0,0.0,0.0,0.0,0,90,0,0.0,0,False,False,False,False,False,False
1782461811.529,0,0,0,0,0,1.38,-1.37,0.0,0.0,0.0,0.0,0.0,0,90,0,0.0,0,False,False,False,False,False,False
1782461811.554,0,0,0,0,0,1.37,-1.36,0.0,0.0,0.0,0.0,0.0,0,90,0,0.0,0,False,False,False,False,False,False
1782461811.576,0,0,0,0,0,1.33,-1.34,0.0,0.0,0.0,0.0,0.0,0,90,0,0.0,0,False,False,False,False,False,False
1782461811.601,0,0,0,0,0,1.3,-1.33,0.0,0.0,0.0,0.0,0.0,0,90,0,0.0,0,False,False,False,False,False,False
1782461811.624,0,0,0,0,0,1.3,-1.32,0.0,0.0,0.0,0.0,0.0,0,90,0,0.0,0,False,False,False,False,False,False
1782461811.647,0,0,0,0,0,1.32,-1.3,0.0,0.0,0.0,0.0,0.0,0,90,0,0.0,0,False,False,False,False,False,False
1782461811.67,0,0,0,0,0,1.33,-1.28,0.0,0.0,0.0,0.0,0.0,0,90,0,0.0,0,False,False,False,False,False,False
1782461811.694,0,0,0,0,0,1.34,-1.28,0.0,0.0,0.0,0.0,0.0,0,90,0,0.0,0,False,False,False,False,False,False
1782461811.719,0,0,0,0,0,1.33,-1.3,0.0,0.0,0.0,0.0,0.0,0,90,0,0.0,0,False,False,False,False,False,False
1782461811.741,0,0,0,0,0,1.31,-1.32,0.0,0.0,0.0,0.0,0.0,0,90,0,0.0,0,False,False,False,False,False,False
1782461811.766,0,0,0,0,0,1.3,-1.31,0.0,0.0,0.0,0.0,0.0,0,90,0,0.0,0,False,False,False,False,False,False
1782461811.789,0,0,0,0,0,1.3,-1.29,0.0,0.0,0.0,0.0,0.0,0,90,0,0.0,0,False,False,False,False,False,False
1782461811.813,0,0,0,0,0,1.31,-1.27,0.0,0.0,0.0,0.0,0.0,0,90,0,0.0,0,False,False,False,False,False,False
1782461811.836,0,0,0,0,0,1.32,-1.26,0.0,0.0,0.0,0.0,0.0,0,90,0,0.0,0,False,False,False,False,False,False
1782461811.859,0,0,0,0,0,1.33,-1.25,0.0,0.0,0.0,0.0,0.0,0,90,0,0.0,0,False,False,False,False,False,False
1782461811.884,0,0,0,0,0,1.33,-1.25,0.0,0.0,0.0,0.0,0.0,0,90,0,0.0,0,False,False,False,False,False,False
1782461811.907,0,0,0,0,0,1.33,-1.24,0.0,0.0,0.0,0.0,0.0,0,90,0,0.0,0,False,False,False,False,False,False
1782461811.932,0,0,0,0,0,1.33,-1.23,0.0,0.0,0.0,0.0,0.0,0,90,0,0.0,0,False,False,False,False,False,False
1782461811.955,0,0,0,0,0,1.35,-1.23,0.0,0.0,0.0,0.0,0.0,0,90,0,0.0,0,False,False,False,False,False,False
1782461811.978,0,0,0,0,0,1.39,-1.23,0.0,0.0,0.0,0.0,0.0,0,90,0,0.0,0,False,False,False,False,False,False
1782461812.002,0,0,0,0,0,1.4,-1.23,0.0,0.0,0.0,0.0,0.0,0,90,0,0.0,0,False,False,False,False,False,False
1782461812.026,0,0,0,0,0,1.41,-1.24,0.0,0.0,0.0,0.0,0.0,0,90,0,0.0,0,False,False,False,False,False,False
1782461812.05,0,0,0,0,0,1.4,-1.24,0.0,0.0,0.0,0.0,0.0,0,90,0,0.0,0,False,False,False,False,False,False
1782461812.073,0,0,0,0,0,1.38,-1.23,0.0,0.0,0.0,0.0,0.0,0,90,0,0.0,0,False,False,False,False,False,False
1782461812.097,0,0,0,0,0,1.34,-1.22,0.0,0.0,0.0,0.0,0.0,0,90,0,0.0,0,False,False,False,False,False,False
1782461812.119,0,0,0,0,0,1.31,-1.2,0.0,0.0,0.0,0.0,0.0,0,90,0,0.0,0,False,False,False,False,False,False
1782461812.144,0,0,0,0,0,1.3,-1.18,0.0,0.0,0.0,0.0,0.0,0,90,0,0.0,0,False,False,False,False,False,False
1782461812.168,0,0,0,0,0,1.3,-1.18,0.0,0.0,0.0,0.0,0.0,0,90,0,0.0,0,False,False,False,False,False,False
1782461812.19,0,0,0,0,0,1.29,-1.19,0.0,0.0,0.0,0.0,0.0,0,90,0,0.0,0,False,False,False,False,False,False
1782461812.214,0,0,0,0,0,1.29,-1.19,0.0,0.0,0.0,0.0,0.0,0,90,0,0.0,0,False,False,False,False,False,False
1782461812.238,0,0,0,0,0,1.28,-1.17,0.0,0.0,0.0,0.0,0.0,0,90,0,0.0,0,False,False,False,False,False,False
1782461812.261,0,0,0,0,0,1.28,-1.18,0.0,0.0,0.0,0.0,0.0,0,90,0,0.0,0,False,False,False,False,False,False
1782461812.285,0,0,0,0,0,1.29,-1.21,0.0,0.0,0.0,0.0,0.0,0,90,0,0.0,0,False,False,False,False,False,False
1782461812.309,0,0,0,0,0,1.29,-1.24,0.0,0.0,0.0,0.0,0.0,0,90,0,0.0,0,False,False,False,False,False,False
1782461812.334,0,0,0,0,0,1.29,-1.28,0.0,0.0,0.0,0.0,0.0,0,90,0,0.0,0,False,False,False,False,False,False
1782461812.356,0,0,0,0,0,1.3,-1.28,0.0,0.0,0.0,0.0,0.0,0,90,0,0.0,0,False,False,False,False,False,False
1782461812.379,0,0,0,0,0,1.31,-1.25,0.0,0.0,0.0,0.0,0.0,0,90,0,0.0,0,False,False,False,False,False,False
1782461812.403,0,0,0,0,0,1.32,-1.23,0.0,0.0,0.0,0.0,0.0,0,90,0,0.0,0,False,False,False,False,False,False
1782461812.426,0,0,0,0,0,1.31,-1.22,0.0,0.0,0.0,0.0,0.0,0,90,0,0.0,0,False,False,False,False,False,False
1782461812.45,0,0,0,0,0,1.31,-1.2,0.0,0.0,0.0,0.0,0.0,0,90,0,0.0,0,False,False,False,False,False,False
1782461812.474,0,0,0,0,0,1.32,-1.18,0.0,0.0,0.0,0.0,0.0,0,90,0,0.0,0,False,False,False,False,False,False
1782461812.498,0,0,0,0,0,1.32,-1.16,0.0,0.0,0.0,0.0,0.0,0,90,0,0.0,0,False,False,False,False,False,False
1782461812.521,0,0,0,0,0,1.32,-1.15,0.0,0.0,0.0,0.0,0.0,0,90,0,0.0,0,False,False,False,False,False,False
1782461812.544,0,0,0,0,0,1.33,-1.15,0.0,0.0,0.0,0.0,0.0,0,90,0,0.0,0,False,False,False,False,False,False
1782461812.568,0,0,0,0,0,1.34,-1.14,0.0,0.0,0.0,0.0,0.0,0,90,0,0.0,0,False,False,False,False,False,False
1782461812.591,0,0,0,0,0,1.35,-1.13,0.0,0.0,0.0,0.0,0.0,0,90,0,0.0,0,False,False,False,False,False,False
1782461812.615,0,0,0,0,0,1.34,-1.13,0.0,0.0,0.0,0.0,0.0,0,90,0,0.0,0,False,False,False,False,False,False
1782461812.639,0,0,0,0,0,1.34,-1.13,0.0,0.0,0.0,0.0,0.0,0,90,0,0.0,0,False,False,False,False,False,False
1782461812.662,0,0,0,0,0,1.35,-1.14,0.0,0.0,0.0,0.0,0.0,0,90,0,0.0,0,False,False,False,False,False,False
1782461812.687,0,0,0,0,0,1.35,-1.13,0.0,0.0,0.0,0.0,0.0,0,90,0,0.0,0,False,False,False,False,False,False
1782461812.709,0,0,0,0,0,1.33,-1.1,0.0,0.0,0.0,0.0,0.0,0,90,0,0.0,0,False,False,False,False,False,False
1782461812.734,0,0,0,0,0,1.31,-1.08,0.0,0.0,0.0,0.0,0.0,0,90,0,0.0,0,False,False,False,False,False,False
1782461812.757,0,0,0,0,0,1.3,-1.08,0.0,0.0,0.0,0.0,0.0,0,90,0,0.0,0,False,False,False,False,False,False
1782461812.782,0,0,0,0,0,1.31,-1.09,0.0,0.0,0.0,0.0,0.0,0,90,0,0.0,0,False,False,False,False,False,False
1782461812.804,0,0,0,0,0,1.33,-1.1,0.0,0.0,0.0,0.0,0.0,0,90,0,0.0,0,False,False,False,False,False,False
1782461812.827,0,0,0,0,0,1.34,-1.11,0.0,0.0,0.0,0.0,0.0,0,90,0,0.0,0,False,False,False,False,False,False
1782461812.852,0,0,0,0,0,1.35,-1.11,0.0,0.0,0.0,0.0,0.0,0,90,0,0.0,0,False,False,False,False,False,False
1782461812.875,0,0,0,0,0,1.36,-1.11,0.0,0.0,0.0,0.0,0.0,0,90,0,0.0,0,False,False,False,False,False,False
1782461812.9,0,0,0,0,0,1.38,-1.12,0.0,0.0,0.0,0.0,0.0,0,90,0,0.0,0,False,False,False,False,False,False
1782461812.923,0,0,0,0,0,1.37,-1.13,0.0,0.0,0.0,0.0,0.0,0,90,0,0.0,0,False,False,False,False,False,False
1782461812.946,0,0,0,0,0,1.34,-1.13,0.0,0.0,0.0,0.0,0.0,0,90,0,0.0,0,False,False,False,False,False,False
1782461812.97,0,0,0,0,0,1.32,-1.12,0.0,0.0,0.0,0.0,0.0,0,90,0,0.0,0,False,False,False,False,False,False
1782461812.994,0,0,0,0,0,1.33,-1.1,0.0,0.0,0.0,0.0,0.0,0,90,0,0.0,0,False,False,False,False,False,False
1782461813.018,0,0,0,0,0,1.35,-1.1,0.0,0.0,0.0,0.0,0.0,0,90,0,0.0,0,False,False,False,False,False,False
1782461813.042,0,0,0,0,0,1.35,-1.1,0.0,0.0,0.0,0.0,0.0,0,90,0,0.0,0,False,False,False,False,False,False
1782461813.066,0,0,0,0,0,1.33,-1.1,0.0,0.0,0.0,0.0,0.0,0,90,0,0.0,0,False,False,False,False,False,False
1782461813.089,0,0,0,0,0,1.31,-1.09,0.0,0.0,0.0,0.0,0.0,0,90,0,0.0,0,False,False,False,False,False,False
1782461813.112,0,0,0,0,0,1.32,-1.08,0.0,0.0,0.0,0.0,0.0,0,90,0,0.0,0,False,False,False,False,False,False
1782461813.136,0,0,0,0,0,1.35,-1.07,0.0,0.0,0.0,0.0,0.0,0,90,0,0.0,0,False,False,False,False,False,False
1782461813.159,0,0,0,0,0,1.37,-1.05,0.0,0.0,0.0,0.0,0.0,0,90,0,0.0,0,False,False,False,False,False,False
1782461813.184,0,0,0,0,0,1.36,-1.03,0.0,0.0,0.0,0.0,0.0,0,90,0,0.0,0,False,False,False,False,False,False
1782461813.206,0,0,0,0,0,1.33,-1.02,0.0,0.0,0.0,0.0,0.0,0,90,0,0.0,0,False,False,False,False,False,False
1782461813.229,0,0,0,0,0,1.32,-1.04,0.0,0.0,0.0,0.0,0.0,0,90,0,0.0,0,False,False,False,False,False,False
1782461813.254,0,0,0,0,0,1.32,-1.07,0.0,0.0,0.0,0.0,0.0,0,90,0,0.0,0,False,False,False,False,False,False
1782461813.277,0,0,0,0,0,1.34,-1.08,0.0,0.0,0.0,0.0,0.0,0,90,0,0.0,0,False,False,False,False,False,False
1782461813.301,0,0,0,0,0,1.35,-1.09,0.0,0.0,0.0,0.0,0.0,0,90,0,0.0,0,False,False,False,False,False,False
1782461813.325,0,0,0,0,0,1.36,-1.1,0.0,0.0,0.0,0.0,0.0,0,90,0,0.0,0,False,False,False,False,False,False
1782461813.348,0,0,0,0,0,1.38,-1.09,0.0,0.0,0.0,0.0,0.0,0,90,0,0.0,0,False,False,False,False,False,False
1782461813.372,0,0,0,0,0,1.42,-1.08,0.0,0.0,0.0,0.0,0.0,0,90,0,0.0,0,False,False,False,False,False,False
1782461813.395,0,0,0,0,0,1.43,-1.08,0.0,0.0,0.0,0.0,0.0,0,90,0,0.0,0,False,False,False,False,False,False
1782461813.42,0,0,0,0,0,1.43,-1.08,0.0,0.0,0.0,0.0,0.0,0,90,0,0.0,0,False,False,False,False,False,False
1782461813.443,0,0,0,0,0,1.41,-1.06,0.0,0.0,0.0,0.0,0.0,0,90,0,0.0,0,False,False,False,False,False,False
1782461813.466,0,0,0,0,0,1.4,-1.03,0.0,0.0,0.0,0.0,0.0,0,90,0,0.0,0,False,False,False,False,False,False
1782461813.49,0,0,0,0,0,1.39,-1.0,0.0,0.0,0.0,0.0,0.0,0,90,0,0.0,0,False,False,False,False,False,False
1782461813.514,0,0,0,0,0,1.36,-0.99,0.0,0.0,0.0,0.0,0.0,0,90,0,0.0,0,False,False,False,False,False,False
1782461813.538,0,0,0,0,0,1.32,-1.02,0.0,0.0,0.0,0.0,0.0,0,90,0,0.0,0,False,False,False,False,False,False
1782461813.561,0,0,0,0,0,1.3,-1.06,0.0,0.0,0.0,0.0,0.0,0,90,0,0.0,0,False,False,False,False,False,False
1782461813.585,0,0,0,0,0,1.31,-1.07,0.0,0.0,0.0,0.0,0.0,0,90,0,0.0,0,False,False,False,False,False,False
1782461813.608,0,0,0,0,0,1.31,-1.05,0.0,0.0,0.0,0.0,0.0,0,90,0,0.0,0,False,False,False,False,False,False
1782461813.632,0,0,0,0,0,1.31,-1.03,0.0,0.0,0.0,0.0,0.0,0,90,0,0.0,0,False,False,False,False,False,False
1782461813.656,0,0,0,0,0,1.29,-1.02,0.0,0.0,0.0,0.0,0.0,0,90,0,0.0,0,False,False,False,False,False,False
1782461813.678,0,0,0,0,0,1.29,-1.02,0.0,0.0,0.0,0.0,0.0,0,90,0,0.0,0,False,False,False,False,False,False
1782461813.702,0,0,0,0,0,1.3,-1.01,0.0,0.0,0.0,0.0,0.0,0,90,0,0.0,0,False,False,False,False,False,False
1782461813.727,0,0,0,0,0,1.32,-1.0,0.0,0.0,0.0,0.0,0.0,0,90,0,0.0,0,False,False,False,False,False,False
1782461813.749,0,0,0,0,0,1.32,-1.0,0.0,0.0,0.0,0.0,0.0,0,90,0,0.0,0,False,False,False,False,False,False
1782461813.774,0,0,0,0,0,1.32,-1.0,0.0,0.0,0.0,0.0,0.0,0,90,0,0.0,0,False,False,False,False,False,False
1782461813.798,0,0,0,0,0,1.3,-1.01,0.0,0.0,0.0,0.0,0.0,0,90,0,0.0,0,False,False,False,False,False,False
1782461813.821,0,0,0,0,0,1.28,-1.01,0.0,0.0,0.0,0.0,0.0,0,90,0,0.0,0,False,False,False,False,False,False
1782461813.844,0,0,0,0,0,1.28,-1.03,0.0,0.0,0.0,0.0,0.0,0,90,0,0.0,0,False,False,False,False,False,False
1782461813.869,0,0,0,0,0,1.26,-1.51,0.0,0.0,0.0,0.0,0.0,0,90,0,0.0,0,False,False,False,False,False,False
1782461813.89,0,0,0,0,0,1.19,-2.67,0.0,0.0,0.0,0.0,0.0,0,90,0,0.0,0,False,False,False,False,False,False
1782461813.916,0,0,0,0,0,1.17,-3.55,0.0,0.0,0.0,0.0,0.0,0,90,0,0.0,0,False,False,False,False,False,False
1782461813.939,0,0,0,0,0,1.27,-3.45,0.0,0.0,0.0,0.0,0.0,0,90,0,0.0,0,False,False,False,False,False,False
1782461813.961,0,0,0,0,0,1.42,-2.78,0.0,0.0,0.0,0.0,0.0,0,90,0,0.0,0,False,False,False,False,False,False
1782461813.985,0,0,0,0,0,1.54,-2.1,0.0,0.0,0.0,0.0,0.0,0,90,0,0.0,0,False,False,False,False,False,False
1782461814.008,0,0,0,0,0,1.61,-1.61,0.0,0.0,0.0,0.0,0.0,0,90,0,0.01,0,False,False,False,False,False,False
1782461814.033,0,0,0,0,0,1.7,-1.24,0.0,0.0,0.0,0.0,0.0,0,90,0,0.02,0,False,False,False,False,False,False
1782461814.054,0,0,0,0,0,1.77,-0.95,0.0,0.0,0.0,0.0,0.0,0,90,0,0.02,0,False,False,False,False,False,False
1782461814.077,0,0,0,0,0,1.75,-0.78,0.0,0.0,0.0,0.0,0.0,0,90,0,0.02,0,False,False,False,False,False,False
1782461814.102,0,0,0,0,0,1.8,-0.76,0.0,0.0,0.0,0.0,0.0,0,90,0,0.02,0,False,False,False,False,False,False
1782461814.124,0,0,0,0,0,2.09,-0.77,0.0,0.0,0.0,0.0,0.0,0,90,0,0.03,0,False,False,False,False,False,False
1782461814.15,0,0,0,0,0,2.48,-0.81,0.0,0.0,0.0,0.0,0.0,0,90,0,0.04,0,False,False,False,False,False,False
1782461814.172,0,0,0,0,0,2.73,-0.86,0.0,0.0,0.0,0.0,0.0,0,90,0,0.04,0,False,False,False,False,False,False
1782461814.194,0,0,0,0,0,2.72,-0.88,0.0,0.0,0.0,0.0,0.0,0,90,0,0.04,0,False,False,False,False,False,False
1782461814.219,0,0,0,0,0,2.91,-0.88,0.0,0.0,0.0,0.0,0.0,0,90,0,0.05,0,False,False,False,False,False,False
1782461814.241,0,0,0,0,0,3.74,-1.12,0.0,0.0,0.0,0.0,0.0,0,90,0,0.05,0,False,False,False,False,False,False
1782461814.264,0,0,0,0,0,4.8,-1.75,0.0,0.0,0.0,0.0,0.0,0,90,0,0.05,0,False,False,False,False,False,False
1782461814.289,0,0,0,0,0,5.65,-2.42,0.0,0.0,0.0,0.0,0.0,0,90,0,0.06,0,False,False,False,False,False,False
1782461814.311,0,0,0,0,0,6.26,-2.82,0.0,0.0,0.0,0.0,0.0,0,90,0,0.06,0,False,False,False,False,False,False
1782461814.336,0,0,0,0,0,6.78,-3.06,0.0,0.0,0.0,0.0,0.0,0,90,0,0.06,0,False,False,False,False,False,False
1782461814.359,0,0,0,0,0,7.23,-3.32,0.0,0.0,0.0,0.0,0.0,0,90,0,0.06,0,False,False,False,False,False,False
1782461814.381,0,0,0,0,0,7.52,-3.64,0.0,0.0,0.0,0.0,0.0,0,90,0,0.06,0,False,False,False,False,False,False
1782461814.407,0,0,0,0,0,7.7,-3.92,0.0,0.0,0.0,0.0,0.0,0,90,0,0.06,0,False,False,False,False,False,False
1782461814.43,0,0,0,0,0,7.88,-4.05,0.0,0.0,0.0,0.0,0.0,0,90,0,0.06,0,False,False,False,False,False,False
1782461814.452,0,0,0,0,0,8.09,-4.08,0.0,0.0,0.0,0.0,0.0,0,90,0,0.06,0,False,False,False,False,False,False
1782461814.476,0,0,0,0,0,8.31,-4.09,0.0,0.0,0.0,0.0,0.0,0,90,0,0.06,0,False,False,False,False,False,False
1782461814.501,0,0,0,0,0,8.58,-4.12,0.0,0.0,0.0,0.0,0.0,0,90,0,0.06,0,False,False,False,False,False,False
1782461814.523,0,0,0,0,0,8.94,-4.16,0.0,0.0,0.0,0.0,0.0,0,90,0,0.06,0,False,False,False,False,False,False
1782461814.546,0,0,0,0,0,9.27,-4.24,0.0,0.0,0.0,0.0,0.0,0,90,0,0.06,0,False,False,False,False,False,False
1782461814.569,0,0,0,0,0,9.45,-4.34,0.0,0.0,0.0,0.0,0.0,0,90,0,0.06,0,False,False,False,False,False,False
1782461814.593,0,0,0,0,0,9.49,-4.42,0.0,0.0,0.0,0.0,0.0,0,90,0,0.06,0,False,False,False,False,False,False
1782461814.618,0,0,0,0,0,9.47,-4.45,0.0,0.0,0.0,0.0,0.0,0,90,0,0.06,0,False,False,False,False,False,False
1782461814.641,0,0,0,0,0,9.45,-4.43,0.0,0.0,0.0,0.0,0.0,0,90,0,0.06,0,False,False,False,False,False,False
1782461814.663,0,0,0,0,0,9.44,-4.41,0.0,0.0,0.0,0.0,0.0,0,90,0,0.06,0,False,False,False,False,False,False
1782461814.688,0,0,0,0,0,9.43,-4.4,0.0,0.0,0.0,0.0,0.0,0,90,0,0.06,0,False,False,False,False,False,False
1782461814.71,0,0,0,0,0,9.33,-4.36,0.0,0.0,0.0,0.0,0.0,0,90,0,0.06,0,False,False,False,False,False,False
1782461814.736,0,0,0,0,0,9.09,-4.28,0.0,0.0,0.0,0.0,0.0,0,90,0,0.06,0,False,False,False,False,False,False
1782461814.758,0,0,0,0,0,8.85,-4.25,0.0,0.0,0.0,0.0,0.0,0,90,0,0.06,0,False,False,False,False,False,False
1782461814.78,0,0,0,0,0,8.71,-4.31,0.0,0.0,0.0,0.0,0.0,0,90,0,0.06,0,False,False,False,False,False,False
1782461814.805,0,0,0,0,0,8.66,-4.4,0.0,0.0,0.0,0.0,0.0,0,90,0,0.06,0,False,False,False,False,False,False
1782461814.826,0,0,0,0,0,8.68,-4.47,0.0,0.0,0.0,0.0,0.0,0,90,0,0.06,0,False,False,False,False,False,False
1782461814.854,0,0,0,0,0,8.71,-4.53,0.0,0.0,0.0,0.0,0.0,0,90,0,0.06,0,False,False,False,False,False,False
1782461814.875,0,0,0,0,0,8.62,-4.55,0.0,0.0,0.0,0.0,0.0,0,90,0,0.06,0,False,False,False,False,False,False
1782461814.897,0,0,0,0,0,7.85,-4.52,0.0,0.0,0.0,0.0,0.0,0,90,0,0.06,0,False,False,False,False,False,False
1782461814.921,0,0,0,0,0,5.97,-4.49,0.0,0.0,0.0,0.0,0.0,0,90,0,0.06,0,False,False,False,False,False,False
1782461814.943,0,0,0,0,0,3.7,-4.47,0.0,0.0,0.0,0.0,0.0,0,90,0,0.06,0,False,False,False,False,False,False
1782461814.969,0,0,0,0,0,1.83,-4.35,0.0,0.0,0.0,0.0,0.0,0,90,0,0.06,0,False,False,False,False,False,False
1782461814.99,0,0,0,0,0,0.56,-4.02,0.0,0.0,0.0,0.0,0.0,0,90,0,0.06,0,False,False,False,False,False,False
1782461815.014,0,0,0,0,0,-0.1,-3.64,0.0,0.0,0.0,0.0,0.0,0,90,0,0.06,0,False,False,False,False,False,False
1782461815.038,0,0,0,0,0,-0.28,-3.4,0.0,0.0,0.0,0.0,0.0,0,90,0,0.06,0,False,False,False,False,False,False
1782461815.061,0,0,0,0,0,-0.11,-3.37,0.0,0.0,0.0,0.0,0.0,0,90,0,0.06,0,False,False,False,False,False,False
1782461815.085,0,0,0,0,0,0.27,-3.48,0.0,0.0,0.0,0.0,0.0,0,90,0,0.09,0,False,False,False,False,False,False
1782461815.108,0,0,0,0,0,0.73,-3.7,0.0,0.0,0.0,0.0,0.0,0,90,0,0.1,0,False,False,False,False,False,False
1782461815.131,0,0,0,0,0,1.11,-4.12,0.0,0.0,0.0,0.0,0.0,0,90,0,0.1,0,False,False,False,False,False,False
1782461815.156,0,0,0,0,0,1.33,-4.55,0.0,0.0,0.0,0.0,0.0,0,90,0,0.11,0,False,False,False,False,False,False
1782461815.178,0,0,0,0,0,1.41,-4.73,0.0,0.0,0.0,0.0,0.0,0,90,0,0.13,0,False,False,False,False,False,False
1782461815.203,0,0,0,0,0,1.42,-4.68,0.0,0.0,0.0,0.0,0.0,0,90,0,0.16,0,False,False,False,False,False,False
1782461815.226,0,0,0,0,0,1.41,-4.56,0.0,0.0,0.0,0.0,0.0,0,90,0,0.18,0,False,False,False,False,False,False
1782461815.248,0,0,0,0,0,1.41,-4.45,0.0,0.0,0.0,0.0,0.0,0,90,0,0.18,0,False,False,False,False,False,False
1782461815.272,0,0,0,0,0,1.4,-4.37,0.0,0.0,0.0,0.0,0.0,0,90,0,0.18,0,False,False,False,False,False,False
1782461815.295,0,0,0,0,0,1.41,-4.3,0.0,0.0,0.0,0.0,0.0,0,90,0,0.19,0,False,False,False,False,False,False
1782461815.32,0,0,0,0,0,1.41,-4.21,0.0,0.0,0.0,0.0,0.0,0,90,0,0.2,0,False,False,False,False,False,False
1782461815.343,0,0,0,0,0,1.42,-4.12,0.0,0.0,0.0,0.0,0.0,0,90,0,0.21,0,False,False,False,False,False,False
1782461815.366,0,0,0,0,0,1.43,-4.03,0.0,0.0,0.0,0.0,0.0,0,90,0,0.22,0,False,False,False,False,False,False
1782461815.389,0,0,0,0,0,1.44,-3.95,0.0,0.0,0.0,0.0,0.0,0,90,0,0.22,0,False,False,False,False,False,False
1782461815.414,0,0,0,0,0,1.45,-3.87,0.0,0.0,0.0,0.0,0.0,0,90,0,0.22,0,False,False,False,False,False,False
1782461815.437,0,0,0,0,0,1.46,-3.8,0.0,0.0,0.0,0.0,0.0,0,90,0,0.22,0,False,False,False,False,False,False
1782461815.46,0,0,0,0,0,1.46,-3.74,0.0,0.0,0.0,0.0,0.0,0,90,0,0.22,0,False,False,False,False,False,False
1782461815.484,0,0,0,0,0,1.47,-3.67,0.0,0.0,0.0,0.0,0.0,0,90,0,0.22,0,False,False,False,False,False,False
1782461815.507,0,0,0,0,0,1.47,-3.59,0.0,0.0,0.0,0.0,0.0,0,90,0,0.22,0,False,False,False,False,False,False
1782461815.532,0,0,0,0,0,1.48,-3.51,0.0,0.0,0.0,0.0,0.0,0,90,0,0.22,0,False,False,False,False,False,False
1782461815.556,0,0,0,0,0,1.48,-3.43,0.0,0.0,0.0,0.0,0.0,0,90,0,0.22,0,False,False,False,False,False,False
1782461815.579,0,0,0,0,0,1.49,-3.34,0.0,0.0,0.0,0.0,0.0,0,90,0,0.22,0,False,False,False,False,False,False
1782461815.604,0,0,0,0,0,1.49,-3.26,0.0,0.0,0.0,0.0,0.0,0,90,0,0.22,0,False,False,False,False,False,False
1782461815.628,0,0,0,0,0,1.49,-3.18,0.0,0.0,0.0,0.0,0.0,0,90,0,0.22,0,False,False,False,False,False,False
1782461815.653,0,0,0,0,0,1.5,-3.1,0.0,0.0,0.0,0.0,0.0,0,90,0,0.22,0,False,False,False,False,False,False
1782461815.675,0,0,0,0,0,1.5,-3.02,0.0,0.0,0.0,0.0,0.0,0,90,0,0.22,0,False,False,False,False,False,False
1782461815.697,0,0,0,0,0,1.5,-2.94,0.0,0.0,0.0,0.0,0.0,0,90,0,0.22,0,False,False,False,False,False,False
1782461815.722,0,0,0,0,0,1.5,-2.86,0.0,0.0,0.0,0.0,0.0,0,90,0,0.22,0,False,False,False,False,False,False
1782461815.745,0,0,0,0,0,1.5,-2.79,0.0,0.0,0.0,0.0,0.0,0,90,0,0.22,0,False,False,False,False,False,False
1782461815.77,0,0,0,0,0,1.5,-2.71,0.0,0.0,0.0,0.0,0.0,0,90,0,0.22,0,False,False,False,False,False,False
1782461815.792,0,0,0,0,0,1.5,-2.63,0.0,0.0,0.0,0.0,0.0,0,90,0,0.22,0,False,False,False,False,False,False
1782461815.816,0,0,0,0,0,1.49,-2.55,0.0,0.0,0.0,0.0,0.0,0,90,0,0.22,0,False,False,False,False,False,False
1782461815.841,0,0,0,0,0,1.49,-2.47,0.0,0.0,0.0,0.0,0.0,0,90,0,0.22,0,False,False,False,False,False,False
1782461815.864,0,0,0,0,0,1.49,-2.39,0.0,0.0,0.0,0.0,0.0,0,90,0,0.22,0,False,False,False,False,False,False
1782461815.888,0,0,0,0,0,1.48,-2.32,0.0,0.0,0.0,0.0,0.0,0,90,0,0.22,0,False,False,False,False,False,False
1782461815.912,0,0,0,0,0,1.48,-2.24,0.0,0.0,0.0,0.0,0.0,0,90,0,0.22,0,False,False,False,False,False,False
1782461815.935,0,0,0,0,0,1.47,-2.17,0.0,0.0,0.0,0.0,0.0,0,90,0,0.22,0,False,False,False,False,False,False
1782461815.959,0,0,0,0,0,1.46,-2.09,0.0,0.0,0.0,0.0,0.0,0,90,0,0.21,0,False,False,False,False,False,False
1782461815.982,0,0,0,0,0,1.45,-2.02,0.0,0.0,0.0,0.0,0.0,0,90,0,0.21,0,False,False,False,False,False,False
1782461816.006,0,0,0,0,0,1.43,-1.96,0.0,0.0,0.0,0.0,0.0,0,90,0,0.21,0,False,False,False,False,False,False
1782461816.03,0,0,0,0,0,1.41,-1.89,0.0,0.0,0.0,0.0,0.0,0,90,0,0.21,0,False,False,False,False,False,False
1782461816.053,0,0,0,0,0,1.41,-1.82,0.0,0.0,0.0,0.0,0.0,0,90,0,0.21,0,False,False,False,False,False,False
1782461816.078,0,0,0,0,0,1.41,-1.75,0.0,0.0,0.0,0.0,0.0,0,90,0,0.21,0,False,False,False,False,False,False
1782461816.1,0,0,0,0,0,1.43,-1.69,0.0,0.0,0.0,0.0,0.0,0,90,0,0.21,0,False,False,False,False,False,False
1782461816.125,0,0,0,0,0,1.44,-1.63,0.0,0.0,0.0,0.0,0.0,0,90,0,0.21,0,False,False,False,False,False,False
1782461816.149,0,0,0,0,0,1.43,-1.57,0.0,0.0,0.0,0.0,0.0,0,90,0,0.21,0,False,False,False,False,False,False
1782461816.173,0,0,0,0,0,1.41,-1.52,0.0,0.0,0.0,0.0,0.0,0,90,0,0.21,0,False,False,False,False,False,False
1782461816.196,0,0,0,0,0,1.39,-1.48,0.0,0.0,0.0,0.0,0.0,0,90,0,0.21,0,False,False,False,False,False,False
1782461816.221,0,0,0,0,0,1.34,-1.45,0.0,0.0,0.0,0.0,0.0,0,90,0,0.21,0,False,False,False,False,False,False
1782461816.243,0,0,0,0,0,1.29,-1.47,0.0,0.0,0.0,0.0,0.0,0,90,0,0.21,0,False,False,False,False,False,False
1782461816.269,0,0,0,0,0,1.28,-1.51,0.0,0.0,0.0,0.0,0.0,0,90,0,0.21,0,False,False,False,False,False,False
1782461816.292,0,0,0,0,0,1.29,-1.53,0.0,0.0,0.0,0.0,0.0,0,90,0,0.21,0,False,False,False,False,False,False
1782461816.314,0,0,0,0,0,1.31,-1.52,0.0,0.0,0.0,0.0,0.0,0,90,0,0.21,0,False,False,False,False,False,False
1782461816.34,0,0,0,0,0,1.33,-1.49,0.0,0.0,0.0,0.0,0.0,0,90,0,0.21,0,False,False,False,False,False,False
1782461816.362,0,0,0,0,0,1.34,-1.46,0.0,0.0,0.0,0.0,0.0,0,90,0,0.2,0,False,False,False,False,False,False
1782461816.386,0,0,0,0,0,1.33,-1.44,0.0,0.0,0.0,0.0,0.0,0,90,0,0.19,0,False,False,False,False,False,False
1782461816.409,0,0,0,0,0,1.33,-1.45,0.0,0.0,0.0,0.0,0.0,0,90,0,0.19,0,False,False,False,False,False,False
1782461816.432,0,0,0,0,0,1.34,-1.49,0.0,0.0,0.0,0.0,0.0,0,90,0,0.19,0,False,False,False,False,False,False
1782461816.456,0,0,0,0,0,1.33,-1.55,0.0,0.0,0.0,0.0,0.0,0,90,0,0.18,0,False,False,False,False,False,False
1782461816.481,0,0,0,0,0,1.3,-1.57,0.0,0.0,0.0,0.0,0.0,0,90,0,0.16,0,False,False,False,False,False,False
1782461816.504,0,0,0,0,0,1.28,-1.57,0.0,0.0,0.0,0.0,0.0,0,90,0,0.13,0,False,False,False,False,False,False
1782461816.528,0,0,0,0,0,1.29,-1.57,0.0,0.0,0.0,0.0,0.0,0,90,0,0.12,0,False,False,False,False,False,False
1782461816.552,0,0,0,0,0,1.33,-1.57,0.0,0.0,0.0,0.0,0.0,0,90,0,0.12,0,False,False,False,False,False,False
1782461816.575,0,0,0,0,0,1.35,-1.55,0.0,0.0,0.0,0.0,0.0,0,90,0,0.11,0,False,False,False,False,False,False
1782461816.599,0,0,0,0,0,1.36,-1.55,0.0,0.0,0.0,0.0,0.0,0,90,0,0.1,0,False,False,False,False,False,False
1782461816.622,0,0,0,0,0,1.38,-1.57,0.0,0.0,0.0,0.0,0.0,0,90,0,0.07,0,False,False,False,False,False,False
1782461816.646,0,0,0,0,0,1.38,-1.58,0.0,0.0,0.0,0.0,0.0,0,90,0,0.05,0,False,False,False,False,False,False
1782461816.671,0,0,0,0,0,1.36,-1.58,0.0,0.0,0.0,0.0,0.0,0,90,0,0.04,0,False,False,False,False,False,False
1782461816.695,0,0,0,0,0,1.33,-1.58,0.0,0.0,0.0,0.0,0.0,0,90,0,0.04,0,False,False,False,False,False,False
1782461816.718,0,0,0,0,0,1.32,-1.61,0.0,0.0,0.0,0.0,0.0,0,90,0,0.04,0,False,False,False,False,False,False
1782461816.741,0,0,0,0,0,1.34,-1.65,0.0,0.0,0.0,0.0,0.0,0,90,0,0.02,0,False,False,False,False,False,False
1782461816.763,0,0,0,0,0,1.37,-1.68,0.0,0.0,0.0,0.0,0.0,0,90,0,0.01,0,False,False,False,False,False,False
1782461816.788,0,0,0,0,0,1.37,-1.69,0.0,0.0,0.0,0.0,0.0,0,90,0,0.01,0,False,False,False,False,False,False
1782461816.811,0,0,0,0,0,1.36,-1.65,0.0,0.0,0.0,0.0,0.0,0,90,0,0.01,0,False,False,False,False,False,False
1782461816.836,0,0,0,0,0,1.35,-1.61,0.0,0.0,0.0,0.0,0.0,0,90,0,0.01,0,False,False,False,False,False,False
1782461816.859,0,0,0,0,0,1.35,-1.6,0.0,0.0,0.0,0.0,0.0,0,90,0,0.01,0,False,False,False,False,False,False
1782461816.883,0,0,0,0,0,1.36,-1.6,0.0,0.0,0.0,0.0,0.0,0,90,0,0.0,0,False,False,False,False,False,False
1782461816.907,0,0,0,0,0,1.38,-1.59,0.0,0.0,0.0,0.0,0.0,0,90,0,0.0,0,False,False,False,False,False,False
1782461816.929,0,0,0,0,0,1.38,-1.6,0.0,0.0,0.0,0.0,0.0,0,90,0,0.0,0,False,False,False,False,False,False
1782461816.955,0,0,0,0,0,1.38,-1.63,0.0,0.0,0.0,0.0,0.0,0,90,0,0.0,0,False,False,False,False,False,False
1782461816.978,0,0,0,0,0,1.38,-1.66,0.0,0.0,0.0,0.0,0.0,0,90,0,0.0,0,False,False,False,False,False,False
1782461817.002,0,0,0,0,0,1.38,-1.66,0.0,0.0,0.0,0.0,0.0,0,90,0,0.0,0,False,False,False,False,False,False
1782461817.025,0,0,0,0,0,1.38,-1.65,0.0,0.0,0.0,0.0,0.0,0,90,0,0.0,0,False,False,False,False,False,False
1782461817.048,0,0,0,0,0,1.37,-1.63,0.0,0.0,0.0,0.0,0.0,0,90,0,0.0,0,False,False,False,False,False,False
1782461817.072,0,0,0,0,0,1.36,-1.63,0.0,0.0,0.0,0.0,0.0,0,90,0,0.0,0,False,False,False,False,False,False
1782461817.096,0,0,0,0,0,1.37,-1.65,0.0,0.0,0.0,0.0,0.0,0,90,0,0.0,0,False,False,False,False,False,False
1782461817.12,0,0,0,0,0,1.4,-1.67,0.0,0.0,0.0,0.0,0.0,0,90,0,0.0,0,False,False,False,False,False,False
1782461817.143,0,0,0,0,0,1.42,-1.67,0.0,0.0,0.0,0.0,0.0,0,90,0,0.0,0,False,False,False,False,False,False
1782461817.167,0,0,0,0,0,1.43,-1.66,0.0,0.0,0.0,0.0,0.0,0,90,0,0.0,0,False,False,False,False,False,False
1782461817.191,0,0,0,0,0,1.43,-1.65,0.0,0.0,0.0,0.0,0.0,0,90,0,0.0,0,False,False,False,False,False,False
1782461817.213,0,0,0,0,0,1.43,-1.65,0.0,0.0,0.0,0.0,0.0,0,90,0,0.0,0,False,False,False,False,False,False
1782461817.238,0,0,0,0,0,1.43,-1.68,0.0,0.0,0.0,0.0,0.0,0,90,0,0.0,0,False,False,False,False,False,False
1782461817.262,0,0,0,0,0,1.43,-1.72,0.0,0.0,0.0,0.0,0.0,0,90,0,0.0,0,False,False,False,False,False,False
1782461817.285,0,0,0,0,0,1.41,-1.75,0.0,0.0,0.0,0.0,0.0,0,90,0,0.0,0,False,False,False,False,False,False
1782461817.309,0,0,0,0,0,1.4,-1.75,0.0,0.0,0.0,0.0,0.0,0,90,0,0.0,0,False,False,False,False,False,False
1782461817.333,0,0,0,0,0,1.39,-1.75,0.0,0.0,0.0,0.0,0.0,0,90,0,0.0,0,False,False,False,False,False,False
1782461817.356,0,0,0,0,0,1.39,-1.74,0.0,0.0,0.0,0.0,0.0,0,90,0,0.0,0,False,False,False,False,False,False
1782461817.38,0,0,0,0,0,1.41,-1.73,0.0,0.0,0.0,0.0,0.0,0,90,0,0.0,0,False,False,False,False,False,False
1782461817.406,0,0,0,0,0,1.42,-1.69,0.0,0.0,0.0,0.0,0.0,0,90,0,0.0,0,False,False,False,False,False,False
1782461817.427,0,0,0,0,0,1.4,-1.68,0.0,0.0,0.0,0.0,0.0,0,90,0,0.0,0,False,False,False,False,False,False
1782461817.452,0,0,0,0,0,1.38,-1.7,0.0,0.0,0.0,0.0,0.0,0,90,0,0.0,0,False,False,False,False,False,False
1782461817.475,0,0,0,0,0,1.38,-1.75,0.0,0.0,0.0,0.0,0.0,0,90,0,0.0,0,False,False,False,False,False,False
1782461817.499,0,0,0,0,0,1.4,-1.79,0.0,0.0,0.0,0.0,0.0,0,90,0,0.0,0,False,False,False,False,False,False
1782461817.522,0,0,0,0,0,1.42,-1.8,0.0,0.0,0.0,0.0,0.0,0,90,0,0.0,0,False,False,False,False,False,False
1782461817.546,0,0,0,0,0,1.42,-1.81,0.0,0.0,0.0,0.0,0.0,0,90,0,0.0,0,False,False,False,False,False,False
1782461817.57,0,0,0,0,0,1.41,-1.8,0.0,0.0,0.0,0.0,0.0,0,90,0,0.0,0,False,False,False,False,False,False
1782461817.593,0,0,0,0,0,1.4,-1.79,0.0,0.0,0.0,0.0,0.0,0,90,0,0.0,0,False,False,False,False,False,False
1782461817.617,0,0,0,0,0,1.41,-1.78,0.0,0.0,0.0,0.0,0.0,0,90,0,0.0,0,False,False,False,False,False,False
1782461817.64,0,0,0,0,0,1.41,-1.78,0.0,0.0,0.0,0.0,0.0,0,90,0,0.0,0,False,False,False,False,False,False
1782461817.664,0,0,0,0,0,1.43,-1.77,0.0,0.0,0.0,0.0,0.0,0,90,0,0.0,0,False,False,False,False,False,False
1782461817.691,0,0,0,0,0,1.45,-1.74,0.0,0.0,0.0,0.0,0.0,0,90,0,0.0,0,False,False,False,False,False,False
1782461817.712,0,0,0,0,0,1.47,-1.72,0.0,0.0,0.0,0.0,0.0,0,90,0,0.0,0,False,False,False,False,False,False
1782461817.738,0,0,0,0,0,1.48,-1.73,0.0,0.0,0.0,0.0,0.0,0,90,0,0.0,0,False,False,False,False,False,False
1782461817.76,0,0,0,0,0,1.47,-1.76,0.0,0.0,0.0,0.0,0.0,0,90,0,0.0,0,False,False,False,False,False,False
1782461817.782,0,0,0,0,0,1.47,-1.77,0.0,0.0,0.0,0.0,0.0,0,90,0,0.0,0,False,False,False,False,False,False
1782461817.809,0,0,0,0,0,1.45,-1.78,0.0,0.0,0.0,0.0,0.0,0,90,0,0.0,0,False,False,False,False,False,False
1782461817.83,0,0,0,0,0,1.44,-1.79,0.0,0.0,0.0,0.0,0.0,0,90,0,0.0,0,False,False,False,False,False,False
1782461817.854,0,0,0,0,0,1.42,-1.81,0.0,0.0,0.0,0.0,0.0,0,90,0,0.0,0,False,False,False,False,False,False
1782461817.877,0,0,0,0,0,1.4,-1.81,0.0,0.0,0.0,0.0,0.0,0,90,0,0.0,0,False,False,False,False,False,False
1782461817.903,0,0,0,0,0,1.4,-1.8,0.0,0.0,0.0,0.0,0.0,0,90,0,0.0,0,False,False,False,False,False,False
1782461817.926,0,0,0,0,0,1.43,-1.79,0.0,0.0,0.0,0.0,0.0,0,90,0,0.0,0,False,False,False,False,False,False
1782461817.949,0,0,0,0,0,1.46,-1.78,0.0,0.0,0.0,0.0,0.0,0,90,0,0.0,0,False,False,False,False,False,False
1782461817.973,0,0,0,0,0,1.46,-1.78,0.0,0.0,0.0,0.0,0.0,0,90,0,0.0,0,False,False,False,False,False,False
1782461817.997,0,0,0,0,0,1.46,-1.77,0.0,0.0,0.0,0.0,0.0,0,90,0,0.0,0,False,False,False,False,False,False
1782461818.02,0,0,0,0,0,1.45,-1.77,0.0,0.0,0.0,0.0,0.0,0,90,0,0.0,0,False,False,False,False,False,False
1782461818.044,0,0,0,0,0,1.45,-1.78,0.0,0.0,0.0,0.0,0.0,0,90,0,0.0,0,False,False,False,False,False,False
1782461818.067,0,0,0,0,0,1.45,-1.8,0.0,0.0,0.0,0.0,0.0,0,90,0,0.0,0,False,False,False,False,False,False
1782461818.092,0,0,0,0,0,1.46,-1.81,0.0,0.0,0.0,0.0,0.0,0,90,0,0.0,0,False,False,False,False,False,False
1782461818.115,0,0,0,0,0,1.49,-1.81,0.0,0.0,0.0,0.0,0.0,0,90,0,0.0,0,False,False,False,False,False,False
1782461818.139,0,0,0,0,0,1.5,-1.81,0.0,0.0,0.0,0.0,0.0,0,90,0,0.0,0,False,False,False,False,False,False
1782461818.162,0,0,0,0,0,1.47,-1.85,0.0,0.0,0.0,0.0,0.0,0,90,0,0.0,0,False,False,False,False,False,False
1782461818.185,0,0,0,0,0,1.43,-1.89,0.0,0.0,0.0,0.0,0.0,0,90,0,0.0,0,False,False,False,False,False,False
1782461818.209,0,0,0,0,0,1.4,-1.91,0.0,0.0,0.0,0.0,0.0,0,90,0,0.0,0,False,False,False,False,False,False
1782461818.233,0,0,0,0,0,1.42,-1.9,0.0,0.0,0.0,0.0,0.0,0,90,0,0.0,0,False,False,False,False,False,False
1782461818.258,0,0,0,0,0,1.45,-1.88,0.0,0.0,0.0,0.0,0.0,0,90,0,0.0,0,False,False,False,False,False,False
1782461818.281,0,0,0,0,0,1.46,-1.85,0.0,0.0,0.0,0.0,0.0,0,90,0,0.0,0,False,False,False,False,False,False
1782461818.304,0,0,0,0,0,1.45,-1.81,0.0,0.0,0.0,0.0,0.0,0,90,0,0.0,0,False,False,False,False,False,False
1782461818.328,0,0,0,0,0,1.46,-1.8,0.0,0.0,0.0,0.0,0.0,0,90,0,0.0,0,False,False,False,False,False,False
1782461818.351,0,0,0,0,0,1.46,-1.79,0.0,0.0,0.0,0.0,0.0,0,90,0,0.0,0,False,False,False,False,False,False
1782461818.375,0,0,0,0,0,1.43,-1.78,0.0,0.0,0.0,0.0,0.0,0,90,0,0.0,0,False,False,False,False,False,False
1782461818.4,0,0,0,0,0,1.42,-1.78,0.0,0.0,0.0,0.0,0.0,0,90,0,0.0,0,False,False,False,False,False,False
1782461818.423,0,0,0,0,0,1.45,-1.78,0.0,0.0,0.0,0.0,0.0,0,90,0,0.0,0,False,False,False,False,False,False
1782461818.446,0,0,0,0,0,1.45,-1.8,0.0,0.0,0.0,0.0,0.0,0,90,0,0.0,0,False,False,False,False,False,False
1782461818.47,0,0,0,0,0,1.43,-1.82,0.0,0.0,0.0,0.0,0.0,0,90,0,0.0,0,False,False,False,False,False,False
1782461818.493,0,0,0,0,0,1.42,-1.83,0.0,0.0,0.0,0.0,0.0,0,90,0,0.0,0,False,False,False,False,False,False
1782461818.516,0,0,0,0,0,1.44,-1.84,0.0,0.0,0.0,0.0,0.0,0,90,0,0.0,0,False,False,False,False,False,False
1782461818.541,0,0,0,0,0,1.44,-1.86,0.0,0.0,0.0,0.0,0.0,0,90,0,0.0,0,False,False,False,False,False,False
1782461818.564,0,0,0,0,0,1.43,-1.88,0.0,0.0,0.0,0.0,0.0,0,90,0,0.0,0,False,False,False,False,False,False
1782461818.589,0,0,0,0,0,1.41,-1.9,0.0,0.0,0.0,0.0,0.0,0,90,0,0.0,0,False,False,False,False,False,False
1782461818.611,0,0,0,0,0,1.41,-1.9,0.0,0.0,0.0,0.0,0.0,0,90,0,0.0,0,False,False,False,False,False,False
1782461818.635,0,0,0,0,0,1.42,-1.89,0.0,0.0,0.0,0.0,0.0,0,90,0,0.0,0,False,False,False,False,False,False
1782461818.659,0,0,0,0,0,1.42,-1.87,0.0,0.0,0.0,0.0,0.0,0,90,0,0.0,0,False,False,False,False,False,False
1782461818.684,0,0,0,0,0,1.43,-1.87,0.0,0.0,0.0,0.0,0.0,0,90,0,0.0,0,False,False,False,False,False,False
1782461818.709,0,0,0,0,0,1.45,-1.86,0.0,0.0,0.0,0.0,0.0,0,90,0,0.0,0,False,False,False,False,False,False
1782461818.731,0,0,0,0,0,1.47,-1.84,0.0,0.0,0.0,0.0,0.0,0,90,0,0.0,0,False,False,False,False,False,False
1782461818.756,0,0,0,0,0,1.48,-1.85,0.0,0.0,0.0,0.0,0.0,0,90,0,0.0,0,False,False,False,False,False,False
1782461818.778,0,0,0,0,0,1.47,-1.86,0.0,0.0,0.0,0.0,0.0,0,90,0,0.0,0,False,False,False,False,False,False
1782461818.8,0,0,0,0,0,1.46,-1.87,0.0,0.0,0.0,0.0,0.0,0,90,0,0.0,0,False,False,False,False,False,False
1782461818.825,0,0,0,0,0,1.45,-1.89,0.0,0.0,0.0,0.0,0.0,0,90,0,0.0,0,False,False,False,False,False,False
1782461818.849,0,0,0,0,0,1.45,-1.89,0.0,0.0,0.0,0.0,0.0,0,90,0,0.0,0,False,False,False,False,False,False
1782461818.874,0,0,0,0,0,1.44,-1.89,0.0,0.0,0.0,0.0,0.0,0,90,0,0.0,0,False,False,False,False,False,False
1782461818.896,0,0,0,0,0,1.42,-1.89,0.0,0.0,0.0,0.0,0.0,0,90,0,0.0,0,False,False,False,False,False,False
1782461818.919,0,0,0,0,0,1.42,-1.88,0.0,0.0,0.0,0.0,0.0,0,90,0,0.0,0,False,False,False,False,False,False
1782461818.943,0,0,0,0,0,1.46,-1.86,0.0,0.0,0.0,0.0,0.0,0,90,0,0.0,0,False,False,False,False,False,False
1782461818.967,0,0,0,0,0,1.49,-1.88,0.0,0.0,0.0,0.0,0.0,0,90,0,0.0,0,False,False,False,False,False,False
1782461818.992,0,0,0,0,0,1.48,-1.91,0.0,0.0,0.0,0.0,0.0,0,90,0,0.0,0,False,False,False,False,False,False
1782461819.014,0,0,0,0,0,1.47,-1.94,0.0,0.0,0.0,0.0,0.0,0,90,0,0.0,0,False,False,False,False,False,False
1782461819.04,0,0,0,0,0,1.46,-1.94,0.0,0.0,0.0,0.0,0.0,0,90,0,0.0,0,False,False,False,False,False,False
1782461819.062,0,0,0,0,0,1.45,-1.92,0.0,0.0,0.0,0.0,0.0,0,90,0,0.0,0,False,False,False,False,False,False
1782461819.086,0,0,0,0,0,1.43,-1.88,0.0,0.0,0.0,0.0,0.0,0,90,0,0.0,0,False,False,False,False,False,False
1782461819.11,0,0,0,0,0,1.42,-1.84,0.0,0.0,0.0,0.0,0.0,0,90,0,0.0,0,False,False,False,False,False,False
1782461819.133,0,0,0,0,0,1.42,-1.82,0.0,0.0,0.0,0.0,0.0,0,90,0,0.0,0,False,False,False,False,False,False
1782461819.158,0,0,0,0,0,1.42,-1.83,0.0,0.0,0.0,0.0,0.0,0,90,0,0.0,0,False,False,False,False,False,False
1782461819.175,0,0,0,0,0,1.43,-1.87,0.0,0.0,0.0,0.0,0.0,0,90,0,0.0,0,False,False,False,False,False,False
1782461819.199,0,0,0,0,0,1.44,-1.92,0.0,0.0,0.0,0.0,0.0,0,90,0,0.0,0,False,False,False,False,False,False
1782461819.224,0,0,0,0,0,1.42,-1.95,0.0,0.0,0.0,0.0,0.0,0,90,0,0.0,0,False,False,False,False,False,False
1782461819.246,0,0,0,0,0,1.41,-1.93,0.0,0.0,0.0,0.0,0.0,0,90,0,0.0,0,False,False,False,False,False,False
1782461819.269,0,0,0,0,0,1.43,-1.91,0.0,0.0,0.0,0.0,0.0,0,90,0,0.0,0,False,False,False,False,False,False
1782461819.292,0,0,0,0,0,1.45,-1.89,0.0,0.0,0.0,0.0,0.0,0,90,0,0.0,0,False,False,False,False,False,False
1782461819.316,0,0,0,0,0,1.43,-1.87,0.0,0.0,0.0,0.0,0.0,0,90,0,0.0,0,False,False,False,False,False,False
1782461819.341,0,0,0,0,0,1.39,-1.88,0.0,0.0,0.0,0.0,0.0,0,90,0,0.0,0,False,False,False,False,False,False
1782461819.364,0,0,0,0,0,1.37,-1.9,0.0,0.0,0.0,0.0,0.0,0,90,0,0.0,0,False,False,False,False,False,False
1782461819.387,0,0,0,0,0,1.38,-1.92,0.0,0.0,0.0,0.0,0.0,0,90,0,0.0,0,False,False,False,False,False,False
1782461819.412,0,0,0,0,0,1.41,-1.93,0.0,0.0,0.0,0.0,0.0,0,90,0,0.0,0,False,False,False,False,False,False
1782461819.434,0,0,0,0,0,1.43,-1.94,0.0,0.0,0.0,0.0,0.0,0,90,0,0.0,0,False,False,False,False,False,False
1782461819.459,0,0,0,0,0,1.44,-1.94,0.0,0.0,0.0,0.0,0.0,0,90,0,0.0,0,False,False,False,False,False,False
1782461819.482,0,0,0,0,0,1.45,-1.94,0.0,0.0,0.0,0.0,0.0,0,90,0,0.0,0,False,False,False,False,False,False
1782461819.506,0,0,0,0,0,1.47,-1.93,0.0,0.0,0.0,0.0,0.0,0,90,0,0.0,0,False,False,False,False,False,False
1782461819.53,0,0,0,0,0,1.48,-1.91,0.0,0.0,0.0,0.0,0.0,0,90,0,0.0,0,False,False,False,False,False,False
1782461819.555,0,0,0,0,0,1.49,-1.9,0.0,0.0,0.0,0.0,0.0,0,90,0,0.0,0,False,False,False,False,False,False
1782461819.577,0,0,0,0,0,1.5,-1.92,0.0,0.0,0.0,0.0,0.0,0,90,0,0.0,0,False,False,False,False,False,False
1782461819.6,0,0,0,0,0,1.51,-1.94,0.0,0.0,0.0,0.0,0.0,0,90,0,0.0,0,False,False,False,False,False,False
1782461819.624,0,0,0,0,0,1.53,-1.94,0.0,0.0,0.0,0.0,0.0,0,90,0,0.0,0,False,False,False,False,False,False
1782461819.647,0,0,0,0,0,1.54,-1.93,0.0,0.0,0.0,0.0,0.0,0,90,0,0.0,0,False,False,False,False,False,False
1782461819.673,0,0,0,0,0,1.53,-1.92,0.0,0.0,0.0,0.0,0.0,0,90,0,0.0,0,False,False,False,False,False,False
1782461819.696,0,0,0,0,0,1.5,-1.93,0.0,0.0,0.0,0.0,0.0,0,90,0,0.0,0,False,False,False,False,False,False
1782461819.718,0,0,0,0,0,1.46,-1.94,0.0,0.0,0.0,0.0,0.0,0,90,0,0.0,0,False,False,False,False,False,False
1782461819.743,0,0,0,0,0,1.46,-1.94,0.0,0.0,0.0,0.0,0.0,0,90,0,0.0,0,False,False,False,False,False,False
1782461819.766,0,0,0,0,0,1.49,-1.93,0.0,0.0,0.0,0.0,0.0,0,90,0,0.0,0,False,False,False,False,False,False
1782461819.79,0,0,0,0,0,1.52,-1.9,0.0,0.0,0.0,0.0,0.0,0,90,0,0.0,0,False,False,False,False,False,False
1782461819.814,0,0,0,0,0,1.53,-1.9,0.0,0.0,0.0,0.0,0.0,0,90,0,0.0,0,False,False,False,False,False,False
1782461819.836,0,0,0,0,0,1.54,-1.92,0.0,0.0,0.0,0.0,0.0,0,90,0,0.0,0,False,False,False,False,False,False
1782461819.861,0,0,0,0,0,1.55,-1.95,0.0,0.0,0.0,0.0,0.0,0,90,0,0.0,0,False,False,False,False,False,False
1782461819.883,0,0,0,0,0,1.54,-1.98,0.0,0.0,0.0,0.0,0.0,0,90,0,0.0,0,False,False,False,False,False,False
1782461819.908,0,0,0,0,0,1.52,-1.99,0.0,0.0,0.0,0.0,0.0,0,90,0,0.0,0,False,False,False,False,False,False
1782461819.931,0,0,0,0,0,1.51,-2.02,0.0,0.0,0.0,0.0,0.0,0,90,0,0.0,0,False,False,False,False,False,False
1782461819.955,0,0,0,0,0,1.51,-2.03,0.0,0.0,0.0,0.0,0.0,0,90,0,0.0,0,False,False,False,False,False,False
1782461819.978,0,0,0,0,0,1.52,-2.02,0.0,0.0,0.0,0.0,0.0,0,90,0,0.0,0,False,False,False,False,False,False
1782461820.002,0,0,0,0,0,1.54,-2.0,0.0,0.0,0.0,0.0,0.0,0,90,0,0.0,0,False,False,False,False,False,False
1782461820.026,0,0,0,0,0,1.55,-1.97,0.0,0.0,0.0,0.0,0.0,0,90,0,0.0,0,False,False,False,False,False,False
1782461820.049,0,0,0,0,0,1.52,-1.95,0.0,0.0,0.0,0.0,0.0,0,90,0,0.0,0,False,False,False,False,False,False
1782461820.074,0,0,0,0,0,1.47,-1.97,0.0,0.0,0.0,0.0,0.0,0,90,0,0.0,0,False,False,False,False,False,False
1782461820.097,0,0,0,0,0,1.45,-2.0,0.0,0.0,0.0,0.0,0.0,0,90,0,0.0,0,False,False,False,False,False,False
1782461820.12,0,0,0,0,0,1.46,-2.03,0.0,0.0,0.0,0.0,0.0,0,90,0,0.0,0,False,False,False,False,False,False
1782461820.144,0,0,0,0,0,1.47,-2.07,0.0,0.0,0.0,0.0,0.0,0,90,0,0.0,0,False,False,False,False,False,False
1782461820.169,0,0,0,0,0,1.5,-2.09,0.0,0.0,0.0,0.0,0.0,0,90,0,0.0,0,False,False,False,False,False,False
1782461820.192,0,0,0,0,0,1.51,-2.09,0.0,0.0,0.0,0.0,0.0,0,90,0,0.0,0,False,False,False,False,False,False
1782461820.215,0,0,0,0,0,1.5,-2.05,0.0,0.0,0.0,0.0,0.0,0,90,0,0.0,0,False,False,False,False,False,False
1782461820.24,0,0,0,0,0,1.49,-2.02,0.0,0.0,0.0,0.0,0.0,0,90,0,0.0,0,False,False,False,False,False,False
1782461820.263,0,0,0,0,0,1.48,-2.02,0.0,0.0,0.0,0.0,0.0,0,90,0,0.0,0,False,False,False,False,False,False
1782461820.287,0,0,0,0,0,1.49,-2.02,0.0,0.0,0.0,0.0,0.0,0,90,0,0.0,0,False,False,False,False,False,False
1782461820.31,0,0,0,0,0,1.5,-2.03,0.0,0.0,0.0,0.0,0.0,0,90,0,0.0,0,False,False,False,False,False,False
1782461820.334,0,0,0,0,0,1.5,-2.03,0.0,0.0,0.0,0.0,0.0,0,90,0,0.0,0,False,False,False,False,False,False
1782461820.358,0,0,0,0,0,1.5,-2.03,0.0,0.0,0.0,0.0,0.0,0,90,0,0.0,0,False,False,False,False,False,False
1782461820.38,0,0,0,0,0,1.53,-2.02,0.0,0.0,0.0,0.0,0.0,0,90,0,0.0,0,False,False,False,False,False,False
1782461820.406,0,0,0,0,0,1.55,-2.0,0.0,0.0,0.0,0.0,0.0,0,90,0,0.0,0,False,False,False,False,False,False
1782461820.429,0,0,0,0,0,1.54,-1.99,0.0,0.0,0.0,0.0,0.0,0,90,0,0.0,0,False,False,False,False,False,False
1782461820.451,0,0,0,0,0,1.52,-1.98,0.0,0.0,0.0,0.0,0.0,0,90,0,0.0,0,False,False,False,False,False,False
1782461820.475,0,0,0,0,0,1.52,-1.99,0.0,0.0,0.0,0.0,0.0,0,90,0,0.0,0,False,False,False,False,False,False
1782461820.499,0,0,0,0,0,1.52,-2.0,0.0,0.0,0.0,0.0,0.0,0,90,0,0.0,0,False,False,False,False,False,False
1782461820.524,0,0,0,0,0,1.51,-2.02,0.0,0.0,0.0,0.0,0.0,0,90,0,0.0,0,False,False,False,False,False,False
1782461820.546,0,0,0,0,0,1.5,-2.03,0.0,0.0,0.0,0.0,0.0,0,90,0,0.0,0,False,False,False,False,False,False
1782461820.57,0,0,0,0,0,1.5,-2.05,0.0,0.0,0.0,0.0,0.0,0,90,0,0.0,0,False,False,False,False,False,False
1782461820.595,0,0,0,0,0,1.51,-2.08,0.0,0.0,0.0,0.0,0.0,0,90,0,0.0,0,False,False,False,False,False,False
1782461820.618,0,0,0,0,0,1.51,-2.08,0.0,0.0,0.0,0.0,0.0,0,90,0,0.0,0,False,False,False,False,False,False
1782461820.642,0,0,0,0,0,1.49,-2.04,0.0,0.0,0.0,0.0,0.0,0,90,0,0.0,0,False,False,False,False,False,False
1782461820.665,0,0,0,0,0,1.48,-2.0,0.0,0.0,0.0,0.0,0.0,0,90,0,0.0,0,False,False,False,False,False,False
1782461820.689,0,0,0,0,0,1.48,-1.97,0.0,0.0,0.0,0.0,0.0,0,90,0,0.0,0,False,False,False,False,False,False
1782461820.712,0,0,0,0,0,1.51,-1.97,0.0,0.0,0.0,0.0,0.0,0,90,0,0.0,0,False,False,False,False,False,False
1782461820.736,0,0,0,0,0,1.51,-1.99,0.0,0.0,0.0,0.0,0.0,0,90,0,0.0,0,False,False,False,False,False,False
1782461820.76,0,0,0,0,0,1.5,-2.03,0.0,0.0,0.0,0.0,0.0,0,90,0,0.0,0,False,False,False,False,False,False
1782461820.784,0,0,0,0,0,1.48,-2.05,0.0,0.0,0.0,0.0,0.0,0,90,0,0.0,0,False,False,False,False,False,False
1782461820.807,0,0,0,0,0,1.47,-2.04,0.0,0.0,0.0,0.0,0.0,0,90,0,0.0,0,False,False,False,False,False,False
1782461820.83,0,0,0,0,0,1.47,-2.02,0.0,0.0,0.0,0.0,0.0,0,90,0,0.0,0,False,False,False,False,False,False
1782461820.854,0,0,0,0,0,1.47,-2.01,0.0,0.0,0.0,0.0,0.0,0,90,0,0.0,0,False,False,False,False,False,False
1782461820.878,0,0,0,0,0,1.46,-2.02,0.0,0.0,0.0,0.0,0.0,0,90,0,0.0,0,False,False,False,False,False,False
1782461820.901,0,0,0,0,0,1.46,-2.03,0.0,0.0,0.0,0.0,0.0,0,90,0,0.0,0,False,False,False,False,False,False
1782461820.926,0,0,0,0,0,1.48,-2.03,0.0,0.0,0.0,0.0,0.0,0,90,0,0.0,0,False,False,False,False,False,False
1782461820.949,0,0,0,0,0,1.49,-2.02,0.0,0.0,0.0,0.0,0.0,0,90,0,0.0,0,False,False,False,False,False,False
1782461820.974,0,0,0,0,0,1.51,-2.02,0.0,0.0,0.0,0.0,0.0,0,90,0,0.0,0,False,False,False,False,False,False
1782461820.996,0,0,0,0,0,1.51,-2.04,0.0,0.0,0.0,0.0,0.0,0,90,0,0.0,0,False,False,False,False,False,False
1782461821.019,0,0,0,0,0,1.5,-2.07,0.0,0.0,0.0,0.0,0.0,0,90,0,0.0,0,False,False,False,False,False,False
1782461821.043,0,0,0,0,0,1.49,-2.07,0.0,0.0,0.0,0.0,0.0,0,90,0,0.0,0,False,False,False,False,False,False
1782461821.069,0,0,0,0,0,1.49,-2.06,0.0,0.0,0.0,0.0,0.0,0,90,0,0.0,0,False,False,False,False,False,False
1782461821.092,0,0,0,0,0,1.49,-2.05,0.0,0.0,0.0,0.0,0.0,0,90,0,0.0,0,False,False,False,False,False,False
1782461821.114,0,0,0,0,0,1.5,-2.05,0.0,0.0,0.0,0.0,0.0,0,90,0,0.0,0,False,False,False,False,False,False
1782461821.138,0,0,0,0,0,1.51,-2.03,0.0,0.0,0.0,0.0,0.0,0,90,0,0.0,0,False,False,False,False,False,False
1782461821.162,0,0,0,0,0,1.53,-2.01,0.0,0.0,0.0,0.0,0.0,0,90,0,0.0,0,False,False,False,False,False,False
1782461821.184,0,0,0,0,0,1.53,-2.0,0.0,0.0,0.0,0.0,0.0,0,90,0,0.0,0,False,False,False,False,False,False
1782461821.209,0,0,0,0,0,1.52,-2.01,0.0,0.0,0.0,0.0,0.0,0,90,0,0.0,0,False,False,False,False,False,False
1782461821.233,0,0,0,0,0,1.5,-2.03,0.0,0.0,0.0,0.0,0.0,0,90,0,0.0,0,False,False,False,False,False,False
1782461821.258,0,0,0,0,0,1.51,-2.05,0.0,0.0,0.0,0.0,0.0,0,90,0,0.0,0,False,False,False,False,False,False
1782461821.281,0,0,0,0,0,1.53,-2.06,0.0,0.0,0.0,0.0,0.0,0,90,0,0.0,0,False,False,False,False,False,False
1782461821.303,0,0,0,0,0,1.55,-2.09,0.0,0.0,0.0,0.0,0.0,0,90,0,0.0,0,False,False,False,False,False,False
1782461821.329,0,0,0,0,0,1.54,-2.1,0.0,0.0,0.0,0.0,0.0,0,90,0,0.0,0,False,False,False,False,False,False
1782461821.351,0,0,0,0,0,1.52,-2.09,0.0,0.0,0.0,0.0,0.0,0,90,0,0.0,0,False,False,False,False,False,False
1782461821.375,0,0,0,0,0,1.52,-2.08,0.0,0.0,0.0,0.0,0.0,0,90,0,0.0,0,False,False,False,False,False,False
1782461821.398,0,0,0,0,0,1.52,-2.07,0.0,0.0,0.0,0.0,0.0,0,90,0,0.0,0,False,False,False,False,False,False
1782461821.422,0,0,0,0,0,1.52,-2.04,0.0,0.0,0.0,0.0,0.0,0,90,0,0.0,0,False,False,False,False,False,False
1782461821.446,0,0,0,0,0,1.52,-2.02,0.0,0.0,0.0,0.0,0.0,0,90,0,0.0,0,False,False,False,False,False,False
1782461821.47,0,0,0,0,0,1.5,-2.03,0.0,0.0,0.0,0.0,0.0,0,90,0,0.0,0,False,False,False,False,False,False
1782461821.493,0,0,0,0,0,1.48,-2.05,0.0,0.0,0.0,0.0,0.0,0,90,0,0.0,0,False,False,False,False,False,False
1782461821.516,0,0,0,0,0,1.47,-2.07,0.0,0.0,0.0,0.0,0.0,0,90,0,0.0,0,False,False,False,False,False,False
1782461821.541,0,0,0,0,0,1.47,-2.08,0.0,0.0,0.0,0.0,0.0,0,90,0,0.0,0,False,False,False,False,False,False
1782461821.564,0,0,0,0,0,1.49,-2.09,0.0,0.0,0.0,0.0,0.0,0,90,0,0.0,0,False,False,False,False,False,False
1782461821.587,0,0,0,0,0,1.5,-2.1,0.0,0.0,0.0,0.0,0.0,0,90,0,0.0,0,False,False,False,False,False,False
1782461821.612,0,0,0,0,0,1.5,-2.1,0.0,0.0,0.0,0.0,0.0,0,90,0,0.0,0,False,False,False,False,False,False
1782461821.636,0,0,0,0,0,1.5,-2.11,0.0,0.0,0.0,0.0,0.0,0,90,0,0.0,0,False,False,False,False,False,False
1782461821.66,0,0,0,0,0,1.5,-2.12,0.0,0.0,0.0,0.0,0.0,0,90,0,0.0,0,False,False,False,False,False,False
1782461821.683,0,0,0,0,0,1.5,-2.14,0.0,0.0,0.0,0.0,0.0,0,90,0,0.0,0,False,False,False,False,False,False
1782461821.706,0,0,0,0,0,1.49,-2.14,0.0,0.0,0.0,0.0,0.0,0,90,0,0.0,0,False,False,False,False,False,False
1782461821.73,0,0,0,0,0,1.49,-2.12,0.0,0.0,0.0,0.0,0.0,0,90,0,0.0,0,False,False,False,False,False,False
1782461821.754,0,0,0,0,0,1.5,-2.12,0.0,0.0,0.0,0.0,0.0,0,90,0,0.0,0,False,False,False,False,False,False
1782461821.779,0,0,0,0,0,1.51,-2.13,0.0,0.0,0.0,0.0,0.0,0,90,0,0.0,0,False,False,False,False,False,False
1782461821.801,0,0,0,0,0,1.5,-2.13,0.0,0.0,0.0,0.0,0.0,0,90,0,0.0,0,False,False,False,False,False,False
1782461821.826,0,0,0,0,0,1.49,-2.1,0.0,0.0,0.0,0.0,0.0,0,90,0,0.0,0,False,False,False,False,False,False
1782461821.848,0,0,0,0,0,1.47,-2.05,0.0,0.0,0.0,0.0,0.0,0,90,0,0.0,0,False,False,False,False,False,False
1782461821.871,0,0,0,0,0,1.47,-2.0,0.0,0.0,0.0,0.0,0.0,0,90,0,0.0,0,False,False,False,False,False,False
1782461821.896,0,0,0,0,0,1.5,-1.99,0.0,0.0,0.0,0.0,0.0,0,90,0,0.0,0,False,False,False,False,False,False
1782461821.92,0,0,0,0,0,1.54,-2.02,0.0,0.0,0.0,0.0,0.0,0,90,0,0.0,0,False,False,False,False,False,False
1782461821.945,0,0,0,0,0,1.55,-2.08,0.0,0.0,0.0,0.0,0.0,0,90,0,0.0,0,False,False,False,False,False,False
1782461821.965,0,0,0,0,0,1.54,-2.11,0.0,0.0,0.0,0.0,0.0,0,90,0,0.0,0,False,False,False,False,False,False
1782461821.992,0,0,0,0,0,1.54,-2.12,0.0,0.0,0.0,0.0,0.0,0,90,0,0.0,0,False,False,False,False,False,False
1782461822.014,0,0,0,0,0,1.56,-2.11,0.0,0.0,0.0,0.0,0.0,0,90,0,0.0,0,False,False,False,False,False,False
1782461822.038,0,0,0,0,0,1.58,-2.1,0.0,0.0,0.0,0.0,0.0,0,90,0,0.0,0,False,False,False,False,False,False
1782461822.064,0,0,0,0,0,1.58,-2.1,0.0,0.0,0.0,0.0,0.0,0,90,0,0.0,0,False,False,False,False,False,False
1782461822.085,0,0,0,0,0,1.56,-2.11,0.0,0.0,0.0,0.0,0.0,0,90,0,0.0,0,False,False,False,False,False,False
1782461822.11,0,0,0,0,0,1.54,-2.12,0.0,0.0,0.0,0.0,0.0,0,90,0,0.0,0,False,False,False,False,False,False
1782461822.133,0,0,0,0,0,1.53,-2.14,0.0,0.0,0.0,0.0,0.0,0,90,0,0.0,0,False,False,False,False,False,False
1782461822.156,0,0,0,0,0,1.54,-2.14,0.0,0.0,0.0,0.0,0.0,0,90,0,0.0,0,False,False,False,False,False,False
1782461822.18,0,0,0,0,0,1.53,-2.14,0.0,0.0,0.0,0.0,0.0,0,90,0,0.0,0,False,False,False,False,False,False
1782461822.203,0,0,0,0,0,1.54,-2.12,0.0,0.0,0.0,0.0,0.0,0,90,0,0.0,0,False,False,False,False,False,False
1782461822.228,0,0,0,0,0,1.56,-2.08,0.0,0.0,0.0,0.0,0.0,0,90,0,0.0,0,False,False,False,False,False,False
1782461822.251,0,0,0,0,0,1.57,-2.06,0.0,0.0,0.0,0.0,0.0,0,90,0,0.0,0,False,False,False,False,False,False
1782461822.276,0,0,0,0,0,1.55,-2.06,0.0,0.0,0.0,0.0,0.0,0,90,0,0.0,0,False,False,False,False,False,False
1782461822.299,0,0,0,0,0,1.53,-2.06,0.0,0.0,0.0,0.0,0.0,0,90,0,0.0,0,False,False,False,False,False,False
1782461822.322,0,0,0,0,0,1.52,-2.06,0.0,0.0,0.0,0.0,0.0,0,90,0,0.0,0,False,False,False,False,False,False
1782461822.347,0,0,0,0,0,1.52,-2.06,0.0,0.0,0.0,0.0,0.0,0,90,0,0.0,0,False,False,False,False,False,False
1782461822.37,0,0,0,0,0,1.53,-2.06,0.0,0.0,0.0,0.0,0.0,0,90,0,0.0,0,False,False,False,False,False,False
1782461822.393,0,0,0,0,0,1.51,-2.08,0.0,0.0,0.0,0.0,0.0,0,90,0,0.0,0,False,False,False,False,False,False
1782461822.416,0,0,0,0,0,1.5,-2.09,0.0,0.0,0.0,0.0,0.0,0,90,0,0.0,0,False,False,False,False,False,False
1782461822.44,0,0,0,0,0,1.5,-2.09,0.0,0.0,0.0,0.0,0.0,0,90,0,0.0,0,False,False,False,False,False,False
1782461822.464,0,0,0,0,0,1.5,-2.08,0.0,0.0,0.0,0.0,0.0,0,90,0,0.0,0,False,False,False,False,False,False
1782461822.487,0,0,0,0,0,1.51,-2.06,0.0,0.0,0.0,0.0,0.0,0,90,0,0.0,0,False,False,False,False,False,False
1782461822.512,0,0,0,0,0,1.52,-2.06,0.0,0.0,0.0,0.0,0.0,0,90,0,0.0,0,False,False,False,False,False,False
1782461822.536,0,0,0,0,0,1.53,-2.08,0.0,0.0,0.0,0.0,0.0,0,90,0,0.0,0,False,False,False,False,False,False
1782461822.56,0,0,0,0,0,1.54,-2.11,0.0,0.0,0.0,0.0,0.0,0,90,0,0.0,0,False,False,False,False,False,False
1782461822.582,0,0,0,0,0,1.55,-2.11,0.0,0.0,0.0,0.0,0.0,0,90,0,0.0,0,False,False,False,False,False,False
1782461822.606,0,0,0,0,0,1.54,-2.1,0.0,0.0,0.0,0.0,0.0,0,90,0,0.0,0,False,False,False,False,False,False
1782461822.63,0,0,0,0,0,1.52,-2.08,0.0,0.0,0.0,0.0,0.0,0,90,0,0.0,0,False,False,False,False,False,False
1782461822.653,0,0,0,0,0,1.51,-2.08,0.0,0.0,0.0,0.0,0.0,0,90,0,0.0,0,False,False,False,False,False,False
1782461822.678,0,0,0,0,0,1.5,-2.07,0.0,0.0,0.0,0.0,0.0,0,90,0,0.0,0,False,False,False,False,False,False
1782461822.701,0,0,0,0,0,1.5,-2.06,0.0,0.0,0.0,0.0,0.0,0,90,0,0.0,0,False,False,False,False,False,False
1782461822.726,0,0,0,0,0,1.49,-2.06,0.0,0.0,0.0,0.0,0.0,0,90,0,0.0,0,False,False,False,False,False,False
1782461822.748,0,0,0,0,0,1.49,-2.07,0.0,0.0,0.0,0.0,0.0,0,90,0,0.0,0,False,False,False,False,False,False
1782461822.773,0,0,0,0,0,1.49,-2.08,0.0,0.0,0.0,0.0,0.0,0,90,0,0.0,0,False,False,False,False,False,False
1782461822.796,0,0,0,0,0,1.5,-2.08,0.0,0.0,0.0,0.0,0.0,0,90,0,0.0,0,False,False,False,False,False,False
1782461822.819,0,0,0,0,0,1.53,-2.08,0.0,0.0,0.0,0.0,0.0,0,90,0,0.0,0,False,False,False,False,False,False
1782461822.843,0,0,0,0,0,1.54,-2.08,0.0,0.0,0.0,0.0,0.0,0,90,0,0.0,0,False,False,False,False,False,False
1782461822.866,0,0,0,0,0,1.53,-2.09,0.0,0.0,0.0,0.0,0.0,0,90,0,0.0,0,False,False,False,False,False,False
1782461822.891,0,0,0,0,0,1.49,-2.08,0.0,0.0,0.0,0.0,0.0,0,90,0,0.0,0,False,False,False,False,False,False
1782461822.915,0,0,0,0,0,1.46,-2.07,0.0,0.0,0.0,0.0,0.0,0,90,0,0.0,0,False,False,False,False,False,False
1782461822.936,0,0,0,0,0,1.47,-2.07,0.0,0.0,0.0,0.0,0.0,0,90,0,0.0,0,False,False,False,False,False,False
1782461822.961,0,0,0,0,0,1.5,-2.1,0.0,0.0,0.0,0.0,0.0,0,90,0,0.0,0,False,False,False,False,False,False
1782461822.985,0,0,0,0,0,1.52,-2.13,0.0,0.0,0.0,0.0,0.0,0,90,0,0.0,0,False,False,False,False,False,False
1782461823.009,0,0,0,0,0,1.53,-2.14,0.0,0.0,0.0,0.0,0.0,0,90,0,0.0,0,False,False,False,False,False,False
1782461823.032,0,0,0,0,0,1.55,-2.14,0.0,0.0,0.0,0.0,0.0,0,90,0,0.0,0,False,False,False,False,False,False
1782461823.055,0,0,0,0,0,1.56,-2.15,0.0,0.0,0.0,0.0,0.0,0,90,0,0.0,0,False,False,False,False,False,False
1782461823.08,0,0,0,0,0,1.55,-2.15,0.0,0.0,0.0,0.0,0.0,0,90,0,0.0,0,False,False,False,False,False,False
1782461823.103,0,0,0,0,0,1.53,-2.16,0.0,0.0,0.0,0.0,0.0,0,90,0,0.0,0,False,False,False,False,False,False
1782461823.128,0,0,0,0,0,1.53,-2.15,0.0,0.0,0.0,0.0,0.0,0,90,0,0.0,0,False,False,False,False,False,False
1782461823.15,0,0,0,0,0,1.54,-2.14,0.0,0.0,0.0,0.0,0.0,0,90,0,0.0,0,False,False,False,False,False,False
1782461823.175,0,0,0,0,0,1.52,-2.12,0.0,0.0,0.0,0.0,0.0,0,90,0,0.0,0,False,False,False,False,False,False
1782461823.2,0,0,0,0,0,1.48,-2.12,0.0,0.0,0.0,0.0,0.0,0,90,0,0.0,0,False,False,False,False,False,False
1782461823.221,0,0,0,0,0,1.46,-2.13,0.0,0.0,0.0,0.0,0.0,0,90,0,0.0,0,False,False,False,False,False,False
1782461823.246,0,0,0,0,0,1.48,-2.16,0.0,0.0,0.0,0.0,0.0,0,90,0,0.0,0,False,False,False,False,False,False
1782461823.269,0,0,0,0,0,1.51,-2.18,0.0,0.0,0.0,0.0,0.0,0,90,0,0.0,0,False,False,False,False,False,False
1782461823.293,0,0,0,0,0,1.52,-2.18,0.0,0.0,0.0,0.0,0.0,0,90,0,0.0,0,False,False,False,False,False,False
1782461823.317,0,0,0,0,0,1.52,-2.16,0.0,0.0,0.0,0.0,0.0,0,90,0,0.0,0,False,False,False,False,False,False
1782461823.341,0,0,0,0,0,1.52,-2.15,0.0,0.0,0.0,0.0,0.0,0,90,0,0.0,0,False,False,False,False,False,False
1782461823.365,0,0,0,0,0,1.52,-2.15,0.0,0.0,0.0,0.0,0.0,0,90,0,0.0,0,False,False,False,False,False,False
1782461823.387,0,0,0,0,0,1.51,-2.14,0.0,0.0,0.0,0.0,0.0,0,90,0,0.0,0,False,False,False,False,False,False
1782461823.413,0,0,0,0,0,1.5,-2.13,0.0,0.0,0.0,0.0,0.0,0,90,0,0.0,0,False,False,False,False,False,False
1782461823.435,0,0,0,0,0,1.5,-2.12,0.0,0.0,0.0,0.0,0.0,0,90,0,0.0,0,False,False,False,False,False,False
1782461823.459,0,0,0,0,0,1.5,-2.11,0.0,0.0,0.0,0.0,0.0,0,90,0,0.0,0,False,False,False,False,False,False
1782461823.483,0,0,0,0,0,1.5,-2.11,0.0,0.0,0.0,0.0,0.0,0,90,0,0.0,0,False,False,False,False,False,False
1782461823.506,0,0,0,0,0,1.5,-2.1,0.0,0.0,0.0,0.0,0.0,0,90,0,0.0,0,False,False,False,False,False,False
1782461823.53,0,0,0,0,0,1.5,-2.13,0.0,0.0,0.0,0.0,0.0,0,90,0,0.0,0,False,False,False,False,False,False
1782461823.552,0,0,0,0,0,1.52,-2.18,0.0,0.0,0.0,0.0,0.0,0,90,0,0.0,0,False,False,False,False,False,False
1782461823.578,0,0,0,0,0,1.54,-2.22,0.0,0.0,0.0,0.0,0.0,0,90,0,0.0,0,False,False,False,False,False,False
1782461823.6,0,0,0,0,0,1.54,-2.23,0.0,0.0,0.0,0.0,0.0,0,90,0,0.0,0,False,False,False,False,False,False
1782461823.625,0,0,0,0,0,1.51,-2.2,0.0,0.0,0.0,0.0,0.0,0,90,0,0.0,0,False,False,False,False,False,False
1782461823.648,0,0,0,0,0,1.48,-2.16,0.0,0.0,0.0,0.0,0.0,0,90,0,0.0,0,False,False,False,False,False,False
1782461823.671,0,0,0,0,0,1.46,-2.13,0.0,0.0,0.0,0.0,0.0,0,90,0,0.0,0,False,False,False,False,False,False
1782461823.697,0,0,0,0,0,1.46,-2.1,0.0,0.0,0.0,0.0,0.0,0,90,0,0.0,0,False,False,False,False,False,False
1782461823.719,0,0,0,0,0,1.48,-2.08,0.0,0.0,0.0,0.0,0.0,0,90,0,0.0,0,False,False,False,False,False,False
1782461823.743,0,0,0,0,0,1.49,-2.07,0.0,0.0,0.0,0.0,0.0,0,90,0,0.0,0,False,False,False,False,False,False
1782461823.766,0,0,0,0,0,1.51,-2.06,0.0,0.0,0.0,0.0,0.0,0,90,0,0.0,0,False,False,False,False,False,False
1782461823.79,0,0,0,0,0,1.52,-2.08,0.0,0.0,0.0,0.0,0.0,0,90,0,0.0,0,False,False,False,False,False,False
1782461823.814,0,0,0,0,0,1.54,-2.09,0.0,0.0,0.0,0.0,0.0,0,90,0,0.0,0,False,False,False,False,False,False
1782461823.836,0,0,0,0,0,1.55,-2.09,0.0,0.0,0.0,0.0,0.0,0,90,0,0.0,0,False,False,False,False,False,False
1782461823.862,0,0,0,0,0,1.57,-2.07,0.0,0.0,0.0,0.0,0.0,0,90,0,0.0,0,False,False,False,False,False,False
1782461823.885,0,0,0,0,0,1.59,-2.09,0.0,0.0,0.0,0.0,0.0,0,90,0,0.0,0,False,False,False,False,False,False
1782461823.908,0,0,0,0,0,1.59,-2.12,0.0,0.0,0.0,0.0,0.0,0,90,0,0.0,0,False,False,False,False,False,False
1782461823.932,0,0,0,0,0,1.55,-2.14,0.0,0.0,0.0,0.0,0.0,0,90,0,0.0,0,False,False,False,False,False,False
1782461823.955,0,0,0,0,0,1.53,-2.16,0.0,0.0,0.0,0.0,0.0,0,90,0,0.0,0,False,False,False,False,False,False
1782461823.981,0,0,0,0,0,1.52,-2.15,0.0,0.0,0.0,0.0,0.0,0,90,0,0.0,0,False,False,False,False,False,False
1782461824.004,0,0,0,0,0,1.51,-2.12,0.0,0.0,0.0,0.0,0.0,0,90,0,0.0,0,False,False,False,False,False,False
1782461824.027,0,0,0,0,0,1.5,-2.1,0.0,0.0,0.0,0.0,0.0,0,90,0,0.0,0,False,False,False,False,False,False
1782461824.052,0,0,0,0,0,1.51,-2.09,0.0,0.0,0.0,0.0,0.0,0,90,0,0.0,0,False,False,False,False,False,False
1782461824.076,0,0,0,0,0,1.53,-2.09,0.0,0.0,0.0,0.0,0.0,0,90,0,0.0,0,False,False,False,False,False,False
1782461824.098,0,0,0,0,0,1.54,-2.09,0.0,0.0,0.0,0.0,0.0,0,90,0,0.0,0,False,False,False,False,False,False
1782461824.121,0,0,0,0,0,1.53,-2.08,0.0,0.0,0.0,0.0,0.0,0,90,0,0.0,0,False,False,False,False,False,False
1782461824.145,0,0,0,0,0,1.53,-2.09,0.0,0.0,0.0,0.0,0.0,0,90,0,0.0,0,False,False,False,False,False,False
1782461824.169,0,0,0,0,0,1.51,-2.09,0.0,0.0,0.0,0.0,0.0,0,90,0,0.0,0,False,False,False,False,False,False
1782461824.192,0,0,0,0,0,1.47,-2.11,0.0,0.0,0.0,0.0,0.0,0,90,0,0.0,0,False,False,False,False,False,False
1782461824.216,0,0,0,0,0,1.44,-2.13,0.0,0.0,0.0,0.0,0.0,0,90,0,0.0,0,False,False,False,False,False,False
1782461824.24,0,0,0,0,0,1.45,-2.15,0.0,0.0,0.0,0.0,0.0,0,90,0,0.0,0,False,False,False,False,False,False
1782461824.264,0,0,0,0,0,1.47,-2.16,0.0,0.0,0.0,0.0,0.0,0,90,0,0.0,0,False,False,False,False,False,False
1782461824.288,0,0,0,0,0,1.48,-2.18,0.0,0.0,0.0,0.0,0.0,0,90,0,0.0,0,False,False,False,False,False,False
1782461824.312,0,0,0,0,0,1.49,-2.17,0.0,0.0,0.0,0.0,0.0,0,90,0,0.0,0,False,False,False,False,False,False
1782461824.335,0,0,0,0,0,1.51,-2.15,0.0,0.0,0.0,0.0,0.0,0,90,0,0.0,0,False,False,False,False,False,False
1782461824.359,0,0,0,0,0,1.52,-2.14,0.0,0.0,0.0,0.0,0.0,0,90,0,0.0,0,False,False,False,False,False,False
1782461824.383,0,0,0,0,0,1.53,-2.12,0.0,0.0,0.0,0.0,0.0,0,90,0,0.0,0,False,False,False,False,False,False
1782461824.405,0,0,0,0,0,1.53,-2.1,0.0,0.0,0.0,0.0,0.0,0,90,0,0.0,0,False,False,False,False,False,False
1782461824.431,0,0,0,0,0,1.52,-2.11,0.0,0.0,0.0,0.0,0.0,0,90,0,0.0,0,False,False,False,False,False,False
1782461824.453,0,0,0,0,0,1.52,-2.12,0.0,0.0,0.0,0.0,0.0,0,90,0,0.0,0,False,False,False,False,False,False
1782461824.478,0,0,0,0,0,1.54,-2.13,0.0,0.0,0.0,0.0,0.0,0,90,0,0.0,0,False,False,False,False,False,False
1782461824.501,0,0,0,0,0,1.56,-2.11,0.0,0.0,0.0,0.0,0.0,0,90,0,0.0,0,False,False,False,False,False,False
1782461824.525,0,0,0,0,0,1.56,-2.09,0.0,0.0,0.0,0.0,0.0,0,90,0,0.0,0,False,False,False,False,False,False
1782461824.548,0,0,0,0,0,1.55,-2.09,0.0,0.0,0.0,0.0,0.0,0,90,0,0.0,0,False,False,False,False,False,False
1782461824.572,0,0,0,0,0,1.55,-2.1,0.0,0.0,0.0,0.0,0.0,0,90,0,0.0,0,False,False,False,False,False,False
1782461824.596,0,0,0,0,0,1.56,-2.13,0.0,0.0,0.0,0.0,0.0,0,90,0,0.0,0,False,False,False,False,False,False
1782461824.62,0,0,0,0,0,1.58,-2.15,0.0,0.0,0.0,0.0,0.0,0,90,0,0.0,0,False,False,False,False,False,False
1782461824.643,0,0,0,0,0,1.61,-2.15,0.0,0.0,0.0,0.0,0.0,0,90,0,0.0,0,False,False,False,False,False,False
1782461824.667,0,0,0,0,0,1.6,-2.15,0.0,0.0,0.0,0.0,0.0,0,90,0,0.0,0,False,False,False,False,False,False
1782461824.69,0,0,0,0,0,1.58,-2.15,0.0,0.0,0.0,0.0,0.0,0,90,0,0.0,0,False,False,False,False,False,False
1782461824.714,0,0,0,0,0,1.57,-2.14,0.0,0.0,0.0,0.0,0.0,0,90,0,0.0,0,False,False,False,False,False,False
1782461824.737,0,0,0,0,0,1.55,-2.14,0.0,0.0,0.0,0.0,0.0,0,90,0,0.0,0,False,False,False,False,False,False
1782461824.762,0,0,0,0,0,1.55,-2.15,0.0,0.0,0.0,0.0,0.0,0,90,0,0.0,0,False,False,False,False,False,False
1782461824.786,0,0,0,0,0,1.56,-2.16,0.0,0.0,0.0,0.0,0.0,0,90,0,0.0,0,False,False,False,False,False,False
1782461824.809,0,0,0,0,0,1.55,-2.15,0.0,0.0,0.0,0.0,0.0,0,90,0,0.0,0,False,False,False,False,False,False
1782461824.833,0,0,0,0,0,1.52,-2.13,0.0,0.0,0.0,0.0,0.0,0,90,0,0.0,0,False,False,False,False,False,False
1782461824.856,0,0,0,0,0,1.48,-2.11,0.0,0.0,0.0,0.0,0.0,0,90,0,0.0,0,False,False,False,False,False,False
1782461824.879,0,0,0,0,0,1.45,-2.12,0.0,0.0,0.0,0.0,0.0,0,90,0,0.0,0,False,False,False,False,False,False
1782461824.904,0,0,0,0,0,1.45,-2.13,0.0,0.0,0.0,0.0,0.0,0,90,0,0.0,0,False,False,False,False,False,False
1782461824.928,0,0,0,0,0,1.47,-2.11,0.0,0.0,0.0,0.0,0.0,0,90,0,0.0,0,False,False,False,False,False,False
1782461824.951,0,0,0,0,0,1.48,-2.11,0.0,0.0,0.0,0.0,0.0,0,90,0,0.0,0,False,False,False,False,False,False
1782461824.974,0,0,0,0,0,1.48,-2.13,0.0,0.0,0.0,0.0,0.0,0,90,0,0.0,0,False,False,False,False,False,False
1782461824.998,0,0,0,0,0,1.48,-2.15,0.0,0.0,0.0,0.0,0.0,0,90,0,0.0,0,False,False,False,False,False,False
1782461825.022,0,0,0,0,0,1.5,-2.15,0.0,0.0,0.0,0.0,0.0,0,90,0,0.0,0,False,False,False,False,False,False
1782461825.046,0,0,0,0,0,1.54,-2.14,0.0,0.0,0.0,0.0,0.0,0,90,0,0.0,0,False,False,False,False,False,False
1782461825.069,0,0,0,0,0,1.56,-2.12,0.0,0.0,0.0,0.0,0.0,0,90,0,0.0,0,False,False,False,False,False,False
1782461825.095,0,0,0,0,0,1.56,-2.12,0.0,0.0,0.0,0.0,0.0,0,90,0,0.0,0,False,False,False,False,False,False
1782461825.118,0,0,0,0,0,1.56,-2.12,0.0,0.0,0.0,0.0,0.0,0,90,0,0.0,0,False,False,False,False,False,False
1782461825.139,0,0,0,0,0,1.54,-2.12,0.0,0.0,0.0,0.0,0.0,0,90,0,0.0,0,False,False,False,False,False,False
1782461825.164,0,0,0,0,0,1.52,-2.11,0.0,0.0,0.0,0.0,0.0,0,90,0,0.0,0,False,False,False,False,False,False
1782461825.187,0,0,0,0,0,1.54,-2.1,0.0,0.0,0.0,0.0,0.0,0,90,0,0.0,0,False,False,False,False,False,False
1782461825.212,0,0,0,0,0,1.55,-2.11,0.0,0.0,0.0,0.0,0.0,0,90,0,0.0,0,False,False,False,False,False,False
1782461825.234,0,0,0,0,0,1.55,-2.13,0.0,0.0,0.0,0.0,0.0,0,90,0,0.0,0,False,False,False,False,False,False
1782461825.26,0,0,0,0,0,1.53,-2.14,0.0,0.0,0.0,0.0,0.0,0,90,0,0.0,0,False,False,False,False,False,False
1782461825.282,0,0,0,0,0,1.52,-2.16,0.0,0.0,0.0,0.0,0.0,0,90,0,0.0,0,False,False,False,False,False,False
1782461825.305,0,0,0,0,0,1.53,-2.16,0.0,0.0,0.0,0.0,0.0,0,90,0,0.0,0,False,False,False,False,False,False
1782461825.331,0,0,0,0,0,1.56,-2.13,0.0,0.0,0.0,0.0,0.0,0,90,0,0.0,0,False,False,False,False,False,False
1782461825.353,0,0,0,0,0,1.57,-2.11,0.0,0.0,0.0,0.0,0.0,0,90,0,0.0,0,False,False,False,False,False,False
1782461825.379,0,0,0,0,0,1.56,-2.11,0.0,0.0,0.0,0.0,0.0,0,90,0,0.0,0,False,False,False,False,False,False
1782461825.4,0,0,0,0,0,1.56,-2.11,0.0,0.0,0.0,0.0,0.0,0,90,0,0.0,0,False,False,False,False,False,False
1782461825.423,0,0,0,0,0,1.57,-2.1,0.0,0.0,0.0,0.0,0.0,0,90,0,0.0,0,False,False,False,False,False,False
1782461825.448,0,0,0,0,0,1.57,-2.12,0.0,0.0,0.0,0.0,0.0,0,90,0,0.0,0,False,False,False,False,False,False
1782461825.472,0,0,0,0,0,1.54,-2.14,0.0,0.0,0.0,0.0,0.0,0,90,0,0.0,0,False,False,False,False,False,False
1782461825.491,0,0,0,0,0,1.53,-2.15,0.0,0.0,0.0,0.0,0.0,0,90,0,0.0,0,False,False,False,False,False,False
1782461825.515,0,0,0,0,0,1.53,-2.14,0.0,0.0,0.0,0.0,0.0,0,90,0,0.0,0,False,False,False,False,False,False
1782461825.537,0,0,0,0,0,1.54,-2.14,0.0,0.0,0.0,0.0,0.0,0,90,0,0.0,0,False,False,False,False,False,False
1782461825.563,0,0,0,0,0,1.53,-2.15,0.0,0.0,0.0,0.0,0.0,0,90,0,0.0,0,False,False,False,False,False,False
1782461825.586,0,0,0,0,0,1.52,-2.17,0.0,0.0,0.0,0.0,0.0,0,90,0,0.0,0,False,False,False,False,False,False
1782461825.61,0,0,0,0,0,1.54,-2.18,0.0,0.0,0.0,0.0,0.0,0,90,0,0.0,0,False,False,False,False,False,False
1782461825.634,0,0,0,0,0,1.55,-2.19,0.0,0.0,0.0,0.0,0.0,0,90,0,0.0,0,False,False,False,False,False,False
1782461825.657,0,0,0,0,0,1.58,-2.16,0.0,0.0,0.0,0.0,0.0,0,90,0,0.0,0,False,False,False,False,False,False
1782461825.681,0,0,0,0,0,1.6,-2.13,0.0,0.0,0.0,0.0,0.0,0,90,0,0.0,0,False,False,False,False,False,False
1782461825.705,0,0,0,0,0,1.6,-2.12,0.0,0.0,0.0,0.0,0.0,0,90,0,0.0,0,False,False,False,False,False,False
1782461825.729,0,0,0,0,0,1.58,-2.11,0.0,0.0,0.0,0.0,0.0,0,90,0,0.0,0,False,False,False,False,False,False
1782461825.752,0,0,0,0,0,1.55,-2.11,0.0,0.0,0.0,0.0,0.0,0,90,0,0.0,0,False,False,False,False,False,False
1782461825.776,0,0,0,0,0,1.54,-2.13,0.0,0.0,0.0,0.0,0.0,0,90,0,0.0,0,False,False,False,False,False,False
1782461825.799,0,0,0,0,0,1.52,-2.17,0.0,0.0,0.0,0.0,0.0,0,90,0,0.0,0,False,False,False,False,False,False
1782461825.822,0,0,0,0,0,1.52,-2.19,0.0,0.0,0.0,0.0,0.0,0,90,0,0.0,0,False,False,False,False,False,False
1782461825.847,0,0,0,0,0,1.53,-2.17,0.0,0.0,0.0,0.0,0.0,0,90,0,0.0,0,False,False,False,False,False,False
1782461825.871,0,0,0,0,0,1.54,-2.13,0.0,0.0,0.0,0.0,0.0,0,90,0,0.0,0,False,False,False,False,False,False
1782461825.895,0,0,0,0,0,1.53,-2.08,0.0,0.0,0.0,0.0,0.0,0,90,0,0.0,0,False,False,False,False,False,False
1782461825.913,0,0,0,0,0,1.5,-2.05,0.0,0.0,0.0,0.0,0.0,0,90,0,0.0,0,False,False,False,False,False,False
1782461825.936,0,0,0,0,0,1.47,-2.03,0.0,0.0,0.0,0.0,0.0,0,90,0,0.0,0,False,False,False,False,False,False
1782461825.959,0,0,0,0,0,1.46,-2.04,0.0,0.0,0.0,0.0,0.0,0,90,0,0.0,0,False,False,False,False,False,False
1782461825.986,0,0,0,0,0,1.49,-2.1,0.0,0.0,0.0,0.0,0.0,0,90,0,0.0,0,False,False,False,False,False,False
1782461826.008,0,0,0,0,0,1.55,-2.16,0.0,0.0,0.0,0.0,0.0,0,90,0,0.0,0,False,False,False,False,False,False
1782461826.033,0,0,0,0,0,1.6,-2.18,0.0,0.0,0.0,0.0,0.0,0,90,0,0.0,0,False,False,False,False,False,False
1782461826.051,0,0,0,0,0,1.61,-2.16,0.0,0.0,0.0,0.0,0.0,0,90,0,0.0,0,False,False,False,False,False,False
1782461826.074,0,0,0,0,0,1.59,-2.15,0.0,0.0,0.0,0.0,0.0,0,90,0,0.0,0,False,False,False,False,False,False
1782461826.099,0,0,0,0,0,1.55,-2.15,0.0,0.0,0.0,0.0,0.0,0,90,0,0.0,0,False,False,False,False,False,False
1782461826.122,0,0,0,0,0,1.52,-2.15,0.0,0.0,0.0,0.0,0.0,0,90,0,0.0,0,False,False,False,False,False,False
1782461826.146,0,0,0,0,0,1.52,-2.14,0.0,0.0,0.0,0.0,0.0,0,90,0,0.0,0,False,False,False,False,False,False
1782461826.169,0,0,0,0,0,1.51,-2.13,0.0,0.0,0.0,0.0,0.0,0,90,0,0.0,0,False,False,False,False,False,False
1782461826.195,0,0,0,0,0,1.49,-2.11,0.0,0.0,0.0,0.0,0.0,0,90,0,0.0,0,False,False,False,False,False,False
1782461826.216,0,0,0,0,0,1.47,-2.09,0.0,0.0,0.0,0.0,0.0,0,90,0,0.0,0,False,False,False,False,False,False
1782461826.24,0,0,0,0,0,1.48,-2.09,0.0,0.0,0.0,0.0,0.0,0,90,0,0.0,0,False,False,False,False,False,False
1782461826.264,0,0,0,0,0,1.52,-2.1,0.0,0.0,0.0,0.0,0.0,0,90,0,0.0,0,False,False,False,False,False,False
1782461826.287,0,0,0,0,0,1.56,-2.11,0.0,0.0,0.0,0.0,0.0,0,90,0,0.0,0,False,False,False,False,False,False
1782461826.311,0,0,0,0,0,1.6,-2.12,0.0,0.0,0.0,0.0,0.0,0,90,0,0.0,0,False,False,False,False,False,False
1782461826.335,0,0,0,0,0,1.61,-2.12,0.0,0.0,0.0,0.0,0.0,0,90,0,0.0,0,False,False,False,False,False,False
1782461826.357,0,0,0,0,0,1.58,-2.11,0.0,0.0,0.0,0.0,0.0,0,90,0,0.0,0,False,False,False,False,False,False
1782461826.382,0,0,0,0,0,1.56,-2.11,0.0,0.0,0.0,0.0,0.0,0,90,0,0.0,0,False,False,False,False,False,False
1782461826.405,0,0,0,0,0,1.56,-2.11,0.0,0.0,0.0,0.0,0.0,0,90,0,0.0,0,False,False,False,False,False,False
1782461826.43,0,0,0,0,0,1.56,-2.14,0.0,0.0,0.0,0.0,0.0,0,90,0,0.0,0,False,False,False,False,False,False
1782461826.452,0,0,0,0,0,1.55,-2.18,0.0,0.0,0.0,0.0,0.0,0,90,0,0.0,0,False,False,False,False,False,False
1782461826.477,0,0,0,0,0,1.54,-2.19,0.0,0.0,0.0,0.0,0.0,0,90,0,0.0,0,False,False,False,False,False,False
1782461826.5,0,0,0,0,0,1.53,-2.17,0.0,0.0,0.0,0.0,0.0,0,90,0,0.0,0,False,False,False,False,False,False
1782461826.518,0,0,0,0,0,1.54,-2.14,0.0,0.0,0.0,0.0,0.0,0,90,0,0.0,0,False,False,False,False,False,False
1782461826.542,0,0,0,0,0,1.57,-2.12,0.0,0.0,0.0,0.0,0.0,0,90,0,0.0,0,False,False,False,False,False,False
1782461826.566,0,0,0,0,0,1.61,-2.11,0.0,0.0,0.0,0.0,0.0,0,90,0,0.0,0,False,False,False,False,False,False
1782461826.59,0,0,0,0,0,1.63,-2.09,0.0,0.0,0.0,0.0,0.0,0,90,0,0.0,0,False,False,False,False,False,False
1782461826.616,0,0,0,0,0,1.63,-2.08,0.0,0.0,0.0,0.0,0.0,0,90,0,0.0,0,False,False,False,False,False,False
1782461826.636,0,0,0,0,0,1.62,-2.09,0.0,0.0,0.0,0.0,0.0,0,90,0,0.0,0,False,False,False,False,False,False
1782461826.664,0,0,0,0,0,1.63,-2.1,0.0,0.0,0.0,0.0,0.0,0,90,0,0.0,0,False,False,False,False,False,False
1782461826.685,0,0,0,0,0,1.64,-2.11,0.0,0.0,0.0,0.0,0.0,0,90,0,0.0,0,False,False,False,False,False,False
1782461826.707,0,0,0,0,0,1.63,-2.12,0.0,0.0,0.0,0.0,0.0,0,90,0,0.0,0,False,False,False,False,False,False
1782461826.731,0,0,0,0,0,1.59,-2.11,0.0,0.0,0.0,0.0,0.0,0,90,0,0.0,0,False,False,False,False,False,False
1782461826.756,0,0,0,0,0,1.56,-2.09,0.0,0.0,0.0,0.0,0.0,0,90,0,0.0,0,False,False,False,False,False,False
1782461826.781,0,0,0,0,0,1.55,-2.08,0.0,0.0,0.0,0.0,0.0,0,90,0,0.0,0,False,False,False,False,False,False
1782461826.803,0,0,0,0,0,1.54,-2.09,0.0,0.0,0.0,0.0,0.0,0,90,0,0.0,0,False,False,False,False,False,False
1782461826.826,0,0,0,0,0,1.54,-2.13,0.0,0.0,0.0,0.0,0.0,0,90,0,0.0,0,False,False,False,False,False,False
1782461826.851,0,0,0,0,0,1.56,-2.17,0.0,0.0,0.0,0.0,0.0,0,90,0,0.0,0,False,False,False,False,False,False
1782461826.874,0,0,0,0,0,1.56,-2.18,0.0,0.0,0.0,0.0,0.0,0,90,0,0.0,0,False,False,False,False,False,False
1782461826.899,0,0,0,0,0,1.56,-2.18,0.0,0.0,0.0,0.0,0.0,0,90,0,0.0,0,False,False,False,False,False,False
1782461826.922,0,0,0,0,0,1.57,-2.16,0.0,0.0,0.0,0.0,0.0,0,90,0,0.0,0,False,False,False,False,False,False
1782461826.946,0,0,0,0,0,1.59,-2.15,0.0,0.0,0.0,0.0,0.0,0,90,0,0.0,0,False,False,False,False,False,False
1782461826.97,0,0,0,0,0,1.61,-2.15,0.0,0.0,0.0,0.0,0.0,0,90,0,0.0,0,False,False,False,False,False,False
1782461826.993,0,0,0,0,0,1.62,-2.16,0.0,0.0,0.0,0.0,0.0,0,90,0,0.0,0,False,False,False,False,False,False
1782461827.017,0,0,0,0,0,1.62,-2.17,0.0,0.0,0.0,0.0,0.0,0,90,0,0.0,0,False,False,False,False,False,False
1782461827.041,0,0,0,0,0,1.59,-2.16,0.0,0.0,0.0,0.0,0.0,0,90,0,0.0,0,False,False,False,False,False,False
1782461827.064,0,0,0,0,0,1.56,-2.16,0.0,0.0,0.0,0.0,0.0,0,90,0,0.0,0,False,False,False,False,False,False
1782461827.088,0,0,0,0,0,1.54,-2.16,0.0,0.0,0.0,0.0,0.0,0,90,0,0.0,0,False,False,False,False,False,False
1782461827.111,0,0,0,0,0,1.53,-2.16,0.0,0.0,0.0,0.0,0.0,0,90,0,0.0,0,False,False,False,False,False,False
1782461827.135,0,0,0,0,0,1.53,-2.15,0.0,0.0,0.0,0.0,0.0,0,90,0,0.0,0,False,False,False,False,False,False
1782461827.159,0,0,0,0,0,1.53,-2.15,0.0,0.0,0.0,0.0,0.0,0,90,0,0.0,0,False,False,False,False,False,False
1782461827.183,0,0,0,0,0,1.54,-2.15,0.0,0.0,0.0,0.0,0.0,0,90,0,0.0,0,False,False,False,False,False,False
1782461827.207,0,0,0,0,0,1.55,-2.14,0.0,0.0,0.0,0.0,0.0,0,90,0,0.0,0,False,False,False,False,False,False
1782461827.231,0,0,0,0,0,1.55,-2.11,0.0,0.0,0.0,0.0,0.0,0,90,0,0.0,0,False,False,False,False,False,False
1782461827.255,0,0,0,0,0,1.55,-2.09,0.0,0.0,0.0,0.0,0.0,0,90,0,0.0,0,False,False,False,False,False,False
1782461827.279,0,0,0,0,0,1.56,-2.14,0.0,0.0,0.0,0.0,0.0,0,90,0,0.0,0,False,False,False,False,False,False
1782461827.303,0,0,0,0,0,1.57,-2.22,0.0,0.0,0.0,0.0,0.0,0,90,0,0.0,0,False,False,False,False,False,False
1782461827.326,0,0,0,0,0,1.56,-2.29,0.0,0.0,0.0,0.0,0.0,0,90,0,0.0,0,False,False,False,False,False,False
1782461827.349,0,0,0,0,0,1.55,-2.3,0.0,0.0,0.0,0.0,0.0,0,90,0,0.0,0,False,False,False,False,False,False
1782461827.373,0,0,0,0,0,1.54,-2.26,0.0,0.0,0.0,0.0,0.0,0,90,0,0.0,0,False,False,False,False,False,False
1782461827.398,0,0,0,0,0,1.54,-2.2,0.0,0.0,0.0,0.0,0.0,0,90,0,0.0,0,False,False,False,False,False,False
1782461827.42,0,0,0,0,0,1.54,-2.13,0.0,0.0,0.0,0.0,0.0,0,90,0,0.0,0,False,False,False,False,False,False
1782461827.443,0,0,0,0,0,1.55,-2.1,0.0,0.0,0.0,0.0,0.0,0,90,0,0.0,0,False,False,False,False,False,False
1782461827.467,0,0,0,0,0,1.55,-2.13,0.0,0.0,0.0,0.0,0.0,0,90,0,0.0,0,False,False,False,False,False,False
1782461827.49,0,0,0,0,0,1.53,-2.18,0.0,0.0,0.0,0.0,0.0,0,90,0,0.0,0,False,False,False,False,False,False
1782461827.517,0,0,0,0,0,1.52,-2.24,0.0,0.0,0.0,0.0,0.0,0,90,0,0.0,0,False,False,False,False,False,False
1782461827.54,0,0,0,0,0,1.52,-2.26,0.0,0.0,0.0,0.0,0.0,0,90,0,0.0,0,False,False,False,False,False,False
1782461827.563,0,0,0,0,0,1.55,-2.24,0.0,0.0,0.0,0.0,0.0,0,90,0,0.0,0,False,False,False,False,False,False
1782461827.586,0,0,0,0,0,1.56,-2.19,0.0,0.0,0.0,0.0,0.0,0,90,0,0.0,0,False,False,False,False,False,False
1782461827.612,0,0,0,0,0,1.57,-2.13,0.0,0.0,0.0,0.0,0.0,0,90,0,0.0,0,False,False,False,False,False,False
1782461827.635,0,0,0,0,0,1.58,-2.08,0.0,0.0,0.0,0.0,0.0,0,90,0,0.0,0,False,False,False,False,False,False
1782461827.658,0,0,0,0,0,1.58,-2.03,0.0,0.0,0.0,0.0,0.0,0,90,0,0.0,0,False,False,False,False,False,False
1782461827.682,0,0,0,0,0,1.57,-2.04,0.0,0.0,0.0,0.0,0.0,0,90,0,0.0,0,False,False,False,False,False,False
1782461827.704,0,0,0,0,0,1.56,-2.1,0.0,0.0,0.0,0.0,0.0,0,90,0,0.0,0,False,False,False,False,False,False
1782461827.729,0,0,0,0,0,1.56,-2.17,0.0,0.0,0.0,0.0,0.0,0,90,0,0.0,0,False,False,False,False,False,False
1782461827.752,0,0,0,0,0,1.57,-2.19,0.0,0.0,0.0,0.0,0.0,0,90,0,0.0,0,False,False,False,False,False,False
1782461827.775,0,0,0,0,0,1.57,-2.18,0.0,0.0,0.0,0.0,0.0,0,90,0,0.0,0,False,False,False,False,False,False
1782461827.8,0,0,0,0,0,1.55,-2.16,0.0,0.0,0.0,0.0,0.0,0,90,0,0.0,0,False,False,False,False,False,False
1782461827.823,0,0,0,0,0,1.53,-2.12,0.0,0.0,0.0,0.0,0.0,0,90,0,0.0,0,False,False,False,False,False,False
1782461827.848,0,0,0,0,0,1.52,-2.07,0.0,0.0,0.0,0.0,0.0,0,90,0,0.0,0,False,False,False,False,False,False
1782461827.87,0,0,0,0,0,1.5,-2.01,0.0,0.0,0.0,0.0,0.0,0,90,0,0.0,0,False,False,False,False,False,False
1782461827.895,0,0,0,0,0,1.48,-1.99,0.0,0.0,0.0,0.0,0.0,0,90,0,0.0,0,False,False,False,False,False,False
1782461827.918,0,0,0,0,0,1.47,-2.04,0.0,0.0,0.0,0.0,0.0,0,90,0,0.0,0,False,False,False,False,False,False
1782461827.942,0,0,0,0,0,1.49,-2.12,0.0,0.0,0.0,0.0,0.0,0,90,0,0.0,0,False,False,False,False,False,False
1782461827.967,0,0,0,0,0,1.53,-2.2,0.0,0.0,0.0,0.0,0.0,0,90,0,0.0,0,False,False,False,False,False,False
1782461827.99,0,0,0,0,0,1.56,-2.24,0.0,0.0,0.0,0.0,0.0,0,90,0,0.0,0,False,False,False,False,False,False
1782461828.014,0,0,0,0,0,1.57,-2.23,0.0,0.0,0.0,0.0,0.0,0,90,0,0.0,0,False,False,False,False,False,False
1782461828.036,0,0,0,0,0,1.54,-2.2,0.0,0.0,0.0,0.0,0.0,0,90,0,0.0,0,False,False,False,False,False,False
1782461828.055,0,0,0,0,0,1.52,-2.14,0.0,0.0,0.0,0.0,0.0,0,90,0,0.0,0,False,False,False,False,False,False
1782461828.08,0,0,0,0,0,1.53,-2.09,0.0,0.0,0.0,0.0,0.0,0,90,0,0.0,0,False,False,False,False,False,False
1782461828.103,0,0,0,0,0,1.55,-2.08,0.0,0.0,0.0,0.0,0.0,0,90,0,0.0,0,False,False,False,False,False,False
1782461828.126,0,0,0,0,0,1.59,-2.12,0.0,0.0,0.0,0.0,0.0,0,90,0,0.0,0,False,False,False,False,False,False
1782461828.152,0,0,0,0,0,1.6,-2.17,0.0,0.0,0.0,0.0,0.0,0,90,0,0.0,0,False,False,False,False,False,False
1782461828.174,0,0,0,0,0,1.59,-2.18,0.0,0.0,0.0,0.0,0.0,0,90,0,0.0,0,False,False,False,False,False,False
1782461828.199,0,0,0,0,0,1.59,-2.17,0.0,0.0,0.0,0.0,0.0,0,90,0,0.0,0,False,False,False,False,False,False
1782461828.221,0,0,0,0,0,1.6,-2.15,0.0,0.0,0.0,0.0,0.0,0,90,0,0.0,0,False,False,False,False,False,False
1782461828.245,0,0,0,0,0,1.63,-2.14,0.0,0.0,0.0,0.0,0.0,0,90,0,0.0,0,False,False,False,False,False,False
1782461828.269,0,0,0,0,0,1.63,-2.15,0.0,0.0,0.0,0.0,0.0,0,90,0,0.0,0,False,False,False,False,False,False
1782461828.292,0,0,0,0,0,1.62,-2.17,0.0,0.0,0.0,0.0,0.0,0,90,0,0.0,0,False,False,False,False,False,False
1782461828.318,0,0,0,0,0,1.61,-2.19,0.0,0.0,0.0,0.0,0.0,0,90,0,0.0,0,False,False,False,False,False,False
1782461828.339,0,0,0,0,0,1.61,-2.17,0.0,0.0,0.0,0.0,0.0,0,90,0,0.0,0,False,False,False,False,False,False
1782461828.364,0,0,0,0,0,1.62,-2.14,0.0,0.0,0.0,0.0,0.0,0,90,0,0.0,0,False,False,False,False,False,False
1782461828.388,0,0,0,0,0,1.61,-2.14,0.0,0.0,0.0,0.0,0.0,0,90,0,0.0,0,False,False,False,False,False,False
1782461828.41,0,0,0,0,0,1.6,-2.18,0.0,0.0,0.0,0.0,0.0,0,90,0,0.0,0,False,False,False,False,False,False
1782461828.436,0,0,0,0,0,1.6,-2.23,0.0,0.0,0.0,0.0,0.0,0,90,0,0.0,0,False,False,False,False,False,False
1782461828.458,0,0,0,0,0,1.59,-2.25,0.0,0.0,0.0,0.0,0.0,0,90,0,0.0,0,False,False,False,False,False,False
1782461828.485,0,0,0,0,0,1.56,-2.23,0.0,0.0,0.0,0.0,0.0,0,90,0,0.0,0,False,False,False,False,False,False
1782461828.505,0,0,0,0,0,1.55,-2.19,0.0,0.0,0.0,0.0,0.0,0,90,0,0.0,0,False,False,False,False,False,False
1782461828.531,0,0,0,0,0,1.56,-2.15,0.0,0.0,0.0,0.0,0.0,0,90,0,0.0,0,False,False,False,False,False,False
1782461828.553,0,0,0,0,0,1.55,-2.12,0.0,0.0,0.0,0.0,0.0,0,90,0,0.0,0,False,False,False,False,False,False
1782461828.578,0,0,0,0,0,1.56,-2.09,0.0,0.0,0.0,0.0,0.0,0,90,0,0.0,0,False,False,False,False,False,False
1782461828.601,0,0,0,0,0,1.58,-2.11,0.0,0.0,0.0,0.0,0.0,0,90,0,0.0,0,False,False,False,False,False,False
1782461828.624,0,0,0,0,0,1.58,-2.15,0.0,0.0,0.0,0.0,0.0,0,90,0,0.0,0,False,False,False,False,False,False
1782461828.649,0,0,0,0,0,1.54,-2.17,0.0,0.0,0.0,0.0,0.0,0,90,0,0.0,0,False,False,False,False,False,False
1782461828.671,0,0,0,0,0,1.51,-2.19,0.0,0.0,0.0,0.0,0.0,0,90,0,0.0,0,False,False,False,False,False,False
1782461828.695,0,0,0,0,0,1.5,-2.21,0.0,0.0,0.0,0.0,0.0,0,90,0,0.0,0,False,False,False,False,False,False
1782461828.719,0,0,0,0,0,1.49,-2.2,0.0,0.0,0.0,0.0,0.0,0,90,0,0.0,0,False,False,False,False,False,False
1782461828.743,0,0,0,0,0,1.48,-2.17,0.0,0.0,0.0,0.0,0.0,0,90,0,0.0,0,False,False,False,False,False,False
1782461828.767,0,0,0,0,0,1.49,-2.14,0.0,0.0,0.0,0.0,0.0,0,90,0,0.0,0,False,False,False,False,False,False
1782461828.791,0,0,0,0,0,1.51,-2.11,0.0,0.0,0.0,0.0,0.0,0,90,0,0.0,0,False,False,False,False,False,False
1782461828.815,0,0,0,0,0,1.52,-2.09,0.0,0.0,0.0,0.0,0.0,0,90,0,0.0,0,False,False,False,False,False,False
1782461828.837,0,0,0,0,0,1.51,-2.07,0.0,0.0,0.0,0.0,0.0,0,90,0,0.0,0,False,False,False,False,False,False
1782461828.862,0,0,0,0,0,1.49,-2.09,0.0,0.0,0.0,0.0,0.0,0,90,0,0.0,0,False,False,False,False,False,False
1782461828.885,0,0,0,0,0,1.49,-2.12,0.0,0.0,0.0,0.0,0.0,0,90,0,0.0,0,False,False,False,False,False,False
1782461828.909,0,0,0,0,0,1.5,-2.15,0.0,0.0,0.0,0.0,0.0,0,90,0,0.0,0,False,False,False,False,False,False
1782461828.933,0,0,0,0,0,1.52,-2.17,0.0,0.0,0.0,0.0,0.0,0,90,0,0.0,0,False,False,False,False,False,False
1782461828.956,0,0,0,0,0,1.53,-2.18,0.0,0.0,0.0,0.0,0.0,0,90,0,0.0,0,False,False,False,False,False,False
1782461828.98,0,0,0,0,0,1.53,-2.18,0.0,0.0,0.0,0.0,0.0,0,90,0,0.0,0,False,False,False,False,False,False
1782461829.003,0,0,0,0,0,1.53,-2.15,0.0,0.0,0.0,0.0,0.0,0,90,0,0.0,0,False,False,False,False,False,False
1782461829.032,0,0,0,0,0,1.52,-2.15,0.0,0.0,0.0,0.0,0.0,0,90,0,0.0,0,False,False,False,False,False,False
1782461829.052,0,0,0,0,0,1.52,-2.18,0.0,0.0,0.0,0.0,0.0,0,90,0,0.0,0,False,False,False,False,False,False
1782461829.076,0,0,0,0,0,1.49,-2.19,0.0,0.0,0.0,0.0,0.0,0,90,0,0.0,0,False,False,False,False,False,False
1782461829.099,0,0,0,0,0,1.47,-2.17,0.0,0.0,0.0,0.0,0.0,0,90,0,0.0,0,False,False,False,False,False,False
1782461829.122,0,0,0,0,0,1.49,-2.16,0.0,0.0,0.0,0.0,0.0,0,90,0,0.0,0,False,False,False,False,False,False
1782461829.146,0,0,0,0,0,1.53,-2.15,0.0,0.0,0.0,0.0,0.0,0,90,0,0.0,0,False,False,False,False,False,False
1782461829.169,0,0,0,0,0,1.55,-2.15,0.0,0.0,0.0,0.0,0.0,0,90,0,0.0,0,False,False,False,False,False,False
1782461829.192,0,0,0,0,0,1.56,-2.15,0.0,0.0,0.0,0.0,0.0,0,90,0,0.0,0,False,False,False,False,False,False
1782461829.218,0,0,0,0,0,1.54,-2.16,0.0,0.0,0.0,0.0,0.0,0,90,0,0.0,0,False,False,False,False,False,False
1782461829.24,0,0,0,0,0,1.53,-2.17,0.0,0.0,0.0,0.0,0.0,0,90,0,0.0,0,False,False,False,False,False,False
1782461829.265,0,0,0,0,0,1.55,-2.16,0.0,0.0,0.0,0.0,0.0,0,90,0,0.0,0,False,False,False,False,False,False
1782461829.288,0,0,0,0,0,1.56,-2.15,0.0,0.0,0.0,0.0,0.0,0,90,0,0.0,0,False,False,False,False,False,False
1782461829.311,0,0,0,0,0,1.54,-2.13,0.0,0.0,0.0,0.0,0.0,0,90,0,0.0,0,False,False,False,False,False,False
1782461829.336,0,0,0,0,0,1.52,-2.12,0.0,0.0,0.0,0.0,0.0,0,90,0,0.0,0,False,False,False,False,False,False
1782461829.359,0,0,0,0,0,1.52,-2.13,0.0,0.0,0.0,0.0,0.0,0,90,0,0.0,0,False,False,False,False,False,False
1782461829.384,0,0,0,0,0,1.53,-2.14,0.0,0.0,0.0,0.0,0.0,0,90,0,0.0,0,False,False,False,False,False,False
1782461829.406,0,0,0,0,0,1.53,-2.14,0.0,0.0,0.0,0.0,0.0,0,90,0,0.0,0,False,False,False,False,False,False
1782461829.43,0,0,0,0,0,1.5,-2.14,0.0,0.0,0.0,0.0,0.0,0,90,0,0.0,0,False,False,False,False,False,False
1782461829.454,0,0,0,0,0,1.47,-2.15,0.0,0.0,0.0,0.0,0.0,0,90,0,0.0,0,False,False,False,False,False,False
1782461829.478,0,0,0,0,0,1.47,-2.15,0.0,0.0,0.0,0.0,0.0,0,90,0,0.0,0,False,False,False,False,False,False
1782461829.501,0,0,0,0,0,1.51,-2.14,0.0,0.0,0.0,0.0,0.0,0,90,0,0.0,0,False,False,False,False,False,False
1782461829.525,0,0,0,0,0,1.55,-2.12,0.0,0.0,0.0,0.0,0.0,0,90,0,0.0,0,False,False,False,False,False,False
1782461829.544,0,0,0,0,0,1.56,-2.11,0.0,0.0,0.0,0.0,0.0,0,90,0,0.0,0,False,False,False,False,False,False
1782461829.567,0,0,0,0,0,1.53,-2.1,0.0,0.0,0.0,0.0,0.0,0,90,0,0.0,0,False,False,False,False,False,False
1782461829.591,0,0,0,0,0,1.5,-2.1,0.0,0.0,0.0,0.0,0.0,0,90,0,0.0,0,False,False,False,False,False,False
1782461829.615,0,0,0,0,0,1.49,-2.13,0.0,0.0,0.0,0.0,0.0,0,90,0,0.0,0,False,False,False,False,False,False
1782461829.638,0,0,0,0,0,1.49,-2.14,0.0,0.0,0.0,0.0,0.0,0,90,0,0.0,0,False,False,False,False,False,False
1782461829.661,0,0,0,0,0,1.5,-2.13,0.0,0.0,0.0,0.0,0.0,0,90,0,0.0,0,False,False,False,False,False,False
1782461829.686,0,0,0,0,0,1.53,-2.11,0.0,0.0,0.0,0.0,0.0,0,90,0,0.0,0,False,False,False,False,False,False
1782461829.71,0,0,0,0,0,1.56,-2.11,0.0,0.0,0.0,0.0,0.0,0,90,0,0.0,0,False,False,False,False,False,False
1782461829.734,0,0,0,0,0,1.57,-2.14,0.0,0.0,0.0,0.0,0.0,0,90,0,0.0,0,False,False,False,False,False,False
1782461829.757,0,0,0,0,0,1.56,-2.16,0.0,0.0,0.0,0.0,0.0,0,90,0,0.0,0,False,False,False,False,False,False
1782461829.781,0,0,0,0,0,1.56,-2.16,0.0,0.0,0.0,0.0,0.0,0,90,0,0.0,0,False,False,False,False,False,False
1782461829.803,0,0,0,0,0,1.58,-2.16,0.0,0.0,0.0,0.0,0.0,0,90,0,0.0,0,False,False,False,False,False,False
1782461829.828,0,0,0,0,0,1.59,-2.17,0.0,0.0,0.0,0.0,0.0,0,90,0,0.0,0,False,False,False,False,False,False
1782461829.851,0,0,0,0,0,1.59,-2.17,0.0,0.0,0.0,0.0,0.0,0,90,0,0.0,0,False,False,False,False,False,False
1782461829.875,0,0,0,0,0,1.59,-2.15,0.0,0.0,0.0,0.0,0.0,0,90,0,0.0,0,False,False,False,False,False,False
1782461829.901,0,0,0,0,0,1.6,-2.15,0.0,0.0,0.0,0.0,0.0,0,90,0,0.0,0,False,False,False,False,False,False
1782461829.923,0,0,0,0,0,1.61,-2.14,0.0,0.0,0.0,0.0,0.0,0,90,0,0.0,0,False,False,False,False,False,False
1782461829.946,0,0,0,0,0,1.59,-2.14,0.0,0.0,0.0,0.0,0.0,0,90,0,0.0,0,False,False,False,False,False,False
1782461829.971,0,0,0,0,0,1.56,-2.15,0.0,0.0,0.0,0.0,0.0,0,90,0,0.0,0,False,False,False,False,False,False
1782461829.993,0,0,0,0,0,1.54,-2.15,0.0,0.0,0.0,0.0,0.0,0,90,0,0.0,0,False,False,False,False,False,False
1782461830.019,0,0,0,0,0,1.52,-2.15,0.0,0.0,0.0,0.0,0.0,0,90,0,0.0,0,False,False,False,False,False,False
1782461830.041,0,0,0,0,0,1.53,-2.15,0.0,0.0,0.0,0.0,0.0,0,90,0,0.0,0,False,False,False,False,False,False
1782461830.065,0,0,0,0,0,1.56,-2.16,0.0,0.0,0.0,0.0,0.0,0,90,0,0.0,0,False,False,False,False,False,False
1782461830.087,0,0,0,0,0,1.55,-2.16,0.0,0.0,0.0,0.0,0.0,0,90,0,0.0,0,False,False,False,False,False,False
1782461830.111,0,0,0,0,0,1.54,-2.15,0.0,0.0,0.0,0.0,0.0,0,90,0,0.0,0,False,False,False,False,False,False
1782461830.135,0,0,0,0,0,1.55,-2.14,0.0,0.0,0.0,0.0,0.0,0,90,0,0.0,0,False,False,False,False,False,False
1782461830.158,0,0,0,0,0,1.6,-2.13,0.0,0.0,0.0,0.0,0.0,0,90,0,0.0,0,False,False,False,False,False,False
1782461830.184,0,0,0,0,0,1.63,-2.12,0.0,0.0,0.0,0.0,0.0,0,90,0,0.0,0,False,False,False,False,False,False
1782461830.206,0,0,0,0,0,1.61,-2.14,0.0,0.0,0.0,0.0,0.0,0,90,0,0.0,0,False,False,False,False,False,False
1782461830.231,0,0,0,0,0,1.57,-2.18,0.0,0.0,0.0,0.0,0.0,0,90,0,0.0,0,False,False,False,False,False,False
1782461830.253,0,0,0,0,0,1.54,-2.22,0.0,0.0,0.0,0.0,0.0,0,90,0,0.0,0,False,False,False,False,False,False
1782461830.277,0,0,0,0,0,1.54,-2.22,0.0,0.0,0.0,0.0,0.0,0,90,0,0.0,0,False,False,False,False,False,False
1782461830.301,0,0,0,0,0,1.55,-2.2,0.0,0.0,0.0,0.0,0.0,0,90,0,0.0,0,False,False,False,False,False,False
1782461830.326,0,0,0,0,0,1.55,-2.2,0.0,0.0,0.0,0.0,0.0,0,90,0,0.0,0,False,False,False,False,False,False
1782461830.349,0,0,0,0,0,1.55,-2.21,0.0,0.0,0.0,0.0,0.0,0,90,0,0.0,0,False,False,False,False,False,False
1782461830.373,0,0,0,0,0,1.54,-2.21,0.0,0.0,0.0,0.0,0.0,0,90,0,0.0,0,False,False,False,False,False,False
1782461830.397,0,0,0,0,0,1.54,-2.21,0.0,0.0,0.0,0.0,0.0,0,90,0,0.0,0,False,False,False,False,False,False
1782461830.42,0,0,0,0,0,1.55,-2.2,0.0,0.0,0.0,0.0,0.0,0,90,0,0.0,0,False,False,False,False,False,False
1782461830.445,0,0,0,0,0,1.55,-2.21,0.0,0.0,0.0,0.0,0.0,0,90,0,0.0,0,False,False,False,False,False,False
1782461830.468,0,0,0,0,0,1.55,-2.24,0.0,0.0,0.0,0.0,0.0,0,90,0,0.0,0,False,False,False,False,False,False
1782461830.492,0,0,0,0,0,1.55,-2.24,0.0,0.0,0.0,0.0,0.0,0,90,0,0.0,0,False,False,False,False,False,False
1782461830.516,0,0,0,0,0,1.55,-2.21,0.0,0.0,0.0,0.0,0.0,0,90,0,0.0,0,False,False,False,False,False,False
1782461830.538,0,0,0,0,0,1.55,-2.17,0.0,0.0,0.0,0.0,0.0,0,90,0,0.0,0,False,False,False,False,False,False
1782461830.562,0,0,0,0,0,1.54,-2.15,0.0,0.0,0.0,0.0,0.0,0,90,0,0.0,0,False,False,False,False,False,False
1782461830.585,0,0,0,0,0,1.53,-2.15,0.0,0.0,0.0,0.0,0.0,0,90,0,0.0,0,False,False,False,False,False,False
1782461830.609,0,0,0,0,0,1.52,-2.15,0.0,0.0,0.0,0.0,0.0,0,90,0,0.0,0,False,False,False,False,False,False
1782461830.633,0,0,0,0,0,1.5,-2.16,0.0,0.0,0.0,0.0,0.0,0,90,0,0.0,0,False,False,False,False,False,False
1782461830.657,0,0,0,0,0,1.51,-2.18,0.0,0.0,0.0,0.0,0.0,0,90,0,0.0,0,False,False,False,False,False,False
1782461830.681,0,0,0,0,0,1.53,-2.18,0.0,0.0,0.0,0.0,0.0,0,90,0,0.0,0,False,False,False,False,False,False
1782461830.705,0,0,0,0,0,1.56,-2.16,0.0,0.0,0.0,0.0,0.0,0,90,0,0.0,0,False,False,False,False,False,False
1782461830.728,0,0,0,0,0,1.55,-2.14,0.0,0.0,0.0,0.0,0.0,0,90,0,0.0,0,False,False,False,False,False,False
1782461830.752,0,0,0,0,0,1.54,-2.14,0.0,0.0,0.0,0.0,0.0,0,90,0,0.0,0,False,False,False,False,False,False
1782461830.776,0,0,0,0,0,1.54,-2.14,0.0,0.0,0.0,0.0,0.0,0,90,0,0.0,0,False,False,False,False,False,False
1782461830.8,0,0,0,0,0,1.55,-2.14,0.0,0.0,0.0,0.0,0.0,0,90,0,0.0,0,False,False,False,False,False,False
1782461830.823,0,0,0,0,0,1.57,-2.15,0.0,0.0,0.0,0.0,0.0,0,90,0,0.0,0,False,False,False,False,False,False
1782461830.846,0,0,0,0,0,1.58,-2.16,0.0,0.0,0.0,0.0,0.0,0,90,0,0.0,0,False,False,False,False,False,False
1782461830.87,0,0,0,0,0,1.58,-2.16,0.0,0.0,0.0,0.0,0.0,0,90,0,0.0,0,False,False,False,False,False,False
1782461830.894,0,0,0,0,0,1.57,-2.17,0.0,0.0,0.0,0.0,0.0,0,90,0,0.0,0,False,False,False,False,False,False
1782461830.917,0,0,0,0,0,1.57,-2.17,0.0,0.0,0.0,0.0,0.0,0,90,0,0.0,0,False,False,False,False,False,False
1782461830.941,0,0,0,0,0,1.56,-2.17,0.0,0.0,0.0,0.0,0.0,0,90,0,0.0,0,False,False,False,False,False,False
1782461830.964,0,0,0,0,0,1.56,-2.17,0.0,0.0,0.0,0.0,0.0,0,90,0,0.0,0,False,False,False,False,False,False
1782461830.989,0,0,0,0,0,1.55,-2.18,0.0,0.0,0.0,0.0,0.0,0,90,0,0.0,0,False,False,False,False,False,False
1782461831.012,0,0,0,0,0,1.54,-2.18,0.0,0.0,0.0,0.0,0.0,0,90,0,0.0,0,False,False,False,False,False,False
1782461831.036,0,0,0,0,0,1.53,-2.17,0.0,0.0,0.0,0.0,0.0,0,90,0,0.0,0,False,False,False,False,False,False
1782461831.06,0,0,0,0,0,1.53,-2.16,0.0,0.0,0.0,0.0,0.0,0,90,0,0.0,0,False,False,False,False,False,False
1782461831.084,0,0,0,0,0,1.53,-2.15,0.0,0.0,0.0,0.0,0.0,0,90,0,0.0,0,False,False,False,False,False,False
1782461831.107,0,0,0,0,0,1.53,-2.15,0.0,0.0,0.0,0.0,0.0,0,90,0,0.0,0,False,False,False,False,False,False
1782461831.13,0,0,0,0,0,1.52,-2.18,0.0,0.0,0.0,0.0,0.0,0,90,0,0.0,0,False,False,False,False,False,False
1782461831.155,0,0,0,0,0,1.52,-2.21,0.0,0.0,0.0,0.0,0.0,0,90,0,0.0,0,False,False,False,False,False,False
1782461831.178,0,0,0,0,0,1.54,-2.22,0.0,0.0,0.0,0.0,0.0,0,90,0,0.0,0,False,False,False,False,False,False
1782461831.204,0,0,0,0,0,1.56,-2.19,0.0,0.0,0.0,0.0,0.0,0,90,0,0.0,0,False,False,False,False,False,False
1782461831.225,0,0,0,0,0,1.58,-2.13,0.0,0.0,0.0,0.0,0.0,0,90,0,0.0,0,False,False,False,False,False,False
1782461831.249,0,0,0,0,0,1.59,-2.09,0.0,0.0,0.0,0.0,0.0,0,90,0,0.0,0,False,False,False,False,False,False
1782461831.272,0,0,0,0,0,1.58,-2.09,0.0,0.0,0.0,0.0,0.0,0,90,0,0.0,0,False,False,False,False,False,False
1782461831.296,0,0,0,0,0,1.57,-2.11,0.0,0.0,0.0,0.0,0.0,0,90,0,0.0,0,False,False,False,False,False,False
1782461831.321,0,0,0,0,0,1.57,-2.12,0.0,0.0,0.0,0.0,0.0,0,90,0,0.0,0,False,False,False,False,False,False
1782461831.343,0,0,0,0,0,1.56,-2.14,0.0,0.0,0.0,0.0,0.0,0,90,0,0.0,0,False,False,False,False,False,False
1782461831.369,0,0,0,0,0,1.54,-2.16,0.0,0.0,0.0,0.0,0.0,0,90,0,0.0,0,False,False,False,False,False,False
1782461831.39,0,0,0,0,0,1.53,-2.15,0.0,0.0,0.0,0.0,0.0,0,90,0,0.0,0,False,False,False,False,False,False
1782461831.415,0,0,0,0,0,1.54,-2.13,0.0,0.0,0.0,0.0,0.0,0,90,0,0.0,0,False,False,False,False,False,False
1782461831.439,0,0,0,0,0,1.56,-2.13,0.0,0.0,0.0,0.0,0.0,0,90,0,0.0,0,False,False,False,False,False,False
1782461831.462,0,0,0,0,0,1.57,-2.14,0.0,0.0,0.0,0.0,0.0,0,90,0,0.0,0,False,False,False,False,False,False
1782461831.486,0,0,0,0,0,1.56,-2.16,0.0,0.0,0.0,0.0,0.0,0,90,0,0.0,0,False,False,False,False,False,False
1782461831.511,0,0,0,0,0,1.54,-2.16,0.0,0.0,0.0,0.0,0.0,0,90,0,0.0,0,False,False,False,False,False,False
1782461831.534,0,0,0,0,0,1.53,-2.15,0.0,0.0,0.0,0.0,0.0,0,90,0,0.0,0,False,False,False,False,False,False
1782461831.558,0,0,0,0,0,1.53,-2.14,0.0,0.0,0.0,0.0,0.0,0,90,0,0.0,0,False,False,False,False,False,False
1782461831.581,0,0,0,0,0,1.52,-2.15,0.0,0.0,0.0,0.0,0.0,0,90,0,0.0,0,False,False,False,False,False,False
1782461831.605,0,0,0,0,0,1.52,-2.18,0.0,0.0,0.0,0.0,0.0,0,90,0,0.0,0,False,False,False,False,False,False
1782461831.628,0,0,0,0,0,1.53,-2.18,0.0,0.0,0.0,0.0,0.0,0,90,0,0.0,0,False,False,False,False,False,False
1782461831.654,0,0,0,0,0,1.53,-2.14,0.0,0.0,0.0,0.0,0.0,0,90,0,0.0,0,False,False,False,False,False,False
1782461831.675,0,0,0,0,0,1.54,-2.1,0.0,0.0,0.0,0.0,0.0,0,90,0,0.0,0,False,False,False,False,False,False
1782461831.7,0,0,0,0,0,1.56,-2.06,0.0,0.0,0.0,0.0,0.0,0,90,0,0.0,0,False,False,False,False,False,False
1782461831.724,0,0,0,0,0,1.57,-2.06,0.0,0.0,0.0,0.0,0.0,0,90,0,0.0,0,False,False,False,False,False,False
1782461831.746,0,0,0,0,0,1.57,-2.11,0.0,0.0,0.0,0.0,0.0,0,90,0,0.0,0,False,False,False,False,False,False
1782461831.77,0,0,0,0,0,1.56,-2.19,0.0,0.0,0.0,0.0,0.0,0,90,0,0.0,0,False,False,False,False,False,False
1782461831.793,0,0,0,0,0,1.54,-2.25,0.0,0.0,0.0,0.0,0.0,0,90,0,0.0,0,False,False,False,False,False,False
1782461831.818,0,0,0,0,0,1.51,-2.25,0.0,0.0,0.0,0.0,0.0,0,90,0,0.0,0,False,False,False,False,False,False
1782461831.84,0,0,0,0,0,1.48,-2.21,0.0,0.0,0.0,0.0,0.0,0,90,0,0.0,0,False,False,False,False,False,False
1782461831.867,0,0,0,0,0,1.46,-2.18,0.0,0.0,0.0,0.0,0.0,0,90,0,0.0,0,False,False,False,False,False,False
1782461831.889,0,0,0,0,0,1.47,-2.18,0.0,0.0,0.0,0.0,0.0,0,90,0,0.0,0,False,False,False,False,False,False
1782461831.913,0,0,0,0,0,1.5,-2.17,0.0,0.0,0.0,0.0,0.0,0,90,0,0.0,0,False,False,False,False,False,False
1782461831.937,0,0,0,0,0,1.51,-2.16,0.0,0.0,0.0,0.0,0.0,0,90,0,0.0,0,False,False,False,False,False,False
1782461831.96,0,0,0,0,0,1.52,-2.18,0.0,0.0,0.0,0.0,0.0,0,90,0,0.0,0,False,False,False,False,False,False
1782461831.983,0,0,0,0,0,1.53,-2.2,0.0,0.0,0.0,0.0,0.0,0,90,0,0.0,0,False,False,False,False,False,False
1782461832.007,0,0,0,0,0,1.55,-2.2,0.0,0.0,0.0,0.0,0.0,0,90,0,0.0,0,False,False,False,False,False,False
1782461832.03,0,0,0,0,0,1.55,-2.19,0.0,0.0,0.0,0.0,0.0,0,90,0,0.0,0,False,False,False,False,False,False
1782461832.054,0,0,0,0,0,1.56,-2.19,0.0,0.0,0.0,0.0,0.0,0,90,0,0.0,0,False,False,False,False,False,False
1782461832.077,0,0,0,0,0,1.57,-2.19,0.0,0.0,0.0,0.0,0.0,0,90,0,0.0,0,False,False,False,False,False,False
1782461832.101,0,0,0,0,0,1.57,-2.18,0.0,0.0,0.0,0.0,0.0,0,90,0,0.0,0,False,False,False,False,False,False
1782461832.124,0,0,0,0,0,1.55,-2.16,0.0,0.0,0.0,0.0,0.0,0,90,0,0.0,0,False,False,False,False,False,False
1782461832.149,0,0,0,0,0,1.55,-2.15,0.0,0.0,0.0,0.0,0.0,0,90,0,0.0,0,False,False,False,False,False,False
1782461832.173,0,0,0,0,0,1.57,-2.14,0.0,0.0,0.0,0.0,0.0,0,90,0,0.0,0,False,False,False,False,False,False
1782461832.197,0,0,0,0,0,1.6,-2.12,0.0,0.0,0.0,0.0,0.0,0,90,0,0.0,0,False,False,False,False,False,False
1782461832.221,0,0,0,0,0,1.64,-2.09,0.0,0.0,0.0,0.0,0.0,0,90,0,0.0,0,False,False,False,False,False,False
1782461832.243,0,0,0,0,0,1.66,-2.08,0.0,0.0,0.0,0.0,0.0,0,90,0,0.0,0,False,False,False,False,False,False
1782461832.267,0,0,0,0,0,1.64,-2.09,0.0,0.0,0.0,0.0,0.0,0,90,0,0.0,0,False,False,False,False,False,False
1782461832.29,0,0,0,0,0,1.58,-2.09,0.0,0.0,0.0,0.0,0.0,0,90,0,0.0,0,False,False,False,False,False,False
1782461832.315,0,0,0,0,0,1.54,-2.09,0.0,0.0,0.0,0.0,0.0,0,90,0,0.0,0,False,False,False,False,False,False
1782461832.337,0,0,0,0,0,1.52,-2.11,0.0,0.0,0.0,0.0,0.0,0,90,0,0.0,0,False,False,False,False,False,False
1782461832.362,0,0,0,0,0,1.51,-2.13,0.0,0.0,0.0,0.0,0.0,0,90,0,0.0,0,False,False,False,False,False,False
1782461832.386,0,0,0,0,0,1.52,-2.15,0.0,0.0,0.0,0.0,0.0,0,90,0,0.0,0,False,False,False,False,False,False
1782461832.41,0,0,0,0,0,1.55,-2.14,0.0,0.0,0.0,0.0,0.0,0,90,0,0.0,0,False,False,False,False,False,False
1782461832.433,0,0,0,0,0,1.57,-2.13,0.0,0.0,0.0,0.0,0.0,0,90,0,0.0,0,False,False,False,False,False,False
1782461832.456,0,0,0,0,0,1.58,-2.12,0.0,0.0,0.0,0.0,0.0,0,90,0,0.0,0,False,False,False,False,False,False
1782461832.479,0,0,0,0,0,1.58,-2.12,0.0,0.0,0.0,0.0,0.0,0,90,0,0.0,0,False,False,False,False,False,False
1782461832.505,0,0,0,0,0,1.56,-2.13,0.0,0.0,0.0,0.0,0.0,0,90,0,0.0,0,False,False,False,False,False,False
1782461832.527,0,0,0,0,0,1.56,-2.14,0.0,0.0,0.0,0.0,0.0,0,90,0,0.0,0,False,False,False,False,False,False
1782461832.551,0,0,0,0,0,1.55,-2.16,0.0,0.0,0.0,0.0,0.0,0,90,0,0.0,0,False,False,False,False,False,False
1782461832.575,0,0,0,0,0,1.55,-2.18,0.0,0.0,0.0,0.0,0.0,0,90,0,0.0,0,False,False,False,False,False,False
1782461832.597,0,0,0,0,0,1.56,-2.21,0.0,0.0,0.0,0.0,0.0,0,90,0,0.0,0,False,False,False,False,False,False
1782461832.623,0,0,0,0,0,1.56,-2.23,0.0,0.0,0.0,0.0,0.0,0,90,0,0.0,0,False,False,False,False,False,False
1782461832.646,0,0,0,0,0,1.56,-2.23,0.0,0.0,0.0,0.0,0.0,0,90,0,0.0,0,False,False,False,False,False,False
1782461832.669,0,0,0,0,0,1.54,-2.21,0.0,0.0,0.0,0.0,0.0,0,90,0,0.0,0,False,False,False,False,False,False
1782461832.694,0,0,0,0,0,1.53,-2.16,0.0,0.0,0.0,0.0,0.0,0,90,0,0.0,0,False,False,False,False,False,False
1782461832.717,0,0,0,0,0,1.54,-2.1,0.0,0.0,0.0,0.0,0.0,0,90,0,0.0,0,False,False,False,False,False,False
1782461832.741,0,0,0,0,0,1.56,-2.06,0.0,0.0,0.0,0.0,0.0,0,90,0,0.0,0,False,False,False,False,False,False
1782461832.763,0,0,0,0,0,1.59,-2.06,0.0,0.0,0.0,0.0,0.0,0,90,0,0.0,0,False,False,False,False,False,False
1782461832.788,0,0,0,0,0,1.58,-2.09,0.0,0.0,0.0,0.0,0.0,0,90,0,0.0,0,False,False,False,False,False,False
1782461832.811,0,0,0,0,0,1.55,-2.13,0.0,0.0,0.0,0.0,0.0,0,90,0,0.0,0,False,False,False,False,False,False
1782461832.83,0,0,0,0,0,1.53,-2.16,0.0,0.0,0.0,0.0,0.0,0,90,0,0.0,0,False,False,False,False,False,False
1782461832.853,0,0,0,0,0,1.55,-2.17,0.0,0.0,0.0,0.0,0.0,0,90,0,0.0,0,False,False,False,False,False,False
1782461832.877,0,0,0,0,0,1.57,-2.18,0.0,0.0,0.0,0.0,0.0,0,90,0,0.0,0,False,False,False,False,False,False
1782461832.9,0,0,0,0,0,1.57,-2.2,0.0,0.0,0.0,0.0,0.0,0,90,0,0.0,0,False,False,False,False,False,False
1782461832.925,0,0,0,0,0,1.55,-2.2,0.0,0.0,0.0,0.0,0.0,0,90,0,0.0,0,False,False,False,False,False,False
1782461832.947,0,0,0,0,0,1.52,-2.18,0.0,0.0,0.0,0.0,0.0,0,90,0,0.0,0,False,False,False,False,False,False
1782461832.972,0,0,0,0,0,1.5,-2.15,0.0,0.0,0.0,0.0,0.0,0,90,0,0.0,0,False,False,False,False,False,False
1782461832.994,0,0,0,0,0,1.51,-2.13,0.0,0.0,0.0,0.0,0.0,0,90,0,0.0,0,False,False,False,False,False,False
1782461833.02,0,0,0,0,0,1.54,-2.13,0.0,0.0,0.0,0.0,0.0,0,90,0,0.0,0,False,False,False,False,False,False
1782461833.042,0,0,0,0,0,1.55,-2.14,0.0,0.0,0.0,0.0,0.0,0,90,0,0.0,0,False,False,False,False,False,False
1782461833.066,0,0,0,0,0,1.53,-2.16,0.0,0.0,0.0,0.0,0.0,0,90,0,0.0,0,False,False,False,False,False,False
1782461833.09,0,0,0,0,0,1.53,-2.18,0.0,0.0,0.0,0.0,0.0,0,90,0,0.0,0,False,False,False,False,False,False
1782461833.113,0,0,0,0,0,1.52,-2.19,0.0,0.0,0.0,0.0,0.0,0,90,0,0.0,0,False,False,False,False,False,False
1782461833.137,0,0,0,0,0,1.51,-2.17,0.0,0.0,0.0,0.0,0.0,0,90,0,0.0,0,False,False,False,False,False,False
1782461833.16,0,0,0,0,0,1.52,-2.13,0.0,0.0,0.0,0.0,0.0,0,90,0,0.0,0,False,False,False,False,False,False
1782461833.186,0,0,0,0,0,1.53,-2.09,0.0,0.0,0.0,0.0,0.0,0,90,0,0.0,0,False,False,False,False,False,False
1782461833.208,0,0,0,0,0,1.52,-2.06,0.0,0.0,0.0,0.0,0.0,0,90,0,0.0,0,False,False,False,False,False,False
1782461833.232,0,0,0,0,0,1.52,-2.08,0.0,0.0,0.0,0.0,0.0,0,90,0,0.0,0,False,False,False,False,False,False
1782461833.255,0,0,0,0,0,1.55,-2.12,0.0,0.0,0.0,0.0,0.0,0,90,0,0.0,0,False,False,False,False,False,False
1782461833.28,0,0,0,0,0,1.57,-2.17,0.0,0.0,0.0,0.0,0.0,0,90,0,0.0,0,False,False,False,False,False,False
1782461833.303,0,0,0,0,0,1.57,-2.21,0.0,0.0,0.0,0.0,0.0,0,90,0,0.0,0,False,False,False,False,False,False
1782461833.325,0,0,0,0,0,1.56,-2.21,0.0,0.0,0.0,0.0,0.0,0,90,0,0.0,0,False,False,False,False,False,False
1782461833.35,0,0,0,0,0,1.54,-2.18,0.0,0.0,0.0,0.0,0.0,0,90,0,0.0,0,False,False,False,False,False,False
1782461833.374,0,0,0,0,0,1.54,-2.15,0.0,0.0,0.0,0.0,0.0,0,90,0,0.0,0,False,False,False,False,False,False
1782461833.396,0,0,0,0,0,1.57,-2.16,0.0,0.0,0.0,0.0,0.0,0,90,0,0.0,0,False,False,False,False,False,False
1782461833.422,0,0,0,0,0,1.58,-2.17,0.0,0.0,0.0,0.0,0.0,0,90,0,0.0,0,False,False,False,False,False,False
1782461833.444,0,0,0,0,0,1.57,-2.17,0.0,0.0,0.0,0.0,0.0,0,90,0,0.0,0,False,False,False,False,False,False
1782461833.47,0,0,0,0,0,1.55,-2.17,0.0,0.0,0.0,0.0,0.0,0,90,0,0.0,0,False,False,False,False,False,False
1782461833.492,0,0,0,0,0,1.56,-2.15,0.0,0.0,0.0,0.0,0.0,0,90,0,0.0,0,False,False,False,False,False,False
1782461833.515,0,0,0,0,0,1.56,-2.14,0.0,0.0,0.0,0.0,0.0,0,90,0,0.0,0,False,False,False,False,False,False
1782461833.539,0,0,0,0,0,1.55,-2.14,0.0,0.0,0.0,0.0,0.0,0,90,0,0.0,0,False,False,False,False,False,False
1782461833.563,0,0,0,0,0,1.54,-2.17,0.0,0.0,0.0,0.0,0.0,0,90,0,0.0,0,False,False,False,False,False,False
1782461833.587,0,0,0,0,0,1.54,-2.2,0.0,0.0,0.0,0.0,0.0,0,90,0,0.0,0,False,False,False,False,False,False
1782461833.61,0,0,0,0,0,1.54,-2.23,0.0,0.0,0.0,0.0,0.0,0,90,0,0.0,0,False,False,False,False,False,False
1782461833.635,0,0,0,0,0,1.54,-2.24,0.0,0.0,0.0,0.0,0.0,0,90,0,0.0,0,False,False,False,False,False,False
1782461833.657,0,0,0,0,0,1.55,-2.23,0.0,0.0,0.0,0.0,0.0,0,90,0,0.0,0,False,False,False,False,False,False
1782461833.681,0,0,0,0,0,1.56,-2.21,0.0,0.0,0.0,0.0,0.0,0,90,0,0.0,0,False,False,False,False,False,False
1782461833.705,0,0,0,0,0,1.57,-2.19,0.0,0.0,0.0,0.0,0.0,0,90,0,0.0,0,False,False,False,False,False,False
1782461833.729,0,0,0,0,0,1.59,-2.17,0.0,0.0,0.0,0.0,0.0,0,90,0,0.0,0,False,False,False,False,False,False
1782461833.754,0,0,0,0,0,1.58,-2.16,0.0,0.0,0.0,0.0,0.0,0,90,0,0.0,0,False,False,False,False,False,False
1782461833.776,0,0,0,0,0,1.56,-2.17,0.0,0.0,0.0,0.0,0.0,0,90,0,0.0,0,False,False,False,False,False,False
1782461833.799,0,0,0,0,0,1.54,-2.19,0.0,0.0,0.0,0.0,0.0,0,90,0,0.0,0,False,False,False,False,False,False
1782461833.824,0,0,0,0,0,1.54,-2.19,0.0,0.0,0.0,0.0,0.0,0,90,0,0.0,0,False,False,False,False,False,False
1782461833.847,0,0,0,0,0,1.55,-2.16,0.0,0.0,0.0,0.0,0.0,0,90,0,0.0,0,False,False,False,False,False,False
1782461833.872,0,0,0,0,0,1.56,-2.14,0.0,0.0,0.0,0.0,0.0,0,90,0,0.0,0,False,False,False,False,False,False
1782461833.894,0,0,0,0,0,1.57,-2.16,0.0,0.0,0.0,0.0,0.0,0,90,0,0.0,0,False,False,False,False,False,False
1782461833.918,0,0,0,0,0,1.57,-2.19,0.0,0.0,0.0,0.0,0.0,0,90,0,0.0,0,False,False,False,False,False,False
1782461833.941,0,0,0,0,0,1.58,-2.2,0.0,0.0,0.0,0.0,0.0,0,90,0,0.0,0,False,False,False,False,False,False
1782461833.964,0,0,0,0,0,1.58,-2.17,0.0,0.0,0.0,0.0,0.0,0,90,0,0.0,0,False,False,False,False,False,False
1782461833.99,0,0,0,0,0,1.59,-2.13,0.0,0.0,0.0,0.0,0.0,0,90,0,0.0,0,False,False,False,False,False,False
1782461834.012,0,0,0,0,0,1.58,-2.13,0.0,0.0,0.0,0.0,0.0,0,90,0,0.0,0,False,False,False,False,False,False
1782461834.037,0,0,0,0,0,1.57,-2.17,0.0,0.0,0.0,0.0,0.0,0,90,0,0.0,0,False,False,False,False,False,False
1782461834.061,0,0,0,0,0,1.57,-2.23,0.0,0.0,0.0,0.0,0.0,0,90,0,0.0,0,False,False,False,False,False,False
1782461834.083,0,0,0,0,0,1.57,-2.27,0.0,0.0,0.0,0.0,0.0,0,90,0,0.0,0,False,False,False,False,False,False
1782461834.107,0,0,0,0,0,1.56,-2.26,0.0,0.0,0.0,0.0,0.0,0,90,0,0.0,0,False,False,False,False,False,False
1782461834.13,0,0,0,0,0,1.55,-2.21,0.0,0.0,0.0,0.0,0.0,0,90,0,0.0,0,False,False,False,False,False,False
1782461834.154,0,0,0,0,0,1.53,-2.16,0.0,0.0,0.0,0.0,0.0,0,90,0,0.0,0,False,False,False,False,False,False
1782461834.178,0,0,0,0,0,1.51,-2.12,0.0,0.0,0.0,0.0,0.0,0,90,0,0.0,0,False,False,False,False,False,False
1782461834.203,0,0,0,0,0,1.49,-2.1,0.0,0.0,0.0,0.0,0.0,0,90,0,0.0,0,False,False,False,False,False,False
1782461834.225,0,0,0,0,0,1.49,-2.11,0.0,0.0,0.0,0.0,0.0,0,90,0,0.0,0,False,False,False,False,False,False
1782461834.25,0,0,0,0,0,1.51,-2.14,0.0,0.0,0.0,0.0,0.0,0,90,0,0.0,0,False,False,False,False,False,False
1782461834.273,0,0,0,0,0,1.54,-2.18,0.0,0.0,0.0,0.0,0.0,0,90,0,0.0,0,False,False,False,False,False,False
1782461834.297,0,0,0,0,0,1.54,-2.22,0.0,0.0,0.0,0.0,0.0,0,90,0,0.0,0,False,False,False,False,False,False
1782461834.32,0,0,0,0,0,1.53,-2.25,0.0,0.0,0.0,0.0,0.0,0,90,0,0.0,0,False,False,False,False,False,False
1782461834.344,0,0,0,0,0,1.53,-2.25,0.0,0.0,0.0,0.0,0.0,0,90,0,0.0,0,False,False,False,False,False,False
1782461834.367,0,0,0,0,0,1.55,-2.23,0.0,0.0,0.0,0.0,0.0,0,90,0,0.0,0,False,False,False,False,False,False
1782461834.392,0,0,0,0,0,1.57,-2.2,0.0,0.0,0.0,0.0,0.0,0,90,0,0.0,0,False,False,False,False,False,False
1782461834.415,0,0,0,0,0,1.59,-2.17,0.0,0.0,0.0,0.0,0.0,0,90,0,0.0,0,False,False,False,False,False,False
1782461834.439,0,0,0,0,0,1.6,-2.16,0.0,0.0,0.0,0.0,0.0,0,90,0,0.0,0,False,False,False,False,False,False
1782461834.463,0,0,0,0,0,1.6,-2.17,0.0,0.0,0.0,0.0,0.0,0,90,0,0.0,0,False,False,False,False,False,False
1782461834.487,0,0,0,0,0,1.59,-2.16,0.0,0.0,0.0,0.0,0.0,0,90,0,0.0,0,False,False,False,False,False,False
1782461834.51,0,0,0,0,0,1.58,-2.14,0.0,0.0,0.0,0.0,0.0,0,90,0,0.0,0,False,False,False,False,False,False
1782461834.533,0,0,0,0,0,1.57,-2.12,0.0,0.0,0.0,0.0,0.0,0,90,0,0.0,0,False,False,False,False,False,False
1782461834.555,0,0,0,0,0,1.56,-2.1,0.0,0.0,0.0,0.0,0.0,0,90,0,0.0,0,False,False,False,False,False,False
1782461834.576,0,0,0,0,0,1.55,-2.09,0.0,0.0,0.0,0.0,0.0,0,90,0,0.0,0,False,False,False,False,False,False
1782461834.599,0,0,0,0,0,1.55,-2.09,0.0,0.0,0.0,0.0,0.0,0,90,0,0.0,0,False,False,False,False,False,False
1782461834.622,0,0,0,0,0,1.55,-2.11,0.0,0.0,0.0,0.0,0.0,0,90,0,0.0,0,False,False,False,False,False,False
1782461834.645,0,0,0,0,0,1.56,-2.14,0.0,0.0,0.0,0.0,0.0,0,90,0,0.0,0,False,False,False,False,False,False
1782461834.671,0,0,0,0,0,1.58,-2.16,0.0,0.0,0.0,0.0,0.0,0,90,0,0.0,0,False,False,False,False,False,False
1782461834.695,0,0,0,0,0,1.59,-2.17,0.0,0.0,0.0,0.0,0.0,0,90,0,0.0,0,False,False,False,False,False,False
1782461834.718,0,0,0,0,0,1.57,-2.19,0.0,0.0,0.0,0.0,0.0,0,90,0,0.0,0,False,False,False,False,False,False
1782461834.742,0,0,0,0,0,1.54,-2.21,0.0,0.0,0.0,0.0,0.0,0,90,0,0.0,0,False,False,False,False,False,False
1782461834.765,0,0,0,0,0,1.5,-2.21,0.0,0.0,0.0,0.0,0.0,0,90,0,0.0,0,False,False,False,False,False,False
1782461834.789,0,0,0,0,0,1.47,-2.17,0.0,0.0,0.0,0.0,0.0,0,90,0,0.0,0,False,False,False,False,False,False
1782461834.812,0,0,0,0,0,1.47,-2.12,0.0,0.0,0.0,0.0,0.0,0,90,0,0.0,0,False,False,False,False,False,False
1782461834.837,0,0,0,0,0,1.49,-2.08,0.0,0.0,0.0,0.0,0.0,0,90,0,0.0,0,False,False,False,False,False,False
1782461834.861,0,0,0,0,0,1.5,-2.09,0.0,0.0,0.0,0.0,0.0,0,90,0,0.0,0,False,False,False,False,False,False
1782461834.883,0,0,0,0,0,1.52,-2.13,0.0,0.0,0.0,0.0,0.0,0,90,0,0.0,0,False,False,False,False,False,False
1782461834.907,0,0,0,0,0,1.53,-2.17,0.0,0.0,0.0,0.0,0.0,0,90,0,0.0,0,False,False,False,False,False,False
1782461834.93,0,0,0,0,0,1.53,-2.2,0.0,0.0,0.0,0.0,0.0,0,90,0,0.0,0,False,False,False,False,False,False
1782461834.956,0,0,0,0,0,1.52,-2.22,0.0,0.0,0.0,0.0,0.0,0,90,0,0.0,0,False,False,False,False,False,False
1782461834.978,0,0,0,0,0,1.51,-2.26,0.0,0.0,0.0,0.0,0.0,0,90,0,0.0,0,False,False,False,False,False,False
1782461835.003,0,0,0,0,0,1.5,-2.28,0.0,0.0,0.0,0.0,0.0,0,90,0,0.0,0,False,False,False,False,False,False
1782461835.026,0,0,0,0,0,1.52,-2.26,0.0,0.0,0.0,0.0,0.0,0,90,0,0.0,0,False,False,False,False,False,False
1782461835.049,0,0,0,0,0,1.54,-2.22,0.0,0.0,0.0,0.0,0.0,0,90,0,0.0,0,False,False,False,False,False,False
1782461835.072,0,0,0,0,0,1.55,-2.17,0.0,0.0,0.0,0.0,0.0,0,90,0,0.0,0,False,False,False,False,False,False
1782461835.097,0,0,0,0,0,1.55,-2.13,0.0,0.0,0.0,0.0,0.0,0,90,0,0.0,0,False,False,False,False,False,False
1782461835.119,0,0,0,0,0,1.53,-2.11,0.0,0.0,0.0,0.0,0.0,0,90,0,0.0,0,False,False,False,False,False,False
1782461835.144,0,0,0,0,0,1.52,-2.14,0.0,0.0,0.0,0.0,0.0,0,90,0,0.0,0,False,False,False,False,False,False
1782461835.166,0,0,0,0,0,1.55,-2.18,0.0,0.0,0.0,0.0,0.0,0,90,0,0.0,0,False,False,False,False,False,False
1782461835.192,0,0,0,0,0,1.59,-2.23,0.0,0.0,0.0,0.0,0.0,0,90,0,0.0,0,False,False,False,False,False,False
1782461835.215,0,0,0,0,0,1.58,-2.26,0.0,0.0,0.0,0.0,0.0,0,90,0,0.0,0,False,False,False,False,False,False
1782461835.239,0,0,0,0,0,1.55,-2.26,0.0,0.0,0.0,0.0,0.0,0,90,0,0.0,0,False,False,False,False,False,False
1782461835.261,0,0,0,0,0,1.54,-2.23,0.0,0.0,0.0,0.0,0.0,0,90,0,0.0,0,False,False,False,False,False,False
1782461835.288,0,0,0,0,0,1.53,-2.18,0.0,0.0,0.0,0.0,0.0,0,90,0,0.0,0,False,False,False,False,False,False
1782461835.309,0,0,0,0,0,1.54,-2.15,0.0,0.0,0.0,0.0,0.0,0,90,0,0.0,0,False,False,False,False,False,False
1782461835.333,0,0,0,0,0,1.53,-2.14,0.0,0.0,0.0,0.0,0.0,0,90,0,0.0,0,False,False,False,False,False,False
1782461835.357,0,0,0,0,0,1.53,-2.16,0.0,0.0,0.0,0.0,0.0,0,90,0,0.0,0,False,False,False,False,False,False
1782461835.38,0,0,0,0,0,1.54,-2.19,0.0,0.0,0.0,0.0,0.0,0,90,0,0.0,0,False,False,False,False,False,False
1782461835.406,0,0,0,0,0,1.56,-2.2,0.0,0.0,0.0,0.0,0.0,0,90,0,0.0,0,False,False,False,False,False,False
1782461835.427,0,0,0,0,0,1.58,-2.21,0.0,0.0,0.0,0.0,0.0,0,90,0,0.0,0,False,False,False,False,False,False
1782461835.452,0,0,0,0,0,1.57,-2.22,0.0,0.0,0.0,0.0,0.0,0,90,0,0.0,0,False,False,False,False,False,False
1782461835.475,0,0,0,0,0,1.56,-2.22,0.0,0.0,0.0,0.0,0.0,0,90,0,0.0,0,False,False,False,False,False,False
1782461835.498,0,0,0,0,0,1.55,-2.22,0.0,0.0,0.0,0.0,0.0,0,90,0,0.0,0,False,False,False,False,False,False
1782461835.523,0,0,0,0,0,1.57,-2.2,0.0,0.0,0.0,0.0,0.0,0,90,0,0.0,0,False,False,False,False,False,False
1782461835.545,0,0,0,0,0,1.6,-2.18,0.0,0.0,0.0,0.0,0.0,0,90,0,0.0,0,False,False,False,False,False,False
1782461835.57,0,0,0,0,0,1.61,-2.17,0.0,0.0,0.0,0.0,0.0,0,90,0,0.0,0,False,False,False,False,False,False
1782461835.592,0,0,0,0,0,1.6,-2.17,0.0,0.0,0.0,0.0,0.0,0,90,0,0.0,0,False,False,False,False,False,False
1782461835.617,0,0,0,0,0,1.57,-2.19,0.0,0.0,0.0,0.0,0.0,0,90,0,0.0,0,False,False,False,False,False,False
1782461835.64,0,0,0,0,0,1.55,-2.19,0.0,0.0,0.0,0.0,0.0,0,90,0,0.0,0,False,False,False,False,False,False
1782461835.664,0,0,0,0,0,1.53,-2.17,0.0,0.0,0.0,0.0,0.0,0,90,0,0.0,0,False,False,False,False,False,False
1782461835.689,0,0,0,0,0,1.51,-2.15,0.0,0.0,0.0,0.0,0.0,0,90,0,0.0,0,False,False,False,False,False,False
1782461835.711,0,0,0,0,0,1.49,-2.13,0.0,0.0,0.0,0.0,0.0,0,90,0,0.0,0,False,False,False,False,False,False
1782461835.735,0,0,0,0,0,1.47,-2.12,0.0,0.0,0.0,0.0,0.0,0,90,0,0.0,0,False,False,False,False,False,False
1782461835.758,0,0,0,0,0,1.47,-2.14,0.0,0.0,0.0,0.0,0.0,0,90,0,0.0,0,False,False,False,False,False,False
1782461835.782,0,0,0,0,0,1.5,-2.16,0.0,0.0,0.0,0.0,0.0,0,90,0,0.0,0,False,False,False,False,False,False
1782461835.807,0,0,0,0,0,1.56,-2.18,0.0,0.0,0.0,0.0,0.0,0,90,0,0.0,0,False,False,False,False,False,False
1782461835.829,0,0,0,0,0,1.6,-2.18,0.0,0.0,0.0,0.0,0.0,0,90,0,0.0,0,False,False,False,False,False,False
1782461835.854,0,0,0,0,0,1.6,-2.15,0.0,0.0,0.0,0.0,0.0,0,90,0,0.0,0,False,False,False,False,False,False
1782461835.876,0,0,0,0,0,1.58,-2.12,0.0,0.0,0.0,0.0,0.0,0,90,0,0.0,0,False,False,False,False,False,False
1782461835.9,0,0,0,0,0,1.54,-2.11,0.0,0.0,0.0,0.0,0.0,0,90,0,0.0,0,False,False,False,False,False,False
1782461835.925,0,0,0,0,0,1.52,-2.11,0.0,0.0,0.0,0.0,0.0,0,90,0,0.0,0,False,False,False,False,False,False
1782461835.947,0,0,0,0,0,1.53,-2.12,0.0,0.0,0.0,0.0,0.0,0,90,0,0.0,0,False,False,False,False,False,False
1782461835.972,0,0,0,0,0,1.55,-2.14,0.0,0.0,0.0,0.0,0.0,0,90,0,0.0,0,False,False,False,False,False,False
1782461835.996,0,0,0,0,0,1.56,-2.15,0.0,0.0,0.0,0.0,0.0,0,90,0,0.0,0,False,False,False,False,False,False
1782461836.019,0,0,0,0,0,1.55,-2.15,0.0,0.0,0.0,0.0,0.0,0,90,0,0.0,0,False,False,False,False,False,False
1782461836.042,0,0,0,0,0,1.54,-2.17,0.0,0.0,0.0,0.0,0.0,0,90,0,0.0,0,False,False,False,False,False,False
1782461836.066,0,0,0,0,0,1.52,-2.21,0.0,0.0,0.0,0.0,0.0,0,90,0,0.0,0,False,False,False,False,False,False
1782461836.09,0,0,0,0,0,1.53,-2.23,0.0,0.0,0.0,0.0,0.0,0,90,0,0.0,0,False,False,False,False,False,False
1782461836.114,0,0,0,0,0,1.54,-2.22,0.0,0.0,0.0,0.0,0.0,0,90,0,0.0,0,False,False,False,False,False,False
1782461836.137,0,0,0,0,0,1.55,-2.18,0.0,0.0,0.0,0.0,0.0,0,90,0,0.0,0,False,False,False,False,False,False
1782461836.16,0,0,0,0,0,1.56,-2.15,0.0,0.0,0.0,0.0,0.0,0,90,0,0.0,0,False,False,False,False,False,False
1782461836.184,0,0,0,0,0,1.55,-2.15,0.0,0.0,0.0,0.0,0.0,0,90,0,0.0,0,False,False,False,False,False,False
1782461836.208,0,0,0,0,0,1.55,-2.19,0.0,0.0,0.0,0.0,0.0,0,90,0,0.0,0,False,False,False,False,False,False
1782461836.231,0,0,0,0,0,1.56,-2.23,0.0,0.0,0.0,0.0,0.0,0,90,0,0.0,0,False,False,False,False,False,False
1782461836.256,0,0,0,0,0,1.57,-2.22,0.0,0.0,0.0,0.0,0.0,0,90,0,0.0,0,False,False,False,False,False,False
1782461836.278,0,0,0,0,0,1.6,-2.18,0.0,0.0,0.0,0.0,0.0,0,90,0,0.0,0,False,False,False,False,False,False
1782461836.302,0,0,0,0,0,1.61,-2.15,0.0,0.0,0.0,0.0,0.0,0,90,0,0.0,0,False,False,False,False,False,False
1782461836.325,0,0,0,0,0,1.61,-2.15,0.0,0.0,0.0,0.0,0.0,0,90,0,0.0,0,False,False,False,False,False,False
1782461836.351,0,0,0,0,0,1.58,-2.18,0.0,0.0,0.0,0.0,0.0,0,90,0,0.0,0,False,False,False,False,False,False
1782461836.367,0,0,0,0,0,1.56,-2.23,0.0,0.0,0.0,0.0,0.0,0,90,0,0.0,0,False,False,False,False,False,False
1782461836.392,0,0,0,0,0,1.54,-2.24,0.0,0.0,0.0,0.0,0.0,0,90,0,0.0,0,False,False,False,False,False,False
1782461836.416,0,0,0,0,0,1.52,-2.22,0.0,0.0,0.0,0.0,0.0,0,90,0,0.0,0,False,False,False,False,False,False
1782461836.44,0,0,0,0,0,1.52,-2.19,0.0,0.0,0.0,0.0,0.0,0,90,0,0.0,0,False,False,False,False,False,False
1782461836.463,0,0,0,0,0,1.53,-2.18,0.0,0.0,0.0,0.0,0.0,0,90,0,0.0,0,False,False,False,False,False,False
1782461836.488,0,0,0,0,0,1.52,-2.18,0.0,0.0,0.0,0.0,0.0,0,90,0,0.0,0,False,False,False,False,False,False
1782461836.51,0,0,0,0,0,1.51,-2.18,0.0,0.0,0.0,0.0,0.0,0,90,0,0.0,0,False,False,False,False,False,False
1782461836.533,0,0,0,0,0,1.5,-2.15,0.0,0.0,0.0,0.0,0.0,0,90,0,0.0,0,False,False,False,False,False,False
1782461836.557,0,0,0,0,0,1.5,-2.12,0.0,0.0,0.0,0.0,0.0,0,90,0,0.0,0,False,False,False,False,False,False
1782461836.58,0,0,0,0,0,1.5,-2.11,0.0,0.0,0.0,0.0,0.0,0,90,0,0.0,0,False,False,False,False,False,False
1782461836.606,0,0,0,0,0,1.52,-2.13,0.0,0.0,0.0,0.0,0.0,0,90,0,0.0,0,False,False,False,False,False,False
1782461836.628,0,0,0,0,0,1.53,-2.16,0.0,0.0,0.0,0.0,0.0,0,90,0,0.0,0,False,False,False,False,False,False
1782461836.652,0,0,0,0,0,1.52,-2.19,0.0,0.0,0.0,0.0,0.0,0,90,0,0.0,0,False,False,False,False,False,False
1782461836.676,0,0,0,0,0,1.51,-2.2,0.0,0.0,0.0,0.0,0.0,0,90,0,0.0,0,False,False,False,False,False,False
1782461836.698,0,0,0,0,0,1.52,-2.19,0.0,0.0,0.0,0.0,0.0,0,90,0,0.0,0,False,False,False,False,False,False
1782461836.724,0,0,0,0,0,1.55,-2.18,0.0,0.0,0.0,0.0,0.0,0,90,0,0.0,0,False,False,False,False,False,False
1782461836.746,0,0,0,0,0,1.58,-2.17,0.0,0.0,0.0,0.0,0.0,0,90,0,0.0,0,False,False,False,False,False,False
1782461836.769,0,0,0,0,0,1.57,-2.17,0.0,0.0,0.0,0.0,0.0,0,90,0,0.0,0,False,False,False,False,False,False
1782461836.793,0,0,0,0,0,1.54,-2.16,0.0,0.0,0.0,0.0,0.0,0,90,0,0.0,0,False,False,False,False,False,False
1782461836.818,0,0,0,0,0,1.53,-2.16,0.0,0.0,0.0,0.0,0.0,0,90,0,0.0,0,False,False,False,False,False,False
1782461836.842,0,0,0,0,0,1.56,-2.15,0.0,0.0,0.0,0.0,0.0,0,90,0,0.0,0,False,False,False,False,False,False
1782461836.865,0,0,0,0,0,1.61,-2.14,0.0,0.0,0.0,0.0,0.0,0,90,0,0.0,0,False,False,False,False,False,False
1782461836.892,0,0,0,0,0,1.64,-2.15,0.0,0.0,0.0,0.0,0.0,0,90,0,0.0,0,False,False,False,False,False,False
1782461836.912,0,0,0,0,0,1.63,-2.16,0.0,0.0,0.0,0.0,0.0,0,90,0,0.0,0,False,False,False,False,False,False
1782461836.936,0,0,0,0,0,1.6,-2.18,0.0,0.0,0.0,0.0,0.0,0,90,0,0.0,0,False,False,False,False,False,False
1782461836.96,0,0,0,0,0,1.56,-2.19,0.0,0.0,0.0,0.0,0.0,0,90,0,0.0,0,False,False,False,False,False,False
1782461836.982,0,0,0,0,0,1.55,-2.21,0.0,0.0,0.0,0.0,0.0,0,90,0,0.0,0,False,False,False,False,False,False
1782461837.007,0,0,0,0,0,1.57,-2.21,0.0,0.0,0.0,0.0,0.0,0,90,0,0.0,0,False,False,False,False,False,False
1782461837.031,0,0,0,0,0,1.58,-2.21,0.0,0.0,0.0,0.0,0.0,0,90,0,0.0,0,False,False,False,False,False,False
1782461837.054,0,0,0,0,0,1.57,-2.18,0.0,0.0,0.0,0.0,0.0,0,90,0,0.0,0,False,False,False,False,False,False
1782461837.078,0,0,0,0,0,1.55,-2.15,0.0,0.0,0.0,0.0,0.0,0,90,0,0.0,0,False,False,False,False,False,False
1782461837.101,0,0,0,0,0,1.54,-2.13,0.0,0.0,0.0,0.0,0.0,0,90,0,0.0,0,False,False,False,False,False,False
1782461837.126,0,0,0,0,0,1.53,-2.11,0.0,0.0,0.0,0.0,0.0,0,90,0,0.0,0,False,False,False,False,False,False
1782461837.148,0,0,0,0,0,1.53,-2.1,0.0,0.0,0.0,0.0,0.0,0,90,0,0.0,0,False,False,False,False,False,False
1782461837.173,0,0,0,0,0,1.53,-2.11,0.0,0.0,0.0,0.0,0.0,0,90,0,0.0,0,False,False,False,False,False,False
1782461837.195,0,0,0,0,0,1.53,-2.13,0.0,0.0,0.0,0.0,0.0,0,90,0,0.0,0,False,False,False,False,False,False
1782461837.221,0,0,0,0,0,1.5,-2.15,0.0,0.0,0.0,0.0,0.0,0,90,0,0.0,0,False,False,False,False,False,False
1782461837.243,0,0,0,0,0,1.48,-2.16,0.0,0.0,0.0,0.0,0.0,0,90,0,0.0,0,False,False,False,False,False,False
1782461837.267,0,0,0,0,0,1.47,-2.15,0.0,0.0,0.0,0.0,0.0,0,90,0,0.0,0,False,False,False,False,False,False
1782461837.291,0,0,0,0,0,1.49,-2.14,0.0,0.0,0.0,0.0,0.0,0,90,0,0.0,0,False,False,False,False,False,False
1782461837.314,0,0,0,0,0,1.53,-2.12,0.0,0.0,0.0,0.0,0.0,0,90,0,0.0,0,False,False,False,False,False,False
1782461837.339,0,0,0,0,0,1.58,-2.14,0.0,0.0,0.0,0.0,0.0,0,90,0,0.0,0,False,False,False,False,False,False
1782461837.362,0,0,0,0,0,1.61,-2.17,0.0,0.0,0.0,0.0,0.0,0,90,0,0.0,0,False,False,False,False,False,False
1782461837.385,0,0,0,0,0,1.6,-2.19,0.0,0.0,0.0,0.0,0.0,0,90,0,0.0,0,False,False,False,False,False,False
1782461837.409,0,0,0,0,0,1.56,-2.2,0.0,0.0,0.0,0.0,0.0,0,90,0,0.0,0,False,False,False,False,False,False
1782461837.433,0,0,0,0,0,1.51,-2.19,0.0,0.0,0.0,0.0,0.0,0,90,0,0.0,0,False,False,False,False,False,False
1782461837.457,0,0,0,0,0,1.49,-2.17,0.0,0.0,0.0,0.0,0.0,0,90,0,0.0,0,False,False,False,False,False,False
1782461837.483,0,0,0,0,0,1.51,-2.15,0.0,0.0,0.0,0.0,0.0,0,90,0,0.0,0,False,False,False,False,False,False
1782461837.505,0,0,0,0,0,1.55,-2.15,0.0,0.0,0.0,0.0,0.0,0,90,0,0.0,0,False,False,False,False,False,False
1782461837.528,0,0,0,0,0,1.57,-2.16,0.0,0.0,0.0,0.0,0.0,0,90,0,0.0,0,False,False,False,False,False,False
1782461837.551,0,0,0,0,0,1.56,-2.19,0.0,0.0,0.0,0.0,0.0,0,90,0,0.0,0,False,False,False,False,False,False
1782461837.576,0,0,0,0,0,1.56,-2.22,0.0,0.0,0.0,0.0,0.0,0,90,0,0.0,0,False,False,False,False,False,False
1782461837.6,0,0,0,0,0,1.55,-2.22,0.0,0.0,0.0,0.0,0.0,0,90,0,0.0,0,False,False,False,False,False,False
1782461837.622,0,0,0,0,0,1.56,-2.2,0.0,0.0,0.0,0.0,0.0,0,90,0,0.0,0,False,False,False,False,False,False
1782461837.647,0,0,0,0,0,1.57,-2.17,0.0,0.0,0.0,0.0,0.0,0,90,0,0.0,0,False,False,False,False,False,False
1782461837.67,0,0,0,0,0,1.58,-2.13,0.0,0.0,0.0,0.0,0.0,0,90,0,0.0,0,False,False,False,False,False,False
1782461837.693,0,0,0,0,0,1.59,-2.1,0.0,0.0,0.0,0.0,0.0,0,90,0,0.0,0,False,False,False,False,False,False
1782461837.717,0,0,0,0,0,1.61,-2.1,0.0,0.0,0.0,0.0,0.0,0,90,0,0.0,0,False,False,False,False,False,False
1782461837.742,0,0,0,0,0,1.61,-2.11,0.0,0.0,0.0,0.0,0.0,0,90,0,0.0,0,False,False,False,False,False,False
1782461837.763,0,0,0,0,0,1.6,-2.13,0.0,0.0,0.0,0.0,0.0,0,90,0,0.0,0,False,False,False,False,False,False
1782461837.789,0,0,0,0,0,1.58,-2.16,0.0,0.0,0.0,0.0,0.0,0,90,0,0.0,0,False,False,False,False,False,False
1782461837.811,0,0,0,0,0,1.55,-2.17,0.0,0.0,0.0,0.0,0.0,0,90,0,0.0,0,False,False,False,False,False,False
1782461837.835,0,0,0,0,0,1.52,-2.17,0.0,0.0,0.0,0.0,0.0,0,90,0,0.0,0,False,False,False,False,False,False
1782461837.86,0,0,0,0,0,1.51,-2.18,0.0,0.0,0.0,0.0,0.0,0,90,0,0.0,0,False,False,False,False,False,False
1782461837.882,0,0,0,0,0,1.52,-2.2,0.0,0.0,0.0,0.0,0.0,0,90,0,0.0,0,False,False,False,False,False,False
1782461837.906,0,0,0,0,0,1.52,-2.2,0.0,0.0,0.0,0.0,0.0,0,90,0,0.0,0,False,False,False,False,False,False
1782461837.93,0,0,0,0,0,1.52,-2.18,0.0,0.0,0.0,0.0,0.0,0,90,0,0.0,0,False,False,False,False,False,False
1782461837.953,0,0,0,0,0,1.53,-2.16,0.0,0.0,0.0,0.0,0.0,0,90,0,0.0,0,False,False,False,False,False,False
1782461837.977,0,0,0,0,0,1.54,-2.16,0.0,0.0,0.0,0.0,0.0,0,90,0,0.0,0,False,False,False,False,False,False
1782461838.0,0,0,0,0,0,1.54,-2.18,0.0,0.0,0.0,0.0,0.0,0,90,0,0.0,0,False,False,False,False,False,False
1782461838.026,0,0,0,0,0,1.52,-2.18,0.0,0.0,0.0,0.0,0.0,0,90,0,0.0,0,False,False,False,False,False,False
1782461838.048,0,0,0,0,0,1.51,-2.15,0.0,0.0,0.0,0.0,0.0,0,90,0,0.0,0,False,False,False,False,False,False
1782461838.072,0,0,0,0,0,1.52,-2.12,0.0,0.0,0.0,0.0,0.0,0,90,0,0.0,0,False,False,False,False,False,False
1782461838.095,0,0,0,0,0,1.53,-2.11,0.0,0.0,0.0,0.0,0.0,0,90,0,0.0,0,False,False,False,False,False,False
1782461838.118,0,0,0,0,0,1.55,-2.13,0.0,0.0,0.0,0.0,0.0,0,90,0,0.0,0,False,False,False,False,False,False
1782461838.143,0,0,0,0,0,1.54,-2.14,0.0,0.0,0.0,0.0,0.0,0,90,0,0.0,0,False,False,False,False,False,False
1782461838.167,0,0,0,0,0,1.56,-2.13,0.0,0.0,0.0,0.0,0.0,0,90,0,0.0,0,False,False,False,False,False,False
1782461838.191,0,0,0,0,0,1.62,-2.12,0.0,0.0,0.0,0.0,0.0,0,90,0,0.0,0,False,False,False,False,False,False
1782461838.215,0,0,0,0,0,1.67,-2.1,0.0,0.0,0.0,0.0,0.0,0,90,0,0.0,0,False,False,False,False,False,False
1782461838.239,0,0,0,0,0,1.7,-2.1,0.0,0.0,0.0,0.0,0.0,0,90,0,0.0,0,False,False,False,False,False,False
1782461838.262,0,0,0,0,0,1.72,-2.14,0.0,0.0,0.0,0.0,0.0,0,90,0,0.0,0,False,False,False,False,False,False
1782461838.283,0,0,0,0,0,1.71,-2.19,0.0,0.0,0.0,0.0,0.0,0,90,0,0.0,0,False,False,False,False,False,False
1782461838.309,0,0,0,0,0,1.69,-2.2,0.0,0.0,0.0,0.0,0.0,0,90,0,0.0,0,False,False,False,False,False,False
1782461838.331,0,0,0,0,0,1.66,-2.19,0.0,0.0,0.0,0.0,0.0,0,90,0,0.0,0,False,False,False,False,False,False
1782461838.355,0,0,0,0,0,1.64,-2.16,0.0,0.0,0.0,0.0,0.0,0,90,0,0.0,0,False,False,False,False,False,False
1782461838.378,0,0,0,0,0,1.61,-2.13,0.0,0.0,0.0,0.0,0.0,0,90,0,0.0,0,False,False,False,False,False,False
1782461838.402,0,0,0,0,0,1.58,-2.14,0.0,0.0,0.0,0.0,0.0,0,90,0,0.0,0,False,False,False,False,False,False
1782461838.426,0,0,0,0,0,1.56,-2.18,0.0,0.0,0.0,0.0,0.0,0,90,0,0.0,0,False,False,False,False,False,False
1782461838.449,0,0,0,0,0,1.55,-2.21,0.0,0.0,0.0,0.0,0.0,0,90,0,0.0,0,False,False,False,False,False,False
1782461838.475,0,0,0,0,0,1.52,-2.22,0.0,0.0,0.0,0.0,0.0,0,90,0,0.0,0,False,False,False,False,False,False
1782461838.497,0,0,0,0,0,1.52,-2.22,0.0,0.0,0.0,0.0,0.0,0,90,0,0.0,0,False,False,False,False,False,False
1782461838.52,0,0,0,0,0,1.55,-2.19,0.0,0.0,0.0,0.0,0.0,0,90,0,0.0,0,False,False,False,False,False,False
1782461838.543,0,0,0,0,0,1.58,-2.15,0.0,0.0,0.0,0.0,0.0,0,90,0,0.0,0,False,False,False,False,False,False
1782461838.568,0,0,0,0,0,1.58,-2.12,0.0,0.0,0.0,0.0,0.0,0,90,0,0.0,0,False,False,False,False,False,False
1782461838.591,0,0,0,0,0,1.57,-2.12,0.0,0.0,0.0,0.0,0.0,0,90,0,0.0,0,False,False,False,False,False,False
1782461838.614,0,0,0,0,0,1.58,-2.13,0.0,0.0,0.0,0.0,0.0,0,90,0,0.0,0,False,False,False,False,False,False
1782461838.64,0,0,0,0,0,1.58,-2.15,0.0,0.0,0.0,0.0,0.0,0,90,0,0.0,0,False,False,False,False,False,False
1782461838.662,0,0,0,0,0,1.58,-2.17,0.0,0.0,0.0,0.0,0.0,0,90,0,0.0,0,False,False,False,False,False,False
1782461838.686,0,0,0,0,0,1.57,-2.18,0.0,0.0,0.0,0.0,0.0,0,90,0,0.0,0,False,False,False,False,False,False
1782461838.709,0,0,0,0,0,1.57,-2.19,0.0,0.0,0.0,0.0,0.0,0,90,0,0.0,0,False,False,False,False,False,False
1782461838.734,0,0,0,0,0,1.58,-2.23,0.0,0.0,0.0,0.0,0.0,0,90,0,0.0,0,False,False,False,False,False,False
1782461838.757,0,0,0,0,0,1.58,-2.26,0.0,0.0,0.0,0.0,0.0,0,90,0,0.0,0,False,False,False,False,False,False
1782461838.781,0,0,0,0,0,1.57,-2.25,0.0,0.0,0.0,0.0,0.0,0,90,0,0.0,0,False,False,False,False,False,False
1782461838.804,0,0,0,0,0,1.56,-2.19,0.0,0.0,0.0,0.0,0.0,0,90,0,0.0,0,False,False,False,False,False,False
1782461838.828,0,0,0,0,0,1.55,-2.13,0.0,0.0,0.0,0.0,0.0,0,90,0,0.0,0,False,False,False,False,False,False
1782461838.852,0,0,0,0,0,1.53,-2.1,0.0,0.0,0.0,0.0,0.0,0,90,0,0.0,0,False,False,False,False,False,False
1782461838.876,0,0,0,0,0,1.51,-2.11,0.0,0.0,0.0,0.0,0.0,0,90,0,0.0,0,False,False,False,False,False,False
1782461838.899,0,0,0,0,0,1.5,-2.15,0.0,0.0,0.0,0.0,0.0,0,90,0,0.0,0,False,False,False,False,False,False
1782461838.924,0,0,0,0,0,1.5,-2.21,0.0,0.0,0.0,0.0,0.0,0,90,0,0.0,0,False,False,False,False,False,False
1782461838.947,0,0,0,0,0,1.51,-2.27,0.0,0.0,0.0,0.0,0.0,0,90,0,0.0,0,False,False,False,False,False,False
1782461838.969,0,0,0,0,0,1.51,-2.28,0.0,0.0,0.0,0.0,0.0,0,90,0,0.0,0,False,False,False,False,False,False
1782461838.994,0,0,0,0,0,1.51,-2.25,0.0,0.0,0.0,0.0,0.0,0,90,0,0.0,0,False,False,False,False,False,False
1782461839.017,0,0,0,0,0,1.52,-2.19,0.0,0.0,0.0,0.0,0.0,0,90,0,0.0,0,False,False,False,False,False,False
1782461839.043,0,0,0,0,0,1.53,-2.13,0.0,0.0,0.0,0.0,0.0,0,90,0,0.0,0,False,False,False,False,False,False
1782461839.064,0,0,0,0,0,1.57,-2.09,0.0,0.0,0.0,0.0,0.0,0,90,0,0.0,0,False,False,False,False,False,False
1782461839.088,0,0,0,0,0,1.58,-2.09,0.0,0.0,0.0,0.0,0.0,0,90,0,0.0,0,False,False,False,False,False,False
1782461839.112,0,0,0,0,0,1.56,-2.13,0.0,0.0,0.0,0.0,0.0,0,90,0,0.0,0,False,False,False,False,False,False
1782461839.135,0,0,0,0,0,1.54,-2.18,0.0,0.0,0.0,0.0,0.0,0,90,0,0.0,0,False,False,False,False,False,False
1782461839.161,0,0,0,0,0,1.55,-2.22,0.0,0.0,0.0,0.0,0.0,0,90,0,0.0,0,False,False,False,False,False,False
1782461839.182,0,0,0,0,0,1.57,-2.24,0.0,0.0,0.0,0.0,0.0,0,90,0,0.0,0,False,False,False,False,False,False
1782461839.207,0,0,0,0,0,1.57,-2.23,0.0,0.0,0.0,0.0,0.0,0,90,0,0.0,0,False,False,False,False,False,False
1782461839.23,0,0,0,0,0,1.56,-2.19,0.0,0.0,0.0,0.0,0.0,0,90,0,0.0,0,False,False,False,False,False,False
1782461839.254,0,0,0,0,0,1.56,-2.16,0.0,0.0,0.0,0.0,0.0,0,90,0,0.0,0,False,False,False,False,False,False
1782461839.277,0,0,0,0,0,1.56,-2.15,0.0,0.0,0.0,0.0,0.0,0,90,0,0.0,0,False,False,False,False,False,False
1782461839.301,0,0,0,0,0,1.55,-2.13,0.0,0.0,0.0,0.0,0.0,0,90,0,0.0,0,False,False,False,False,False,False
1782461839.326,0,0,0,0,0,1.54,-2.1,0.0,0.0,0.0,0.0,0.0,0,90,0,0.0,0,False,False,False,False,False,False
1782461839.348,0,0,0,0,0,1.55,-2.09,0.0,0.0,0.0,0.0,0.0,0,90,0,0.0,0,False,False,False,False,False,False
1782461839.373,0,0,0,0,0,1.56,-2.1,0.0,0.0,0.0,0.0,0.0,0,90,0,0.0,0,False,False,False,False,False,False
1782461839.396,0,0,0,0,0,1.56,-2.14,0.0,0.0,0.0,0.0,0.0,0,90,0,0.0,0,False,False,False,False,False,False
1782461839.421,0,0,0,0,0,1.56,-2.17,0.0,0.0,0.0,0.0,0.0,0,90,0,0.0,0,False,False,False,False,False,False
1782461839.443,0,0,0,0,0,1.56,-2.18,0.0,0.0,0.0,0.0,0.0,0,90,0,0.0,0,False,False,False,False,False,False
1782461839.467,0,0,0,0,0,1.56,-2.16,0.0,0.0,0.0,0.0,0.0,0,90,0,0.0,0,False,False,False,False,False,False
1782461839.494,0,0,0,0,0,1.54,-2.14,0.0,0.0,0.0,0.0,0.0,0,90,0,0.0,0,False,False,False,False,False,False
1782461839.515,0,0,0,0,0,1.53,-2.12,0.0,0.0,0.0,0.0,0.0,0,90,0,0.0,0,False,False,False,False,False,False
1782461839.585,0,0,0,0,0,1.53,-2.1,0.0,0.0,0.0,0.0,0.0,0,90,0,0.0,0,False,False,False,False,False,False
1782461839.61,0,0,0,0,0,1.55,-2.11,0.0,0.0,0.0,0.0,0.0,0,90,0,0.0,0,False,False,False,False,False,False
1782461839.633,0,0,0,0,0,1.57,-2.14,0.0,0.0,0.0,0.0,0.0,0,90,0,0.0,0,False,False,False,False,False,False
1782461839.656,0,0,0,0,0,1.56,-2.16,0.0,0.0,0.0,0.0,0.0,0,90,0,0.0,0,False,False,False,False,False,False
1782461839.68,0,0,0,0,0,1.55,-2.15,0.0,0.0,0.0,0.0,0.0,0,90,0,0.0,0,False,False,False,False,False,False
1782461839.705,0,0,0,0,0,1.55,-2.14,0.0,0.0,0.0,0.0,0.0,0,90,0,0.0,0,False,False,False,False,False,False
1782461839.728,0,0,0,0,0,1.55,-2.16,0.0,0.0,0.0,0.0,0.0,0,90,0,0.0,0,False,False,False,False,False,False
1782461839.751,0,0,0,0,0,1.56,-2.19,0.0,0.0,0.0,0.0,0.0,0,90,0,0.0,0,False,False,False,False,False,False
1782461839.777,0,0,0,0,0,1.57,-2.19,0.0,0.0,0.0,0.0,0.0,0,90,0,0.0,0,False,False,False,False,False,False
1782461839.798,0,0,0,0,0,1.58,-2.17,0.0,0.0,0.0,0.0,0.0,0,90,0,0.0,0,False,False,False,False,False,False
1782461839.821,0,0,0,0,0,1.58,-2.15,0.0,0.0,0.0,0.0,0.0,0,90,0,0.0,0,False,False,False,False,False,False
1782461839.846,0,0,0,0,0,1.58,-2.13,0.0,0.0,0.0,0.0,0.0,0,90,0,0.0,0,False,False,False,False,False,False
1782461839.87,0,0,0,0,0,1.58,-2.12,0.0,0.0,0.0,0.0,0.0,0,90,0,0.0,0,False,False,False,False,False,False
1782461839.895,0,0,0,0,0,1.58,-2.11,0.0,0.0,0.0,0.0,0.0,0,90,0,0.0,0,False,False,False,False,False,False
1782461839.917,0,0,0,0,0,1.57,-2.12,0.0,0.0,0.0,0.0,0.0,0,90,0,0.0,0,False,False,False,False,False,False
1782461839.941,0,0,0,0,0,1.57,-2.15,0.0,0.0,0.0,0.0,0.0,0,90,0,0.0,0,False,False,False,False,False,False
1782461839.964,0,0,0,0,0,1.56,-2.17,0.0,0.0,0.0,0.0,0.0,0,90,0,0.0,0,False,False,False,False,False,False
1782461839.989,0,0,0,0,0,1.55,-2.15,0.0,0.0,0.0,0.0,0.0,0,90,0,0.0,0,False,False,False,False,False,False
1782461840.012,0,0,0,0,0,1.54,-2.14,0.0,0.0,0.0,0.0,0.0,0,90,0,0.0,0,False,False,False,False,False,False
1782461840.036,0,0,0,0,0,1.52,-2.14,0.0,0.0,0.0,0.0,0.0,0,90,0,0.0,0,False,False,False,False,False,False
1782461840.06,0,0,0,0,0,1.51,-2.15,0.0,0.0,0.0,0.0,0.0,0,90,0,0.0,0,False,False,False,False,False,False
1782461840.084,0,0,0,0,0,1.51,-2.15,0.0,0.0,0.0,0.0,0.0,0,90,0,0.0,0,False,False,False,False,False,False
1782461840.107,0,0,0,0,0,1.52,-2.16,0.0,0.0,0.0,0.0,0.0,0,90,0,0.0,0,False,False,False,False,False,False
1782461840.13,0,0,0,0,0,1.53,-2.16,0.0,0.0,0.0,0.0,0.0,0,90,0,0.0,0,False,False,False,False,False,False
1782461840.153,0,0,0,0,0,1.51,-2.18,0.0,0.0,0.0,0.0,0.0,0,90,0,0.0,0,False,False,False,False,False,False
1782461840.179,0,0,0,0,0,1.47,-2.22,0.0,0.0,0.0,0.0,0.0,0,90,0,0.0,0,False,False,False,False,False,False
1782461840.201,0,0,0,0,0,1.44,-2.23,0.0,0.0,0.0,0.0,0.0,0,90,0,0.0,0,False,False,False,False,False,False
1782461840.227,0,0,0,0,0,1.44,-2.2,0.0,0.0,0.0,0.0,0.0,0,90,0,0.0,0,False,False,False,False,False,False
1782461840.248,0,0,0,0,0,1.47,-2.15,0.0,0.0,0.0,0.0,0.0,0,90,0,0.0,0,False,False,False,False,False,False
1782461840.272,0,0,0,0,0,1.52,-2.13,0.0,0.0,0.0,0.0,0.0,0,90,0,0.0,0,False,False,False,False,False,False
1782461840.295,0,0,0,0,0,1.56,-2.16,0.0,0.0,0.0,0.0,0.0,0,90,0,0.0,0,False,False,False,False,False,False
1782461840.32,0,0,0,0,0,1.58,-2.21,0.0,0.0,0.0,0.0,0.0,0,90,0,0.0,0,False,False,False,False,False,False
1782461840.344,0,0,0,0,0,1.58,-2.25,0.0,0.0,0.0,0.0,0.0,0,90,0,0.0,0,False,False,False,False,False,False
1782461840.366,0,0,0,0,0,1.57,-2.27,0.0,0.0,0.0,0.0,0.0,0,90,0,0.0,0,False,False,False,False,False,False
1782461840.391,0,0,0,0,0,1.58,-2.26,0.0,0.0,0.0,0.0,0.0,0,90,0,0.0,0,False,False,False,False,False,False
1782461840.416,0,0,0,0,0,1.58,-2.22,0.0,0.0,0.0,0.0,0.0,0,90,0,0.0,0,False,False,False,False,False,False
1782461840.438,0,0,0,0,0,1.56,-2.18,0.0,0.0,0.0,0.0,0.0,0,90,0,0.0,0,False,False,False,False,False,False
1782461840.462,0,0,0,0,0,1.53,-2.16,0.0,0.0,0.0,0.0,0.0,0,90,0,0.0,0,False,False,False,False,False,False
1782461840.486,0,0,0,0,0,1.49,-2.17,0.0,0.0,0.0,0.0,0.0,0,90,0,0.0,0,False,False,False,False,False,False
1782461840.509,0,0,0,0,0,1.47,-2.19,0.0,0.0,0.0,0.0,0.0,0,90,0,0.0,0,False,False,False,False,False,False
1782461840.533,0,0,0,0,0,1.49,-2.22,0.0,0.0,0.0,0.0,0.0,0,90,0,0.0,0,False,False,False,False,False,False
1782461840.557,0,0,0,0,0,1.52,-2.24,0.0,0.0,0.0,0.0,0.0,0,90,0,0.0,0,False,False,False,False,False,False
1782461840.58,0,0,0,0,0,1.56,-2.22,0.0,0.0,0.0,0.0,0.0,0,90,0,0.0,0,False,False,False,False,False,False
1782461840.605,0,0,0,0,0,1.58,-2.18,0.0,0.0,0.0,0.0,0.0,0,90,0,0.0,0,False,False,False,False,False,False
1782461840.627,0,0,0,0,0,1.58,-2.12,0.0,0.0,0.0,0.0,0.0,0,90,0,0.0,0,False,False,False,False,False,False
1782461840.65,0,0,0,0,0,1.58,-2.09,0.0,0.0,0.0,0.0,0.0,0,90,0,0.0,0,False,False,False,False,False,False
1782461840.675,0,0,0,0,0,1.56,-2.1,0.0,0.0,0.0,0.0,0.0,0,90,0,0.0,0,False,False,False,False,False,False
1782461840.699,0,0,0,0,0,1.56,-2.15,0.0,0.0,0.0,0.0,0.0,0,90,0,0.0,0,False,False,False,False,False,False
1782461840.722,0,0,0,0,0,1.57,-2.22,0.0,0.0,0.0,0.0,0.0,0,90,0,0.0,0,False,False,False,False,False,False
1782461840.746,0,0,0,0,0,1.58,-2.25,0.0,0.0,0.0,0.0,0.0,0,90,0,0.0,0,False,False,False,False,False,False
1782461840.77,0,0,0,0,0,1.6,-2.26,0.0,0.0,0.0,0.0,0.0,0,90,0,0.0,0,False,False,False,False,False,False
1782461840.794,0,0,0,0,0,1.61,-2.24,0.0,0.0,0.0,0.0,0.0,0,90,0,0.0,0,False,False,False,False,False,False
1782461840.817,0,0,0,0,0,1.6,-2.21,0.0,0.0,0.0,0.0,0.0,0,90,0,0.0,0,False,False,False,False,False,False
1782461840.841,0,0,0,0,0,1.6,-2.16,0.0,0.0,0.0,0.0,0.0,0,90,0,0.0,0,False,False,False,False,False,False
1782461840.864,0,0,0,0,0,1.6,-2.13,0.0,0.0,0.0,0.0,0.0,0,90,0,0.0,0,False,False,False,False,False,False
1782461840.887,0,0,0,0,0,1.59,-2.11,0.0,0.0,0.0,0.0,0.0,0,90,0,0.0,0,False,False,False,False,False,False
1782461840.912,0,0,0,0,0,1.58,-2.13,0.0,0.0,0.0,0.0,0.0,0,90,0,0.0,0,False,False,False,False,False,False
1782461840.934,0,0,0,0,0,1.56,-2.16,0.0,0.0,0.0,0.0,0.0,0,90,0,0.0,0,False,False,False,False,False,False
1782461840.96,0,0,0,0,0,1.54,-2.17,0.0,0.0,0.0,0.0,0.0,0,90,0,0.0,0,False,False,False,False,False,False
1782461840.982,0,0,0,0,0,1.52,-2.19,0.0,0.0,0.0,0.0,0.0,0,90,0,0.0,0,False,False,False,False,False,False
1782461841.005,0,0,0,0,0,1.52,-2.21,0.0,0.0,0.0,0.0,0.0,0,90,0,0.0,0,False,False,False,False,False,False
1782461841.029,0,0,0,0,0,1.52,-2.23,0.0,0.0,0.0,0.0,0.0,0,90,0,0.0,0,False,False,False,False,False,False
1782461841.054,0,0,0,0,0,1.52,-2.22,0.0,0.0,0.0,0.0,0.0,0,90,0,0.0,0,False,False,False,False,False,False
1782461841.078,0,0,0,0,0,1.53,-2.2,0.0,0.0,0.0,0.0,0.0,0,90,0,0.0,0,False,False,False,False,False,False
1782461841.102,0,0,0,0,0,1.54,-2.16,0.0,0.0,0.0,0.0,0.0,0,90,0,0.0,0,False,False,False,False,False,False
1782461841.128,0,0,0,0,0,1.55,-2.13,0.0,0.0,0.0,0.0,0.0,0,90,0,0.0,0,False,False,False,False,False,False
1782461841.148,0,0,0,0,0,1.55,-2.12,0.0,0.0,0.0,0.0,0.0,0,90,0,0.0,0,False,False,False,False,False,False
1782461841.172,0,0,0,0,0,1.56,-2.13,0.0,0.0,0.0,0.0,0.0,0,90,0,0.0,0,False,False,False,False,False,False
1782461841.197,0,0,0,0,0,1.55,-2.16,0.0,0.0,0.0,0.0,0.0,0,90,0,0.0,0,False,False,False,False,False,False
1782461841.219,0,0,0,0,0,1.54,-2.21,0.0,0.0,0.0,0.0,0.0,0,90,0,0.0,0,False,False,False,False,False,False
1782461841.243,0,0,0,0,0,1.56,-2.24,0.0,0.0,0.0,0.0,0.0,0,90,0,0.0,0,False,False,False,False,False,False
1782461841.267,0,0,0,0,0,1.59,-2.24,0.0,0.0,0.0,0.0,0.0,0,90,0,0.0,0,False,False,False,False,False,False
1782461841.29,0,0,0,0,0,1.59,-2.22,0.0,0.0,0.0,0.0,0.0,0,90,0,0.0,0,False,False,False,False,False,False
1782461841.314,0,0,0,0,0,1.57,-2.22,0.0,0.0,0.0,0.0,0.0,0,90,0,0.0,0,False,False,False,False,False,False
1782461841.338,0,0,0,0,0,1.54,-2.22,0.0,0.0,0.0,0.0,0.0,0,90,0,0.0,0,False,False,False,False,False,False
1782461841.362,0,0,0,0,0,1.53,-2.2,0.0,0.0,0.0,0.0,0.0,0,90,0,0.0,0,False,False,False,False,False,False
1782461841.385,0,0,0,0,0,1.53,-2.17,0.0,0.0,0.0,0.0,0.0,0,90,0,0.0,0,False,False,False,False,False,False
1782461841.41,0,0,0,0,0,1.53,-2.15,0.0,0.0,0.0,0.0,0.0,0,90,0,0.0,0,False,False,False,False,False,False
1782461841.432,0,0,0,0,0,1.53,-2.16,0.0,0.0,0.0,0.0,0.0,0,90,0,0.0,0,False,False,False,False,False,False
1782461841.455,0,0,0,0,0,1.53,-2.18,0.0,0.0,0.0,0.0,0.0,0,90,0,0.0,0,False,False,False,False,False,False
1782461841.479,0,0,0,0,0,1.54,-2.19,0.0,0.0,0.0,0.0,0.0,0,90,0,0.0,0,False,False,False,False,False,False
1782461841.504,0,0,0,0,0,1.57,-2.21,0.0,0.0,0.0,0.0,0.0,0,90,0,0.0,0,False,False,False,False,False,False
1782461841.528,0,0,0,0,0,1.57,-2.23,0.0,0.0,0.0,0.0,0.0,0,90,0,0.0,0,False,False,False,False,False,False
1782461841.551,0,0,0,0,0,1.55,-2.24,0.0,0.0,0.0,0.0,0.0,0,90,0,0.0,0,False,False,False,False,False,False
1782461841.574,0,0,0,0,0,1.53,-2.22,0.0,0.0,0.0,0.0,0.0,0,90,0,0.0,0,False,False,False,False,False,False
1782461841.598,0,0,0,0,0,1.51,-2.19,0.0,0.0,0.0,0.0,0.0,0,90,0,0.0,0,False,False,False,False,False,False
1782461841.622,0,0,0,0,0,1.52,-2.15,0.0,0.0,0.0,0.0,0.0,0,90,0,0.0,0,False,False,False,False,False,False
1782461841.645,0,0,0,0,0,1.54,-2.12,0.0,0.0,0.0,0.0,0.0,0,90,0,0.0,0,False,False,False,False,False,False
1782461841.668,0,0,0,0,0,1.57,-2.12,0.0,0.0,0.0,0.0,0.0,0,90,0,0.0,0,False,False,False,False,False,False
1782461841.694,0,0,0,0,0,1.59,-2.12,0.0,0.0,0.0,0.0,0.0,0,90,0,0.0,0,False,False,False,False,False,False
1782461841.716,0,0,0,0,0,1.6,-2.1,0.0,0.0,0.0,0.0,0.0,0,90,0,0.0,0,False,False,False,False,False,False
1782461841.74,0,0,0,0,0,1.6,-2.08,0.0,0.0,0.0,0.0,0.0,0,90,0,0.0,0,False,False,False,False,False,False
1782461841.763,0,0,0,0,0,1.59,-2.08,0.0,0.0,0.0,0.0,0.0,0,90,0,0.0,0,False,False,False,False,False,False
1782461841.786,0,0,0,0,0,1.56,-2.12,0.0,0.0,0.0,0.0,0.0,0,90,0,0.0,0,False,False,False,False,False,False
1782461841.811,0,0,0,0,0,1.54,-2.16,0.0,0.0,0.0,0.0,0.0,0,90,0,0.0,0,False,False,False,False,False,False
1782461841.835,0,0,0,0,0,1.56,-2.2,0.0,0.0,0.0,0.0,0.0,0,90,0,0.0,0,False,False,False,False,False,False
1782461841.858,0,0,0,0,0,1.59,-2.2,0.0,0.0,0.0,0.0,0.0,0,90,0,0.0,0,False,False,False,False,False,False
1782461841.882,0,0,0,0,0,1.6,-2.2,0.0,0.0,0.0,0.0,0.0,0,90,0,0.0,0,False,False,False,False,False,False
1782461841.905,0,0,0,0,0,1.59,-2.19,0.0,0.0,0.0,0.0,0.0,0,90,0,0.0,0,False,False,False,False,False,False
1782461841.93,0,0,0,0,0,1.57,-2.19,0.0,0.0,0.0,0.0,0.0,0,90,0,0.0,0,False,False,False,False,False,False
1782461841.952,0,0,0,0,0,1.55,-2.19,0.0,0.0,0.0,0.0,0.0,0,90,0,0.0,0,False,False,False,False,False,False
1782461841.977,0,0,0,0,0,1.52,-2.2,0.0,0.0,0.0,0.0,0.0,0,90,0,0.0,0,False,False,False,False,False,False
1782461841.999,0,0,0,0,0,1.54,-2.21,0.0,0.0,0.0,0.0,0.0,0,90,0,0.0,0,False,False,False,False,False,False
1782461842.024,0,0,0,0,0,1.57,-2.2,0.0,0.0,0.0,0.0,0.0,0,90,0,0.0,0,False,False,False,False,False,False
1782461842.048,0,0,0,0,0,1.59,-2.18,0.0,0.0,0.0,0.0,0.0,0,90,0,0.0,0,False,False,False,False,False,False
1782461842.071,0,0,0,0,0,1.6,-2.15,0.0,0.0,0.0,0.0,0.0,0,90,0,0.0,0,False,False,False,False,False,False
1782461842.095,0,0,0,0,0,1.6,-2.14,0.0,0.0,0.0,0.0,0.0,0,90,0,0.0,0,False,False,False,False,False,False
1782461842.117,0,0,0,0,0,1.59,-2.14,0.0,0.0,0.0,0.0,0.0,0,90,0,0.0,0,False,False,False,False,False,False
1782461842.144,0,0,0,0,0,1.58,-2.16,0.0,0.0,0.0,0.0,0.0,0,90,0,0.0,0,False,False,False,False,False,False
1782461842.165,0,0,0,0,0,1.58,-2.19,0.0,0.0,0.0,0.0,0.0,0,90,0,0.0,0,False,False,False,False,False,False
1782461842.189,0,0,0,0,0,1.57,-2.21,0.0,0.0,0.0,0.0,0.0,0,90,0,0.0,0,False,False,False,False,False,False
1782461842.214,0,0,0,0,0,1.56,-2.22,0.0,0.0,0.0,0.0,0.0,0,90,0,0.0,0,False,False,False,False,False,False
1782461842.237,0,0,0,0,0,1.55,-2.22,0.0,0.0,0.0,0.0,0.0,0,90,0,0.0,0,False,False,False,False,False,False
1782461842.261,0,0,0,0,0,1.53,-2.19,0.0,0.0,0.0,0.0,0.0,0,90,0,0.0,0,False,False,False,False,False,False
1782461842.284,0,0,0,0,0,1.51,-2.15,0.0,0.0,0.0,0.0,0.0,0,90,0,0.0,0,False,False,False,False,False,False
1782461842.307,0,0,0,0,0,1.52,-2.12,0.0,0.0,0.0,0.0,0.0,0,90,0,0.0,0,False,False,False,False,False,False
1782461842.331,0,0,0,0,0,1.55,-2.12,0.0,0.0,0.0,0.0,0.0,0,90,0,0.0,0,False,False,False,False,False,False
1782461842.354,0,0,0,0,0,1.58,-2.16,0.0,0.0,0.0,0.0,0.0,0,90,0,0.0,0,False,False,False,False,False,False
1782461842.379,0,0,0,0,0,1.57,-2.2,0.0,0.0,0.0,0.0,0.0,0,90,0,0.0,0,False,False,False,False,False,False
1782461842.402,0,0,0,0,0,1.55,-2.22,0.0,0.0,0.0,0.0,0.0,0,90,0,0.0,0,False,False,False,False,False,False
1782461842.426,0,0,0,0,0,1.55,-2.25,0.0,0.0,0.0,0.0,0.0,0,90,0,0.0,0,False,False,False,False,False,False
1782461842.448,0,0,0,0,0,1.56,-2.25,0.0,0.0,0.0,0.0,0.0,0,90,0,0.0,0,False,False,False,False,False,False
1782461842.469,0,0,0,0,0,1.57,-2.23,0.0,0.0,0.0,0.0,0.0,0,90,0,0.0,0,False,False,False,False,False,False
1782461842.491,0,0,0,0,0,1.56,-2.19,0.0,0.0,0.0,0.0,0.0,0,90,0,0.0,0,False,False,False,False,False,False
1782461842.515,0,0,0,0,0,1.55,-2.16,0.0,0.0,0.0,0.0,0.0,0,90,0,0.0,0,False,False,False,False,False,False
1782461842.539,0,0,0,0,0,1.54,-2.16,0.0,0.0,0.0,0.0,0.0,0,90,0,0.0,0,False,False,False,False,False,False
1782461842.563,0,0,0,0,0,1.53,-2.18,0.0,0.0,0.0,0.0,0.0,0,90,0,0.0,0,False,False,False,False,False,False
1782461842.586,0,0,0,0,0,1.53,-2.19,0.0,0.0,0.0,0.0,0.0,0,90,0,0.0,0,False,False,False,False,False,False
1782461842.61,0,0,0,0,0,1.53,-2.2,0.0,0.0,0.0,0.0,0.0,0,90,0,0.0,0,False,False,False,False,False,False
1782461842.633,0,0,0,0,0,1.54,-2.2,0.0,0.0,0.0,0.0,0.0,0,90,0,0.0,0,False,False,False,False,False,False
1782461842.657,0,0,0,0,0,1.56,-2.18,0.0,0.0,0.0,0.0,0.0,0,90,0,0.0,0,False,False,False,False,False,False
1782461842.682,0,0,0,0,0,1.6,-2.16,0.0,0.0,0.0,0.0,0.0,0,90,0,0.0,0,False,False,False,False,False,False
1782461842.704,0,0,0,0,0,1.62,-2.16,0.0,0.0,0.0,0.0,0.0,0,90,0,0.0,0,False,False,False,False,False,False
1782461842.729,0,0,0,0,0,1.61,-2.18,0.0,0.0,0.0,0.0,0.0,0,90,0,0.0,0,False,False,False,False,False,False
1782461842.751,0,0,0,0,0,1.59,-2.19,0.0,0.0,0.0,0.0,0.0,0,90,0,0.0,0,False,False,False,False,False,False
1782461842.775,0,0,0,0,0,1.58,-2.19,0.0,0.0,0.0,0.0,0.0,0,90,0,0.0,0,False,False,False,False,False,False
1782461842.799,0,0,0,0,0,1.57,-2.18,0.0,0.0,0.0,0.0,0.0,0,90,0,0.0,0,False,False,False,False,False,False
1782461842.822,0,0,0,0,0,1.56,-2.19,0.0,0.0,0.0,0.0,0.0,0,90,0,0.0,0,False,False,False,False,False,False
1782461842.847,0,0,0,0,0,1.55,-2.2,0.0,0.0,0.0,0.0,0.0,0,90,0,0.0,0,False,False,False,False,False,False
1782461842.87,0,0,0,0,0,1.54,-2.19,0.0,0.0,0.0,0.0,0.0,0,90,0,0.0,0,False,False,False,False,False,False
1782461842.895,0,0,0,0,0,1.53,-2.18,0.0,0.0,0.0,0.0,0.0,0,90,0,0.0,0,False,False,False,False,False,False
1782461842.919,0,0,0,0,0,1.54,-2.19,0.0,0.0,0.0,0.0,0.0,0,90,0,0.0,0,False,False,False,False,False,False
1782461842.94,0,0,0,0,0,1.55,-2.19,0.0,0.0,0.0,0.0,0.0,0,90,0,0.0,0,False,False,False,False,False,False
1782461842.966,0,0,0,0,0,1.55,-2.21,0.0,0.0,0.0,0.0,0.0,0,90,0,0.0,0,False,False,False,False,False,False
1782461842.988,0,0,0,0,0,1.54,-2.23,0.0,0.0,0.0,0.0,0.0,0,90,0,0.0,0,False,False,False,False,False,False
1782461843.012,0,0,0,0,0,1.53,-2.23,0.0,0.0,0.0,0.0,0.0,0,90,0,0.0,0,False,False,False,False,False,False
1782461843.035,0,0,0,0,0,1.53,-2.21,0.0,0.0,0.0,0.0,0.0,0,90,0,0.0,0,False,False,False,False,False,False
1782461843.059,0,0,0,0,0,1.54,-2.2,0.0,0.0,0.0,0.0,0.0,0,90,0,0.0,0,False,False,False,False,False,False
1782461843.083,0,0,0,0,0,1.55,-2.19,0.0,0.0,0.0,0.0,0.0,0,90,0,0.0,0,False,False,False,False,False,False
1782461843.105,0,0,0,0,0,1.54,-2.18,0.0,0.0,0.0,0.0,0.0,0,90,0,0.0,0,False,False,False,False,False,False
1782461843.13,0,0,0,0,0,1.54,-2.17,0.0,0.0,0.0,0.0,0.0,0,90,0,0.0,0,False,False,False,False,False,False
1782461843.153,0,0,0,0,0,1.53,-2.17,0.0,0.0,0.0,0.0,0.0,0,90,0,0.0,0,False,False,False,False,False,False
1782461843.178,0,0,0,0,0,1.52,-2.18,0.0,0.0,0.0,0.0,0.0,0,90,0,0.0,0,False,False,False,False,False,False
1782461843.201,0,0,0,0,0,1.51,-2.18,0.0,0.0,0.0,0.0,0.0,0,90,0,0.0,0,False,False,False,False,False,False
1782461843.224,0,0,0,0,0,1.5,-2.17,0.0,0.0,0.0,0.0,0.0,0,90,0,0.0,0,False,False,False,False,False,False
1782461843.248,0,0,0,0,0,1.51,-2.14,0.0,0.0,0.0,0.0,0.0,0,90,0,0.0,0,False,False,False,False,False,False
1782461843.271,0,0,0,0,0,1.53,-2.11,0.0,0.0,0.0,0.0,0.0,0,90,0,0.0,0,False,False,False,False,False,False
1782461843.296,0,0,0,0,0,1.55,-2.12,0.0,0.0,0.0,0.0,0.0,0,90,0,0.0,0,False,False,False,False,False,False
1782461843.319,0,0,0,0,0,1.55,-2.16,0.0,0.0,0.0,0.0,0.0,0,90,0,0.0,0,False,False,False,False,False,False
1782461843.343,0,0,0,0,0,1.53,-2.19,0.0,0.0,0.0,0.0,0.0,0,90,0,0.0,0,False,False,False,False,False,False
1782461843.366,0,0,0,0,0,1.51,-2.21,0.0,0.0,0.0,0.0,0.0,0,90,0,0.0,0,False,False,False,False,False,False
1782461843.39,0,0,0,0,0,1.51,-2.22,0.0,0.0,0.0,0.0,0.0,0,90,0,0.0,0,False,False,False,False,False,False
1782461843.414,0,0,0,0,0,1.54,-2.23,0.0,0.0,0.0,0.0,0.0,0,90,0,0.0,0,False,False,False,False,False,False
1782461843.437,0,0,0,0,0,1.57,-2.22,0.0,0.0,0.0,0.0,0.0,0,90,0,0.0,0,False,False,False,False,False,False
1782461843.462,0,0,0,0,0,1.61,-2.21,0.0,0.0,0.0,0.0,0.0,0,90,0,0.0,0,False,False,False,False,False,False
1782461843.484,0,0,0,0,0,1.63,-2.2,0.0,0.0,0.0,0.0,0.0,0,90,0,0.0,0,False,False,False,False,False,False
1782461843.508,0,0,0,0,0,1.63,-2.2,0.0,0.0,0.0,0.0,0.0,0,90,0,0.0,0,False,False,False,False,False,False
1782461843.531,0,0,0,0,0,1.61,-2.19,0.0,0.0,0.0,0.0,0.0,0,90,0,0.0,0,False,False,False,False,False,False
1782461843.555,0,0,0,0,0,1.6,-2.18,0.0,0.0,0.0,0.0,0.0,0,90,0,0.0,0,False,False,False,False,False,False
1782461843.579,0,0,0,0,0,1.6,-2.16,0.0,0.0,0.0,0.0,0.0,0,90,0,0.0,0,False,False,False,False,False,False
1782461843.603,0,0,0,0,0,1.6,-2.16,0.0,0.0,0.0,0.0,0.0,0,90,0,0.0,0,False,False,False,False,False,False
1782461843.627,0,0,0,0,0,1.59,-2.16,0.0,0.0,0.0,0.0,0.0,0,90,0,0.0,0,False,False,False,False,False,False
1782461843.65,0,0,0,0,0,1.57,-2.14,0.0,0.0,0.0,0.0,0.0,0,90,0,0.0,0,False,False,False,False,False,False
1782461843.674,0,0,0,0,0,1.54,-2.13,0.0,0.0,0.0,0.0,0.0,0,90,0,0.0,0,False,False,False,False,False,False
1782461843.697,0,0,0,0,0,1.5,-2.14,0.0,0.0,0.0,0.0,0.0,0,90,0,0.0,0,False,False,False,False,False,False
1782461843.72,0,0,0,0,0,1.46,-2.17,0.0,0.0,0.0,0.0,0.0,0,90,0,0.0,0,False,False,False,False,False,False
1782461843.744,0,0,0,0,0,1.44,-2.2,0.0,0.0,0.0,0.0,0.0,0,90,0,0.0,0,False,False,False,False,False,False
1782461843.768,0,0,0,0,0,1.45,-2.21,0.0,0.0,0.0,0.0,0.0,0,90,0,0.0,0,False,False,False,False,False,False
1782461843.791,0,0,0,0,0,1.48,-2.21,0.0,0.0,0.0,0.0,0.0,0,90,0,0.0,0,False,False,False,False,False,False
1782461843.814,0,0,0,0,0,1.51,-2.2,0.0,0.0,0.0,0.0,0.0,0,90,0,0.0,0,False,False,False,False,False,False
1782461843.838,0,0,0,0,0,1.54,-2.19,0.0,0.0,0.0,0.0,0.0,0,90,0,0.0,0,False,False,False,False,False,False
1782461843.865,0,0,0,0,0,1.54,-2.18,0.0,0.0,0.0,0.0,0.0,0,90,0,0.0,0,False,False,False,False,False,False
1782461843.886,0,0,0,0,0,1.53,-2.17,0.0,0.0,0.0,0.0,0.0,0,90,0,0.0,0,False,False,False,False,False,False
1782461843.911,0,0,0,0,0,1.55,-2.17,0.0,0.0,0.0,0.0,0.0,0,90,0,0.0,0,False,False,False,False,False,False
1782461843.932,0,0,0,0,0,1.58,-2.17,0.0,0.0,0.0,0.0,0.0,0,90,0,0.0,0,False,False,False,False,False,False
1782461843.957,0,0,0,0,0,1.59,-2.15,0.0,0.0,0.0,0.0,0.0,0,90,0,0.0,0,False,False,False,False,False,False
1782461843.983,0,0,0,0,0,1.56,-2.14,0.0,0.0,0.0,0.0,0.0,0,90,0,0.0,0,False,False,False,False,False,False
1782461844.005,0,0,0,0,0,1.54,-2.14,0.0,0.0,0.0,0.0,0.0,0,90,0,0.0,0,False,False,False,False,False,False
1782461844.029,0,0,0,0,0,1.53,-2.14,0.0,0.0,0.0,0.0,0.0,0,90,0,0.0,0,False,False,False,False,False,False
1782461844.051,0,0,0,0,0,1.54,-2.14,0.0,0.0,0.0,0.0,0.0,0,90,0,0.0,0,False,False,False,False,False,False
1782461844.074,0,0,0,0,0,1.55,-2.14,0.0,0.0,0.0,0.0,0.0,0,90,0,0.0,0,False,False,False,False,False,False
1782461844.098,0,0,0,0,0,1.56,-2.15,0.0,0.0,0.0,0.0,0.0,0,90,0,0.0,0,False,False,False,False,False,False
1782461844.122,0,0,0,0,0,1.56,-2.17,0.0,0.0,0.0,0.0,0.0,0,90,0,0.0,0,False,False,False,False,False,False
1782461844.147,0,0,0,0,0,1.53,-2.19,0.0,0.0,0.0,0.0,0.0,0,90,0,0.0,0,False,False,False,False,False,False
1782461844.169,0,0,0,0,0,1.5,-2.2,0.0,0.0,0.0,0.0,0.0,0,90,0,0.0,0,False,False,False,False,False,False
1782461844.192,0,0,0,0,0,1.48,-2.19,0.0,0.0,0.0,0.0,0.0,0,90,0,0.0,0,False,False,False,False,False,False
1782461844.216,0,0,0,0,0,1.47,-2.19,0.0,0.0,0.0,0.0,0.0,0,90,0,0.0,0,False,False,False,False,False,False
1782461844.24,0,0,0,0,0,1.47,-2.2,0.0,0.0,0.0,0.0,0.0,0,90,0,0.0,0,False,False,False,False,False,False
1782461844.268,0,0,0,0,0,1.49,-2.21,0.0,0.0,0.0,0.0,0.0,0,90,0,0.0,0,False,False,False,False,False,False
1782461844.287,0,0,0,0,0,1.52,-2.23,0.0,0.0,0.0,0.0,0.0,0,90,0,0.0,0,False,False,False,False,False,False
1782461844.311,0,0,0,0,0,1.54,-2.25,0.0,0.0,0.0,0.0,0.0,0,90,0,0.0,0,False,False,False,False,False,False
1782461844.335,0,0,0,0,0,1.56,-2.23,0.0,0.0,0.0,0.0,0.0,0,90,0,0.0,0,False,False,False,False,False,False
1782461844.358,0,0,0,0,0,1.57,-2.18,0.0,0.0,0.0,0.0,0.0,0,90,0,0.0,0,False,False,False,False,False,False
1782461844.383,0,0,0,0,0,1.56,-2.14,0.0,0.0,0.0,0.0,0.0,0,90,0,0.0,0,False,False,False,False,False,False
1782461844.405,0,0,0,0,0,1.55,-2.11,0.0,0.0,0.0,0.0,0.0,0,90,0,0.0,0,False,False,False,False,False,False
1782461844.432,0,0,0,0,0,1.56,-2.12,0.0,0.0,0.0,0.0,0.0,0,90,0,0.0,0,False,False,False,False,False,False
1782461844.458,0,0,0,0,0,1.59,-2.15,0.0,0.0,0.0,0.0,0.0,0,90,0,0.0,0,False,False,False,False,False,False
1782461844.477,0,0,0,0,0,1.59,-2.19,0.0,0.0,0.0,0.0,0.0,0,90,0,0.0,0,False,False,False,False,False,False
1782461844.501,0,0,0,0,0,1.59,-2.19,0.0,0.0,0.0,0.0,0.0,0,90,0,0.0,0,False,False,False,False,False,False
1782461844.525,0,0,0,0,0,1.57,-2.17,0.0,0.0,0.0,0.0,0.0,0,90,0,0.0,0,False,False,False,False,False,False
1782461844.548,0,0,0,0,0,1.55,-2.14,0.0,0.0,0.0,0.0,0.0,0,90,0,0.0,0,False,False,False,False,False,False
1782461844.571,0,0,0,0,0,1.53,-2.13,0.0,0.0,0.0,0.0,0.0,0,90,0,0.0,0,False,False,False,False,False,False
1782461844.595,0,0,0,0,0,1.5,-2.14,0.0,0.0,0.0,0.0,0.0,0,90,0,0.0,0,False,False,False,False,False,False
1782461844.62,0,0,0,0,0,1.47,-2.17,0.0,0.0,0.0,0.0,0.0,0,90,0,0.0,0,False,False,False,False,False,False
1782461844.641,0,0,0,0,0,1.47,-2.19,0.0,0.0,0.0,0.0,0.0,0,90,0,0.0,0,False,False,False,False,False,False
1782461844.665,0,0,0,0,0,1.5,-2.17,0.0,0.0,0.0,0.0,0.0,0,90,0,0.0,0,False,False,False,False,False,False
1782461844.689,0,0,0,0,0,1.51,-2.14,0.0,0.0,0.0,0.0,0.0,0,90,0,0.0,0,False,False,False,False,False,False
1782461844.716,0,0,0,0,0,1.52,-2.12,0.0,0.0,0.0,0.0,0.0,0,90,0,0.0,0,False,False,False,False,False,False
1782461844.736,0,0,0,0,0,1.52,-2.12,0.0,0.0,0.0,0.0,0.0,0,90,0,0.0,0,False,False,False,False,False,False
1782461844.759,0,0,0,0,0,1.53,-2.12,0.0,0.0,0.0,0.0,0.0,0,90,0,0.0,0,False,False,False,False,False,False
1782461844.783,0,0,0,0,0,1.54,-2.12,0.0,0.0,0.0,0.0,0.0,0,90,0,0.0,0,False,False,False,False,False,False
1782461844.808,0,0,0,0,0,1.54,-2.12,0.0,0.0,0.0,0.0,0.0,0,90,0,0.0,0,False,False,False,False,False,False
1782461844.832,0,0,0,0,0,1.54,-2.13,0.0,0.0,0.0,0.0,0.0,0,90,0,0.0,0,False,False,False,False,False,False
1782461844.854,0,0,0,0,0,1.56,-2.14,0.0,0.0,0.0,0.0,0.0,0,90,0,0.0,0,False,False,False,False,False,False
1782461844.878,0,0,0,0,0,1.59,-2.15,0.0,0.0,0.0,0.0,0.0,0,90,0,0.0,0,False,False,False,False,False,False
1782461844.901,0,0,0,0,0,1.59,-2.15,0.0,0.0,0.0,0.0,0.0,0,90,0,0.0,0,False,False,False,False,False,False
1782461844.926,0,0,0,0,0,1.59,-2.15,0.0,0.0,0.0,0.0,0.0,0,90,0,0.0,0,False,False,False,False,False,False
1782461844.951,0,0,0,0,0,1.58,-2.13,0.0,0.0,0.0,0.0,0.0,0,90,0,0.0,0,False,False,False,False,False,False
1782461844.972,0,0,0,0,0,1.58,-2.11,0.0,0.0,0.0,0.0,0.0,0,90,0,0.0,0,False,False,False,False,False,False
1782461844.997,0,0,0,0,0,1.58,-2.11,0.0,0.0,0.0,0.0,0.0,0,90,0,0.0,0,False,False,False,False,False,False
1782461845.019,0,0,0,0,0,1.57,-2.12,0.0,0.0,0.0,0.0,0.0,0,90,0,0.0,0,False,False,False,False,False,False
1782461845.043,0,0,0,0,0,1.56,-2.14,0.0,0.0,0.0,0.0,0.0,0,90,0,0.0,0,False,False,False,False,False,False
1782461845.068,0,0,0,0,0,1.55,-2.18,0.0,0.0,0.0,0.0,0.0,0,90,0,0.0,0,False,False,False,False,False,False
1782461845.091,0,0,0,0,0,1.56,-2.2,0.0,0.0,0.0,0.0,0.0,0,90,0,0.0,0,False,False,False,False,False,False
1782461845.115,0,0,0,0,0,1.57,-2.2,0.0,0.0,0.0,0.0,0.0,0,90,0,0.0,0,False,False,False,False,False,False
1782461845.139,0,0,0,0,0,1.55,-2.18,0.0,0.0,0.0,0.0,0.0,0,90,0,0.0,0,False,False,False,False,False,False
1782461845.162,0,0,0,0,0,1.54,-2.16,0.0,0.0,0.0,0.0,0.0,0,90,0,0.0,0,False,False,False,False,False,False
1782461845.186,0,0,0,0,0,1.53,-2.12,0.0,0.0,0.0,0.0,0.0,0,90,0,0.0,0,False,False,False,False,False,False
1782461845.21,0,0,0,0,0,1.53,-2.09,0.0,0.0,0.0,0.0,0.0,0,90,0,0.0,0,False,False,False,False,False,False
1782461845.233,0,0,0,0,0,1.54,-2.09,0.0,0.0,0.0,0.0,0.0,0,90,0,0.0,0,False,False,False,False,False,False
1782461845.256,0,0,0,0,0,1.54,-2.12,0.0,0.0,0.0,0.0,0.0,0,90,0,0.0,0,False,False,False,False,False,False
1782461845.28,0,0,0,0,0,1.52,-2.16,0.0,0.0,0.0,0.0,0.0,0,90,0,0.0,0,False,False,False,False,False,False
1782461845.303,0,0,0,0,0,1.52,-2.19,0.0,0.0,0.0,0.0,0.0,0,90,0,0.0,0,False,False,False,False,False,False
1782461845.327,0,0,0,0,0,1.54,-2.19,0.0,0.0,0.0,0.0,0.0,0,90,0,0.0,0,False,False,False,False,False,False
1782461845.35,0,0,0,0,0,1.57,-2.15,0.0,0.0,0.0,0.0,0.0,0,90,0,0.0,0,False,False,False,False,False,False
1782461845.436,0,0,0,0,0,1.58,-2.12,0.0,0.0,0.0,0.0,0.0,0,90,0,0.0,0,False,False,False,False,False,False
1782461845.445,0,0,0,0,0,1.59,-2.12,0.0,0.0,0.0,0.0,0.0,0,90,0,0.0,0,False,False,False,False,False,False
1782461845.487,0,0,0,0,0,1.58,-2.15,0.0,0.0,0.0,0.0,0.0,0,90,0,0.0,0,False,False,False,False,False,False
1782461845.494,0,0,0,0,0,1.58,-2.17,0.0,0.0,0.0,0.0,0.0,0,90,0,0.0,0,False,False,False,False,False,False
1782461845.516,0,0,0,0,0,1.58,-2.18,0.0,0.0,0.0,0.0,0.0,0,90,0,0.0,0,False,False,False,False,False,False
1782461845.539,0,0,0,0,0,1.59,-2.17,0.0,0.0,0.0,0.0,0.0,0,90,0,0.0,0,False,False,False,False,False,False
1782461845.563,0,0,0,0,0,1.59,-2.15,0.0,0.0,0.0,0.0,0.0,0,90,0,0.0,0,False,False,False,False,False,False
1782461845.589,0,0,0,0,0,1.58,-2.12,0.0,0.0,0.0,0.0,0.0,0,90,0,0.0,0,False,False,False,False,False,False
1782461845.61,0,0,0,0,0,1.56,-2.1,0.0,0.0,0.0,0.0,0.0,0,90,0,0.0,0,False,False,False,False,False,False
1782461845.634,0,0,0,0,0,1.54,-2.11,0.0,0.0,0.0,0.0,0.0,0,90,0,0.0,0,False,False,False,False,False,False
1782461845.657,0,0,0,0,0,1.54,-2.14,0.0,0.0,0.0,0.0,0.0,0,90,0,0.0,0,False,False,False,False,False,False
1782461845.682,0,0,0,0,0,1.54,-2.15,0.0,0.0,0.0,0.0,0.0,0,90,0,0.0,0,False,False,False,False,False,False
1782461845.705,0,0,0,0,0,1.54,-2.16,0.0,0.0,0.0,0.0,0.0,0,90,0,0.0,0,False,False,False,False,False,False
1782461845.729,0,0,0,0,0,1.54,-2.16,0.0,0.0,0.0,0.0,0.0,0,90,0,0.0,0,False,False,False,False,False,False
1782461845.752,0,0,0,0,0,1.54,-2.16,0.0,0.0,0.0,0.0,0.0,0,90,0,0.0,0,False,False,False,False,False,False
1782461845.776,0,0,0,0,0,1.56,-2.17,0.0,0.0,0.0,0.0,0.0,0,90,0,0.0,0,False,False,False,False,False,False
1782461845.8,0,0,0,0,0,1.56,-2.2,0.0,0.0,0.0,0.0,0.0,0,90,0,0.0,0,False,False,False,False,False,False
1782461845.823,0,0,0,0,0,1.55,-2.24,0.0,0.0,0.0,0.0,0.0,0,90,0,0.0,0,False,False,False,False,False,False
1782461845.848,0,0,0,0,0,1.52,-2.25,0.0,0.0,0.0,0.0,0.0,0,90,0,0.0,0,False,False,False,False,False,False
1782461845.871,0,0,0,0,0,1.52,-2.22,0.0,0.0,0.0,0.0,0.0,0,90,0,0.0,0,False,False,False,False,False,False
1782461845.893,0,0,0,0,0,1.55,-2.17,0.0,0.0,0.0,0.0,0.0,0,90,0,0.0,0,False,False,False,False,False,False
1782461845.918,0,0,0,0,0,1.59,-2.14,0.0,0.0,0.0,0.0,0.0,0,90,0,0.0,0,False,False,False,False,False,False
1782461845.942,0,0,0,0,0,1.61,-2.13,0.0,0.0,0.0,0.0,0.0,0,90,0,0.0,0,False,False,False,False,False,False
1782461845.965,0,0,0,0,0,1.59,-2.14,0.0,0.0,0.0,0.0,0.0,0,90,0,0.0,0,False,False,False,False,False,False
1782461845.989,0,0,0,0,0,1.56,-2.14,0.0,0.0,0.0,0.0,0.0,0,90,0,0.0,0,False,False,False,False,False,False
1782461846.013,0,0,0,0,0,1.54,-2.14,0.0,0.0,0.0,0.0,0.0,0,90,0,0.0,0,False,False,False,False,False,False
1782461846.035,0,0,0,0,0,1.54,-2.16,0.0,0.0,0.0,0.0,0.0,0,90,0,0.0,0,False,False,False,False,False,False
1782461846.058,0,0,0,0,0,1.55,-2.17,0.0,0.0,0.0,0.0,0.0,0,90,0,0.0,0,False,False,False,False,False,False
1782461846.083,0,0,0,0,0,1.56,-2.16,0.0,0.0,0.0,0.0,0.0,0,90,0,0.0,0,False,False,False,False,False,False
1782461846.106,0,0,0,0,0,1.58,-2.13,0.0,0.0,0.0,0.0,0.0,0,90,0,0.0,0,False,False,False,False,False,False
1782461846.132,0,0,0,0,0,1.59,-2.1,0.0,0.0,0.0,0.0,0.0,0,90,0,0.0,0,False,False,False,False,False,False
1782461846.155,0,0,0,0,0,1.57,-2.12,0.0,0.0,0.0,0.0,0.0,0,90,0,0.0,0,False,False,False,False,False,False
1782461846.177,0,0,0,0,0,1.54,-2.17,0.0,0.0,0.0,0.0,0.0,0,90,0,0.0,0,False,False,False,False,False,False
1782461846.201,0,0,0,0,0,1.51,-2.21,0.0,0.0,0.0,0.0,0.0,0,90,0,0.0,0,False,False,False,False,False,False
1782461846.224,0,0,0,0,0,1.51,-2.22,0.0,0.0,0.0,0.0,0.0,0,90,0,0.0,0,False,False,False,False,False,False
1782461846.249,0,0,0,0,0,1.53,-2.23,0.0,0.0,0.0,0.0,0.0,0,90,0,0.0,0,False,False,False,False,False,False
1782461846.272,0,0,0,0,0,1.54,-2.22,0.0,0.0,0.0,0.0,0.0,0,90,0,0.0,0,False,False,False,False,False,False
1782461846.297,0,0,0,0,0,1.55,-2.2,0.0,0.0,0.0,0.0,0.0,0,90,0,0.0,0,False,False,False,False,False,False
1782461846.319,0,0,0,0,0,1.55,-2.17,0.0,0.0,0.0,0.0,0.0,0,90,0,0.0,0,False,False,False,False,False,False
1782461846.343,0,0,0,0,0,1.55,-2.16,0.0,0.0,0.0,0.0,0.0,0,90,0,0.0,0,False,False,False,False,False,False
1782461846.365,0,0,0,0,0,1.54,-2.17,0.0,0.0,0.0,0.0,0.0,0,90,0,0.0,0,False,False,False,False,False,False
1782461846.389,0,0,0,0,0,1.52,-2.2,0.0,0.0,0.0,0.0,0.0,0,90,0,0.0,0,False,False,False,False,False,False
1782461846.414,0,0,0,0,0,1.53,-2.22,0.0,0.0,0.0,0.0,0.0,0,90,0,0.0,0,False,False,False,False,False,False
1782461846.436,0,0,0,0,0,1.54,-2.21,0.0,0.0,0.0,0.0,0.0,0,90,0,0.0,0,False,False,False,False,False,False
1782461846.46,0,0,0,0,0,1.54,-2.19,0.0,0.0,0.0,0.0,0.0,0,90,0,0.0,0,False,False,False,False,False,False
1782461846.484,0,0,0,0,0,1.54,-2.16,0.0,0.0,0.0,0.0,0.0,0,90,0,0.0,0,False,False,False,False,False,False
1782461846.507,0,0,0,0,0,1.55,-2.13,0.0,0.0,0.0,0.0,0.0,0,90,0,0.0,0,False,False,False,False,False,False
1782461846.531,0,0,0,0,0,1.56,-2.13,0.0,0.0,0.0,0.0,0.0,0,90,0,0.0,0,False,False,False,False,False,False
1782461846.554,0,0,0,0,0,1.57,-2.15,0.0,0.0,0.0,0.0,0.0,0,90,0,0.0,0,False,False,False,False,False,False
1782461846.578,0,0,0,0,0,1.55,-2.16,0.0,0.0,0.0,0.0,0.0,0,90,0,0.0,0,False,False,False,False,False,False
1782461846.602,0,0,0,0,0,1.52,-2.18,0.0,0.0,0.0,0.0,0.0,0,90,0,0.0,0,False,False,False,False,False,False
1782461846.626,0,0,0,0,0,1.52,-2.18,0.0,0.0,0.0,0.0,0.0,0,90,0,0.0,0,False,False,False,False,False,False
1782461846.65,0,0,0,0,0,1.54,-2.17,0.0,0.0,0.0,0.0,0.0,0,90,0,0.0,0,False,False,False,False,False,False
1782461846.672,0,0,0,0,0,1.55,-2.17,0.0,0.0,0.0,0.0,0.0,0,90,0,0.0,0,False,False,False,False,False,False
1782461846.698,0,0,0,0,0,1.57,-2.16,0.0,0.0,0.0,0.0,0.0,0,90,0,0.0,0,False,False,False,False,False,False
1782461846.72,0,0,0,0,0,1.57,-2.15,0.0,0.0,0.0,0.0,0.0,0,90,0,0.0,0,False,False,False,False,False,False
1782461846.743,0,0,0,0,0,1.55,-2.18,0.0,0.0,0.0,0.0,0.0,0,90,0,0.0,0,False,False,False,False,False,False
1782461846.768,0,0,0,0,0,1.52,-2.21,0.0,0.0,0.0,0.0,0.0,0,90,0,0.0,0,False,False,False,False,False,False
1782461846.791,0,0,0,0,0,1.51,-2.21,0.0,0.0,0.0,0.0,0.0,0,90,0,0.0,0,False,False,False,False,False,False
1782461846.815,0,0,0,0,0,1.51,-2.2,0.0,0.0,0.0,0.0,0.0,0,90,0,0.0,0,False,False,False,False,False,False
1782461846.839,0,0,0,0,0,1.52,-2.19,0.0,0.0,0.0,0.0,0.0,0,90,0,0.0,0,False,False,False,False,False,False
1782461846.862,0,0,0,0,0,1.53,-2.18,0.0,0.0,0.0,0.0,0.0,0,90,0,0.0,0,False,False,False,False,False,False
1782461846.886,0,0,0,0,0,1.55,-2.17,0.0,0.0,0.0,0.0,0.0,0,90,0,0.0,0,False,False,False,False,False,False
1782461846.908,0,0,0,0,0,1.56,-2.17,0.0,0.0,0.0,0.0,0.0,0,90,0,0.0,0,False,False,False,False,False,False
1782461846.933,0,0,0,0,0,1.57,-2.17,0.0,0.0,0.0,0.0,0.0,0,90,0,0.0,0,False,False,False,False,False,False
1782461847.027,0,0,0,0,0,1.58,-2.16,0.0,0.0,0.0,0.0,0.0,0,90,0,0.0,0,False,False,False,False,False,False
1782461847.062,0,0,0,0,0,1.6,-2.14,0.0,0.0,0.0,0.0,0.0,0,90,0,0.0,0,False,False,False,False,False,False
1782461847.075,0,0,0,0,0,1.63,-2.12,0.0,0.0,0.0,0.0,0.0,0,90,0,0.0,0,False,False,False,False,False,False
1782461847.1,0,0,0,0,0,1.66,-2.1,0.0,0.0,0.0,0.0,0.0,0,90,0,0.0,0,False,False,False,False,False,False
1782461847.121,0,0,0,0,0,1.67,-2.08,0.0,0.0,0.0,0.0,0.0,0,90,0,0.0,0,False,False,False,False,False,False
1782461847.145,0,0,0,0,0,1.65,-2.08,0.0,0.0,0.0,0.0,0.0,0,90,0,0.0,0,False,False,False,False,False,False
1782461847.169,0,0,0,0,0,1.61,-2.08,0.0,0.0,0.0,0.0,0.0,0,90,0,0.0,0,False,False,False,False,False,False
1782461847.192,0,0,0,0,0,1.57,-2.09,0.0,0.0,0.0,0.0,0.0,0,90,0,0.0,0,False,False,False,False,False,False
1782461847.216,0,0,0,0,0,1.53,-2.11,0.0,0.0,0.0,0.0,0.0,0,90,0,0.0,0,False,False,False,False,False,False
1782461847.239,0,0,0,0,0,1.5,-2.14,0.0,0.0,0.0,0.0,0.0,0,90,0,0.0,0,False,False,False,False,False,False
1782461847.264,0,0,0,0,0,1.51,-2.18,0.0,0.0,0.0,0.0,0.0,0,90,0,0.0,0,False,False,False,False,False,False
1782461847.286,0,0,0,0,0,1.55,-2.21,0.0,0.0,0.0,0.0,0.0,0,90,0,0.0,0,False,False,False,False,False,False
1782461847.31,0,0,0,0,0,1.57,-2.23,0.0,0.0,0.0,0.0,0.0,0,90,0,0.0,0,False,False,False,False,False,False
1782461847.334,0,0,0,0,0,1.55,-2.23,0.0,0.0,0.0,0.0,0.0,0,90,0,0.0,0,False,False,False,False,False,False
1782461847.357,0,0,0,0,0,1.53,-2.21,0.0,0.0,0.0,0.0,0.0,0,90,0,0.0,0,False,False,False,False,False,False
1782461847.382,0,0,0,0,0,1.53,-2.17,0.0,0.0,0.0,0.0,0.0,0,90,0,0.0,0,False,False,False,False,False,False
1782461847.404,0,0,0,0,0,1.57,-2.14,0.0,0.0,0.0,0.0,0.0,0,90,0,0.0,0,False,False,False,False,False,False
1782461847.428,0,0,0,0,0,1.6,-2.13,0.0,0.0,0.0,0.0,0.0,0,90,0,0.0,0,False,False,False,False,False,False
1782461847.452,0,0,0,0,0,1.61,-2.11,0.0,0.0,0.0,0.0,0.0,0,90,0,0.0,0,False,False,False,False,False,False
1782461847.475,0,0,0,0,0,1.6,-2.11,0.0,0.0,0.0,0.0,0.0,0,90,0,0.0,0,False,False,False,False,False,False
1782461847.498,0,0,0,0,0,1.58,-2.17,0.0,0.0,0.0,0.0,0.0,0,90,0,0.0,0,False,False,False,False,False,False
1782461847.522,0,0,0,0,0,1.55,-2.24,0.0,0.0,0.0,0.0,0.0,0,90,0,0.0,0,False,False,False,False,False,False
1782461847.545,0,0,0,0,0,1.54,-2.28,0.0,0.0,0.0,0.0,0.0,0,90,0,0.0,0,False,False,False,False,False,False
1782461847.571,0,0,0,0,0,1.55,-2.29,0.0,0.0,0.0,0.0,0.0,0,90,0,0.0,0,False,False,False,False,False,False
1782461847.593,0,0,0,0,0,1.56,-2.25,0.0,0.0,0.0,0.0,0.0,0,90,0,0.0,0,False,False,False,False,False,False
1782461847.618,0,0,0,0,0,1.58,-2.2,0.0,0.0,0.0,0.0,0.0,0,90,0,0.0,0,False,False,False,False,False,False
1782461847.64,0,0,0,0,0,1.59,-2.14,0.0,0.0,0.0,0.0,0.0,0,90,0,0.0,0,False,False,False,False,False,False
1782461847.664,0,0,0,0,0,1.6,-2.09,0.0,0.0,0.0,0.0,0.0,0,90,0,0.0,0,False,False,False,False,False,False
1782461847.687,0,0,0,0,0,1.6,-2.09,0.0,0.0,0.0,0.0,0.0,0,90,0,0.0,0,False,False,False,False,False,False
1782461847.711,0,0,0,0,0,1.59,-2.12,0.0,0.0,0.0,0.0,0.0,0,90,0,0.0,0,False,False,False,False,False,False
1782461847.736,0,0,0,0,0,1.57,-2.18,0.0,0.0,0.0,0.0,0.0,0,90,0,0.0,0,False,False,False,False,False,False
1782461847.758,0,0,0,0,0,1.56,-2.25,0.0,0.0,0.0,0.0,0.0,0,90,0,0.0,0,False,False,False,False,False,False
1782461847.783,0,0,0,0,0,1.56,-2.28,0.0,0.0,0.0,0.0,0.0,0,90,0,0.0,0,False,False,False,False,False,False
1782461847.806,0,0,0,0,0,1.58,-2.27,0.0,0.0,0.0,0.0,0.0,0,90,0,0.0,0,False,False,False,False,False,False
1782461847.829,0,0,0,0,0,1.61,-2.23,0.0,0.0,0.0,0.0,0.0,0,90,0,0.0,0,False,False,False,False,False,False
1782461847.852,0,0,0,0,0,1.64,-2.17,0.0,0.0,0.0,0.0,0.0,0,90,0,0.0,0,False,False,False,False,False,False
1782461847.876,0,0,0,0,0,1.65,-2.12,0.0,0.0,0.0,0.0,0.0,0,90,0,0.0,0,False,False,False,False,False,False
1782461847.899,0,0,0,0,0,1.64,-2.09,0.0,0.0,0.0,0.0,0.0,0,90,0,0.0,0,False,False,False,False,False,False
1782461847.923,0,0,0,0,0,1.61,-2.09,0.0,0.0,0.0,0.0,0.0,0,90,0,0.0,0,False,False,False,False,False,False
1782461847.945,0,0,0,0,0,1.59,-2.16,0.0,0.0,0.0,0.0,0.0,0,90,0,0.0,0,False,False,False,False,False,False
1782461847.97,0,0,0,0,0,1.6,-2.22,0.0,0.0,0.0,0.0,0.0,0,90,0,0.0,0,False,False,False,False,False,False
1782461847.993,0,0,0,0,0,1.61,-2.26,0.0,0.0,0.0,0.0,0.0,0,90,0,0.0,0,False,False,False,False,False,False
1782461848.018,0,0,0,0,0,1.59,-2.31,0.0,0.0,0.0,0.0,0.0,0,90,0,0.0,0,False,False,False,False,False,False
1782461848.041,0,0,0,0,0,1.57,-2.34,0.0,0.0,0.0,0.0,0.0,0,90,0,0.0,0,False,False,False,False,False,False
1782461848.063,0,0,0,0,0,1.58,-2.32,0.0,0.0,0.0,0.0,0.0,0,90,0,0.0,0,False,False,False,False,False,False
1782461848.087,0,0,0,0,0,1.61,-2.26,0.0,0.0,0.0,0.0,0.0,0,90,0,0.0,0,False,False,False,False,False,False
1782461848.111,0,0,0,0,0,1.63,-2.19,0.0,0.0,0.0,0.0,0.0,0,90,0,0.0,0,False,False,False,False,False,False
1782461848.135,0,0,0,0,0,1.64,-2.14,0.0,0.0,0.0,0.0,0.0,0,90,0,0.0,0,False,False,False,False,False,False
1782461848.158,0,0,0,0,0,1.62,-2.12,0.0,0.0,0.0,0.0,0.0,0,90,0,0.0,0,False,False,False,False,False,False
1782461848.181,0,0,0,0,0,1.59,-2.15,0.0,0.0,0.0,0.0,0.0,0,90,0,0.0,0,False,False,False,False,False,False
1782461848.205,0,0,0,0,0,1.56,-2.2,0.0,0.0,0.0,0.0,0.0,0,90,0,0.0,0,False,False,False,False,False,False
1782461848.228,0,0,0,0,0,1.55,-2.24,0.0,0.0,0.0,0.0,0.0,0,90,0,0.0,0,False,False,False,False,False,False
1782461848.252,0,0,0,0,0,1.54,-2.29,0.0,0.0,0.0,0.0,0.0,0,90,0,0.0,0,False,False,False,False,False,False
1782461848.276,0,0,0,0,0,1.54,-2.31,0.0,0.0,0.0,0.0,0.0,0,90,0,0.0,0,False,False,False,False,False,False
1782461848.298,0,0,0,0,0,1.56,-2.29,0.0,0.0,0.0,0.0,0.0,0,90,0,0.0,0,False,False,False,False,False,False
1782461848.323,0,0,0,0,0,1.58,-2.23,0.0,0.0,0.0,0.0,0.0,0,90,0,0.0,0,False,False,False,False,False,False
1782461848.345,0,0,0,0,0,1.58,-2.17,0.0,0.0,0.0,0.0,0.0,0,90,0,0.0,0,False,False,False,False,False,False
1782461848.371,0,0,0,0,0,1.56,-2.14,0.0,0.0,0.0,0.0,0.0,0,90,0,0.0,0,False,False,False,False,False,False
1782461848.393,0,0,0,0,0,1.53,-2.13,0.0,0.0,0.0,0.0,0.0,0,90,0,0.0,0,False,False,False,False,False,False
1782461848.417,0,0,0,0,0,1.49,-2.17,0.0,0.0,0.0,0.0,0.0,0,90,0,0.0,0,False,False,False,False,False,False
1782461848.44,0,0,0,0,0,1.46,-2.24,0.0,0.0,0.0,0.0,0.0,0,90,0,0.0,0,False,False,False,False,False,False
1782461848.463,0,0,0,0,0,1.46,-2.3,0.0,0.0,0.0,0.0,0.0,0,90,0,0.0,0,False,False,False,False,False,False
1782461848.488,0,0,0,0,0,1.48,-2.3,0.0,0.0,0.0,0.0,0.0,0,90,0,0.0,0,False,False,False,False,False,False
1782461848.511,0,0,0,0,0,1.5,-2.25,0.0,0.0,0.0,0.0,0.0,0,90,0,0.0,0,False,False,False,False,False,False
1782461848.535,0,0,0,0,0,1.52,-2.19,0.0,0.0,0.0,0.0,0.0,0,90,0,0.0,0,False,False,False,False,False,False
1782461848.559,0,0,0,0,0,1.53,-2.13,0.0,0.0,0.0,0.0,0.0,0,90,0,0.0,0,False,False,False,False,False,False
1782461848.582,0,0,0,0,0,1.55,-2.08,0.0,0.0,0.0,0.0,0.0,0,90,0,0.0,0,False,False,False,False,False,False
1782461848.606,0,0,0,0,0,1.56,-2.06,0.0,0.0,0.0,0.0,0.0,0,90,0,0.0,0,False,False,False,False,False,False
1782461848.629,0,0,0,0,0,1.57,-2.09,0.0,0.0,0.0,0.0,0.0,0,90,0,0.0,0,False,False,False,False,False,False
1782461848.653,0,0,0,0,0,1.57,-2.15,0.0,0.0,0.0,0.0,0.0,0,90,0,0.0,0,False,False,False,False,False,False
1782461848.676,0,0,0,0,0,1.57,-2.18,0.0,0.0,0.0,0.0,0.0,0,90,0,0.0,0,False,False,False,False,False,False
1782461848.7,0,0,0,0,0,1.56,-2.17,0.0,0.0,0.0,0.0,0.0,0,90,0,0.0,0,False,False,False,False,False,False
1782461848.723,0,0,0,0,0,1.56,-2.14,0.0,0.0,0.0,0.0,0.0,0,90,0,0.0,0,False,False,False,False,False,False
1782461848.746,0,0,0,0,0,1.58,-2.11,0.0,0.0,0.0,0.0,0.0,0,90,0,0.0,0,False,False,False,False,False,False
1782461848.771,0,0,0,0,0,1.58,-2.1,0.0,0.0,0.0,0.0,0.0,0,90,0,0.0,0,False,False,False,False,False,False
1782461848.794,0,0,0,0,0,1.56,-2.13,0.0,0.0,0.0,0.0,0.0,0,90,0,0.0,0,False,False,False,False,False,False
1782461848.819,0,0,0,0,0,1.53,-2.18,0.0,0.0,0.0,0.0,0.0,0,90,0,0.0,0,False,False,False,False,False,False
1782461848.841,0,0,0,0,0,1.51,-2.22,0.0,0.0,0.0,0.0,0.0,0,90,0,0.0,0,False,False,False,False,False,False
1782461848.866,0,0,0,0,0,1.52,-2.21,0.0,0.0,0.0,0.0,0.0,0,90,0,0.0,0,False,False,False,False,False,False
1782461848.889,0,0,0,0,0,1.56,-2.19,0.0,0.0,0.0,0.0,0.0,0,90,0,0.0,0,False,False,False,False,False,False
1782461848.912,0,0,0,0,0,1.58,-2.17,0.0,0.0,0.0,0.0,0.0,0,90,0,0.0,0,False,False,False,False,False,False
1782461848.937,0,0,0,0,0,1.58,-2.16,0.0,0.0,0.0,0.0,0.0,0,90,0,0.0,0,False,False,False,False,False,False
1782461848.96,0,0,0,0,0,1.56,-2.14,0.0,0.0,0.0,0.0,0.0,0,90,0,0.0,0,False,False,False,False,False,False
1782461848.984,0,0,0,0,0,1.55,-2.14,0.0,0.0,0.0,0.0,0.0,0,90,0,0.0,0,False,False,False,False,False,False
1782461849.008,0,0,0,0,0,1.55,-2.16,0.0,0.0,0.0,0.0,0.0,0,90,0,0.0,0,False,False,False,False,False,False
1782461849.031,0,0,0,0,0,1.55,-2.19,0.0,0.0,0.0,0.0,0.0,0,90,0,0.0,0,False,False,False,False,False,False
1782461849.056,0,0,0,0,0,1.56,-2.19,0.0,0.0,0.0,0.0,0.0,0,90,0,0.0,0,False,False,False,False,False,False
1782461849.077,0,0,0,0,0,1.56,-2.2,0.0,0.0,0.0,0.0,0.0,0,90,0,0.0,0,False,False,False,False,False,False
1782461849.103,0,0,0,0,0,1.57,-2.2,0.0,0.0,0.0,0.0,0.0,0,90,0,0.0,0,False,False,False,False,False,False
1782461849.126,0,0,0,0,0,1.58,-2.2,0.0,0.0,0.0,0.0,0.0,0,90,0,0.0,0,False,False,False,False,False,False
1782461849.149,0,0,0,0,0,1.58,-2.19,0.0,0.0,0.0,0.0,0.0,0,90,0,0.0,0,False,False,False,False,False,False
1782461849.172,0,0,0,0,0,1.57,-2.19,0.0,0.0,0.0,0.0,0.0,0,90,0,0.0,0,False,False,False,False,False,False
1782461849.195,0,0,0,0,0,1.57,-2.2,0.0,0.0,0.0,0.0,0.0,0,90,0,0.0,0,False,False,False,False,False,False
1782461849.22,0,0,0,0,0,1.56,-2.21,0.0,0.0,0.0,0.0,0.0,0,90,0,0.0,0,False,False,False,False,False,False
1782461849.244,0,0,0,0,0,1.56,-2.21,0.0,0.0,0.0,0.0,0.0,0,90,0,0.0,0,False,False,False,False,False,False
1782461849.269,0,0,0,0,0,1.55,-2.18,0.0,0.0,0.0,0.0,0.0,0,90,0,0.0,0,False,False,False,False,False,False
1782461849.29,0,0,0,0,0,1.54,-2.15,0.0,0.0,0.0,0.0,0.0,0,90,0,0.0,0,False,False,False,False,False,False
1782461849.314,0,0,0,0,0,1.52,-2.12,0.0,0.0,0.0,0.0,0.0,0,90,0,0.0,0,False,False,False,False,False,False
1782461849.337,0,0,0,0,0,1.52,-2.1,0.0,0.0,0.0,0.0,0.0,0,90,0,0.0,0,False,False,False,False,False,False
1782461849.361,0,0,0,0,0,1.53,-2.09,0.0,0.0,0.0,0.0,0.0,0,90,0,0.0,0,False,False,False,False,False,False
1782461849.386,0,0,0,0,0,1.54,-2.09,0.0,0.0,0.0,0.0,0.0,0,90,0,0.0,0,False,False,False,False,False,False
1782461849.409,0,0,0,0,0,1.54,-2.11,0.0,0.0,0.0,0.0,0.0,0,90,0,0.0,0,False,False,False,False,False,False
1782461849.434,0,0,0,0,0,1.56,-2.14,0.0,0.0,0.0,0.0,0.0,0,90,0,0.0,0,False,False,False,False,False,False
1782461849.456,0,0,0,0,0,1.58,-2.18,0.0,0.0,0.0,0.0,0.0,0,90,0,0.0,0,False,False,False,False,False,False
1782461849.478,0,0,0,0,0,1.59,-2.2,0.0,0.0,0.0,0.0,0.0,0,90,0,0.0,0,False,False,False,False,False,False
1782461849.504,0,0,0,0,0,1.59,-2.19,0.0,0.0,0.0,0.0,0.0,0,90,0,0.0,0,False,False,False,False,False,False
1782461849.528,0,0,0,0,0,1.58,-2.18,0.0,0.0,0.0,0.0,0.0,0,90,0,0.0,0,False,False,False,False,False,False
1782461849.551,0,0,0,0,0,1.56,-2.18,0.0,0.0,0.0,0.0,0.0,0,90,0,0.0,0,False,False,False,False,False,False
1782461849.575,0,0,0,0,0,1.53,-2.19,0.0,0.0,0.0,0.0,0.0,0,90,0,0.0,0,False,False,False,False,False,False
1782461849.597,0,0,0,0,0,1.52,-2.19,0.0,0.0,0.0,0.0,0.0,0,90,0,0.0,0,False,False,False,False,False,False
1782461849.62,0,0,0,0,0,1.53,-2.16,0.0,0.0,0.0,0.0,0.0,0,90,0,0.0,0,False,False,False,False,False,False
1782461849.644,0,0,0,0,0,1.55,-2.13,0.0,0.0,0.0,0.0,0.0,0,90,0,0.0,0,False,False,False,False,False,False
1782461849.669,0,0,0,0,0,1.56,-2.08,0.0,0.0,0.0,0.0,0.0,0,90,0,0.0,0,False,False,False,False,False,False
1782461849.692,0,0,0,0,0,1.55,-2.04,0.0,0.0,0.0,0.0,0.0,0,90,0,0.0,0,False,False,False,False,False,False
1782461849.714,0,0,0,0,0,1.52,-2.03,0.0,0.0,0.0,0.0,0.0,0,90,0,0.0,0,False,False,False,False,False,False
1782461849.739,0,0,0,0,0,1.51,-2.1,0.0,0.0,0.0,0.0,0.0,0,90,0,0.0,0,False,False,False,False,False,False
1782461849.761,0,0,0,0,0,1.51,-2.17,0.0,0.0,0.0,0.0,0.0,0,90,0,0.0,0,False,False,False,False,False,False
1782461849.785,0,0,0,0,0,1.53,-2.22,0.0,0.0,0.0,0.0,0.0,0,90,0,0.0,0,False,False,False,False,False,False
1782461849.809,0,0,0,0,0,1.53,-2.29,0.0,0.0,0.0,0.0,0.0,0,90,0,0.0,0,False,False,False,False,False,False
1782461849.833,0,0,0,0,0,1.55,-2.36,0.0,0.0,0.0,0.0,0.0,0,90,0,0.0,0,False,False,False,False,False,False
1782461849.856,0,0,0,0,0,1.56,-2.34,0.0,0.0,0.0,0.0,0.0,0,90,0,0.0,0,False,False,False,False,False,False
1782461849.879,0,0,0,0,0,1.58,-2.29,0.0,0.0,0.0,0.0,0.0,0,90,0,0.0,0,False,False,False,False,False,False
1782461849.903,0,0,0,0,0,1.58,-2.22,0.0,0.0,0.0,0.0,0.0,0,90,0,0.0,0,False,False,False,False,False,False
1782461849.927,0,0,0,0,0,1.58,-2.18,0.0,0.0,0.0,0.0,0.0,0,90,0,0.0,0,False,False,False,False,False,False
1782461849.951,0,0,0,0,0,1.56,-2.16,0.0,0.0,0.0,0.0,0.0,0,90,0,0.0,0,False,False,False,False,False,False
1782461849.974,0,0,0,0,0,1.56,-2.18,0.0,0.0,0.0,0.0,0.0,0,90,0,0.0,0,False,False,False,False,False,False
1782461849.998,0,0,0,0,0,1.56,-2.2,0.0,0.0,0.0,0.0,0.0,0,90,0,0.0,0,False,False,False,False,False,False
1782461850.021,0,0,0,0,0,1.54,-2.21,0.0,0.0,0.0,0.0,0.0,0,90,0,0.0,0,False,False,False,False,False,False
1782461850.044,0,0,0,0,0,1.53,-2.19,0.0,0.0,0.0,0.0,0.0,0,90,0,0.0,0,False,False,False,False,False,False
1782461850.069,0,0,0,0,0,1.53,-2.15,0.0,0.0,0.0,0.0,0.0,0,90,0,0.0,0,False,False,False,False,False,False
1782461850.092,0,0,0,0,0,1.53,-2.1,0.0,0.0,0.0,0.0,0.0,0,90,0,0.0,0,False,False,False,False,False,False
1782461850.116,0,0,0,0,0,1.54,-2.08,0.0,0.0,0.0,0.0,0.0,0,90,0,0.0,0,False,False,False,False,False,False
1782461850.14,0,0,0,0,0,1.55,-2.08,0.0,0.0,0.0,0.0,0.0,0,90,0,0.0,0,False,False,False,False,False,False
1782461850.162,0,0,0,0,0,1.55,-2.09,0.0,0.0,0.0,0.0,0.0,0,90,0,0.0,0,False,False,False,False,False,False
1782461850.187,0,0,0,0,0,1.56,-2.09,0.0,0.0,0.0,0.0,0.0,0,90,0,0.0,0,False,False,False,False,False,False
1782461850.21,0,0,0,0,0,1.56,-2.09,0.0,0.0,0.0,0.0,0.0,0,90,0,0.0,0,False,False,False,False,False,False
1782461850.236,0,0,0,0,0,1.55,-2.12,0.0,0.0,0.0,0.0,0.0,0,90,0,0.0,0,False,False,False,False,False,False
1782461850.258,0,0,0,0,0,1.55,-2.17,0.0,0.0,0.0,0.0,0.0,0,90,0,0.0,0,False,False,False,False,False,False
1782461850.281,0,0,0,0,0,1.56,-2.22,0.0,0.0,0.0,0.0,0.0,0,90,0,0.0,0,False,False,False,False,False,False
1782461850.305,0,0,0,0,0,1.58,-2.22,0.0,0.0,0.0,0.0,0.0,0,90,0,0.0,0,False,False,False,False,False,False
1782461850.329,0,0,0,0,0,1.59,-2.21,0.0,0.0,0.0,0.0,0.0,0,90,0,0.0,0,False,False,False,False,False,False
1782461850.352,0,0,0,0,0,1.61,-2.18,0.0,0.0,0.0,0.0,0.0,0,90,0,0.0,0,False,False,False,False,False,False
1782461850.377,0,0,0,0,0,1.61,-2.15,0.0,0.0,0.0,0.0,0.0,0,90,0,0.0,0,False,False,False,False,False,False
1782461850.401,0,0,0,0,0,1.59,-2.14,0.0,0.0,0.0,0.0,0.0,0,90,0,0.0,0,False,False,False,False,False,False
1782461850.424,0,0,0,0,0,1.57,-2.15,0.0,0.0,0.0,0.0,0.0,0,90,0,0.0,0,False,False,False,False,False,False
1782461850.448,0,0,0,0,0,1.54,-2.19,0.0,0.0,0.0,0.0,0.0,0,90,0,0.0,0,False,False,False,False,False,False
1782461850.471,0,0,0,0,0,1.51,-2.24,0.0,0.0,0.0,0.0,0.0,0,90,0,0.0,0,False,False,False,False,False,False
1782461850.494,0,0,0,0,0,1.49,-2.27,0.0,0.0,0.0,0.0,0.0,0,90,0,0.0,0,False,False,False,False,False,False
1782461850.519,0,0,0,0,0,1.49,-2.26,0.0,0.0,0.0,0.0,0.0,0,90,0,0.0,0,False,False,False,False,False,False
1782461850.541,0,0,0,0,0,1.51,-2.22,0.0,0.0,0.0,0.0,0.0,0,90,0,0.0,0,False,False,False,False,False,False
1782461850.565,0,0,0,0,0,1.53,-2.17,0.0,0.0,0.0,0.0,0.0,0,90,0,0.0,0,False,False,False,False,False,False
1782461850.59,0,0,0,0,0,1.54,-2.12,0.0,0.0,0.0,0.0,0.0,0,90,0,0.0,0,False,False,False,False,False,False
1782461850.612,0,0,0,0,0,1.54,-2.08,0.0,0.0,0.0,0.0,0.0,0,90,0,0.0,0,False,False,False,False,False,False
1782461850.636,0,0,0,0,0,1.52,-2.09,0.0,0.0,0.0,0.0,0.0,0,90,0,0.0,0,False,False,False,False,False,False
1782461850.66,0,0,0,0,0,1.5,-2.15,0.0,0.0,0.0,0.0,0.0,0,90,0,0.0,0,False,False,False,False,False,False
1782461850.683,0,0,0,0,0,1.5,-2.21,0.0,0.0,0.0,0.0,0.0,0,90,0,0.0,0,False,False,False,False,False,False
1782461850.709,0,0,0,0,0,1.51,-2.24,0.0,0.0,0.0,0.0,0.0,0,90,0,0.0,0,False,False,False,False,False,False
1782461850.731,0,0,0,0,0,1.51,-2.23,0.0,0.0,0.0,0.0,0.0,0,90,0,0.0,0,False,False,False,False,False,False
1782461850.755,0,0,0,0,0,1.5,-2.19,0.0,0.0,0.0,0.0,0.0,0,90,0,0.0,0,False,False,False,False,False,False
1782461850.778,0,0,0,0,0,1.5,-2.15,0.0,0.0,0.0,0.0,0.0,0,90,0,0.0,0,False,False,False,False,False,False
1782461850.802,0,0,0,0,0,1.5,-2.11,0.0,0.0,0.0,0.0,0.0,0,90,0,0.0,0,False,False,False,False,False,False
1782461850.824,0,0,0,0,0,1.52,-2.1,0.0,0.0,0.0,0.0,0.0,0,90,0,0.0,0,False,False,False,False,False,False
1782461850.848,0,0,0,0,0,1.55,-2.11,0.0,0.0,0.0,0.0,0.0,0,90,0,0.0,0,False,False,False,False,False,False
1782461850.872,0,0,0,0,0,1.57,-2.12,0.0,0.0,0.0,0.0,0.0,0,90,0,0.0,0,False,False,False,False,False,False
1782461850.897,0,0,0,0,0,1.57,-2.13,0.0,0.0,0.0,0.0,0.0,0,90,0,0.0,0,False,False,False,False,False,False
1782461850.92,0,0,0,0,0,1.56,-2.13,0.0,0.0,0.0,0.0,0.0,0,90,0,0.0,0,False,False,False,False,False,False
1782461850.943,0,0,0,0,0,1.55,-2.12,0.0,0.0,0.0,0.0,0.0,0,90,0,0.0,0,False,False,False,False,False,False
1782461850.967,0,0,0,0,0,1.55,-2.09,0.0,0.0,0.0,0.0,0.0,0,90,0,0.0,0,False,False,False,False,False,False
1782461850.992,0,0,0,0,0,1.54,-2.08,0.0,0.0,0.0,0.0,0.0,0,90,0,0.0,0,False,False,False,False,False,False
1782461851.042,0,0,0,0,0,1.53,-2.07,0.0,0.0,0.0,0.0,0.0,0,90,0,0.0,0,False,False,False,False,False,False
1782461851.059,0,0,0,0,0,1.53,-2.09,0.0,0.0,0.0,0.0,0.0,0,90,0,0.0,0,False,False,False,False,False,False
1782461851.064,0,0,0,0,0,1.53,-2.12,0.0,0.0,0.0,0.0,0.0,0,90,0,0.0,0,False,False,False,False,False,False
1782461851.086,0,0,0,0,0,1.53,-2.15,0.0,0.0,0.0,0.0,0.0,0,90,0,0.0,0,False,False,False,False,False,False
1782461851.109,0,0,0,0,0,1.54,-2.16,0.0,0.0,0.0,0.0,0.0,0,90,0,0.0,0,False,False,False,False,False,False
1782461851.133,0,0,0,0,0,1.55,-2.15,0.0,0.0,0.0,0.0,0.0,0,90,0,0.0,0,False,False,False,False,False,False
1782461851.157,0,0,0,0,0,1.56,-2.13,0.0,0.0,0.0,0.0,0.0,0,90,0,0.0,0,False,False,False,False,False,False
1782461851.18,0,0,0,0,0,1.55,-2.13,0.0,0.0,0.0,0.0,0.0,0,90,0,0.0,0,False,False,False,False,False,False
1782461851.203,0,0,0,0,0,1.53,-2.15,0.0,0.0,0.0,0.0,0.0,0,90,0,0.0,0,False,False,False,False,False,False
1782461851.225,0,0,0,0,0,1.51,-2.18,0.0,0.0,0.0,0.0,0.0,0,90,0,0.0,0,False,False,False,False,False,False
1782461851.251,0,0,0,0,0,1.51,-2.19,0.0,0.0,0.0,0.0,0.0,0,90,0,0.0,0,False,False,False,False,False,False
1782461851.276,0,0,0,0,0,1.52,-2.21,0.0,0.0,0.0,0.0,0.0,0,90,0,0.0,0,False,False,False,False,False,False
1782461851.298,0,0,0,0,0,1.54,-2.24,0.0,0.0,0.0,0.0,0.0,0,90,0,0.0,0,False,False,False,False,False,False
1782461851.322,0,0,0,0,0,1.56,-2.23,0.0,0.0,0.0,0.0,0.0,0,90,0,0.0,0,False,False,False,False,False,False
1782461851.344,0,0,0,0,0,1.58,-2.2,0.0,0.0,0.0,0.0,0.0,0,90,0,0.0,0,False,False,False,False,False,False
1782461851.369,0,0,0,0,0,1.58,-2.17,0.0,0.0,0.0,0.0,0.0,0,90,0,0.0,0,False,False,False,False,False,False
1782461851.393,0,0,0,0,0,1.56,-2.15,0.0,0.0,0.0,0.0,0.0,0,90,0,0.0,0,False,False,False,False,False,False
1782461851.414,0,0,0,0,0,1.53,-2.16,0.0,0.0,0.0,0.0,0.0,0,90,0,0.0,0,False,False,False,False,False,False
1782461851.439,0,0,0,0,0,1.5,-2.18,0.0,0.0,0.0,0.0,0.0,0,90,0,0.0,0,False,False,False,False,False,False
1782461851.462,0,0,0,0,0,1.49,-2.18,0.0,0.0,0.0,0.0,0.0,0,90,0,0.0,0,False,False,False,False,False,False
1782461851.487,0,0,0,0,0,1.48,-2.18,0.0,0.0,0.0,0.0,0.0,0,90,0,0.0,0,False,False,False,False,False,False
1782461851.51,0,0,0,0,0,1.5,-2.19,0.0,0.0,0.0,0.0,0.0,0,90,0,0.0,0,False,False,False,False,False,False
1782461851.534,0,0,0,0,0,1.53,-2.2,0.0,0.0,0.0,0.0,0.0,0,90,0,0.0,0,False,False,False,False,False,False
1782461851.557,0,0,0,0,0,1.55,-2.21,0.0,0.0,0.0,0.0,0.0,0,90,0,0.0,0,False,False,False,False,False,False
1782461851.58,0,0,0,0,0,1.54,-2.2,0.0,0.0,0.0,0.0,0.0,0,90,0,0.0,0,False,False,False,False,False,False
1782461851.605,0,0,0,0,0,1.54,-2.18,0.0,0.0,0.0,0.0,0.0,0,90,0,0.0,0,False,False,False,False,False,False
1782461851.627,0,0,0,0,0,1.52,-2.16,0.0,0.0,0.0,0.0,0.0,0,90,0,0.0,0,False,False,False,False,False,False
1782461851.652,0,0,0,0,0,1.51,-2.15,0.0,0.0,0.0,0.0,0.0,0,90,0,0.0,0,False,False,False,False,False,False
1782461851.676,0,0,0,0,0,1.5,-2.13,0.0,0.0,0.0,0.0,0.0,0,90,0,0.0,0,False,False,False,False,False,False
1782461851.699,0,0,0,0,0,1.52,-2.15,0.0,0.0,0.0,0.0,0.0,0,90,0,0.0,0,False,False,False,False,False,False
1782461851.723,0,0,0,0,0,1.55,-2.18,0.0,0.0,0.0,0.0,0.0,0,90,0,0.0,0,False,False,False,False,False,False
1782461851.745,0,0,0,0,0,1.58,-2.21,0.0,0.0,0.0,0.0,0.0,0,90,0,0.0,0,False,False,False,False,False,False
1782461851.77,0,0,0,0,0,1.6,-2.22,0.0,0.0,0.0,0.0,0.0,0,90,0,0.0,0,False,False,False,False,False,False
1782461851.794,0,0,0,0,0,1.6,-2.21,0.0,0.0,0.0,0.0,0.0,0,90,0,0.0,0,False,False,False,False,False,False
1782461851.818,0,0,0,0,0,1.59,-2.2,0.0,0.0,0.0,0.0,0.0,0,90,0,0.0,0,False,False,False,False,False,False
1782461851.841,0,0,0,0,0,1.58,-2.18,0.0,0.0,0.0,0.0,0.0,0,90,0,0.0,0,False,False,False,False,False,False
1782461851.864,0,0,0,0,0,1.57,-2.19,0.0,0.0,0.0,0.0,0.0,0,90,0,0.0,0,False,False,False,False,False,False
1782461851.889,0,0,0,0,0,1.58,-2.23,0.0,0.0,0.0,0.0,0.0,0,90,0,0.0,0,False,False,False,False,False,False
1782461851.911,0,0,0,0,0,1.57,-2.26,0.0,0.0,0.0,0.0,0.0,0,90,0,0.0,0,False,False,False,False,False,False
1782461851.937,0,0,0,0,0,1.56,-2.26,0.0,0.0,0.0,0.0,0.0,0,90,0,0.0,0,False,False,False,False,False,False
1782461851.959,0,0,0,0,0,1.56,-2.26,0.0,0.0,0.0,0.0,0.0,0,90,0,0.0,0,False,False,False,False,False,False
1782461851.983,0,0,0,0,0,1.57,-2.25,0.0,0.0,0.0,0.0,0.0,0,90,0,0.0,0,False,False,False,False,False,False
1782461852.006,0,0,0,0,0,1.58,-2.24,0.0,0.0,0.0,0.0,0.0,0,90,0,0.0,0,False,False,False,False,False,False
1782461852.03,0,0,0,0,0,1.58,-2.24,0.0,0.0,0.0,0.0,0.0,0,90,0,0.0,0,False,False,False,False,False,False
1782461852.054,0,0,0,0,0,1.56,-2.24,0.0,0.0,0.0,0.0,0.0,0,90,0,0.0,0,False,False,False,False,False,False
1782461852.077,0,0,0,0,0,1.56,-2.23,0.0,0.0,0.0,0.0,0.0,0,90,0,0.0,0,False,False,False,False,False,False
1782461852.101,0,0,0,0,0,1.56,-2.21,0.0,0.0,0.0,0.0,0.0,0,90,0,0.0,0,False,False,False,False,False,False
1782461852.124,0,0,0,0,0,1.54,-2.2,0.0,0.0,0.0,0.0,0.0,0,90,0,0.0,0,False,False,False,False,False,False
1782461852.147,0,0,0,0,0,1.52,-2.21,0.0,0.0,0.0,0.0,0.0,0,90,0,0.0,0,False,False,False,False,False,False
1782461852.171,0,0,0,0,0,1.52,-2.21,0.0,0.0,0.0,0.0,0.0,0,90,0,0.0,0,False,False,False,False,False,False
1782461852.194,0,0,0,0,0,1.53,-2.19,0.0,0.0,0.0,0.0,0.0,0,90,0,0.0,0,False,False,False,False,False,False
1782461852.218,0,0,0,0,0,1.53,-2.16,0.0,0.0,0.0,0.0,0.0,0,90,0,0.0,0,False,False,False,False,False,False
1782461852.242,0,0,0,0,0,1.52,-2.14,0.0,0.0,0.0,0.0,0.0,0,90,0,0.0,0,False,False,False,False,False,False
1782461852.265,0,0,0,0,0,1.51,-2.13,0.0,0.0,0.0,0.0,0.0,0,90,0,0.0,0,False,False,False,False,False,False
1782461852.29,0,0,0,0,0,1.49,-2.14,0.0,0.0,0.0,0.0,0.0,0,90,0,0.0,0,False,False,False,False,False,False
1782461852.313,0,0,0,0,0,1.47,-2.15,0.0,0.0,0.0,0.0,0.0,0,90,0,0.0,0,False,False,False,False,False,False
1782461852.337,0,0,0,0,0,1.46,-2.16,0.0,0.0,0.0,0.0,0.0,0,90,0,0.0,0,False,False,False,False,False,False
1782461852.36,0,0,0,0,0,1.49,-2.15,0.0,0.0,0.0,0.0,0.0,0,90,0,0.0,0,False,False,False,False,False,False
1782461852.384,0,0,0,0,0,1.5,-2.13,0.0,0.0,0.0,0.0,0.0,0,90,0,0.0,0,False,False,False,False,False,False
1782461852.407,0,0,0,0,0,1.51,-2.12,0.0,0.0,0.0,0.0,0.0,0,90,0,0.0,0,False,False,False,False,False,False
1782461852.43,0,0,0,0,0,1.52,-2.13,0.0,0.0,0.0,0.0,0.0,0,90,0,0.0,0,False,False,False,False,False,False
1782461852.454,0,0,0,0,0,1.52,-2.13,0.0,0.0,0.0,0.0,0.0,0,90,0,0.0,0,False,False,False,False,False,False
1782461852.478,0,0,0,0,0,1.51,-2.14,0.0,0.0,0.0,0.0,0.0,0,90,0,0.0,0,False,False,False,False,False,False
1782461852.501,0,0,0,0,0,1.5,-2.14,0.0,0.0,0.0,0.0,0.0,0,90,0,0.0,0,False,False,False,False,False,False
1782461852.525,0,0,0,0,0,1.5,-2.12,0.0,0.0,0.0,0.0,0.0,0,90,0,0.0,0,False,False,False,False,False,False
1782461852.549,0,0,0,0,0,1.53,-2.1,0.0,0.0,0.0,0.0,0.0,0,90,0,0.0,0,False,False,False,False,False,False
1782461852.574,0,0,0,0,0,1.57,-2.09,0.0,0.0,0.0,0.0,0.0,0,90,0,0.0,0,False,False,False,False,False,False
1782461852.596,0,0,0,0,0,1.58,-2.09,0.0,0.0,0.0,0.0,0.0,0,90,0,0.0,0,False,False,False,False,False,False
1782461852.62,0,0,0,0,0,1.57,-2.08,0.0,0.0,0.0,0.0,0.0,0,90,0,0.0,0,False,False,False,False,False,False
1782461852.644,0,0,0,0,0,1.58,-2.08,0.0,0.0,0.0,0.0,0.0,0,90,0,0.0,0,False,False,False,False,False,False
1782461852.667,0,0,0,0,0,1.58,-2.1,0.0,0.0,0.0,0.0,0.0,0,90,0,0.0,0,False,False,False,False,False,False
1782461852.691,0,0,0,0,0,1.58,-2.12,0.0,0.0,0.0,0.0,0.0,0,90,0,0.0,0,False,False,False,False,False,False
1782461852.714,0,0,0,0,0,1.56,-2.14,0.0,0.0,0.0,0.0,0.0,0,90,0,0.0,0,False,False,False,False,False,False
1782461852.738,0,0,0,0,0,1.54,-2.16,0.0,0.0,0.0,0.0,0.0,0,90,0,0.0,0,False,False,False,False,False,False
1782461852.761,0,0,0,0,0,1.52,-2.16,0.0,0.0,0.0,0.0,0.0,0,90,0,0.0,0,False,False,False,False,False,False
1782461852.786,0,0,0,0,0,1.53,-2.15,0.0,0.0,0.0,0.0,0.0,0,90,0,0.0,0,False,False,False,False,False,False
1782461852.81,0,0,0,0,0,1.55,-2.15,0.0,0.0,0.0,0.0,0.0,0,90,0,0.0,0,False,False,False,False,False,False
1782461852.832,0,0,0,0,0,1.56,-2.16,0.0,0.0,0.0,0.0,0.0,0,90,0,0.0,0,False,False,False,False,False,False
1782461852.857,0,0,0,0,0,1.56,-2.16,0.0,0.0,0.0,0.0,0.0,0,90,0,0.0,0,False,False,False,False,False,False
1782461852.879,0,0,0,0,0,1.57,-2.17,0.0,0.0,0.0,0.0,0.0,0,90,0,0.0,0,False,False,False,False,False,False
1782461852.904,0,0,0,0,0,1.58,-2.17,0.0,0.0,0.0,0.0,0.0,0,90,0,0.0,0,False,False,False,False,False,False
1782461852.926,0,0,0,0,0,1.59,-2.18,0.0,0.0,0.0,0.0,0.0,0,90,0,0.0,0,False,False,False,False,False,False
1782461852.951,0,0,0,0,0,1.6,-2.2,0.0,0.0,0.0,0.0,0.0,0,90,0,0.0,0,False,False,False,False,False,False
1782461852.974,0,0,0,0,0,1.62,-2.21,0.0,0.0,0.0,0.0,0.0,0,90,0,0.0,0,False,False,False,False,False,False
1782461852.997,0,0,0,0,0,1.62,-2.2,0.0,0.0,0.0,0.0,0.0,0,90,0,0.0,0,False,False,False,False,False,False
1782461853.022,0,0,0,0,0,1.59,-2.19,0.0,0.0,0.0,0.0,0.0,0,90,0,0.0,0,False,False,False,False,False,False
1782461853.045,0,0,0,0,0,1.57,-2.17,0.0,0.0,0.0,0.0,0.0,0,90,0,0.0,0,False,False,False,False,False,False
1782461853.068,0,0,0,0,0,1.56,-2.15,0.0,0.0,0.0,0.0,0.0,0,90,0,0.0,0,False,False,False,False,False,False
1782461853.092,0,0,0,0,0,1.57,-2.12,0.0,0.0,0.0,0.0,0.0,0,90,0,0.0,0,False,False,False,False,False,False
1782461853.116,0,0,0,0,0,1.57,-2.1,0.0,0.0,0.0,0.0,0.0,0,90,0,0.0,0,False,False,False,False,False,False
1782461853.139,0,0,0,0,0,1.57,-2.13,0.0,0.0,0.0,0.0,0.0,0,90,0,0.0,0,False,False,False,False,False,False
1782461853.162,0,0,0,0,0,1.58,-2.19,0.0,0.0,0.0,0.0,0.0,0,90,0,0.0,0,False,False,False,False,False,False
1782461853.189,0,0,0,0,0,1.6,-2.25,0.0,0.0,0.0,0.0,0.0,0,90,0,0.0,0,False,False,False,False,False,False
1782461853.21,0,0,0,0,0,1.6,-2.27,0.0,0.0,0.0,0.0,0.0,0,90,0,0.0,0,False,False,False,False,False,False
1782461853.233,0,0,0,0,0,1.61,-2.25,0.0,0.0,0.0,0.0,0.0,0,90,0,0.0,0,False,False,False,False,False,False
1782461853.258,0,0,0,0,0,1.61,-2.2,0.0,0.0,0.0,0.0,0.0,0,90,0,0.0,0,False,False,False,False,False,False
1782461853.28,0,0,0,0,0,1.6,-2.17,0.0,0.0,0.0,0.0,0.0,0,90,0,0.0,0,False,False,False,False,False,False
1782461853.305,0,0,0,0,0,1.58,-2.16,0.0,0.0,0.0,0.0,0.0,0,90,0,0.0,0,False,False,False,False,False,False
1782461853.328,0,0,0,0,0,1.57,-2.16,0.0,0.0,0.0,0.0,0.0,0,90,0,0.0,0,False,False,False,False,False,False
1782461853.35,0,0,0,0,0,1.56,-2.16,0.0,0.0,0.0,0.0,0.0,0,90,0,0.0,0,False,False,False,False,False,False
1782461853.374,0,0,0,0,0,1.55,-2.16,0.0,0.0,0.0,0.0,0.0,0,90,0,0.0,0,False,False,False,False,False,False
1782461853.398,0,0,0,0,0,1.56,-2.17,0.0,0.0,0.0,0.0,0.0,0,90,0,0.0,0,False,False,False,False,False,False
1782461853.422,0,0,0,0,0,1.57,-2.17,0.0,0.0,0.0,0.0,0.0,0,90,0,0.0,0,False,False,False,False,False,False
1782461853.444,0,0,0,0,0,1.57,-2.15,0.0,0.0,0.0,0.0,0.0,0,90,0,0.0,0,False,False,False,False,False,False
1782461853.469,0,0,0,0,0,1.56,-2.14,0.0,0.0,0.0,0.0,0.0,0,90,0,0.0,0,False,False,False,False,False,False
1782461853.493,0,0,0,0,0,1.54,-2.15,0.0,0.0,0.0,0.0,0.0,0,90,0,0.0,0,False,False,False,False,False,False
1782461853.517,0,0,0,0,0,1.53,-2.18,0.0,0.0,0.0,0.0,0.0,0,90,0,0.0,0,False,False,False,False,False,False
1782461853.54,0,0,0,0,0,1.51,-2.19,0.0,0.0,0.0,0.0,0.0,0,90,0,0.0,0,False,False,False,False,False,False
1782461853.563,0,0,0,0,0,1.51,-2.18,0.0,0.0,0.0,0.0,0.0,0,90,0,0.0,0,False,False,False,False,False,False
1782461853.588,0,0,0,0,0,1.53,-2.16,0.0,0.0,0.0,0.0,0.0,0,90,0,0.0,0,False,False,False,False,False,False
1782461853.611,0,0,0,0,0,1.55,-2.14,0.0,0.0,0.0,0.0,0.0,0,90,0,0.0,0,False,False,False,False,False,False
1782461853.635,0,0,0,0,0,1.54,-2.13,0.0,0.0,0.0,0.0,0.0,0,90,0,0.0,0,False,False,False,False,False,False
1782461853.659,0,0,0,0,0,1.52,-2.12,0.0,0.0,0.0,0.0,0.0,0,90,0,0.0,0,False,False,False,False,False,False
1782461853.681,0,0,0,0,0,1.51,-2.11,0.0,0.0,0.0,0.0,0.0,0,90,0,0.0,0,False,False,False,False,False,False
1782461853.706,0,0,0,0,0,1.52,-2.1,0.0,0.0,0.0,0.0,0.0,0,90,0,0.0,0,False,False,False,False,False,False
1782461853.729,0,0,0,0,0,1.54,-2.11,0.0,0.0,0.0,0.0,0.0,0,90,0,0.0,0,False,False,False,False,False,False
1782461853.753,0,0,0,0,0,1.56,-2.12,0.0,0.0,0.0,0.0,0.0,0,90,0,0.0,0,False,False,False,False,False,False
1782461853.777,0,0,0,0,0,1.57,-2.11,0.0,0.0,0.0,0.0,0.0,0,90,0,0.0,0,False,False,False,False,False,False
1782461853.799,0,0,0,0,0,1.56,-2.11,0.0,0.0,0.0,0.0,0.0,0,90,0,0.0,0,False,False,False,False,False,False
1782461853.824,0,0,0,0,0,1.56,-2.14,0.0,0.0,0.0,0.0,0.0,0,90,0,0.0,0,False,False,False,False,False,False
1782461853.848,0,0,0,0,0,1.56,-2.17,0.0,0.0,0.0,0.0,0.0,0,90,0,0.0,0,False,False,False,False,False,False
1782461853.871,0,0,0,0,0,1.55,-2.18,0.0,0.0,0.0,0.0,0.0,0,90,0,0.0,0,False,False,False,False,False,False
1782461853.894,0,0,0,0,0,1.54,-2.17,0.0,0.0,0.0,0.0,0.0,0,90,0,0.0,0,False,False,False,False,False,False
1782461853.918,0,0,0,0,0,1.56,-2.16,0.0,0.0,0.0,0.0,0.0,0,90,0,0.0,0,False,False,False,False,False,False
1782461853.942,0,0,0,0,0,1.58,-2.14,0.0,0.0,0.0,0.0,0.0,0,90,0,0.0,0,False,False,False,False,False,False
1782461853.965,0,0,0,0,0,1.59,-2.13,0.0,0.0,0.0,0.0,0.0,0,90,0,0.0,0,False,False,False,False,False,False
1782461853.989,0,0,0,0,0,1.58,-2.13,0.0,0.0,0.0,0.0,0.0,0,90,0,0.0,0,False,False,False,False,False,False
1782461854.012,0,0,0,0,0,1.57,-2.11,0.0,0.0,0.0,0.0,0.0,0,90,0,0.0,0,False,False,False,False,False,False
1782461854.035,0,0,0,0,0,1.56,-2.08,0.0,0.0,0.0,0.0,0.0,0,90,0,0.0,0,False,False,False,False,False,False
1782461854.06,0,0,0,0,0,1.56,-2.07,0.0,0.0,0.0,0.0,0.0,0,90,0,0.0,0,False,False,False,False,False,False
1782461854.084,0,0,0,0,0,1.56,-2.09,0.0,0.0,0.0,0.0,0.0,0,90,0,0.0,0,False,False,False,False,False,False
1782461854.11,0,0,0,0,0,1.56,-2.13,0.0,0.0,0.0,0.0,0.0,0,90,0,0.0,0,False,False,False,False,False,False
1782461854.13,0,0,0,0,0,1.57,-2.17,0.0,0.0,0.0,0.0,0.0,0,90,0,0.0,0,False,False,False,False,False,False
1782461854.154,0,0,0,0,0,1.59,-2.18,0.0,0.0,0.0,0.0,0.0,0,90,0,0.0,0,False,False,False,False,False,False
1782461854.178,0,0,0,0,0,1.59,-2.17,0.0,0.0,0.0,0.0,0.0,0,90,0,0.0,0,False,False,False,False,False,False
1782461854.201,0,0,0,0,0,1.58,-2.16,0.0,0.0,0.0,0.0,0.0,0,90,0,0.0,0,False,False,False,False,False,False
1782461854.225,0,0,0,0,0,1.55,-2.16,0.0,0.0,0.0,0.0,0.0,0,90,0,0.0,0,False,False,False,False,False,False
1782461854.248,0,0,0,0,0,1.53,-2.16,0.0,0.0,0.0,0.0,0.0,0,90,0,0.0,0,False,False,False,False,False,False
1782461854.271,0,0,0,0,0,1.53,-2.16,0.0,0.0,0.0,0.0,0.0,0,90,0,0.0,0,False,False,False,False,False,False
1782461854.295,0,0,0,0,0,1.53,-2.17,0.0,0.0,0.0,0.0,0.0,0,90,0,0.0,0,False,False,False,False,False,False
1782461854.319,0,0,0,0,0,1.54,-2.2,0.0,0.0,0.0,0.0,0.0,0,90,0,0.0,0,False,False,False,False,False,False
1782461854.343,0,0,0,0,0,1.55,-2.22,0.0,0.0,0.0,0.0,0.0,0,90,0,0.0,0,False,False,False,False,False,False
1782461854.367,0,0,0,0,0,1.54,-2.22,0.0,0.0,0.0,0.0,0.0,0,90,0,0.0,0,False,False,False,False,False,False
1782461854.39,0,0,0,0,0,1.54,-2.21,0.0,0.0,0.0,0.0,0.0,0,90,0,0.0,0,False,False,False,False,False,False
1782461854.412,0,0,0,0,0,1.54,-2.2,0.0,0.0,0.0,0.0,0.0,0,90,0,0.0,0,False,False,False,False,False,False
1782461854.437,0,0,0,0,0,1.54,-2.18,0.0,0.0,0.0,0.0,0.0,0,90,0,0.0,0,False,False,False,False,False,False
1782461854.462,0,0,0,0,0,1.53,-2.17,0.0,0.0,0.0,0.0,0.0,0,90,0,0.0,0,False,False,False,False,False,False
1782461854.485,0,0,0,0,0,1.53,-2.16,0.0,0.0,0.0,0.0,0.0,0,90,0,0.0,0,False,False,False,False,False,False
1782461854.508,0,0,0,0,0,1.53,-2.14,0.0,0.0,0.0,0.0,0.0,0,90,0,0.0,0,False,False,False,False,False,False
1782461854.531,0,0,0,0,0,1.54,-2.13,0.0,0.0,0.0,0.0,0.0,0,90,0,0.0,0,False,False,False,False,False,False
1782461854.556,0,0,0,0,0,1.55,-2.14,0.0,0.0,0.0,0.0,0.0,0,90,0,0.0,0,False,False,False,False,False,False
1782461854.579,0,0,0,0,0,1.54,-2.14,0.0,0.0,0.0,0.0,0.0,0,90,0,0.0,0,False,False,False,False,False,False
1782461854.603,0,0,0,0,0,1.54,-2.15,0.0,0.0,0.0,0.0,0.0,0,90,0,0.0,0,False,False,False,False,False,False
1782461854.626,0,0,0,0,0,1.54,-2.16,0.0,0.0,0.0,0.0,0.0,0,90,0,0.0,0,False,False,False,False,False,False
1782461854.649,0,0,0,0,0,1.54,-2.17,0.0,0.0,0.0,0.0,0.0,0,90,0,0.0,0,False,False,False,False,False,False
1782461854.673,0,0,0,0,0,1.56,-2.2,0.0,0.0,0.0,0.0,0.0,0,90,0,0.0,0,False,False,False,False,False,False
1782461854.697,0,0,0,0,0,1.56,-2.22,0.0,0.0,0.0,0.0,0.0,0,90,0,0.0,0,False,False,False,False,False,False
1782461854.721,0,0,0,0,0,1.56,-2.23,0.0,0.0,0.0,0.0,0.0,0,90,0,0.0,0,False,False,False,False,False,False
1782461854.744,0,0,0,0,0,1.56,-2.2,0.0,0.0,0.0,0.0,0.0,0,90,0,0.0,0,False,False,False,False,False,False
1782461854.768,0,0,0,0,0,1.57,-2.16,0.0,0.0,0.0,0.0,0.0,0,90,0,0.0,0,False,False,False,False,False,False
1782461854.791,0,0,0,0,0,1.58,-2.12,0.0,0.0,0.0,0.0,0.0,0,90,0,0.0,0,False,False,False,False,False,False
1782461854.814,0,0,0,0,0,1.57,-2.11,0.0,0.0,0.0,0.0,0.0,0,90,0,0.0,0,False,False,False,False,False,False
1782461854.839,0,0,0,0,0,1.56,-2.13,0.0,0.0,0.0,0.0,0.0,0,90,0,0.0,0,False,False,False,False,False,False
1782461854.863,0,0,0,0,0,1.55,-2.16,0.0,0.0,0.0,0.0,0.0,0,90,0,0.0,0,False,False,False,False,False,False
1782461854.886,0,0,0,0,0,1.54,-2.19,0.0,0.0,0.0,0.0,0.0,0,90,0,0.0,0,False,False,False,False,False,False
1782461854.908,0,0,0,0,0,1.53,-2.2,0.0,0.0,0.0,0.0,0.0,0,90,0,0.0,0,False,False,False,False,False,False
1782461854.932,0,0,0,0,0,1.52,-2.21,0.0,0.0,0.0,0.0,0.0,0,90,0,0.0,0,False,False,False,False,False,False
1782461854.955,0,0,0,0,0,1.52,-2.2,0.0,0.0,0.0,0.0,0.0,0,90,0,0.0,0,False,False,False,False,False,False
1782461854.979,0,0,0,0,0,1.52,-2.18,0.0,0.0,0.0,0.0,0.0,0,90,0,0.0,0,False,False,False,False,False,False
1782461855.003,0,0,0,0,0,1.53,-2.15,0.0,0.0,0.0,0.0,0.0,0,90,0,0.0,0,False,False,False,False,False,False
1782461855.027,0,0,0,0,0,1.54,-2.13,0.0,0.0,0.0,0.0,0.0,0,90,0,0.0,0,False,False,False,False,False,False
1782461855.051,0,0,0,0,0,1.56,-2.11,0.0,0.0,0.0,0.0,0.0,0,90,0,0.0,0,False,False,False,False,False,False
1782461855.074,0,0,0,0,0,1.61,-2.11,0.0,0.0,0.0,0.0,0.0,0,90,0,0.0,0,False,False,False,False,False,False
1782461855.098,0,0,0,0,0,1.64,-2.13,0.0,0.0,0.0,0.0,0.0,0,90,0,0.0,0,False,False,False,False,False,False
1782461855.122,0,0,0,0,0,1.62,-2.16,0.0,0.0,0.0,0.0,0.0,0,90,0,0.0,0,False,False,False,False,False,False
1782461855.145,0,0,0,0,0,1.57,-2.2,0.0,0.0,0.0,0.0,0.0,0,90,0,0.0,0,False,False,False,False,False,False
1782461855.169,0,0,0,0,0,1.53,-2.22,0.0,0.0,0.0,0.0,0.0,0,90,0,0.0,0,False,False,False,False,False,False
1782461855.193,0,0,0,0,0,1.53,-2.21,0.0,0.0,0.0,0.0,0.0,0,90,0,0.0,0,False,False,False,False,False,False
1782461855.215,0,0,0,0,0,1.55,-2.17,0.0,0.0,0.0,0.0,0.0,0,90,0,0.0,0,False,False,False,False,False,False
1782461855.24,0,0,0,0,0,1.59,-2.13,0.0,0.0,0.0,0.0,0.0,0,90,0,0.0,0,False,False,False,False,False,False
1782461855.262,0,0,0,0,0,1.62,-2.1,0.0,0.0,0.0,0.0,0.0,0,90,0,0.0,0,False,False,False,False,False,False
1782461855.286,0,0,0,0,0,1.61,-2.12,0.0,0.0,0.0,0.0,0.0,0,90,0,0.0,0,False,False,False,False,False,False
1782461855.31,0,0,0,0,0,1.58,-2.18,0.0,0.0,0.0,0.0,0.0,0,90,0,0.0,0,False,False,False,False,False,False
1782461855.334,0,0,0,0,0,1.54,-2.26,0.0,0.0,0.0,0.0,0.0,0,90,0,0.0,0,False,False,False,False,False,False
1782461855.358,0,0,0,0,0,1.52,-2.31,0.0,0.0,0.0,0.0,0.0,0,90,0,0.0,0,False,False,False,False,False,False
1782461855.38,0,0,0,0,0,1.52,-2.32,0.0,0.0,0.0,0.0,0.0,0,90,0,0.0,0,False,False,False,False,False,False
1782461855.407,0,0,0,0,0,1.53,-2.29,0.0,0.0,0.0,0.0,0.0,0,90,0,0.0,0,False,False,False,False,False,False
1782461855.428,0,0,0,0,0,1.55,-2.24,0.0,0.0,0.0,0.0,0.0,0,90,0,0.0,0,False,False,False,False,False,False
1782461855.452,0,0,0,0,0,1.56,-2.19,0.0,0.0,0.0,0.0,0.0,0,90,0,0.0,0,False,False,False,False,False,False
1782461855.475,0,0,0,0,0,1.55,-2.17,0.0,0.0,0.0,0.0,0.0,0,90,0,0.0,0,False,False,False,False,False,False
1782461855.5,0,0,0,0,0,1.54,-2.17,0.0,0.0,0.0,0.0,0.0,0,90,0,0.0,0,False,False,False,False,False,False
1782461855.522,0,0,0,0,0,1.53,-2.19,0.0,0.0,0.0,0.0,0.0,0,90,0,0.0,0,False,False,False,False,False,False
1782461855.546,0,0,0,0,0,1.52,-2.23,0.0,0.0,0.0,0.0,0.0,0,90,0,0.0,0,False,False,False,False,False,False
1782461855.569,0,0,0,0,0,1.51,-2.24,0.0,0.0,0.0,0.0,0.0,0,90,0,0.0,0,False,False,False,False,False,False
1782461855.593,0,0,0,0,0,1.52,-2.22,0.0,0.0,0.0,0.0,0.0,0,90,0,0.0,0,False,False,False,False,False,False
1782461855.618,0,0,0,0,0,1.53,-2.21,0.0,0.0,0.0,0.0,0.0,0,90,0,0.0,0,False,False,False,False,False,False
1782461855.642,0,0,0,0,0,1.54,-2.21,0.0,0.0,0.0,0.0,0.0,0,90,0,0.0,0,False,False,False,False,False,False
1782461855.664,0,0,0,0,0,1.56,-2.2,0.0,0.0,0.0,0.0,0.0,0,90,0,0.0,0,False,False,False,False,False,False
1782461855.689,0,0,0,0,0,1.61,-2.19,0.0,0.0,0.0,0.0,0.0,0,90,0,0.0,0,False,False,False,False,False,False
1782461855.713,0,0,0,0,0,1.65,-2.19,0.0,0.0,0.0,0.0,0.0,0,90,0,0.0,0,False,False,False,False,False,False
1782461855.735,0,0,0,0,0,1.64,-2.2,0.0,0.0,0.0,0.0,0.0,0,90,0,0.0,0,False,False,False,False,False,False
1782461855.76,0,0,0,0,0,1.6,-2.2,0.0,0.0,0.0,0.0,0.0,0,90,0,0.0,0,False,False,False,False,False,False
1782461855.783,0,0,0,0,0,1.58,-2.18,0.0,0.0,0.0,0.0,0.0,0,90,0,0.0,0,False,False,False,False,False,False
1782461855.806,0,0,0,0,0,1.57,-2.16,0.0,0.0,0.0,0.0,0.0,0,90,0,0.0,0,False,False,False,False,False,False
1782461855.829,0,0,0,0,0,1.58,-2.14,0.0,0.0,0.0,0.0,0.0,0,90,0,0.0,0,False,False,False,False,False,False
1782461855.853,0,0,0,0,0,1.61,-2.12,0.0,0.0,0.0,0.0,0.0,0,90,0,0.0,0,False,False,False,False,False,False
1782461855.877,0,0,0,0,0,1.62,-2.13,0.0,0.0,0.0,0.0,0.0,0,90,0,0.0,0,False,False,False,False,False,False
1782461855.901,0,0,0,0,0,1.59,-2.16,0.0,0.0,0.0,0.0,0.0,0,90,0,0.0,0,False,False,False,False,False,False
1782461855.925,0,0,0,0,0,1.55,-2.2,0.0,0.0,0.0,0.0,0.0,0,90,0,0.0,0,False,False,False,False,False,False
1782461855.95,0,0,0,0,0,1.53,-2.23,0.0,0.0,0.0,0.0,0.0,0,90,0,0.0,0,False,False,False,False,False,False
1782461855.972,0,0,0,0,0,1.53,-2.23,0.0,0.0,0.0,0.0,0.0,0,90,0,0.0,0,False,False,False,False,False,False
1782461855.995,0,0,0,0,0,1.54,-2.23,0.0,0.0,0.0,0.0,0.0,0,90,0,0.0,0,False,False,False,False,False,False
1782461856.019,0,0,0,0,0,1.55,-2.24,0.0,0.0,0.0,0.0,0.0,0,90,0,0.0,0,False,False,False,False,False,False
1782461856.043,0,0,0,0,0,1.57,-2.22,0.0,0.0,0.0,0.0,0.0,0,90,0,0.0,0,False,False,False,False,False,False
1782461856.067,0,0,0,0,0,1.58,-2.2,0.0,0.0,0.0,0.0,0.0,0,90,0,0.0,0,False,False,False,False,False,False
1782461856.091,0,0,0,0,0,1.58,-2.17,0.0,0.0,0.0,0.0,0.0,0,90,0,0.0,0,False,False,False,False,False,False
1782461856.115,0,0,0,0,0,1.57,-2.15,0.0,0.0,0.0,0.0,0.0,0,90,0,0.0,0,False,False,False,False,False,False
1782461856.138,0,0,0,0,0,1.55,-2.13,0.0,0.0,0.0,0.0,0.0,0,90,0,0.0,0,False,False,False,False,False,False
1782461856.16,0,0,0,0,0,1.54,-2.11,0.0,0.0,0.0,0.0,0.0,0,90,0,0.0,0,False,False,False,False,False,False
1782461856.185,0,0,0,0,0,1.56,-2.1,0.0,0.0,0.0,0.0,0.0,0,90,0,0.0,0,False,False,False,False,False,False
1782461856.21,0,0,0,0,0,1.56,-2.11,0.0,0.0,0.0,0.0,0.0,0,90,0,0.0,0,False,False,False,False,False,False
1782461856.232,0,0,0,0,0,1.54,-2.14,0.0,0.0,0.0,0.0,0.0,0,90,0,0.0,0,False,False,False,False,False,False
1782461856.256,0,0,0,0,0,1.51,-2.19,0.0,0.0,0.0,0.0,0.0,0,90,0,0.0,0,False,False,False,False,False,False
1782461856.279,0,0,0,0,0,1.5,-2.2,0.0,0.0,0.0,0.0,0.0,0,90,0,0.0,0,False,False,False,False,False,False
1782461856.303,0,0,0,0,0,1.53,-2.19,0.0,0.0,0.0,0.0,0.0,0,90,0,0.0,0,False,False,False,False,False,False
1782461856.327,0,0,0,0,0,1.57,-2.17,0.0,0.0,0.0,0.0,0.0,0,90,0,0.0,0,False,False,False,False,False,False
1782461856.35,0,0,0,0,0,1.61,-2.18,0.0,0.0,0.0,0.0,0.0,0,90,0,0.0,0,False,False,False,False,False,False
1782461856.375,0,0,0,0,0,1.62,-2.2,0.0,0.0,0.0,0.0,0.0,0,90,0,0.0,0,False,False,False,False,False,False
1782461856.398,0,0,0,0,0,1.6,-2.2,0.0,0.0,0.0,0.0,0.0,0,90,0,0.0,0,False,False,False,False,False,False
1782461856.421,0,0,0,0,0,1.58,-2.19,0.0,0.0,0.0,0.0,0.0,0,90,0,0.0,0,False,False,False,False,False,False
1782461856.445,0,0,0,0,0,1.56,-2.17,0.0,0.0,0.0,0.0,0.0,0,90,0,0.0,0,False,False,False,False,False,False
1782461856.468,0,0,0,0,0,1.55,-2.15,0.0,0.0,0.0,0.0,0.0,0,90,0,0.0,0,False,False,False,False,False,False
1782461856.491,0,0,0,0,0,1.55,-2.14,0.0,0.0,0.0,0.0,0.0,0,90,0,0.0,0,False,False,False,False,False,False
1782461856.516,0,0,0,0,0,1.54,-2.13,0.0,0.0,0.0,0.0,0.0,0,90,0,0.0,0,False,False,False,False,False,False
1782461856.539,0,0,0,0,0,1.52,-2.12,0.0,0.0,0.0,0.0,0.0,0,90,0,0.0,0,False,False,False,False,False,False
1782461856.563,0,0,0,0,0,1.5,-2.12,0.0,0.0,0.0,0.0,0.0,0,90,0,0.0,0,False,False,False,False,False,False
1782461856.586,0,0,0,0,0,1.49,-2.14,0.0,0.0,0.0,0.0,0.0,0,90,0,0.0,0,False,False,False,False,False,False
1782461856.61,0,0,0,0,0,1.48,-2.15,0.0,0.0,0.0,0.0,0.0,0,90,0,0.0,0,False,False,False,False,False,False
1782461856.634,0,0,0,0,0,1.49,-2.15,0.0,0.0,0.0,0.0,0.0,0,90,0,0.0,0,False,False,False,False,False,False
1782461856.657,0,0,0,0,0,1.53,-2.16,0.0,0.0,0.0,0.0,0.0,0,90,0,0.0,0,False,False,False,False,False,False
1782461856.681,0,0,0,0,0,1.57,-2.16,0.0,0.0,0.0,0.0,0.0,0,90,0,0.0,0,False,False,False,False,False,False
1782461856.704,0,0,0,0,0,1.57,-2.15,0.0,0.0,0.0,0.0,0.0,0,90,0,0.0,0,False,False,False,False,False,False
1782461856.728,0,0,0,0,0,1.58,-2.15,0.0,0.0,0.0,0.0,0.0,0,90,0,0.0,0,False,False,False,False,False,False
1782461856.752,0,0,0,0,0,1.6,-2.17,0.0,0.0,0.0,0.0,0.0,0,90,0,0.0,0,False,False,False,False,False,False
1782461856.776,0,0,0,0,0,1.58,-2.19,0.0,0.0,0.0,0.0,0.0,0,90,0,0.0,0,False,False,False,False,False,False
1782461856.799,0,0,0,0,0,1.57,-2.18,0.0,0.0,0.0,0.0,0.0,0,90,0,0.0,0,False,False,False,False,False,False
1782461856.823,0,0,0,0,0,1.56,-2.16,0.0,0.0,0.0,0.0,0.0,0,90,0,0.0,0,False,False,False,False,False,False
1782461856.845,0,0,0,0,0,1.54,-2.15,0.0,0.0,0.0,0.0,0.0,0,90,0,0.0,0,False,False,False,False,False,False
1782461856.87,0,0,0,0,0,1.52,-2.15,0.0,0.0,0.0,0.0,0.0,0,90,0,0.0,0,False,False,False,False,False,False
1782461856.893,0,0,0,0,0,1.49,-2.15,0.0,0.0,0.0,0.0,0.0,0,90,0,0.0,0,False,False,False,False,False,False
1782461856.917,0,0,0,0,0,1.47,-2.14,0.0,0.0,0.0,0.0,0.0,0,90,0,0.0,0,False,False,False,False,False,False
1782461856.942,0,0,0,0,0,1.49,-2.13,0.0,0.0,0.0,0.0,0.0,0,90,0,0.0,0,False,False,False,False,False,False
1782461856.965,0,0,0,0,0,1.53,-2.14,0.0,0.0,0.0,0.0,0.0,0,90,0,0.0,0,False,False,False,False,False,False
1782461856.989,0,0,0,0,0,1.55,-2.15,0.0,0.0,0.0,0.0,0.0,0,90,0,0.0,0,False,False,False,False,False,False
1782461857.011,0,0,0,0,0,1.54,-2.16,0.0,0.0,0.0,0.0,0.0,0,90,0,0.0,0,False,False,False,False,False,False
1782461857.037,0,0,0,0,0,1.52,-2.17,0.0,0.0,0.0,0.0,0.0,0,90,0,0.0,0,False,False,False,False,False,False
1782461857.061,0,0,0,0,0,1.49,-2.17,0.0,0.0,0.0,0.0,0.0,0,90,0,0.0,0,False,False,False,False,False,False
1782461857.083,0,0,0,0,0,1.48,-2.15,0.0,0.0,0.0,0.0,0.0,0,90,0,0.0,0,False,False,False,False,False,False
1782461857.107,0,0,0,0,0,1.47,-2.13,0.0,0.0,0.0,0.0,0.0,0,90,0,0.0,0,False,False,False,False,False,False
1782461857.131,0,0,0,0,0,1.47,-2.12,0.0,0.0,0.0,0.0,0.0,0,90,0,0.0,0,False,False,False,False,False,False
1782461857.155,0,0,0,0,0,1.48,-2.13,0.0,0.0,0.0,0.0,0.0,0,90,0,0.0,0,False,False,False,False,False,False
1782461857.179,0,0,0,0,0,1.49,-2.15,0.0,0.0,0.0,0.0,0.0,0,90,0,0.0,0,False,False,False,False,False,False
1782461857.201,0,0,0,0,0,1.5,-2.16,0.0,0.0,0.0,0.0,0.0,0,90,0,0.0,0,False,False,False,False,False,False
1782461857.225,0,0,0,0,0,1.5,-2.17,0.0,0.0,0.0,0.0,0.0,0,90,0,0.0,0,False,False,False,False,False,False
1782461857.249,0,0,0,0,0,1.5,-2.17,0.0,0.0,0.0,0.0,0.0,0,90,0,0.0,0,False,False,False,False,False,False
1782461857.273,0,0,0,0,0,1.5,-2.17,0.0,0.0,0.0,0.0,0.0,0,90,0,0.0,0,False,False,False,False,False,False
1782461857.296,0,0,0,0,0,1.51,-2.17,0.0,0.0,0.0,0.0,0.0,0,90,0,0.0,0,False,False,False,False,False,False
1782461857.32,0,0,0,0,0,1.55,-2.17,0.0,0.0,0.0,0.0,0.0,0,90,0,0.0,0,False,False,False,False,False,False
1782461857.343,0,0,0,0,0,1.6,-2.18,0.0,0.0,0.0,0.0,0.0,0,90,0,0.0,0,False,False,False,False,False,False
1782461857.367,0,0,0,0,0,1.62,-2.18,0.0,0.0,0.0,0.0,0.0,0,90,0,0.0,0,False,False,False,False,False,False
1782461857.391,0,0,0,0,0,1.62,-2.16,0.0,0.0,0.0,0.0,0.0,0,90,0,0.0,0,False,False,False,False,False,False
1782461857.414,0,0,0,0,0,1.6,-2.15,0.0,0.0,0.0,0.0,0.0,0,90,0,0.0,0,False,False,False,False,False,False
1782461857.437,0,0,0,0,0,1.57,-2.16,0.0,0.0,0.0,0.0,0.0,0,90,0,0.0,0,False,False,False,False,False,False
1782461857.455,0,0,0,0,0,1.55,-2.17,0.0,0.0,0.0,0.0,0.0,0,90,0,0.0,0,False,False,False,False,False,False
1782461857.479,0,0,0,0,0,1.54,-2.17,0.0,0.0,0.0,0.0,0.0,0,90,0,0.0,0,False,False,False,False,False,False
1782461857.503,0,0,0,0,0,1.54,-2.16,0.0,0.0,0.0,0.0,0.0,0,90,0,0.0,0,False,False,False,False,False,False
1782461857.527,0,0,0,0,0,1.54,-2.15,0.0,0.0,0.0,0.0,0.0,0,90,0,0.0,0,False,False,False,False,False,False
1782461857.55,0,0,0,0,0,1.54,-2.16,0.0,0.0,0.0,0.0,0.0,0,90,0,0.0,0,False,False,False,False,False,False
1782461857.575,0,0,0,0,0,1.55,-2.17,0.0,0.0,0.0,0.0,0.0,0,90,0,0.0,0,False,False,False,False,False,False
1782461857.598,0,0,0,0,0,1.57,-2.19,0.0,0.0,0.0,0.0,0.0,0,90,0,0.0,0,False,False,False,False,False,False
1782461857.621,0,0,0,0,0,1.57,-2.21,0.0,0.0,0.0,0.0,0.0,0,90,0,0.0,0,False,False,False,False,False,False
1782461857.644,0,0,0,0,0,1.58,-2.21,0.0,0.0,0.0,0.0,0.0,0,90,0,0.0,0,False,False,False,False,False,False
1782461857.667,0,0,0,0,0,1.59,-2.19,0.0,0.0,0.0,0.0,0.0,0,90,0,0.0,0,False,False,False,False,False,False
1782461857.692,0,0,0,0,0,1.61,-2.16,0.0,0.0,0.0,0.0,0.0,0,90,0,0.0,0,False,False,False,False,False,False
1782461857.714,0,0,0,0,0,1.61,-2.13,0.0,0.0,0.0,0.0,0.0,0,90,0,0.0,0,False,False,False,False,False,False
1782461857.739,0,0,0,0,0,1.59,-2.11,0.0,0.0,0.0,0.0,0.0,0,90,0,0.0,0,False,False,False,False,False,False
1782461857.762,0,0,0,0,0,1.56,-2.12,0.0,0.0,0.0,0.0,0.0,0,90,0,0.0,0,False,False,False,False,False,False
1782461857.786,0,0,0,0,0,1.54,-2.13,0.0,0.0,0.0,0.0,0.0,0,90,0,0.0,0,False,False,False,False,False,False
1782461857.81,0,0,0,0,0,1.54,-2.15,0.0,0.0,0.0,0.0,0.0,0,90,0,0.0,0,False,False,False,False,False,False
1782461857.834,0,0,0,0,0,1.57,-2.19,0.0,0.0,0.0,0.0,0.0,0,90,0,0.0,0,False,False,False,False,False,False
1782461857.857,0,0,0,0,0,1.59,-2.2,0.0,0.0,0.0,0.0,0.0,0,90,0,0.0,0,False,False,False,False,False,False
1782461857.88,0,0,0,0,0,1.57,-2.2,0.0,0.0,0.0,0.0,0.0,0,90,0,0.0,0,False,False,False,False,False,False
1782461857.905,0,0,0,0,0,1.56,-2.19,0.0,0.0,0.0,0.0,0.0,0,90,0,0.0,0,False,False,False,False,False,False
1782461857.928,0,0,0,0,0,1.56,-2.17,0.0,0.0,0.0,0.0,0.0,0,90,0,0.0,0,False,False,False,False,False,False
1782461857.952,0,0,0,0,0,1.57,-2.15,0.0,0.0,0.0,0.0,0.0,0,90,0,0.0,0,False,False,False,False,False,False
1782461857.975,0,0,0,0,0,1.56,-2.15,0.0,0.0,0.0,0.0,0.0,0,90,0,0.0,0,False,False,False,False,False,False
1782461857.998,0,0,0,0,0,1.53,-2.16,0.0,0.0,0.0,0.0,0.0,0,90,0,0.0,0,False,False,False,False,False,False
1782461858.022,0,0,0,0,0,1.5,-2.16,0.0,0.0,0.0,0.0,0.0,0,90,0,0.0,0,False,False,False,False,False,False
1782461858.046,0,0,0,0,0,1.49,-2.17,0.0,0.0,0.0,0.0,0.0,0,90,0,0.0,0,False,False,False,False,False,False
1782461858.07,0,0,0,0,0,1.47,-2.17,0.0,0.0,0.0,0.0,0.0,0,90,0,0.0,0,False,False,False,False,False,False
1782461858.094,0,0,0,0,0,1.47,-2.17,0.0,0.0,0.0,0.0,0.0,0,90,0,0.0,0,False,False,False,False,False,False
1782461858.118,0,0,0,0,0,1.49,-2.15,0.0,0.0,0.0,0.0,0.0,0,90,0,0.0,0,False,False,False,False,False,False
1782461858.141,0,0,0,0,0,1.52,-2.14,0.0,0.0,0.0,0.0,0.0,0,90,0,0.0,0,False,False,False,False,False,False
1782461858.163,0,0,0,0,0,1.55,-2.11,0.0,0.0,0.0,0.0,0.0,0,90,0,0.0,0,False,False,False,False,False,False
1782461858.188,0,0,0,0,0,1.57,-2.1,0.0,0.0,0.0,0.0,0.0,0,90,0,0.0,0,False,False,False,False,False,False
1782461858.212,0,0,0,0,0,1.58,-2.12,0.0,0.0,0.0,0.0,0.0,0,90,0,0.0,0,False,False,False,False,False,False
1782461858.236,0,0,0,0,0,1.59,-2.16,0.0,0.0,0.0,0.0,0.0,0,90,0,0.0,0,False,False,False,False,False,False
1782461858.261,0,0,0,0,0,1.58,-2.18,0.0,0.0,0.0,0.0,0.0,0,90,0,0.0,0,False,False,False,False,False,False
1782461858.283,0,0,0,0,0,1.55,-2.19,0.0,0.0,0.0,0.0,0.0,0,90,0,0.0,0,False,False,False,False,False,False
1782461858.306,0,0,0,0,0,1.55,-2.17,0.0,0.0,0.0,0.0,0.0,0,90,0,0.0,0,False,False,False,False,False,False
1782461858.329,0,0,0,0,0,1.55,-2.15,0.0,0.0,0.0,0.0,0.0,0,90,0,0.0,0,False,False,False,False,False,False
1782461858.354,0,0,0,0,0,1.55,-2.14,0.0,0.0,0.0,0.0,0.0,0,90,0,0.0,0,False,False,False,False,False,False
1782461858.379,0,0,0,0,0,1.53,-2.14,0.0,0.0,0.0,0.0,0.0,0,90,0,0.0,0,False,False,False,False,False,False
1782461858.396,0,0,0,0,0,1.52,-2.16,0.0,0.0,0.0,0.0,0.0,0,90,0,0.0,0,False,False,False,False,False,False
1782461858.42,0,0,0,0,0,1.5,-2.17,0.0,0.0,0.0,0.0,0.0,0,90,0,0.0,0,False,False,False,False,False,False
1782461858.444,0,0,0,0,0,1.48,-2.17,0.0,0.0,0.0,0.0,0.0,0,90,0,0.0,0,False,False,False,False,False,False
1782461858.467,0,0,0,0,0,1.46,-2.17,0.0,0.0,0.0,0.0,0.0,0,90,0,0.0,0,False,False,False,False,False,False
1782461858.491,0,0,0,0,0,1.48,-2.18,0.0,0.0,0.0,0.0,0.0,0,90,0,0.0,0,False,False,False,False,False,False
1782461858.513,0,0,0,0,0,1.52,-2.18,0.0,0.0,0.0,0.0,0.0,0,90,0,0.0,0,False,False,False,False,False,False
1782461858.537,0,0,0,0,0,1.57,-2.18,0.0,0.0,0.0,0.0,0.0,0,90,0,0.0,0,False,False,False,False,False,False
1782461858.562,0,0,0,0,0,1.58,-2.19,0.0,0.0,0.0,0.0,0.0,0,90,0,0.0,0,False,False,False,False,False,False
1782461858.585,0,0,0,0,0,1.55,-2.2,0.0,0.0,0.0,0.0,0.0,0,90,0,0.0,0,False,False,False,False,False,False
1782461858.608,0,0,0,0,0,1.52,-2.2,0.0,0.0,0.0,0.0,0.0,0,90,0,0.0,0,False,False,False,False,False,False
1782461858.631,0,0,0,0,0,1.5,-2.19,0.0,0.0,0.0,0.0,0.0,0,90,0,0.0,0,False,False,False,False,False,False
1782461858.656,0,0,0,0,0,1.51,-2.16,0.0,0.0,0.0,0.0,0.0,0,90,0,0.0,0,False,False,False,False,False,False
1782461858.68,0,0,0,0,0,1.52,-2.12,0.0,0.0,0.0,0.0,0.0,0,90,0,0.0,0,False,False,False,False,False,False
1782461858.703,0,0,0,0,0,1.53,-2.1,0.0,0.0,0.0,0.0,0.0,0,90,0,0.0,0,False,False,False,False,False,False
1782461858.728,0,0,0,0,0,1.54,-2.1,0.0,0.0,0.0,0.0,0.0,0,90,0,0.0,0,False,False,False,False,False,False
1782461858.751,0,0,0,0,0,1.55,-2.13,0.0,0.0,0.0,0.0,0.0,0,90,0,0.0,0,False,False,False,False,False,False
1782461858.774,0,0,0,0,0,1.56,-2.18,0.0,0.0,0.0,0.0,0.0,0,90,0,0.0,0,False,False,False,False,False,False
1782461858.797,0,0,0,0,0,1.56,-2.21,0.0,0.0,0.0,0.0,0.0,0,90,0,0.0,0,False,False,False,False,False,False
1782461858.821,0,0,0,0,0,1.58,-2.22,0.0,0.0,0.0,0.0,0.0,0,90,0,0.0,0,False,False,False,False,False,False
1782461858.845,0,0,0,0,0,1.58,-2.2,0.0,0.0,0.0,0.0,0.0,0,90,0,0.0,0,False,False,False,False,False,False
1782461858.868,0,0,0,0,0,1.58,-2.16,0.0,0.0,0.0,0.0,0.0,0,90,0,0.0,0,False,False,False,False,False,False
1782461858.892,0,0,0,0,0,1.58,-2.12,0.0,0.0,0.0,0.0,0.0,0,90,0,0.0,0,False,False,False,False,False,False
1782461858.915,0,0,0,0,0,1.58,-2.09,0.0,0.0,0.0,0.0,0.0,0,90,0,0.0,0,False,False,False,False,False,False
1782461858.943,0,0,0,0,0,1.58,-2.09,0.0,0.0,0.0,0.0,0.0,0,90,0,0.0,0,False,False,False,False,False,False
1782461858.963,0,0,0,0,0,1.59,-2.1,0.0,0.0,0.0,0.0,0.0,0,90,0,0.0,0,False,False,False,False,False,False
1782461858.987,0,0,0,0,0,1.58,-2.12,0.0,0.0,0.0,0.0,0.0,0,90,0,0.0,0,False,False,False,False,False,False
1782461859.012,0,0,0,0,0,1.57,-2.16,0.0,0.0,0.0,0.0,0.0,0,90,0,0.0,0,False,False,False,False,False,False
1782461859.034,0,0,0,0,0,1.56,-2.17,0.0,0.0,0.0,0.0,0.0,0,90,0,0.0,0,False,False,False,False,False,False
1782461859.059,0,0,0,0,0,1.54,-2.17,0.0,0.0,0.0,0.0,0.0,0,90,0,0.0,0,False,False,False,False,False,False
1782461859.081,0,0,0,0,0,1.5,-2.16,0.0,0.0,0.0,0.0,0.0,0,90,0,0.0,0,False,False,False,False,False,False
1782461859.105,0,0,0,0,0,1.47,-2.16,0.0,0.0,0.0,0.0,0.0,0,90,0,0.0,0,False,False,False,False,False,False
1782461859.128,0,0,0,0,0,1.44,-2.16,0.0,0.0,0.0,0.0,0.0,0,90,0,0.0,0,False,False,False,False,False,False
1782461859.153,0,0,0,0,0,1.4,-2.16,0.0,0.0,0.0,0.0,0.0,0,90,0,0.0,0,False,False,False,False,False,False
1782461859.176,0,0,0,0,0,1.37,-2.17,0.0,0.0,0.0,0.0,0.0,0,90,0,0.0,0,False,False,False,False,False,False
1782461859.2,0,0,0,0,0,1.34,-2.18,0.0,0.0,0.0,0.0,0.0,0,90,0,0.0,0,False,False,False,False,False,False
1782461859.223,0,0,0,0,0,1.33,-2.18,0.0,0.0,0.0,0.0,0.0,0,90,0,0.0,0,False,False,False,False,False,False
1782461859.247,0,0,0,0,0,1.35,-2.17,0.0,0.0,0.0,0.0,0.0,0,90,0,0.0,0,False,False,False,False,False,False
1782461859.27,0,0,0,0,0,1.38,-2.15,0.0,0.0,0.0,0.0,0.0,0,90,0,0.0,0,False,False,False,False,False,False
1782461859.294,0,0,0,0,0,1.41,-2.12,0.0,0.0,0.0,0.0,0.0,0,90,0,0.0,0,False,False,False,False,False,False
1782461859.318,0,0,0,0,0,1.45,-2.1,0.0,0.0,0.0,0.0,0.0,0,90,0,0.0,0,False,False,False,False,False,False
1782461859.341,0,0,0,0,0,1.49,-2.11,0.0,0.0,0.0,0.0,0.0,0,90,0,0.0,0,False,False,False,False,False,False
1782461859.364,0,0,0,0,0,1.53,-2.15,0.0,0.0,0.0,0.0,0.0,0,90,0,0.0,0,False,False,False,False,False,False
1782461859.388,0,0,0,0,0,1.54,-2.17,0.0,0.0,0.0,0.0,0.0,0,90,0,0.0,0,False,False,False,False,False,False
1782461859.412,0,0,0,0,0,1.54,-2.17,0.0,0.0,0.0,0.0,0.0,0,90,0,0.0,0,False,False,False,False,False,False
1782461859.436,0,0,0,0,0,1.52,-2.16,0.0,0.0,0.0,0.0,0.0,0,90,0,0.0,0,False,False,False,False,False,False
1782461859.459,0,0,0,0,0,1.5,-2.13,0.0,0.0,0.0,0.0,0.0,0,90,0,0.0,0,False,False,False,False,False,False
1782461859.484,0,0,0,0,0,1.5,-2.11,0.0,0.0,0.0,0.0,0.0,0,90,0,0.0,0,False,False,False,False,False,False
1782461859.509,0,0,0,0,0,1.52,-2.1,0.0,0.0,0.0,0.0,0.0,0,90,0,0.0,0,False,False,False,False,False,False
1782461859.531,0,0,0,0,0,1.56,-2.07,0.0,0.0,0.0,0.0,0.0,0,90,0,0.0,0,False,False,False,False,False,False
1782461859.555,0,0,0,0,0,1.57,-2.05,0.0,0.0,0.0,0.0,0.0,0,90,0,0.0,0,False,False,False,False,False,False
1782461859.578,0,0,0,0,0,1.56,-2.06,0.0,0.0,0.0,0.0,0.0,0,90,0,0.0,0,False,False,False,False,False,False
1782461859.601,0,0,0,0,0,1.54,-2.07,0.0,0.0,0.0,0.0,0.0,0,90,0,0.0,0,False,False,False,False,False,False
1782461859.625,0,0,0,0,0,1.53,-2.08,0.0,0.0,0.0,0.0,0.0,0,90,0,0.0,0,False,False,False,False,False,False
1782461859.65,0,0,0,0,0,1.52,-2.1,0.0,0.0,0.0,0.0,0.0,0,90,0,0.0,0,False,False,False,False,False,False
1782461859.672,0,0,0,0,0,1.54,-2.1,0.0,0.0,0.0,0.0,0.0,0,90,0,0.0,0,False,False,False,False,False,False
1782461859.696,0,0,0,0,0,1.55,-2.09,0.0,0.0,0.0,0.0,0.0,0,90,0,0.0,0,False,False,False,False,False,False
1782461859.719,0,0,0,0,0,1.56,-2.09,0.0,0.0,0.0,0.0,0.0,0,90,0,0.0,0,False,False,False,False,False,False
1782461859.743,0,0,0,0,0,1.56,-2.12,0.0,0.0,0.0,0.0,0.0,0,90,0,0.0,0,False,False,False,False,False,False
1782461859.767,0,0,0,0,0,1.57,-2.16,0.0,0.0,0.0,0.0,0.0,0,90,0,0.0,0,False,False,False,False,False,False
1782461859.791,0,0,0,0,0,1.57,-2.2,0.0,0.0,0.0,0.0,0.0,0,90,0,0.0,0,False,False,False,False,False,False
1782461859.814,0,0,0,0,0,1.56,-2.21,0.0,0.0,0.0,0.0,0.0,0,90,0,0.0,0,False,False,False,False,False,False
1782461859.837,0,0,0,0,0,1.57,-2.19,0.0,0.0,0.0,0.0,0.0,0,90,0,0.0,0,False,False,False,False,False,False
1782461859.861,0,0,0,0,0,1.57,-2.16,0.0,0.0,0.0,0.0,0.0,0,90,0,0.0,0,False,False,False,False,False,False
1782461859.885,0,0,0,0,0,1.56,-2.14,0.0,0.0,0.0,0.0,0.0,0,90,0,0.0,0,False,False,False,False,False,False
1782461859.909,0,0,0,0,0,1.55,-2.13,0.0,0.0,0.0,0.0,0.0,0,90,0,0.0,0,False,False,False,False,False,False
1782461859.932,0,0,0,0,0,1.54,-2.13,0.0,0.0,0.0,0.0,0.0,0,90,0,0.0,0,False,False,False,False,False,False
1782461859.957,0,0,0,0,0,1.53,-2.14,0.0,0.0,0.0,0.0,0.0,0,90,0,0.0,0,False,False,False,False,False,False
1782461859.98,0,0,0,0,0,1.51,-2.16,0.0,0.0,0.0,0.0,0.0,0,90,0,0.0,0,False,False,False,False,False,False
1782461860.003,0,0,0,0,0,1.52,-2.17,0.0,0.0,0.0,0.0,0.0,0,90,0,0.0,0,False,False,False,False,False,False
1782461860.027,0,0,0,0,0,1.53,-2.17,0.0,0.0,0.0,0.0,0.0,0,90,0,0.0,0,False,False,False,False,False,False
1782461860.051,0,0,0,0,0,1.55,-2.17,0.0,0.0,0.0,0.0,0.0,0,90,0,0.0,0,False,False,False,False,False,False
1782461860.074,0,0,0,0,0,1.55,-2.16,0.0,0.0,0.0,0.0,0.0,0,90,0,0.0,0,False,False,False,False,False,False
1782461860.098,0,0,0,0,0,1.54,-2.16,0.0,0.0,0.0,0.0,0.0,0,90,0,0.0,0,False,False,False,False,False,False
1782461860.122,0,0,0,0,0,1.54,-2.16,0.0,0.0,0.0,0.0,0.0,0,90,0,0.0,0,False,False,False,False,False,False
1782461860.144,0,0,0,0,0,1.55,-2.16,0.0,0.0,0.0,0.0,0.0,0,90,0,0.0,0,False,False,False,False,False,False
1782461860.168,0,0,0,0,0,1.56,-2.15,0.0,0.0,0.0,0.0,0.0,0,90,0,0.0,0,False,False,False,False,False,False
1782461860.193,0,0,0,0,0,1.57,-2.14,0.0,0.0,0.0,0.0,0.0,0,90,0,0.0,0,False,False,False,False,False,False
1782461860.215,0,0,0,0,0,1.56,-2.13,0.0,0.0,0.0,0.0,0.0,0,90,0,0.0,0,False,False,False,False,False,False
1782461860.24,0,0,0,0,0,1.55,-2.12,0.0,0.0,0.0,0.0,0.0,0,90,0,0.0,0,False,False,False,False,False,False
1782461860.264,0,0,0,0,0,1.55,-2.13,0.0,0.0,0.0,0.0,0.0,0,90,0,0.0,0,False,False,False,False,False,False
1782461860.286,0,0,0,0,0,1.55,-2.14,0.0,0.0,0.0,0.0,0.0,0,90,0,0.0,0,False,False,False,False,False,False
1782461860.312,0,0,0,0,0,1.55,-2.16,0.0,0.0,0.0,0.0,0.0,0,90,0,0.0,0,False,False,False,False,False,False
1782461860.335,0,0,0,0,0,1.54,-2.19,0.0,0.0,0.0,0.0,0.0,0,90,0,0.0,0,False,False,False,False,False,False
1782461860.361,0,0,0,0,0,1.54,-2.21,0.0,0.0,0.0,0.0,0.0,0,90,0,0.0,0,False,False,False,False,False,False
1782461860.383,0,0,0,0,0,1.54,-2.21,0.0,0.0,0.0,0.0,0.0,0,90,0,0.0,0,False,False,False,False,False,False
1782461860.406,0,0,0,0,0,1.55,-2.2,0.0,0.0,0.0,0.0,0.0,0,90,0,0.0,0,False,False,False,False,False,False
1782461860.428,0,0,0,0,0,1.57,-2.2,0.0,0.0,0.0,0.0,0.0,0,90,0,0.0,0,False,False,False,False,False,False
1782461860.452,0,0,0,0,0,1.6,-2.22,0.0,0.0,0.0,0.0,0.0,0,90,0,0.0,0,False,False,False,False,False,False
1782461860.478,0,0,0,0,0,1.6,-2.22,0.0,0.0,0.0,0.0,0.0,0,90,0,0.0,0,False,False,False,False,False,False
1782461860.499,0,0,0,0,0,1.6,-2.21,0.0,0.0,0.0,0.0,0.0,0,90,0,0.0,0,False,False,False,False,False,False
1782461860.524,0,0,0,0,0,1.59,-2.2,0.0,0.0,0.0,0.0,0.0,0,90,0,0.0,0,False,False,False,False,False,False
1782461860.546,0,0,0,0,0,1.59,-2.18,0.0,0.0,0.0,0.0,0.0,0,90,0,0.0,0,False,False,False,False,False,False
1782461860.57,0,0,0,0,0,1.6,-2.19,0.0,0.0,0.0,0.0,0.0,0,90,0,0.0,0,False,False,False,False,False,False
1782461860.594,0,0,0,0,0,1.6,-2.2,0.0,0.0,0.0,0.0,0.0,0,90,0,0.0,0,False,False,False,False,False,False
1782461860.613,0,0,0,0,0,1.6,-2.22,0.0,0.0,0.0,0.0,0.0,0,90,0,0.0,0,False,False,False,False,False,False
1782461860.636,0,0,0,0,0,1.59,-2.22,0.0,0.0,0.0,0.0,0.0,0,90,0,0.0,0,False,False,False,False,False,False
1782461860.661,0,0,0,0,0,1.58,-2.2,0.0,0.0,0.0,0.0,0.0,0,90,0,0.0,0,False,False,False,False,False,False
1782461860.682,0,0,0,0,0,1.57,-2.18,0.0,0.0,0.0,0.0,0.0,0,90,0,0.0,0,False,False,False,False,False,False
1782461860.707,0,0,0,0,0,1.56,-2.16,0.0,0.0,0.0,0.0,0.0,0,90,0,0.0,0,False,False,False,False,False,False
1782461860.73,0,0,0,0,0,1.56,-2.14,0.0,0.0,0.0,0.0,0.0,0,90,0,0.0,0,False,False,False,False,False,False
1782461860.755,0,0,0,0,0,1.56,-2.14,0.0,0.0,0.0,0.0,0.0,0,90,0,0.0,0,False,False,False,False,False,False
1782461860.778,0,0,0,0,0,1.55,-2.14,0.0,0.0,0.0,0.0,0.0,0,90,0,0.0,0,False,False,False,False,False,False
1782461860.801,0,0,0,0,0,1.55,-2.14,0.0,0.0,0.0,0.0,0.0,0,90,0,0.0,0,False,False,False,False,False,False
1782461860.826,0,0,0,0,0,1.53,-2.15,0.0,0.0,0.0,0.0,0.0,0,90,0,0.0,0,False,False,False,False,False,False
1782461860.848,0,0,0,0,0,1.51,-2.17,0.0,0.0,0.0,0.0,0.0,0,90,0,0.0,0,False,False,False,False,False,False
1782461860.873,0,0,0,0,0,1.51,-2.17,0.0,0.0,0.0,0.0,0.0,0,90,0,0.0,0,False,False,False,False,False,False
1782461860.897,0,0,0,0,0,1.51,-2.16,0.0,0.0,0.0,0.0,0.0,0,90,0,0.0,0,False,False,False,False,False,False
1782461860.92,0,0,0,0,0,1.51,-2.16,0.0,0.0,0.0,0.0,0.0,0,90,0,0.0,0,False,False,False,False,False,False
1782461860.945,0,0,0,0,0,1.51,-2.14,0.0,0.0,0.0,0.0,0.0,0,90,0,0.0,0,False,False,False,False,False,False
1782461860.967,0,0,0,0,0,1.53,-2.12,0.0,0.0,0.0,0.0,0.0,0,90,0,0.0,0,False,False,False,False,False,False
1782461860.99,0,0,0,0,0,1.54,-2.12,0.0,0.0,0.0,0.0,0.0,0,90,0,0.0,0,False,False,False,False,False,False
1782461861.014,0,0,0,0,0,1.56,-2.12,0.0,0.0,0.0,0.0,0.0,0,90,0,0.0,0,False,False,False,False,False,False
1782461861.038,0,0,0,0,0,1.57,-2.13,0.0,0.0,0.0,0.0,0.0,0,90,0,0.0,0,False,False,False,False,False,False
1782461861.063,0,0,0,0,0,1.61,-2.13,0.0,0.0,0.0,0.0,0.0,0,90,0,0.0,0,False,False,False,False,False,False
1782461861.085,0,0,0,0,0,1.64,-2.14,0.0,0.0,0.0,0.0,0.0,0,90,0,0.0,0,False,False,False,False,False,False
1782461861.109,0,0,0,0,0,1.63,-2.15,0.0,0.0,0.0,0.0,0.0,0,90,0,0.0,0,False,False,False,False,False,False
1782461861.132,0,0,0,0,0,1.61,-2.16,0.0,0.0,0.0,0.0,0.0,0,90,0,0.0,0,False,False,False,False,False,False
1782461861.157,0,0,0,0,0,1.59,-2.2,0.0,0.0,0.0,0.0,0.0,0,90,0,0.0,0,False,False,False,False,False,False
1782461861.179,0,0,0,0,0,1.61,-2.22,0.0,0.0,0.0,0.0,0.0,0,90,0,0.0,0,False,False,False,False,False,False
1782461861.203,0,0,0,0,0,1.63,-2.2,0.0,0.0,0.0,0.0,0.0,0,90,0,0.0,0,False,False,False,False,False,False
1782461861.226,0,0,0,0,0,1.64,-2.18,0.0,0.0,0.0,0.0,0.0,0,90,0,0.0,0,False,False,False,False,False,False
1782461861.25,0,0,0,0,0,1.64,-2.15,0.0,0.0,0.0,0.0,0.0,0,90,0,0.0,0,False,False,False,False,False,False
1782461861.274,0,0,0,0,0,1.64,-2.12,0.0,0.0,0.0,0.0,0.0,0,90,0,0.0,0,False,False,False,False,False,False
1782461861.297,0,0,0,0,0,1.64,-2.11,0.0,0.0,0.0,0.0,0.0,0,90,0,0.0,0,False,False,False,False,False,False
1782461861.321,0,0,0,0,0,1.62,-2.11,0.0,0.0,0.0,0.0,0.0,0,90,0,0.0,0,False,False,False,False,False,False
1782461861.346,0,0,0,0,0,1.59,-2.13,0.0,0.0,0.0,0.0,0.0,0,90,0,0.0,0,False,False,False,False,False,False
1782461861.369,0,0,0,0,0,1.55,-2.15,0.0,0.0,0.0,0.0,0.0,0,90,0,0.0,0,False,False,False,False,False,False
1782461861.394,0,0,0,0,0,1.52,-2.16,0.0,0.0,0.0,0.0,0.0,0,90,0,0.0,0,False,False,False,False,False,False
1782461861.417,0,0,0,0,0,1.5,-2.17,0.0,0.0,0.0,0.0,0.0,0,90,0,0.0,0,False,False,False,False,False,False
1782461861.439,0,0,0,0,0,1.51,-2.17,0.0,0.0,0.0,0.0,0.0,0,90,0,0.0,0,False,False,False,False,False,False
1782461861.463,0,0,0,0,0,1.54,-2.16,0.0,0.0,0.0,0.0,0.0,0,90,0,0.0,0,False,False,False,False,False,False
1782461861.488,0,0,0,0,0,1.55,-2.13,0.0,0.0,0.0,0.0,0.0,0,90,0,0.0,0,False,False,False,False,False,False
1782461861.511,0,0,0,0,0,1.56,-2.12,0.0,0.0,0.0,0.0,0.0,0,90,0,0.0,0,False,False,False,False,False,False
1782461861.533,0,0,0,0,0,1.57,-2.13,0.0,0.0,0.0,0.0,0.0,0,90,0,0.0,0,False,False,False,False,False,False
1782461861.557,0,0,0,0,0,1.58,-2.14,0.0,0.0,0.0,0.0,0.0,0,90,0,0.0,0,False,False,False,False,False,False
1782461861.581,0,0,0,0,0,1.61,-2.15,0.0,0.0,0.0,0.0,0.0,0,90,0,0.0,0,False,False,False,False,False,False
1782461861.605,0,0,0,0,0,1.63,-2.15,0.0,0.0,0.0,0.0,0.0,0,90,0,0.0,0,False,False,False,False,False,False
1782461861.628,0,0,0,0,0,1.62,-2.15,0.0,0.0,0.0,0.0,0.0,0,90,0,0.0,0,False,False,False,False,False,False
1782461861.652,0,0,0,0,0,1.62,-2.15,0.0,0.0,0.0,0.0,0.0,0,90,0,0.0,0,False,False,False,False,False,False
1782461861.675,0,0,0,0,0,1.61,-2.15,0.0,0.0,0.0,0.0,0.0,0,90,0,0.0,0,False,False,False,False,False,False
1782461861.7,0,0,0,0,0,1.59,-2.17,0.0,0.0,0.0,0.0,0.0,0,90,0,0.0,0,False,False,False,False,False,False
1782461861.723,0,0,0,0,0,1.58,-2.18,0.0,0.0,0.0,0.0,0.0,0,90,0,0.0,0,False,False,False,False,False,False
1782461861.746,0,0,0,0,0,1.58,-2.17,0.0,0.0,0.0,0.0,0.0,0,90,0,0.0,0,False,False,False,False,False,False
1782461861.772,0,0,0,0,0,1.58,-2.16,0.0,0.0,0.0,0.0,0.0,0,90,0,0.0,0,False,False,False,False,False,False
1782461861.795,0,0,0,0,0,1.58,-2.14,0.0,0.0,0.0,0.0,0.0,0,90,0,0.0,0,False,False,False,False,False,False
1782461861.817,0,0,0,0,0,1.6,-2.13,0.0,0.0,0.0,0.0,0.0,0,90,0,0.0,0,False,False,False,False,False,False
1782461861.84,0,0,0,0,0,1.61,-2.13,0.0,0.0,0.0,0.0,0.0,0,90,0,0.0,0,False,False,False,False,False,False
1782461861.865,0,0,0,0,0,1.6,-2.13,0.0,0.0,0.0,0.0,0.0,0,90,0,0.0,0,False,False,False,False,False,False
1782461861.888,0,0,0,0,0,1.59,-2.12,0.0,0.0,0.0,0.0,0.0,0,90,0,0.0,0,False,False,False,False,False,False
1782461861.912,0,0,0,0,0,1.58,-2.11,0.0,0.0,0.0,0.0,0.0,0,90,0,0.0,0,False,False,False,False,False,False
1782461861.936,0,0,0,0,0,1.56,-2.12,0.0,0.0,0.0,0.0,0.0,0,90,0,0.0,0,False,False,False,False,False,False
1782461861.961,0,0,0,0,0,1.57,-2.16,0.0,0.0,0.0,0.0,0.0,0,90,0,0.0,0,False,False,False,False,False,False
1782461861.983,0,0,0,0,0,1.58,-2.2,0.0,0.0,0.0,0.0,0.0,0,90,0,0.0,0,False,False,False,False,False,False
1782461862.006,0,0,0,0,0,1.58,-2.22,0.0,0.0,0.0,0.0,0.0,0,90,0,0.0,0,False,False,False,False,False,False
1782461862.029,0,0,0,0,0,1.58,-2.2,0.0,0.0,0.0,0.0,0.0,0,90,0,0.0,0,False,False,False,False,False,False
1782461862.054,0,0,0,0,0,1.58,-2.18,0.0,0.0,0.0,0.0,0.0,0,90,0,0.0,0,False,False,False,False,False,False
1782461862.077,0,0,0,0,0,1.57,-2.18,0.0,0.0,0.0,0.0,0.0,0,90,0,0.0,0,False,False,False,False,False,False
1782461862.148,0,0,0,0,0,1.56,-2.2,0.0,0.0,0.0,0.0,0.0,0,90,0,0.0,0,False,False,False,False,False,False
1782461862.178,0,0,0,0,0,1.55,-2.21,0.0,0.0,0.0,0.0,0.0,0,90,0,0.0,0,False,False,False,False,False,False
1782461862.195,0,0,0,0,0,1.54,-2.2,0.0,0.0,0.0,0.0,0.0,0,90,0,0.0,0,False,False,False,False,False,False
1782461862.221,0,0,0,0,0,1.54,-2.16,0.0,0.0,0.0,0.0,0.0,0,90,0,0.0,0,False,False,False,False,False,False
1782461862.243,0,0,0,0,0,1.55,-2.13,0.0,0.0,0.0,0.0,0.0,0,90,0,0.0,0,False,False,False,False,False,False
1782461862.265,0,0,0,0,0,1.57,-2.12,0.0,0.0,0.0,0.0,0.0,0,90,0,0.0,0,False,False,False,False,False,False
1782461862.29,0,0,0,0,0,1.58,-2.12,0.0,0.0,0.0,0.0,0.0,0,90,0,0.0,0,False,False,False,False,False,False
1782461862.314,0,0,0,0,0,1.56,-2.12,0.0,0.0,0.0,0.0,0.0,0,90,0,0.0,0,False,False,False,False,False,False
1782461862.337,0,0,0,0,0,1.53,-2.13,0.0,0.0,0.0,0.0,0.0,0,90,0,0.0,0,False,False,False,False,False,False
1782461862.362,0,0,0,0,0,1.51,-2.14,0.0,0.0,0.0,0.0,0.0,0,90,0,0.0,0,False,False,False,False,False,False
1782461862.385,0,0,0,0,0,1.51,-2.15,0.0,0.0,0.0,0.0,0.0,0,90,0,0.0,0,False,False,False,False,False,False
1782461862.407,0,0,0,0,0,1.53,-2.18,0.0,0.0,0.0,0.0,0.0,0,90,0,0.0,0,False,False,False,False,False,False
1782461862.434,0,0,0,0,0,1.56,-2.2,0.0,0.0,0.0,0.0,0.0,0,90,0,0.0,0,False,False,False,False,False,False
1782461862.455,0,0,0,0,0,1.58,-2.18,0.0,0.0,0.0,0.0,0.0,0,90,0,0.0,0,False,False,False,False,False,False
1782461862.479,0,0,0,0,0,1.58,-2.15,0.0,0.0,0.0,0.0,0.0,0,90,0,0.0,0,False,False,False,False,False,False
1782461862.503,0,0,0,0,0,1.56,-2.14,0.0,0.0,0.0,0.0,0.0,0,90,0,0.0,0,False,False,False,False,False,False
1782461862.527,0,0,0,0,0,1.54,-2.16,0.0,0.0,0.0,0.0,0.0,0,90,0,0.0,0,False,False,False,False,False,False
1782461862.551,0,0,0,0,0,1.52,-2.19,0.0,0.0,0.0,0.0,0.0,0,90,0,0.0,0,False,False,False,False,False,False
1782461862.573,0,0,0,0,0,1.51,-2.2,0.0,0.0,0.0,0.0,0.0,0,90,0,0.0,0,False,False,False,False,False,False
1782461862.597,0,0,0,0,0,1.52,-2.19,0.0,0.0,0.0,0.0,0.0,0,90,0,0.0,0,False,False,False,False,False,False
1782461862.622,0,0,0,0,0,1.52,-2.17,0.0,0.0,0.0,0.0,0.0,0,90,0,0.0,0,False,False,False,False,False,False
1782461862.646,0,0,0,0,0,1.53,-2.17,0.0,0.0,0.0,0.0,0.0,0,90,0,0.0,0,False,False,False,False,False,False
1782461862.669,0,0,0,0,0,1.55,-2.18,0.0,0.0,0.0,0.0,0.0,0,90,0,0.0,0,False,False,False,False,False,False
1782461862.692,0,0,0,0,0,1.56,-2.2,0.0,0.0,0.0,0.0,0.0,0,90,0,0.0,0,False,False,False,False,False,False
1782461862.716,0,0,0,0,0,1.56,-2.21,0.0,0.0,0.0,0.0,0.0,0,90,0,0.0,0,False,False,False,False,False,False
1782461862.738,0,0,0,0,0,1.57,-2.2,0.0,0.0,0.0,0.0,0.0,0,90,0,0.0,0,False,False,False,False,False,False
1782461862.763,0,0,0,0,0,1.59,-2.17,0.0,0.0,0.0,0.0,0.0,0,90,0,0.0,0,False,False,False,False,False,False
1782461862.786,0,0,0,0,0,1.6,-2.14,0.0,0.0,0.0,0.0,0.0,0,90,0,0.0,0,False,False,False,False,False,False
1782461862.81,0,0,0,0,0,1.59,-2.13,0.0,0.0,0.0,0.0,0.0,0,90,0,0.0,0,False,False,False,False,False,False
1782461862.833,0,0,0,0,0,1.57,-2.14,0.0,0.0,0.0,0.0,0.0,0,90,0,0.0,0,False,False,False,False,False,False
1782461862.857,0,0,0,0,0,1.55,-2.17,0.0,0.0,0.0,0.0,0.0,0,90,0,0.0,0,False,False,False,False,False,False
1782461862.88,0,0,0,0,0,1.54,-2.19,0.0,0.0,0.0,0.0,0.0,0,90,0,0.0,0,False,False,False,False,False,False
1782461862.905,0,0,0,0,0,1.52,-2.21,0.0,0.0,0.0,0.0,0.0,0,90,0,0.0,0,False,False,False,False,False,False
1782461862.93,0,0,0,0,0,1.5,-2.21,0.0,0.0,0.0,0.0,0.0,0,90,0,0.0,0,False,False,False,False,False,False
1782461862.952,0,0,0,0,0,1.51,-2.2,0.0,0.0,0.0,0.0,0.0,0,90,0,0.0,0,False,False,False,False,False,False
1782461862.975,0,0,0,0,0,1.52,-2.18,0.0,0.0,0.0,0.0,0.0,0,90,0,0.0,0,False,False,False,False,False,False
1782461862.999,0,0,0,0,0,1.54,-2.16,0.0,0.0,0.0,0.0,0.0,0,90,0,0.0,0,False,False,False,False,False,False
1782461863.022,0,0,0,0,0,1.54,-2.14,0.0,0.0,0.0,0.0,0.0,0,90,0,0.0,0,False,False,False,False,False,False
1782461863.045,0,0,0,0,0,1.55,-2.15,0.0,0.0,0.0,0.0,0.0,0,90,0,0.0,0,False,False,False,False,False,False
1782461863.07,0,0,0,0,0,1.56,-2.16,0.0,0.0,0.0,0.0,0.0,0,90,0,0.0,0,False,False,False,False,False,False
1782461863.094,0,0,0,0,0,1.55,-2.17,0.0,0.0,0.0,0.0,0.0,0,90,0,0.0,0,False,False,False,False,False,False
1782461863.115,0,0,0,0,0,1.53,-2.17,0.0,0.0,0.0,0.0,0.0,0,90,0,0.0,0,False,False,False,False,False,False
1782461863.141,0,0,0,0,0,1.53,-2.18,0.0,0.0,0.0,0.0,0.0,0,90,0,0.0,0,False,False,False,False,False,False
1782461863.165,0,0,0,0,0,1.54,-2.19,0.0,0.0,0.0,0.0,0.0,0,90,0,0.0,0,False,False,False,False,False,False
1782461863.188,0,0,0,0,0,1.55,-2.19,0.0,0.0,0.0,0.0,0.0,0,90,0,0.0,0,False,False,False,False,False,False
1782461863.212,0,0,0,0,0,1.56,-2.19,0.0,0.0,0.0,0.0,0.0,0,90,0,0.0,0,False,False,False,False,False,False
1782461863.235,0,0,0,0,0,1.57,-2.2,0.0,0.0,0.0,0.0,0.0,0,90,0,0.0,0,False,False,False,False,False,False
1782461863.259,0,0,0,0,0,1.58,-2.2,0.0,0.0,0.0,0.0,0.0,0,90,0,0.0,0,False,False,False,False,False,False
1782461863.283,0,0,0,0,0,1.58,-2.18,0.0,0.0,0.0,0.0,0.0,0,90,0,0.0,0,False,False,False,False,False,False
1782461863.305,0,0,0,0,0,1.57,-2.17,0.0,0.0,0.0,0.0,0.0,0,90,0,0.0,0,False,False,False,False,False,False
1782461863.331,0,0,0,0,0,1.57,-2.2,0.0,0.0,0.0,0.0,0.0,0,90,0,0.0,0,False,False,False,False,False,False
1782461863.353,0,0,0,0,0,1.57,-2.23,0.0,0.0,0.0,0.0,0.0,0,90,0,0.0,0,False,False,False,False,False,False
1782461863.376,0,0,0,0,0,1.57,-2.24,0.0,0.0,0.0,0.0,0.0,0,90,0,0.0,0,False,False,False,False,False,False
1782461863.401,0,0,0,0,0,1.56,-2.24,0.0,0.0,0.0,0.0,0.0,0,90,0,0.0,0,False,False,False,False,False,False
1782461863.424,0,0,0,0,0,1.56,-2.22,0.0,0.0,0.0,0.0,0.0,0,90,0,0.0,0,False,False,False,False,False,False
1782461863.448,0,0,0,0,0,1.55,-2.19,0.0,0.0,0.0,0.0,0.0,0,90,0,0.0,0,False,False,False,False,False,False
1782461863.472,0,0,0,0,0,1.55,-2.17,0.0,0.0,0.0,0.0,0.0,0,90,0,0.0,0,False,False,False,False,False,False
1782461863.495,0,0,0,0,0,1.55,-2.15,0.0,0.0,0.0,0.0,0.0,0,90,0,0.0,0,False,False,False,False,False,False
1782461863.519,0,0,0,0,0,1.54,-2.14,0.0,0.0,0.0,0.0,0.0,0,90,0,0.0,0,False,False,False,False,False,False
1782461863.541,0,0,0,0,0,1.53,-2.13,0.0,0.0,0.0,0.0,0.0,0,90,0,0.0,0,False,False,False,False,False,False
1782461863.566,0,0,0,0,0,1.52,-2.13,0.0,0.0,0.0,0.0,0.0,0,90,0,0.0,0,False,False,False,False,False,False
1782461863.589,0,0,0,0,0,1.52,-2.14,0.0,0.0,0.0,0.0,0.0,0,90,0,0.0,0,False,False,False,False,False,False
1782461863.612,0,0,0,0,0,1.51,-2.15,0.0,0.0,0.0,0.0,0.0,0,90,0,0.0,0,False,False,False,False,False,False
1782461863.637,0,0,0,0,0,1.53,-2.16,0.0,0.0,0.0,0.0,0.0,0,90,0,0.0,0,False,False,False,False,False,False
1782461863.66,0,0,0,0,0,1.55,-2.16,0.0,0.0,0.0,0.0,0.0,0,90,0,0.0,0,False,False,False,False,False,False
1782461863.684,0,0,0,0,0,1.56,-2.15,0.0,0.0,0.0,0.0,0.0,0,90,0,0.0,0,False,False,False,False,False,False
1782461863.708,0,0,0,0,0,1.56,-2.14,0.0,0.0,0.0,0.0,0.0,0,90,0,0.0,0,False,False,False,False,False,False
1782461863.732,0,0,0,0,0,1.56,-2.14,0.0,0.0,0.0,0.0,0.0,0,90,0,0.0,0,False,False,False,False,False,False
1782461863.754,0,0,0,0,0,1.56,-2.16,0.0,0.0,0.0,0.0,0.0,0,90,0,0.0,0,False,False,False,False,False,False
1782461863.777,0,0,0,0,0,1.57,-2.16,0.0,0.0,0.0,0.0,0.0,0,90,0,0.0,0,False,False,False,False,False,False
1782461863.802,0,0,0,0,0,1.57,-2.17,0.0,0.0,0.0,0.0,0.0,0,90,0,0.0,0,False,False,False,False,False,False
1782461863.826,0,0,0,0,0,1.56,-2.18,0.0,0.0,0.0,0.0,0.0,0,90,0,0.0,0,False,False,False,False,False,False
1782461863.85,0,0,0,0,0,1.54,-2.19,0.0,0.0,0.0,0.0,0.0,0,90,0,0.0,0,False,False,False,False,False,False
1782461863.873,0,0,0,0,0,1.53,-2.19,0.0,0.0,0.0,0.0,0.0,0,90,0,0.0,0,False,False,False,False,False,False
1782461863.897,0,0,0,0,0,1.53,-2.17,0.0,0.0,0.0,0.0,0.0,0,90,0,0.0,0,False,False,False,False,False,False
1782461863.92,0,0,0,0,0,1.54,-2.15,0.0,0.0,0.0,0.0,0.0,0,90,0,0.0,0,False,False,False,False,False,False
1782461863.945,0,0,0,0,0,1.54,-2.13,0.0,0.0,0.0,0.0,0.0,0,90,0,0.0,0,False,False,False,False,False,False
1782461863.968,0,0,0,0,0,1.54,-2.13,0.0,0.0,0.0,0.0,0.0,0,90,0,0.0,0,False,False,False,False,False,False
1782461863.992,0,0,0,0,0,1.54,-2.14,0.0,0.0,0.0,0.0,0.0,0,90,0,0.0,0,False,False,False,False,False,False
1782461864.015,0,0,0,0,0,1.53,-2.15,0.0,0.0,0.0,0.0,0.0,0,90,0,0.0,0,False,False,False,False,False,False
1782461864.038,0,0,0,0,0,1.53,-2.17,0.0,0.0,0.0,0.0,0.0,0,90,0,0.0,0,False,False,False,False,False,False
1782461864.063,0,0,0,0,0,1.53,-2.17,0.0,0.0,0.0,0.0,0.0,0,90,0,0.0,0,False,False,False,False,False,False
1782461864.086,0,0,0,0,0,1.53,-2.16,0.0,0.0,0.0,0.0,0.0,0,90,0,0.0,0,False,False,False,False,False,False
1782461864.11,0,0,0,0,0,1.54,-2.14,0.0,0.0,0.0,0.0,0.0,0,90,0,0.0,0,False,False,False,False,False,False
1782461864.133,0,0,0,0,0,1.54,-2.15,0.0,0.0,0.0,0.0,0.0,0,90,0,0.0,0,False,False,False,False,False,False
1782461864.155,0,0,0,0,0,1.52,-2.16,0.0,0.0,0.0,0.0,0.0,0,90,0,0.0,0,False,False,False,False,False,False
1782461864.181,0,0,0,0,0,1.52,-2.16,0.0,0.0,0.0,0.0,0.0,0,90,0,0.0,0,False,False,False,False,False,False
1782461864.204,0,0,0,0,0,1.51,-2.15,0.0,0.0,0.0,0.0,0.0,0,90,0,0.0,0,False,False,False,False,False,False
1782461864.227,0,0,0,0,0,1.52,-2.14,0.0,0.0,0.0,0.0,0.0,0,90,0,0.0,0,False,False,False,False,False,False
1782461864.252,0,0,0,0,0,1.54,-2.13,0.0,0.0,0.0,0.0,0.0,0,90,0,0.0,0,False,False,False,False,False,False
1782461864.274,0,0,0,0,0,1.56,-2.15,0.0,0.0,0.0,0.0,0.0,0,90,0,0.0,0,False,False,False,False,False,False
1782461864.299,0,0,0,0,0,1.56,-2.19,0.0,0.0,0.0,0.0,0.0,0,90,0,0.0,0,False,False,False,False,False,False
1782461864.321,0,0,0,0,0,1.57,-2.21,0.0,0.0,0.0,0.0,0.0,0,90,0,0.0,0,False,False,False,False,False,False
1782461864.346,0,0,0,0,0,1.58,-2.21,0.0,0.0,0.0,0.0,0.0,0,90,0,0.0,0,False,False,False,False,False,False
1782461864.369,0,0,0,0,0,1.59,-2.19,0.0,0.0,0.0,0.0,0.0,0,90,0,0.0,0,False,False,False,False,False,False
1782461864.392,0,0,0,0,0,1.59,-2.16,0.0,0.0,0.0,0.0,0.0,0,90,0,0.0,0,False,False,False,False,False,False
1782461864.417,0,0,0,0,0,1.6,-2.13,0.0,0.0,0.0,0.0,0.0,0,90,0,0.0,0,False,False,False,False,False,False
1782461864.439,0,0,0,0,0,1.61,-2.12,0.0,0.0,0.0,0.0,0.0,0,90,0,0.0,0,False,False,False,False,False,False
1782461864.463,0,0,0,0,0,1.6,-2.12,0.0,0.0,0.0,0.0,0.0,0,90,0,0.0,0,False,False,False,False,False,False
1782461864.486,0,0,0,0,0,1.58,-2.14,0.0,0.0,0.0,0.0,0.0,0,90,0,0.0,0,False,False,False,False,False,False
1782461864.511,0,0,0,0,0,1.57,-2.18,0.0,0.0,0.0,0.0,0.0,0,90,0,0.0,0,False,False,False,False,False,False
1782461864.535,0,0,0,0,0,1.55,-2.22,0.0,0.0,0.0,0.0,0.0,0,90,0,0.0,0,False,False,False,False,False,False
1782461864.558,0,0,0,0,0,1.52,-2.23,0.0,0.0,0.0,0.0,0.0,0,90,0,0.0,0,False,False,False,False,False,False
1782461864.581,0,0,0,0,0,1.51,-2.23,0.0,0.0,0.0,0.0,0.0,0,90,0,0.0,0,False,False,False,False,False,False
1782461864.605,0,0,0,0,0,1.51,-2.2,0.0,0.0,0.0,0.0,0.0,0,90,0,0.0,0,False,False,False,False,False,False
1782461864.628,0,0,0,0,0,1.53,-2.17,0.0,0.0,0.0,0.0,0.0,0,90,0,0.0,0,False,False,False,False,False,False
1782461864.655,0,0,0,0,0,1.53,-2.16,0.0,0.0,0.0,0.0,0.0,0,90,0,0.0,0,False,False,False,False,False,False
1782461864.677,0,0,0,0,0,1.54,-2.17,0.0,0.0,0.0,0.0,0.0,0,90,0,0.0,0,False,False,False,False,False,False
1782461864.699,0,0,0,0,0,1.55,-2.2,0.0,0.0,0.0,0.0,0.0,0,90,0,0.0,0,False,False,False,False,False,False
1782461864.724,0,0,0,0,0,1.55,-2.21,0.0,0.0,0.0,0.0,0.0,0,90,0,0.0,0,False,False,False,False,False,False
1782461864.747,0,0,0,0,0,1.54,-2.2,0.0,0.0,0.0,0.0,0.0,0,90,0,0.0,0,False,False,False,False,False,False
1782461864.771,0,0,0,0,0,1.53,-2.21,0.0,0.0,0.0,0.0,0.0,0,90,0,0.0,0,False,False,False,False,False,False
1782461864.794,0,0,0,0,0,1.52,-2.2,0.0,0.0,0.0,0.0,0.0,0,90,0,0.0,0,False,False,False,False,False,False
1782461864.819,0,0,0,0,0,1.52,-2.18,0.0,0.0,0.0,0.0,0.0,0,90,0,0.0,0,False,False,False,False,False,False
1782461864.841,0,0,0,0,0,1.53,-2.16,0.0,0.0,0.0,0.0,0.0,0,90,0,0.0,0,False,False,False,False,False,False
1782461864.866,0,0,0,0,0,1.55,-2.15,0.0,0.0,0.0,0.0,0.0,0,90,0,0.0,0,False,False,False,False,False,False
1782461864.887,0,0,0,0,0,1.55,-2.15,0.0,0.0,0.0,0.0,0.0,0,90,0,0.0,0,False,False,False,False,False,False
1782461864.913,0,0,0,0,0,1.55,-2.16,0.0,0.0,0.0,0.0,0.0,0,90,0,0.0,0,False,False,False,False,False,False
1782461864.938,0,0,0,0,0,1.57,-2.16,0.0,0.0,0.0,0.0,0.0,0,90,0,0.0,0,False,False,False,False,False,False
1782461864.959,0,0,0,0,0,1.59,-2.17,0.0,0.0,0.0,0.0,0.0,0,90,0,0.0,0,False,False,False,False,False,False
1782461864.983,0,0,0,0,0,1.58,-2.17,0.0,0.0,0.0,0.0,0.0,0,90,0,0.0,0,False,False,False,False,False,False
1782461865.007,0,0,0,0,0,1.56,-2.19,0.0,0.0,0.0,0.0,0.0,0,90,0,0.0,0,False,False,False,False,False,False
1782461865.03,0,0,0,0,0,1.54,-2.19,0.0,0.0,0.0,0.0,0.0,0,90,0,0.0,0,False,False,False,False,False,False
1782461865.054,0,0,0,0,0,1.53,-2.17,0.0,0.0,0.0,0.0,0.0,0,90,0,0.0,0,False,False,False,False,False,False
1782461865.079,0,0,0,0,0,1.53,-2.16,0.0,0.0,0.0,0.0,0.0,0,90,0,0.0,0,False,False,False,False,False,False
1782461865.101,0,0,0,0,0,1.52,-2.15,0.0,0.0,0.0,0.0,0.0,0,90,0,0.0,0,False,False,False,False,False,False
1782461865.126,0,0,0,0,0,1.52,-2.13,0.0,0.0,0.0,0.0,0.0,0,90,0,0.0,0,False,False,False,False,False,False
1782461865.15,0,0,0,0,0,1.53,-2.13,0.0,0.0,0.0,0.0,0.0,0,90,0,0.0,0,False,False,False,False,False,False
1782461865.171,0,0,0,0,0,1.53,-2.14,0.0,0.0,0.0,0.0,0.0,0,90,0,0.0,0,False,False,False,False,False,False
1782461865.196,0,0,0,0,0,1.53,-2.16,0.0,0.0,0.0,0.0,0.0,0,90,0,0.0,0,False,False,False,False,False,False
1782461865.22,0,0,0,0,0,1.53,-2.17,0.0,0.0,0.0,0.0,0.0,0,90,0,0.0,0,False,False,False,False,False,False
1782461865.243,0,0,0,0,0,1.54,-2.16,0.0,0.0,0.0,0.0,0.0,0,90,0,0.0,0,False,False,False,False,False,False
1782461865.267,0,0,0,0,0,1.55,-2.14,0.0,0.0,0.0,0.0,0.0,0,90,0,0.0,0,False,False,False,False,False,False
1782461865.29,0,0,0,0,0,1.57,-2.11,0.0,0.0,0.0,0.0,0.0,0,90,0,0.0,0,False,False,False,False,False,False
1782461865.315,0,0,0,0,0,1.57,-2.09,0.0,0.0,0.0,0.0,0.0,0,90,0,0.0,0,False,False,False,False,False,False
1782461865.339,0,0,0,0,0,1.56,-2.09,0.0,0.0,0.0,0.0,0.0,0,90,0,0.0,0,False,False,False,False,False,False
1782461865.363,0,0,0,0,0,1.54,-2.11,0.0,0.0,0.0,0.0,0.0,0,90,0,0.0,0,False,False,False,False,False,False
1782461865.385,0,0,0,0,0,1.55,-2.13,0.0,0.0,0.0,0.0,0.0,0,90,0,0.0,0,False,False,False,False,False,False
1782461865.408,0,0,0,0,0,1.56,-2.15,0.0,0.0,0.0,0.0,0.0,0,90,0,0.0,0,False,False,False,False,False,False
1782461865.433,0,0,0,0,0,1.55,-2.18,0.0,0.0,0.0,0.0,0.0,0,90,0,0.0,0,False,False,False,False,False,False
1782461865.455,0,0,0,0,0,1.54,-2.2,0.0,0.0,0.0,0.0,0.0,0,90,0,0.0,0,False,False,False,False,False,False
1782461865.479,0,0,0,0,0,1.54,-2.19,0.0,0.0,0.0,0.0,0.0,0,90,0,0.0,0,False,False,False,False,False,False
1782461865.504,0,0,0,0,0,1.56,-2.17,0.0,0.0,0.0,0.0,0.0,0,90,0,0.0,0,False,False,False,False,False,False
1782461865.527,0,0,0,0,0,1.56,-2.17,0.0,0.0,0.0,0.0,0.0,0,90,0,0.0,0,False,False,False,False,False,False
1782461865.55,0,0,0,0,0,1.54,-2.17,0.0,0.0,0.0,0.0,0.0,0,90,0,0.0,0,False,False,False,False,False,False
1782461865.574,0,0,0,0,0,1.53,-2.17,0.0,0.0,0.0,0.0,0.0,0,90,0,0.0,0,False,False,False,False,False,False
1782461865.598,0,0,0,0,0,1.52,-2.16,0.0,0.0,0.0,0.0,0.0,0,90,0,0.0,0,False,False,False,False,False,False
1782461865.622,0,0,0,0,0,1.51,-2.16,0.0,0.0,0.0,0.0,0.0,0,90,0,0.0,0,False,False,False,False,False,False
1782461865.645,0,0,0,0,0,1.52,-2.16,0.0,0.0,0.0,0.0,0.0,0,90,0,0.0,0,False,False,False,False,False,False
1782461865.669,0,0,0,0,0,1.53,-2.16,0.0,0.0,0.0,0.0,0.0,0,90,0,0.0,0,False,False,False,False,False,False
1782461865.692,0,0,0,0,0,1.55,-2.17,0.0,0.0,0.0,0.0,0.0,0,90,0,0.0,0,False,False,False,False,False,False
1782461865.717,0,0,0,0,0,1.56,-2.19,0.0,0.0,0.0,0.0,0.0,0,90,0,0.0,0,False,False,False,False,False,False
1782461865.739,0,0,0,0,0,1.58,-2.21,0.0,0.0,0.0,0.0,0.0,0,90,0,0.0,0,False,False,False,False,False,False
1782461865.764,0,0,0,0,0,1.58,-2.22,0.0,0.0,0.0,0.0,0.0,0,90,0,0.0,0,False,False,False,False,False,False
1782461865.786,0,0,0,0,0,1.58,-2.21,0.0,0.0,0.0,0.0,0.0,0,90,0,0.0,0,False,False,False,False,False,False
1782461865.811,0,0,0,0,0,1.57,-2.19,0.0,0.0,0.0,0.0,0.0,0,90,0,0.0,0,False,False,False,False,False,False
1782461865.835,0,0,0,0,0,1.55,-2.19,0.0,0.0,0.0,0.0,0.0,0,90,0,0.0,0,False,False,False,False,False,False
1782461865.858,0,0,0,0,0,1.52,-2.19,0.0,0.0,0.0,0.0,0.0,0,90,0,0.0,0,False,False,False,False,False,False
1782461865.882,0,0,0,0,0,1.51,-2.18,0.0,0.0,0.0,0.0,0.0,0,90,0,0.0,0,False,False,False,False,False,False
1782461865.905,0,0,0,0,0,1.51,-2.17,0.0,0.0,0.0,0.0,0.0,0,90,0,0.0,0,False,False,False,False,False,False
1782461865.929,0,0,0,0,0,1.51,-2.16,0.0,0.0,0.0,0.0,0.0,0,90,0,0.0,0,False,False,False,False,False,False
1782461865.953,0,0,0,0,0,1.51,-2.16,0.0,0.0,0.0,0.0,0.0,0,90,0,0.0,0,False,False,False,False,False,False
1782461865.978,0,0,0,0,0,1.52,-2.15,0.0,0.0,0.0,0.0,0.0,0,90,0,0.0,0,False,False,False,False,False,False
1782461866.0,0,0,0,0,0,1.52,-2.15,0.0,0.0,0.0,0.0,0.0,0,90,0,0.0,0,False,False,False,False,False,False
1782461866.022,0,0,0,0,0,1.52,-2.17,0.0,0.0,0.0,0.0,0.0,0,90,0,0.0,0,False,False,False,False,False,False
1782461866.047,0,0,0,0,0,1.52,-2.17,0.0,0.0,0.0,0.0,0.0,0,90,0,0.0,0,False,False,False,False,False,False
1782461866.072,0,0,0,0,0,1.52,-2.16,0.0,0.0,0.0,0.0,0.0,0,90,0,0.0,0,False,False,False,False,False,False
1782461866.096,0,0,0,0,0,1.52,-2.14,0.0,0.0,0.0,0.0,0.0,0,90,0,0.0,0,False,False,False,False,False,False
1782461866.119,0,0,0,0,0,1.54,-2.1,0.0,0.0,0.0,0.0,0.0,0,90,0,0.0,0,False,False,False,False,False,False
1782461866.141,0,0,0,0,0,1.56,-2.08,0.0,0.0,0.0,0.0,0.0,0,90,0,0.0,0,False,False,False,False,False,False
1782461866.168,0,0,0,0,0,1.57,-2.1,0.0,0.0,0.0,0.0,0.0,0,90,0,0.0,0,False,False,False,False,False,False
1782461866.189,0,0,0,0,0,1.57,-2.16,0.0,0.0,0.0,0.0,0.0,0,90,0,0.0,0,False,False,False,False,False,False
1782461866.214,0,0,0,0,0,1.56,-2.2,0.0,0.0,0.0,0.0,0.0,0,90,0,0.0,0,False,False,False,False,False,False
1782461866.237,0,0,0,0,0,1.55,-2.22,0.0,0.0,0.0,0.0,0.0,0,90,0,0.0,0,False,False,False,False,False,False
1782461866.26,0,0,0,0,0,1.57,-2.21,0.0,0.0,0.0,0.0,0.0,0,90,0,0.0,0,False,False,False,False,False,False
1782461866.284,0,0,0,0,0,1.59,-2.2,0.0,0.0,0.0,0.0,0.0,0,90,0,0.0,0,False,False,False,False,False,False
1782461866.307,0,0,0,0,0,1.6,-2.19,0.0,0.0,0.0,0.0,0.0,0,90,0,0.0,0,False,False,False,False,False,False
1782461866.331,0,0,0,0,0,1.63,-2.18,0.0,0.0,0.0,0.0,0.0,0,90,0,0.0,0,False,False,False,False,False,False
1782461866.354,0,0,0,0,0,1.66,-2.17,0.0,0.0,0.0,0.0,0.0,0,90,0,0.0,0,False,False,False,False,False,False
1782461866.378,0,0,0,0,0,1.66,-2.16,0.0,0.0,0.0,0.0,0.0,0,90,0,0.0,0,False,False,False,False,False,False
1782461866.402,0,0,0,0,0,1.65,-2.17,0.0,0.0,0.0,0.0,0.0,0,90,0,0.0,0,False,False,False,False,False,False
1782461866.425,0,0,0,0,0,1.65,-2.18,0.0,0.0,0.0,0.0,0.0,0,90,0,0.0,0,False,False,False,False,False,False
1782461866.45,0,0,0,0,0,1.65,-2.19,0.0,0.0,0.0,0.0,0.0,0,90,0,0.0,0,False,False,False,False,False,False
1782461866.472,0,0,0,0,0,1.65,-2.2,0.0,0.0,0.0,0.0,0.0,0,90,0,0.0,0,False,False,False,False,False,False
1782461866.495,0,0,0,0,0,1.63,-2.21,0.0,0.0,0.0,0.0,0.0,0,90,0,0.0,0,False,False,False,False,False,False
1782461866.52,0,0,0,0,0,1.61,-2.21,0.0,0.0,0.0,0.0,0.0,0,90,0,0.0,0,False,False,False,False,False,False
1782461866.543,0,0,0,0,0,1.6,-2.2,0.0,0.0,0.0,0.0,0.0,0,90,0,0.0,0,False,False,False,False,False,False
1782461866.568,0,0,0,0,0,1.61,-2.2,0.0,0.0,0.0,0.0,0.0,0,90,0,0.0,0,False,False,False,False,False,False
1782461866.59,0,0,0,0,0,1.62,-2.2,0.0,0.0,0.0,0.0,0.0,0,90,0,0.0,0,False,False,False,False,False,False
1782461866.615,0,0,0,0,0,1.61,-2.21,0.0,0.0,0.0,0.0,0.0,0,90,0,0.0,0,False,False,False,False,False,False
1782461866.638,0,0,0,0,0,1.6,-2.21,0.0,0.0,0.0,0.0,0.0,0,90,0,0.0,0,False,False,False,False,False,False
1782461866.662,0,0,0,0,0,1.59,-2.21,0.0,0.0,0.0,0.0,0.0,0,90,0,0.0,0,False,False,False,False,False,False
1782461866.685,0,0,0,0,0,1.57,-2.22,0.0,0.0,0.0,0.0,0.0,0,90,0,0.0,0,False,False,False,False,False,False
1782461866.709,0,0,0,0,0,1.55,-2.24,0.0,0.0,0.0,0.0,0.0,0,90,0,0.0,0,False,False,False,False,False,False
1782461866.732,0,0,0,0,0,1.55,-2.24,0.0,0.0,0.0,0.0,0.0,0,90,0,0.0,0,False,False,False,False,False,False
1782461866.751,0,0,0,0,0,1.57,-2.23,0.0,0.0,0.0,0.0,0.0,0,90,0,0.0,0,False,False,False,False,False,False
1782461866.776,0,0,0,0,0,1.58,-2.21,0.0,0.0,0.0,0.0,0.0,0,90,0,0.0,0,False,False,False,False,False,False
1782461866.799,0,0,0,0,0,1.59,-2.19,0.0,0.0,0.0,0.0,0.0,0,90,0,0.0,0,False,False,False,False,False,False
1782461866.822,0,0,0,0,0,1.59,-2.18,0.0,0.0,0.0,0.0,0.0,0,90,0,0.0,0,False,False,False,False,False,False
1782461866.845,0,0,0,0,0,1.59,-2.18,0.0,0.0,0.0,0.0,0.0,0,90,0,0.0,0,False,False,False,False,False,False
1782461866.87,0,0,0,0,0,1.58,-2.19,0.0,0.0,0.0,0.0,0.0,0,90,0,0.0,0,False,False,False,False,False,False
1782461866.894,0,0,0,0,0,1.57,-2.19,0.0,0.0,0.0,0.0,0.0,0,90,0,0.0,0,False,False,False,False,False,False
1782461866.917,0,0,0,0,0,1.57,-2.21,0.0,0.0,0.0,0.0,0.0,0,90,0,0.0,0,False,False,False,False,False,False
1782461866.94,0,0,0,0,0,1.57,-2.23,0.0,0.0,0.0,0.0,0.0,0,90,0,0.0,0,False,False,False,False,False,False
1782461866.966,0,0,0,0,0,1.57,-2.24,0.0,0.0,0.0,0.0,0.0,0,90,0,0.0,0,False,False,False,False,False,False
1782461866.988,0,0,0,0,0,1.56,-2.24,0.0,0.0,0.0,0.0,0.0,0,90,0,0.0,0,False,False,False,False,False,False
1782461867.006,0,0,0,0,0,1.55,-2.24,0.0,0.0,0.0,0.0,0.0,0,90,0,0.0,0,False,False,False,False,False,False
1782461867.03,0,0,0,0,0,1.54,-2.24,0.0,0.0,0.0,0.0,0.0,0,90,0,0.0,0,False,False,False,False,False,False
1782461867.053,0,0,0,0,0,1.54,-2.24,0.0,0.0,0.0,0.0,0.0,0,90,0,0.0,0,False,False,False,False,False,False
1782461867.078,0,0,0,0,0,1.56,-2.22,0.0,0.0,0.0,0.0,0.0,0,90,0,0.0,0,False,False,False,False,False,False
1782461867.101,0,0,0,0,0,1.57,-2.17,0.0,0.0,0.0,0.0,0.0,0,90,0,0.0,0,False,False,False,False,False,False
1782461867.124,0,0,0,0,0,1.58,-2.12,0.0,0.0,0.0,0.0,0.0,0,90,0,0.0,0,False,False,False,False,False,False
1782461867.148,0,0,0,0,0,1.58,-2.09,0.0,0.0,0.0,0.0,0.0,0,90,0,0.0,0,False,False,False,False,False,False
1782461867.172,0,0,0,0,0,1.57,-2.09,0.0,0.0,0.0,0.0,0.0,0,90,0,0.0,0,False,False,False,False,False,False
1782461867.195,0,0,0,0,0,1.56,-2.11,0.0,0.0,0.0,0.0,0.0,0,90,0,0.0,0,False,False,False,False,False,False
1782461867.219,0,0,0,0,0,1.55,-2.12,0.0,0.0,0.0,0.0,0.0,0,90,0,0.0,0,False,False,False,False,False,False
1782461867.243,0,0,0,0,0,1.55,-2.13,0.0,0.0,0.0,0.0,0.0,0,90,0,0.0,0,False,False,False,False,False,False
1782461867.269,0,0,0,0,0,1.56,-2.17,0.0,0.0,0.0,0.0,0.0,0,90,0,0.0,0,False,False,False,False,False,False
1782461867.29,0,0,0,0,0,1.56,-2.19,0.0,0.0,0.0,0.0,0.0,0,90,0,0.0,0,False,False,False,False,False,False
1782461867.315,0,0,0,0,0,1.56,-2.18,0.0,0.0,0.0,0.0,0.0,0,90,0,0.0,0,False,False,False,False,False,False
1782461867.337,0,0,0,0,0,1.57,-2.15,0.0,0.0,0.0,0.0,0.0,0,90,0,0.0,0,False,False,False,False,False,False
1782461867.361,0,0,0,0,0,1.57,-2.12,0.0,0.0,0.0,0.0,0.0,0,90,0,0.0,0,False,False,False,False,False,False
1782461867.385,0,0,0,0,0,1.57,-2.09,0.0,0.0,0.0,0.0,0.0,0,90,0,0.0,0,False,False,False,False,False,False
1782461867.408,0,0,0,0,0,1.56,-2.1,0.0,0.0,0.0,0.0,0.0,0,90,0,0.0,0,False,False,False,False,False,False
1782461867.433,0,0,0,0,0,1.55,-2.13,0.0,0.0,0.0,0.0,0.0,0,90,0,0.0,0,False,False,False,False,False,False
1782461867.455,0,0,0,0,0,1.56,-2.16,0.0,0.0,0.0,0.0,0.0,0,90,0,0.0,0,False,False,False,False,False,False
1782461867.481,0,0,0,0,0,1.56,-2.19,0.0,0.0,0.0,0.0,0.0,0,90,0,0.0,0,False,False,False,False,False,False
1782461867.503,0,0,0,0,0,1.54,-2.19,0.0,0.0,0.0,0.0,0.0,0,90,0,0.0,0,False,False,False,False,False,False
1782461867.525,0,0,0,0,0,1.53,-2.18,0.0,0.0,0.0,0.0,0.0,0,90,0,0.0,0,False,False,False,False,False,False
1782461867.551,0,0,0,0,0,1.53,-2.17,0.0,0.0,0.0,0.0,0.0,0,90,0,0.0,0,False,False,False,False,False,False
1782461867.573,0,0,0,0,0,1.54,-2.15,0.0,0.0,0.0,0.0,0.0,0,90,0,0.0,0,False,False,False,False,False,False
1782461867.597,0,0,0,0,0,1.53,-2.14,0.0,0.0,0.0,0.0,0.0,0,90,0,0.0,0,False,False,False,False,False,False
1782461867.622,0,0,0,0,0,1.53,-2.16,0.0,0.0,0.0,0.0,0.0,0,90,0,0.0,0,False,False,False,False,False,False
1782461867.644,0,0,0,0,0,1.52,-2.18,0.0,0.0,0.0,0.0,0.0,0,90,0,0.0,0,False,False,False,False,False,False
1782461867.668,0,0,0,0,0,1.51,-2.21,0.0,0.0,0.0,0.0,0.0,0,90,0,0.0,0,False,False,False,False,False,False
1782461867.692,0,0,0,0,0,1.5,-2.22,0.0,0.0,0.0,0.0,0.0,0,90,0,0.0,0,False,False,False,False,False,False
1782461867.717,0,0,0,0,0,1.49,-2.21,0.0,0.0,0.0,0.0,0.0,0,90,0,0.0,0,False,False,False,False,False,False
1782461867.741,0,0,0,0,0,1.49,-2.2,0.0,0.0,0.0,0.0,0.0,0,90,0,0.0,0,False,False,False,False,False,False
1782461867.763,0,0,0,0,0,1.5,-2.2,0.0,0.0,0.0,0.0,0.0,0,90,0,0.0,0,False,False,False,False,False,False
1782461867.787,0,0,0,0,0,1.52,-2.19,0.0,0.0,0.0,0.0,0.0,0,90,0,0.0,0,False,False,False,False,False,False
1782461867.812,0,0,0,0,0,1.54,-2.16,0.0,0.0,0.0,0.0,0.0,0,90,0,0.0,0,False,False,False,False,False,False
1782461867.835,0,0,0,0,0,1.57,-2.13,0.0,0.0,0.0,0.0,0.0,0,90,0,0.0,0,False,False,False,False,False,False
1782461867.858,0,0,0,0,0,1.58,-2.1,0.0,0.0,0.0,0.0,0.0,0,90,0,0.0,0,False,False,False,False,False,False
1782461867.882,0,0,0,0,0,1.58,-2.11,0.0,0.0,0.0,0.0,0.0,0,90,0,0.0,0,False,False,False,False,False,False
1782461867.905,0,0,0,0,0,1.57,-2.13,0.0,0.0,0.0,0.0,0.0,0,90,0,0.0,0,False,False,False,False,False,False
1782461867.93,0,0,0,0,0,1.56,-2.15,0.0,0.0,0.0,0.0,0.0,0,90,0,0.0,0,False,False,False,False,False,False
1782461867.952,0,0,0,0,0,1.57,-2.16,0.0,0.0,0.0,0.0,0.0,0,90,0,0.0,0,False,False,False,False,False,False
1782461867.975,0,0,0,0,0,1.59,-2.16,0.0,0.0,0.0,0.0,0.0,0,90,0,0.0,0,False,False,False,False,False,False
1782461867.999,0,0,0,0,0,1.6,-2.17,0.0,0.0,0.0,0.0,0.0,0,90,0,0.0,0,False,False,False,False,False,False
1782461868.023,0,0,0,0,0,1.59,-2.17,0.0,0.0,0.0,0.0,0.0,0,90,0,0.0,0,False,False,False,False,False,False
1782461868.046,0,0,0,0,0,1.59,-2.17,0.0,0.0,0.0,0.0,0.0,0,90,0,0.0,0,False,False,False,False,False,False
1782461868.07,0,0,0,0,0,1.59,-2.16,0.0,0.0,0.0,0.0,0.0,0,90,0,0.0,0,False,False,False,False,False,False
1782461868.094,0,0,0,0,0,1.6,-2.15,0.0,0.0,0.0,0.0,0.0,0,90,0,0.0,0,False,False,False,False,False,False
1782461868.118,0,0,0,0,0,1.61,-2.15,0.0,0.0,0.0,0.0,0.0,0,90,0,0.0,0,False,False,False,False,False,False
1782461868.141,0,0,0,0,0,1.62,-2.16,0.0,0.0,0.0,0.0,0.0,0,90,0,0.0,0,False,False,False,False,False,False
1782461868.166,0,0,0,0,0,1.62,-2.16,0.0,0.0,0.0,0.0,0.0,0,90,0,0.0,0,False,False,False,False,False,False
1782461868.189,0,0,0,0,0,1.61,-2.17,0.0,0.0,0.0,0.0,0.0,0,90,0,0.0,0,False,False,False,False,False,False
1782461868.212,0,0,0,0,0,1.58,-2.17,0.0,0.0,0.0,0.0,0.0,0,90,0,0.0,0,False,False,False,False,False,False
1782461868.236,0,0,0,0,0,1.55,-2.18,0.0,0.0,0.0,0.0,0.0,0,90,0,0.0,0,False,False,False,False,False,False
1782461868.26,0,0,0,0,0,1.54,-2.17,0.0,0.0,0.0,0.0,0.0,0,90,0,0.0,0,False,False,False,False,False,False
1782461868.282,0,0,0,0,0,1.53,-2.17,0.0,0.0,0.0,0.0,0.0,0,90,0,0.0,0,False,False,False,False,False,False
1782461868.306,0,0,0,0,0,1.52,-2.16,0.0,0.0,0.0,0.0,0.0,0,90,0,0.0,0,False,False,False,False,False,False
1782461868.329,0,0,0,0,0,1.53,-2.15,0.0,0.0,0.0,0.0,0.0,0,90,0,0.0,0,False,False,False,False,False,False
1782461868.354,0,0,0,0,0,1.54,-2.14,0.0,0.0,0.0,0.0,0.0,0,90,0,0.0,0,False,False,False,False,False,False
1782461868.379,0,0,0,0,0,1.56,-2.15,0.0,0.0,0.0,0.0,0.0,0,90,0,0.0,0,False,False,False,False,False,False
1782461868.401,0,0,0,0,0,1.58,-2.16,0.0,0.0,0.0,0.0,0.0,0,90,0,0.0,0,False,False,False,False,False,False
1782461868.423,0,0,0,0,0,1.59,-2.18,0.0,0.0,0.0,0.0,0.0,0,90,0,0.0,0,False,False,False,False,False,False
1782461868.449,0,0,0,0,0,1.58,-2.19,0.0,0.0,0.0,0.0,0.0,0,90,0,0.0,0,False,False,False,False,False,False
1782461868.472,0,0,0,0,0,1.57,-2.18,0.0,0.0,0.0,0.0,0.0,0,90,0,0.0,0,False,False,False,False,False,False
1782461868.495,0,0,0,0,0,1.58,-2.17,0.0,0.0,0.0,0.0,0.0,0,90,0,0.0,0,False,False,False,False,False,False
1782461868.52,0,0,0,0,0,1.58,-2.16,0.0,0.0,0.0,0.0,0.0,0,90,0,0.0,0,False,False,False,False,False,False
1782461868.543,0,0,0,0,0,1.56,-2.15,0.0,0.0,0.0,0.0,0.0,0,90,0,0.0,0,False,False,False,False,False,False
1782461868.566,0,0,0,0,0,1.55,-2.15,0.0,0.0,0.0,0.0,0.0,0,90,0,0.0,0,False,False,False,False,False,False
1782461868.589,0,0,0,0,0,1.55,-2.14,0.0,0.0,0.0,0.0,0.0,0,90,0,0.0,0,False,False,False,False,False,False
1782461868.614,0,0,0,0,0,1.55,-2.13,0.0,0.0,0.0,0.0,0.0,0,90,0,0.0,0,False,False,False,False,False,False
1782461868.637,0,0,0,0,0,1.54,-2.13,0.0,0.0,0.0,0.0,0.0,0,90,0,0.0,0,False,False,False,False,False,False
1782461868.661,0,0,0,0,0,1.54,-2.14,0.0,0.0,0.0,0.0,0.0,0,90,0,0.0,0,False,False,False,False,False,False
1782461868.686,0,0,0,0,0,1.54,-2.14,0.0,0.0,0.0,0.0,0.0,0,90,0,0.0,0,False,False,False,False,False,False
1782461868.709,0,0,0,0,0,1.53,-2.13,0.0,0.0,0.0,0.0,0.0,0,90,0,0.0,0,False,False,False,False,False,False
1782461868.732,0,0,0,0,0,1.52,-2.14,0.0,0.0,0.0,0.0,0.0,0,90,0,0.0,0,False,False,False,False,False,False
1782461868.755,0,0,0,0,0,1.53,-2.14,0.0,0.0,0.0,0.0,0.0,0,90,0,0.0,0,False,False,False,False,False,False
1782461868.78,0,0,0,0,0,1.56,-2.14,0.0,0.0,0.0,0.0,0.0,0,90,0,0.0,0,False,False,False,False,False,False
1782461868.802,0,0,0,0,0,1.58,-2.13,0.0,0.0,0.0,0.0,0.0,0,90,0,0.0,0,False,False,False,False,False,False
1782461868.827,0,0,0,0,0,1.57,-2.13,0.0,0.0,0.0,0.0,0.0,0,90,0,0.0,0,False,False,False,False,False,False
1782461868.849,0,0,0,0,0,1.55,-2.15,0.0,0.0,0.0,0.0,0.0,0,90,0,0.0,0,False,False,False,False,False,False
1782461868.873,0,0,0,0,0,1.53,-2.16,0.0,0.0,0.0,0.0,0.0,0,90,0,0.0,0,False,False,False,False,False,False
1782461868.9,0,0,0,0,0,1.52,-2.16,0.0,0.0,0.0,0.0,0.0,0,90,0,0.0,0,False,False,False,False,False,False
1782461868.922,0,0,0,0,0,1.5,-2.16,0.0,0.0,0.0,0.0,0.0,0,90,0,0.0,0,False,False,False,False,False,False
1782461868.945,0,0,0,0,0,1.49,-2.18,0.0,0.0,0.0,0.0,0.0,0,90,0,0.0,0,False,False,False,False,False,False
1782461868.968,0,0,0,0,0,1.49,-2.2,0.0,0.0,0.0,0.0,0.0,0,90,0,0.0,0,False,False,False,False,False,False
1782461868.991,0,0,0,0,0,1.48,-2.21,0.0,0.0,0.0,0.0,0.0,0,90,0,0.0,0,False,False,False,False,False,False
1782461869.016,0,0,0,0,0,1.48,-2.19,0.0,0.0,0.0,0.0,0.0,0,90,0,0.0,0,False,False,False,False,False,False
1782461869.039,0,0,0,0,0,1.48,-2.18,0.0,0.0,0.0,0.0,0.0,0,90,0,0.0,0,False,False,False,False,False,False
1782461869.064,0,0,0,0,0,1.49,-2.19,0.0,0.0,0.0,0.0,0.0,0,90,0,0.0,0,False,False,False,False,False,False
1782461869.087,0,0,0,0,0,1.51,-2.21,0.0,0.0,0.0,0.0,0.0,0,90,0,0.0,0,False,False,False,False,False,False
1782461869.11,0,0,0,0,0,1.52,-2.22,0.0,0.0,0.0,0.0,0.0,0,90,0,0.0,0,False,False,False,False,False,False
1782461869.134,0,0,0,0,0,1.53,-2.22,0.0,0.0,0.0,0.0,0.0,0,90,0,0.0,0,False,False,False,False,False,False
1782461869.158,0,0,0,0,0,1.54,-2.21,0.0,0.0,0.0,0.0,0.0,0,90,0,0.0,0,False,False,False,False,False,False
1782461869.181,0,0,0,0,0,1.54,-2.21,0.0,0.0,0.0,0.0,0.0,0,90,0,0.0,0,False,False,False,False,False,False
1782461869.205,0,0,0,0,0,1.53,-2.2,0.0,0.0,0.0,0.0,0.0,0,90,0,0.0,0,False,False,False,False,False,False
1782461869.229,0,0,0,0,0,1.52,-2.19,0.0,0.0,0.0,0.0,0.0,0,90,0,0.0,0,False,False,False,False,False,False
1782461869.252,0,0,0,0,0,1.53,-2.18,0.0,0.0,0.0,0.0,0.0,0,90,0,0.0,0,False,False,False,False,False,False
1782461869.276,0,0,0,0,0,1.53,-2.16,0.0,0.0,0.0,0.0,0.0,0,90,0,0.0,0,False,False,False,False,False,False
1782461869.299,0,0,0,0,0,1.53,-2.14,0.0,0.0,0.0,0.0,0.0,0,90,0,0.0,0,False,False,False,False,False,False
1782461869.323,0,0,0,0,0,1.53,-2.14,0.0,0.0,0.0,0.0,0.0,0,90,0,0.0,0,False,False,False,False,False,False
1782461869.347,0,0,0,0,0,1.55,-2.14,0.0,0.0,0.0,0.0,0.0,0,90,0,0.0,0,False,False,False,False,False,False
1782461869.372,0,0,0,0,0,1.55,-2.14,0.0,0.0,0.0,0.0,0.0,0,90,0,0.0,0,False,False,False,False,False,False
1782461869.395,0,0,0,0,0,1.54,-2.15,0.0,0.0,0.0,0.0,0.0,0,90,0,0.0,0,False,False,False,False,False,False
1782461869.42,0,0,0,0,0,1.55,-2.16,0.0,0.0,0.0,0.0,0.0,0,90,0,0.0,0,False,False,False,False,False,False
1782461869.441,0,0,0,0,0,1.55,-2.17,0.0,0.0,0.0,0.0,0.0,0,90,0,0.0,0,False,False,False,False,False,False
1782461869.466,0,0,0,0,0,1.56,-2.19,0.0,0.0,0.0,0.0,0.0,0,90,0,0.0,0,False,False,False,False,False,False
1782461869.489,0,0,0,0,0,1.56,-2.19,0.0,0.0,0.0,0.0,0.0,0,90,0,0.0,0,False,False,False,False,False,False
1782461869.512,0,0,0,0,0,1.56,-2.19,0.0,0.0,0.0,0.0,0.0,0,90,0,0.0,0,False,False,False,False,False,False
1782461869.535,0,0,0,0,0,1.55,-2.18,0.0,0.0,0.0,0.0,0.0,0,90,0,0.0,0,False,False,False,False,False,False
1782461869.561,0,0,0,0,0,1.55,-2.18,0.0,0.0,0.0,0.0,0.0,0,90,0,0.0,0,False,False,False,False,False,False
1782461869.584,0,0,0,0,0,1.57,-2.17,0.0,0.0,0.0,0.0,0.0,0,90,0,0.0,0,False,False,False,False,False,False
1782461869.607,0,0,0,0,0,1.6,-2.16,0.0,0.0,0.0,0.0,0.0,0,90,0,0.0,0,False,False,False,False,False,False
1782461869.633,0,0,0,0,0,1.62,-2.16,0.0,0.0,0.0,0.0,0.0,0,90,0,0.0,0,False,False,False,False,False,False
1782461869.655,0,0,0,0,0,1.62,-2.14,0.0,0.0,0.0,0.0,0.0,0,90,0,0.0,0,False,False,False,False,False,False
1782461869.679,0,0,0,0,0,1.6,-2.12,0.0,0.0,0.0,0.0,0.0,0,90,0,0.0,0,False,False,False,False,False,False
1782461869.704,0,0,0,0,0,1.59,-2.11,0.0,0.0,0.0,0.0,0.0,0,90,0,0.0,0,False,False,False,False,False,False
1782461869.725,0,0,0,0,0,1.57,-2.11,0.0,0.0,0.0,0.0,0.0,0,90,0,0.0,0,False,False,False,False,False,False
1782461869.749,0,0,0,0,0,1.54,-2.12,0.0,0.0,0.0,0.0,0.0,0,90,0,0.0,0,False,False,False,False,False,False
1782461869.773,0,0,0,0,0,1.52,-2.14,0.0,0.0,0.0,0.0,0.0,0,90,0,0.0,0,False,False,False,False,False,False
1782461869.797,0,0,0,0,0,1.51,-2.14,0.0,0.0,0.0,0.0,0.0,0,90,0,0.0,0,False,False,False,False,False,False
1782461869.82,0,0,0,0,0,1.52,-2.14,0.0,0.0,0.0,0.0,0.0,0,90,0,0.0,0,False,False,False,False,False,False
1782461869.844,0,0,0,0,0,1.52,-2.15,0.0,0.0,0.0,0.0,0.0,0,90,0,0.0,0,False,False,False,False,False,False
1782461869.869,0,0,0,0,0,1.51,-2.17,0.0,0.0,0.0,0.0,0.0,0,90,0,0.0,0,False,False,False,False,False,False
1782461869.89,0,0,0,0,0,1.49,-2.18,0.0,0.0,0.0,0.0,0.0,0,90,0,0.0,0,False,False,False,False,False,False
1782461869.916,0,0,0,0,0,1.48,-2.17,0.0,0.0,0.0,0.0,0.0,0,90,0,0.0,0,False,False,False,False,False,False
1782461869.938,0,0,0,0,0,1.49,-2.17,0.0,0.0,0.0,0.0,0.0,0,90,0,0.0,0,False,False,False,False,False,False
1782461869.963,0,0,0,0,0,1.52,-2.18,0.0,0.0,0.0,0.0,0.0,0,90,0,0.0,0,False,False,False,False,False,False
1782461869.987,0,0,0,0,0,1.55,-2.2,0.0,0.0,0.0,0.0,0.0,0,90,0,0.0,0,False,False,False,False,False,False
1782461870.01,0,0,0,0,0,1.56,-2.21,0.0,0.0,0.0,0.0,0.0,0,90,0,0.0,0,False,False,False,False,False,False
1782461870.033,0,0,0,0,0,1.55,-2.2,0.0,0.0,0.0,0.0,0.0,0,90,0,0.0,0,False,False,False,False,False,False
1782461870.057,0,0,0,0,0,1.55,-2.18,0.0,0.0,0.0,0.0,0.0,0,90,0,0.0,0,False,False,False,False,False,False
1782461870.081,0,0,0,0,0,1.56,-2.15,0.0,0.0,0.0,0.0,0.0,0,90,0,0.0,0,False,False,False,False,False,False
1782461870.104,0,0,0,0,0,1.57,-2.13,0.0,0.0,0.0,0.0,0.0,0,90,0,0.0,0,False,False,False,False,False,False
1782461870.128,0,0,0,0,0,1.57,-2.13,0.0,0.0,0.0,0.0,0.0,0,90,0,0.0,0,False,False,False,False,False,False
1782461870.151,0,0,0,0,0,1.57,-2.12,0.0,0.0,0.0,0.0,0.0,0,90,0,0.0,0,False,False,False,False,False,False
1782461870.175,0,0,0,0,0,1.57,-2.12,0.0,0.0,0.0,0.0,0.0,0,90,0,0.0,0,False,False,False,False,False,False
1782461870.199,0,0,0,0,0,1.56,-2.13,0.0,0.0,0.0,0.0,0.0,0,90,0,0.0,0,False,False,False,False,False,False
1782461870.223,0,0,0,0,0,1.55,-2.14,0.0,0.0,0.0,0.0,0.0,0,90,0,0.0,0,False,False,False,False,False,False
1782461870.246,0,0,0,0,0,1.54,-2.16,0.0,0.0,0.0,0.0,0.0,0,90,0,0.0,0,False,False,False,False,False,False
1782461870.269,0,0,0,0,0,1.53,-2.17,0.0,0.0,0.0,0.0,0.0,0,90,0,0.0,0,False,False,False,False,False,False
1782461870.293,0,0,0,0,0,1.51,-2.17,0.0,0.0,0.0,0.0,0.0,0,90,0,0.0,0,False,False,False,False,False,False
1782461870.317,0,0,0,0,0,1.51,-2.16,0.0,0.0,0.0,0.0,0.0,0,90,0,0.0,0,False,False,False,False,False,False
1782461870.34,0,0,0,0,0,1.51,-2.15,0.0,0.0,0.0,0.0,0.0,0,90,0,0.0,0,False,False,False,False,False,False
1782461870.363,0,0,0,0,0,1.54,-2.16,0.0,0.0,0.0,0.0,0.0,0,90,0,0.0,0,False,False,False,False,False,False
1782461870.389,0,0,0,0,0,1.56,-2.17,0.0,0.0,0.0,0.0,0.0,0,90,0,0.0,0,False,False,False,False,False,False
1782461870.411,0,0,0,0,0,1.57,-2.17,0.0,0.0,0.0,0.0,0.0,0,90,0,0.0,0,False,False,False,False,False,False
1782461870.435,0,0,0,0,0,1.56,-2.19,0.0,0.0,0.0,0.0,0.0,0,90,0,0.0,0,False,False,False,False,False,False
1782461870.458,0,0,0,0,0,1.54,-2.2,0.0,0.0,0.0,0.0,0.0,0,90,0,0.0,0,False,False,False,False,False,False
1782461870.483,0,0,0,0,0,1.54,-2.2,0.0,0.0,0.0,0.0,0.0,0,90,0,0.0,0,False,False,False,False,False,False
1782461870.505,0,0,0,0,0,1.55,-2.18,0.0,0.0,0.0,0.0,0.0,0,90,0,0.0,0,False,False,False,False,False,False
1782461870.529,0,0,0,0,0,1.56,-2.18,0.0,0.0,0.0,0.0,0.0,0,90,0,0.0,0,False,False,False,False,False,False
1782461870.554,0,0,0,0,0,1.55,-2.18,0.0,0.0,0.0,0.0,0.0,0,90,0,0.0,0,False,False,False,False,False,False
1782461870.577,0,0,0,0,0,1.54,-2.19,0.0,0.0,0.0,0.0,0.0,0,90,0,0.0,0,False,False,False,False,False,False
1782461870.6,0,0,0,0,0,1.52,-2.19,0.0,0.0,0.0,0.0,0.0,0,90,0,0.0,0,False,False,False,False,False,False
1782461870.624,0,0,0,0,0,1.52,-2.19,0.0,0.0,0.0,0.0,0.0,0,90,0,0.0,0,False,False,False,False,False,False
1782461870.647,0,0,0,0,0,1.51,-2.18,0.0,0.0,0.0,0.0,0.0,0,90,0,0.0,0,False,False,False,False,False,False
1782461870.672,0,0,0,0,0,1.51,-2.18,0.0,0.0,0.0,0.0,0.0,0,90,0,0.0,0,False,False,False,False,False,False
1782461870.695,0,0,0,0,0,1.51,-2.17,0.0,0.0,0.0,0.0,0.0,0,90,0,0.0,0,False,False,False,False,False,False
1782461870.719,0,0,0,0,0,1.52,-2.16,0.0,0.0,0.0,0.0,0.0,0,90,0,0.0,0,False,False,False,False,False,False
1782461870.741,0,0,0,0,0,1.53,-2.17,0.0,0.0,0.0,0.0,0.0,0,90,0,0.0,0,False,False,False,False,False,False
1782461870.767,0,0,0,0,0,1.53,-2.18,0.0,0.0,0.0,0.0,0.0,0,90,0,0.0,0,False,False,False,False,False,False
1782461870.789,0,0,0,0,0,1.54,-2.18,0.0,0.0,0.0,0.0,0.0,0,90,0,0.0,0,False,False,False,False,False,False
1782461870.813,0,0,0,0,0,1.56,-2.18,0.0,0.0,0.0,0.0,0.0,0,90,0,0.0,0,False,False,False,False,False,False
1782461870.838,0,0,0,0,0,1.57,-2.18,0.0,0.0,0.0,0.0,0.0,0,90,0,0.0,0,False,False,False,False,False,False
1782461870.86,0,0,0,0,0,1.58,-2.16,0.0,0.0,0.0,0.0,0.0,0,90,0,0.0,0,False,False,False,False,False,False
1782461870.879,0,0,0,0,0,1.57,-2.15,0.0,0.0,0.0,0.0,0.0,0,90,0,0.0,0,False,False,False,False,False,False
1782461870.903,0,0,0,0,0,1.56,-2.14,0.0,0.0,0.0,0.0,0.0,0,90,0,0.0,0,False,False,False,False,False,False
1782461870.926,0,0,0,0,0,1.55,-2.16,0.0,0.0,0.0,0.0,0.0,0,90,0,0.0,0,False,False,False,False,False,False
1782461870.95,0,0,0,0,0,1.54,-2.17,0.0,0.0,0.0,0.0,0.0,0,90,0,0.0,0,False,False,False,False,False,False
1782461870.974,0,0,0,0,0,1.53,-2.19,0.0,0.0,0.0,0.0,0.0,0,90,0,0.0,0,False,False,False,False,False,False
1782461870.998,0,0,0,0,0,1.51,-2.21,0.0,0.0,0.0,0.0,0.0,0,90,0,0.0,0,False,False,False,False,False,False
1782461871.023,0,0,0,0,0,1.51,-2.24,0.0,0.0,0.0,0.0,0.0,0,90,0,0.0,0,False,False,False,False,False,False
1782461871.044,0,0,0,0,0,1.52,-2.24,0.0,0.0,0.0,0.0,0.0,0,90,0,0.0,0,False,False,False,False,False,False
1782461871.069,0,0,0,0,0,1.54,-2.23,0.0,0.0,0.0,0.0,0.0,0,90,0,0.0,0,False,False,False,False,False,False
1782461871.091,0,0,0,0,0,1.56,-2.21,0.0,0.0,0.0,0.0,0.0,0,90,0,0.0,0,False,False,False,False,False,False
1782461871.116,0,0,0,0,0,1.59,-2.22,0.0,0.0,0.0,0.0,0.0,0,90,0,0.0,0,False,False,False,False,False,False
1782461871.14,0,0,0,0,0,1.62,-2.22,0.0,0.0,0.0,0.0,0.0,0,90,0,0.0,0,False,False,False,False,False,False
1782461871.162,0,0,0,0,0,1.64,-2.22,0.0,0.0,0.0,0.0,0.0,0,90,0,0.0,0,False,False,False,False,False,False
1782461871.187,0,0,0,0,0,1.64,-2.21,0.0,0.0,0.0,0.0,0.0,0,90,0,0.0,0,False,False,False,False,False,False
1782461871.209,0,0,0,0,0,1.65,-2.2,0.0,0.0,0.0,0.0,0.0,0,90,0,0.0,0,False,False,False,False,False,False
1782461871.234,0,0,0,0,0,1.65,-2.19,0.0,0.0,0.0,0.0,0.0,0,90,0,0.0,0,False,False,False,False,False,False
1782461871.256,0,0,0,0,0,1.64,-2.2,0.0,0.0,0.0,0.0,0.0,0,90,0,0.0,0,False,False,False,False,False,False
1782461871.28,0,0,0,0,0,1.63,-2.21,0.0,0.0,0.0,0.0,0.0,0,90,0,0.0,0,False,False,False,False,False,False
1782461871.304,0,0,0,0,0,1.65,-2.21,0.0,0.0,0.0,0.0,0.0,0,90,0,0.0,0,False,False,False,False,False,False
1782461871.328,0,0,0,0,0,1.67,-2.21,0.0,0.0,0.0,0.0,0.0,0,90,0,0.0,0,False,False,False,False,False,False
1782461871.352,0,0,0,0,0,1.69,-2.2,0.0,0.0,0.0,0.0,0.0,0,90,0,0.0,0,False,False,False,False,False,False
1782461871.375,0,0,0,0,0,1.69,-2.2,0.0,0.0,0.0,0.0,0.0,0,90,0,0.0,0,False,False,False,False,False,False
1782461871.399,0,0,0,0,0,1.67,-2.21,0.0,0.0,0.0,0.0,0.0,0,90,0,0.0,0,False,False,False,False,False,False
1782461871.422,0,0,0,0,0,1.66,-2.21,0.0,0.0,0.0,0.0,0.0,0,90,0,0.0,0,False,False,False,False,False,False
1782461871.445,0,0,0,0,0,1.65,-2.21,0.0,0.0,0.0,0.0,0.0,0,90,0,0.0,0,False,False,False,False,False,False
1782461871.47,0,0,0,0,0,1.63,-2.21,0.0,0.0,0.0,0.0,0.0,0,90,0,0.0,0,False,False,False,False,False,False
1782461871.493,0,0,0,0,0,1.61,-2.22,0.0,0.0,0.0,0.0,0.0,0,90,0,0.0,0,False,False,False,False,False,False
1782461871.516,0,0,0,0,0,1.6,-2.22,0.0,0.0,0.0,0.0,0.0,0,90,0,0.0,0,False,False,False,False,False,False
1782461871.539,0,0,0,0,0,1.59,-2.21,0.0,0.0,0.0,0.0,0.0,0,90,0,0.0,0,False,False,False,False,False,False
1782461871.565,0,0,0,0,0,1.58,-2.21,0.0,0.0,0.0,0.0,0.0,0,90,0,0.0,0,False,False,False,False,False,False
1782461871.588,0,0,0,0,0,1.57,-2.22,0.0,0.0,0.0,0.0,0.0,0,90,0,0.0,0,False,False,False,False,False,False
1782461871.612,0,0,0,0,0,1.56,-2.21,0.0,0.0,0.0,0.0,0.0,0,90,0,0.0,0,False,False,False,False,False,False
1782461871.635,0,0,0,0,0,1.57,-2.2,0.0,0.0,0.0,0.0,0.0,0,90,0,0.0,0,False,False,False,False,False,False
1782461871.659,0,0,0,0,0,1.58,-2.18,0.0,0.0,0.0,0.0,0.0,0,90,0,0.0,0,False,False,False,False,False,False
1782461871.683,0,0,0,0,0,1.58,-2.18,0.0,0.0,0.0,0.0,0.0,0,90,0,0.0,0,False,False,False,False,False,False
1782461871.706,0,0,0,0,0,1.58,-2.17,0.0,0.0,0.0,0.0,0.0,0,90,0,0.0,0,False,False,False,False,False,False
1782461871.731,0,0,0,0,0,1.57,-2.15,0.0,0.0,0.0,0.0,0.0,0,90,0,0.0,0,False,False,False,False,False,False
1782461871.754,0,0,0,0,0,1.55,-2.15,0.0,0.0,0.0,0.0,0.0,0,90,0,0.0,0,False,False,False,False,False,False
1782461871.777,0,0,0,0,0,1.53,-2.15,0.0,0.0,0.0,0.0,0.0,0,90,0,0.0,0,False,False,False,False,False,False
1782461871.8,0,0,0,0,0,1.51,-2.16,0.0,0.0,0.0,0.0,0.0,0,90,0,0.0,0,False,False,False,False,False,False
1782461871.824,0,0,0,0,0,1.5,-2.17,0.0,0.0,0.0,0.0,0.0,0,90,0,0.0,0,False,False,False,False,False,False
1782461871.848,0,0,0,0,0,1.5,-2.18,0.0,0.0,0.0,0.0,0.0,0,90,0,0.0,0,False,False,False,False,False,False
1782461871.873,0,0,0,0,0,1.51,-2.19,0.0,0.0,0.0,0.0,0.0,0,90,0,0.0,0,False,False,False,False,False,False
1782461871.895,0,0,0,0,0,1.51,-2.19,0.0,0.0,0.0,0.0,0.0,0,90,0,0.0,0,False,False,False,False,False,False
1782461871.92,0,0,0,0,0,1.52,-2.19,0.0,0.0,0.0,0.0,0.0,0,90,0,0.0,0,False,False,False,False,False,False
1782461871.942,0,0,0,0,0,1.53,-2.21,0.0,0.0,0.0,0.0,0.0,0,90,0,0.0,0,False,False,False,False,False,False
1782461871.968,0,0,0,0,0,1.54,-2.23,0.0,0.0,0.0,0.0,0.0,0,90,0,0.0,0,False,False,False,False,False,False
1782461871.99,0,0,0,0,0,1.55,-2.25,0.0,0.0,0.0,0.0,0.0,0,90,0,0.0,0,False,False,False,False,False,False
1782461872.013,0,0,0,0,0,1.55,-2.24,0.0,0.0,0.0,0.0,0.0,0,90,0,0.0,0,False,False,False,False,False,False
1782461872.037,0,0,0,0,0,1.56,-2.22,0.0,0.0,0.0,0.0,0.0,0,90,0,0.0,0,False,False,False,False,False,False
1782461872.061,0,0,0,0,0,1.57,-2.2,0.0,0.0,0.0,0.0,0.0,0,90,0,0.0,0,False,False,False,False,False,False
1782461872.085,0,0,0,0,0,1.57,-2.2,0.0,0.0,0.0,0.0,0.0,0,90,0,0.0,0,False,False,False,False,False,False
1782461872.108,0,0,0,0,0,1.55,-2.21,0.0,0.0,0.0,0.0,0.0,0,90,0,0.0,0,False,False,False,False,False,False
1782461872.132,0,0,0,0,0,1.54,-2.21,0.0,0.0,0.0,0.0,0.0,0,90,0,0.0,0,False,False,False,False,False,False
1782461872.156,0,0,0,0,0,1.55,-2.2,0.0,0.0,0.0,0.0,0.0,0,90,0,0.0,0,False,False,False,False,False,False
1782461872.18,0,0,0,0,0,1.57,-2.17,0.0,0.0,0.0,0.0,0.0,0,90,0,0.0,0,False,False,False,False,False,False
1782461872.203,0,0,0,0,0,1.57,-2.15,0.0,0.0,0.0,0.0,0.0,0,90,0,0.0,0,False,False,False,False,False,False
1782461872.226,0,0,0,0,0,1.56,-2.16,0.0,0.0,0.0,0.0,0.0,0,90,0,0.0,0,False,False,False,False,False,False
1782461872.251,0,0,0,0,0,1.55,-2.17,0.0,0.0,0.0,0.0,0.0,0,90,0,0.0,0,False,False,False,False,False,False
1782461872.275,0,0,0,0,0,1.55,-2.19,0.0,0.0,0.0,0.0,0.0,0,90,0,0.0,0,False,False,False,False,False,False
1782461872.298,0,0,0,0,0,1.55,-2.19,0.0,0.0,0.0,0.0,0.0,0,90,0,0.0,0,False,False,False,False,False,False
1782461872.321,0,0,0,0,0,1.55,-2.18,0.0,0.0,0.0,0.0,0.0,0,90,0,0.0,0,False,False,False,False,False,False
1782461872.344,0,0,0,0,0,1.54,-2.17,0.0,0.0,0.0,0.0,0.0,0,90,0,0.0,0,False,False,False,False,False,False
1782461872.369,0,0,0,0,0,1.53,-2.17,0.0,0.0,0.0,0.0,0.0,0,90,0,0.0,0,False,False,False,False,False,False
1782461872.392,0,0,0,0,0,1.52,-2.17,0.0,0.0,0.0,0.0,0.0,0,90,0,0.0,0,False,False,False,False,False,False
1782461872.416,0,0,0,0,0,1.5,-2.17,0.0,0.0,0.0,0.0,0.0,0,90,0,0.0,0,False,False,False,False,False,False
1782461872.44,0,0,0,0,0,1.5,-2.16,0.0,0.0,0.0,0.0,0.0,0,90,0,0.0,0,False,False,False,False,False,False
1782461872.465,0,0,0,0,0,1.5,-2.14,0.0,0.0,0.0,0.0,0.0,0,90,0,0.0,0,False,False,False,False,False,False
1782461872.487,0,0,0,0,0,1.51,-2.13,0.0,0.0,0.0,0.0,0.0,0,90,0,0.0,0,False,False,False,False,False,False
1782461872.51,0,0,0,0,0,1.5,-2.13,0.0,0.0,0.0,0.0,0.0,0,90,0,0.0,0,False,False,False,False,False,False
1782461872.537,0,0,0,0,0,1.5,-2.15,0.0,0.0,0.0,0.0,0.0,0,90,0,0.0,0,False,False,False,False,False,False
1782461872.557,0,0,0,0,0,1.51,-2.16,0.0,0.0,0.0,0.0,0.0,0,90,0,0.0,0,False,False,False,False,False,False
1782461872.581,0,0,0,0,0,1.52,-2.16,0.0,0.0,0.0,0.0,0.0,0,90,0,0.0,0,False,False,False,False,False,False
1782461872.605,0,0,0,0,0,1.53,-2.16,0.0,0.0,0.0,0.0,0.0,0,90,0,0.0,0,False,False,False,False,False,False
1782461872.629,0,0,0,0,0,1.53,-2.17,0.0,0.0,0.0,0.0,0.0,0,90,0,0.0,0,False,False,False,False,False,False
1782461872.653,0,0,0,0,0,1.53,-2.19,0.0,0.0,0.0,0.0,0.0,0,90,0,0.0,0,False,False,False,False,False,False
1782461872.675,0,0,0,0,0,1.55,-2.19,0.0,0.0,0.0,0.0,0.0,0,90,0,0.0,0,False,False,False,False,False,False
1782461872.699,0,0,0,0,0,1.57,-2.17,0.0,0.0,0.0,0.0,0.0,0,90,0,0.0,0,False,False,False,False,False,False
1782461872.723,0,0,0,0,0,1.58,-2.16,0.0,0.0,0.0,0.0,0.0,0,90,0,0.0,0,False,False,False,False,False,False
1782461872.747,0,0,0,0,0,1.57,-2.15,0.0,0.0,0.0,0.0,0.0,0,90,0,0.0,0,False,False,False,False,False,False
1782461872.771,0,0,0,0,0,1.56,-2.14,0.0,0.0,0.0,0.0,0.0,0,90,0,0.0,0,False,False,False,False,False,False
1782461872.793,0,0,0,0,0,1.56,-2.14,0.0,0.0,0.0,0.0,0.0,0,90,0,0.0,0,False,False,False,False,False,False
1782461872.818,0,0,0,0,0,1.55,-2.13,0.0,0.0,0.0,0.0,0.0,0,90,0,0.0,0,False,False,False,False,False,False
1782461872.841,0,0,0,0,0,1.54,-2.15,0.0,0.0,0.0,0.0,0.0,0,90,0,0.0,0,False,False,False,False,False,False
1782461872.865,0,0,0,0,0,1.54,-2.16,0.0,0.0,0.0,0.0,0.0,0,90,0,0.0,0,False,False,False,False,False,False
1782461872.888,0,0,0,0,0,1.54,-2.16,0.0,0.0,0.0,0.0,0.0,0,90,0,0.0,0,False,False,False,False,False,False
1782461872.912,0,0,0,0,0,1.54,-2.15,0.0,0.0,0.0,0.0,0.0,0,90,0,0.0,0,False,False,False,False,False,False
1782461872.932,0,0,0,0,0,1.54,-2.15,0.0,0.0,0.0,0.0,0.0,0,90,0,0.0,0,False,False,False,False,False,False
1782461872.955,0,0,0,0,0,1.55,-2.16,0.0,0.0,0.0,0.0,0.0,0,90,0,0.0,0,False,False,False,False,False,False
1782461872.978,0,0,0,0,0,1.55,-2.17,0.0,0.0,0.0,0.0,0.0,0,90,0,0.0,0,False,False,False,False,False,False
1782461873.003,0,0,0,0,0,1.56,-2.17,0.0,0.0,0.0,0.0,0.0,0,90,0,0.0,0,False,False,False,False,False,False
1782461873.026,0,0,0,0,0,1.56,-2.17,0.0,0.0,0.0,0.0,0.0,0,90,0,0.0,0,False,False,False,False,False,False
1782461873.049,0,0,0,0,0,1.57,-2.18,0.0,0.0,0.0,0.0,0.0,0,90,0,0.0,0,False,False,False,False,False,False
1782461873.074,0,0,0,0,0,1.57,-2.19,0.0,0.0,0.0,0.0,0.0,0,90,0,0.0,0,False,False,False,False,False,False
1782461873.097,0,0,0,0,0,1.57,-2.18,0.0,0.0,0.0,0.0,0.0,0,90,0,0.0,0,False,False,False,False,False,False
1782461873.12,0,0,0,0,0,1.57,-2.17,0.0,0.0,0.0,0.0,0.0,0,90,0,0.0,0,False,False,False,False,False,False
1782461873.17,0,0,0,0,0,1.58,-2.15,0.0,0.0,0.0,0.0,0.0,0,90,0,0.0,0,False,False,False,False,False,False
1782461873.178,0,0,0,0,0,1.59,-2.14,0.0,0.0,0.0,0.0,0.0,0,90,0,0.0,0,False,False,False,False,False,False
1782461873.192,0,0,0,0,0,1.59,-2.13,0.0,0.0,0.0,0.0,0.0,0,90,0,0.0,0,False,False,False,False,False,False
1782461873.214,0,0,0,0,0,1.59,-2.12,0.0,0.0,0.0,0.0,0.0,0,90,0,0.0,0,False,False,False,False,False,False
1782461873.24,0,0,0,0,0,1.59,-2.12,0.0,0.0,0.0,0.0,0.0,0,90,0,0.0,0,False,False,False,False,False,False
1782461873.262,0,0,0,0,0,1.57,-2.15,0.0,0.0,0.0,0.0,0.0,0,90,0,0.0,0,False,False,False,False,False,False
1782461873.287,0,0,0,0,0,1.54,-2.18,0.0,0.0,0.0,0.0,0.0,0,90,0,0.0,0,False,False,False,False,False,False
1782461873.31,0,0,0,0,0,1.53,-2.19,0.0,0.0,0.0,0.0,0.0,0,90,0,0.0,0,False,False,False,False,False,False
1782461873.334,0,0,0,0,0,1.53,-2.19,0.0,0.0,0.0,0.0,0.0,0,90,0,0.0,0,False,False,False,False,False,False
1782461873.357,0,0,0,0,0,1.53,-2.18,0.0,0.0,0.0,0.0,0.0,0,90,0,0.0,0,False,False,False,False,False,False
1782461873.381,0,0,0,0,0,1.54,-2.17,0.0,0.0,0.0,0.0,0.0,0,90,0,0.0,0,False,False,False,False,False,False
1782461873.405,0,0,0,0,0,1.54,-2.16,0.0,0.0,0.0,0.0,0.0,0,90,0,0.0,0,False,False,False,False,False,False
1782461873.428,0,0,0,0,0,1.55,-2.13,0.0,0.0,0.0,0.0,0.0,0,90,0,0.0,0,False,False,False,False,False,False
1782461873.452,0,0,0,0,0,1.57,-2.12,0.0,0.0,0.0,0.0,0.0,0,90,0,0.0,0,False,False,False,False,False,False
1782461873.475,0,0,0,0,0,1.59,-2.12,0.0,0.0,0.0,0.0,0.0,0,90,0,0.0,0,False,False,False,False,False,False
1782461873.499,0,0,0,0,0,1.59,-2.16,0.0,0.0,0.0,0.0,0.0,0,90,0,0.0,0,False,False,False,False,False,False
1782461873.524,0,0,0,0,0,1.57,-2.21,0.0,0.0,0.0,0.0,0.0,0,90,0,0.0,0,False,False,False,False,False,False
1782461873.546,0,0,0,0,0,1.55,-2.23,0.0,0.0,0.0,0.0,0.0,0,90,0,0.0,0,False,False,False,False,False,False
1782461873.573,0,0,0,0,0,1.54,-2.24,0.0,0.0,0.0,0.0,0.0,0,90,0,0.0,0,False,False,False,False,False,False
1782461873.594,0,0,0,0,0,1.53,-2.23,0.0,0.0,0.0,0.0,0.0,0,90,0,0.0,0,False,False,False,False,False,False
1782461873.629,0,0,0,0,0,1.53,-2.22,0.0,0.0,0.0,0.0,0.0,0,90,0,0.0,0,False,False,False,False,False,False
1782461873.643,0,0,0,0,0,1.54,-2.2,0.0,0.0,0.0,0.0,0.0,0,90,0,0.0,0,False,False,False,False,False,False
1782461873.665,0,0,0,0,0,1.58,-2.19,0.0,0.0,0.0,0.0,0.0,0,90,0,0.0,0,False,False,False,False,False,False
1782461873.689,0,0,0,0,0,1.6,-2.17,0.0,0.0,0.0,0.0,0.0,0,90,0,0.0,0,False,False,False,False,False,False
1782461873.711,0,0,0,0,0,1.6,-2.14,0.0,0.0,0.0,0.0,0.0,0,90,0,0.0,0,False,False,False,False,False,False
1782461873.735,0,0,0,0,0,1.58,-2.14,0.0,0.0,0.0,0.0,0.0,0,90,0,0.0,0,False,False,False,False,False,False
1782461873.759,0,0,0,0,0,1.57,-2.14,0.0,0.0,0.0,0.0,0.0,0,90,0,0.0,0,False,False,False,False,False,False
1782461873.783,0,0,0,0,0,1.56,-2.14,0.0,0.0,0.0,0.0,0.0,0,90,0,0.0,0,False,False,False,False,False,False
1782461873.806,0,0,0,0,0,1.56,-2.14,0.0,0.0,0.0,0.0,0.0,0,90,0,0.0,0,False,False,False,False,False,False
1782461873.829,0,0,0,0,0,1.55,-2.15,0.0,0.0,0.0,0.0,0.0,0,90,0,0.0,0,False,False,False,False,False,False
1782461873.854,0,0,0,0,0,1.53,-2.16,0.0,0.0,0.0,0.0,0.0,0,90,0,0.0,0,False,False,False,False,False,False
1782461873.878,0,0,0,0,0,1.53,-2.17,0.0,0.0,0.0,0.0,0.0,0,90,0,0.0,0,False,False,False,False,False,False
1782461873.902,0,0,0,0,0,1.54,-2.16,0.0,0.0,0.0,0.0,0.0,0,90,0,0.0,0,False,False,False,False,False,False
1782461873.925,0,0,0,0,0,1.53,-2.16,0.0,0.0,0.0,0.0,0.0,0,90,0,0.0,0,False,False,False,False,False,False
1782461873.949,0,0,0,0,0,1.53,-2.15,0.0,0.0,0.0,0.0,0.0,0,90,0,0.0,0,False,False,False,False,False,False
1782461873.972,0,0,0,0,0,1.53,-2.13,0.0,0.0,0.0,0.0,0.0,0,90,0,0.0,0,False,False,False,False,False,False
1782461873.995,0,0,0,0,0,1.53,-2.12,0.0,0.0,0.0,0.0,0.0,0,90,0,0.0,0,False,False,False,False,False,False
1782461874.019,0,0,0,0,0,1.53,-2.12,0.0,0.0,0.0,0.0,0.0,0,90,0,0.0,0,False,False,False,False,False,False
1782461874.043,0,0,0,0,0,1.52,-2.12,0.0,0.0,0.0,0.0,0.0,0,90,0,0.0,0,False,False,False,False,False,False
1782461874.065,0,0,0,0,0,1.52,-2.12,0.0,0.0,0.0,0.0,0.0,0,90,0,0.0,0,False,False,False,False,False,False
1782461874.09,0,0,0,0,0,1.52,-2.13,0.0,0.0,0.0,0.0,0.0,0,90,0,0.0,0,False,False,False,False,False,False
1782461874.114,0,0,0,0,0,1.52,-2.13,0.0,0.0,0.0,0.0,0.0,0,90,0,0.0,0,False,False,False,False,False,False
1782461874.138,0,0,0,0,0,1.51,-2.14,0.0,0.0,0.0,0.0,0.0,0,90,0,0.0,0,False,False,False,False,False,False
1782461874.161,0,0,0,0,0,1.52,-2.15,0.0,0.0,0.0,0.0,0.0,0,90,0,0.0,0,False,False,False,False,False,False
1782461874.178,0,0,0,0,0,1.54,-2.14,0.0,0.0,0.0,0.0,0.0,0,90,0,0.0,0,False,False,False,False,False,False
1782461874.204,0,0,0,0,0,1.55,-2.14,0.0,0.0,0.0,0.0,0.0,0,90,0,0.0,0,False,False,False,False,False,False
1782461874.226,0,0,0,0,0,1.55,-2.14,0.0,0.0,0.0,0.0,0.0,0,90,0,0.0,0,False,False,False,False,False,False
1782461874.251,0,0,0,0,0,1.56,-2.14,0.0,0.0,0.0,0.0,0.0,0,90,0,0.0,0,False,False,False,False,False,False
1782461874.273,0,0,0,0,0,1.57,-2.15,0.0,0.0,0.0,0.0,0.0,0,90,0,0.0,0,False,False,False,False,False,False
1782461874.298,0,0,0,0,0,1.59,-2.15,0.0,0.0,0.0,0.0,0.0,0,90,0,0.0,0,False,False,False,False,False,False
1782461874.321,0,0,0,0,0,1.59,-2.15,0.0,0.0,0.0,0.0,0.0,0,90,0,0.0,0,False,False,False,False,False,False
1782461874.344,0,0,0,0,0,1.6,-2.13,0.0,0.0,0.0,0.0,0.0,0,90,0,0.0,0,False,False,False,False,False,False
1782461874.369,0,0,0,0,0,1.59,-2.13,0.0,0.0,0.0,0.0,0.0,0,90,0,0.0,0,False,False,False,False,False,False
1782461874.392,0,0,0,0,0,1.58,-2.12,0.0,0.0,0.0,0.0,0.0,0,90,0,0.0,0,False,False,False,False,False,False
1782461874.415,0,0,0,0,0,1.58,-2.13,0.0,0.0,0.0,0.0,0.0,0,90,0,0.0,0,False,False,False,False,False,False
1782461874.44,0,0,0,0,0,1.57,-2.14,0.0,0.0,0.0,0.0,0.0,0,90,0,0.0,0,False,False,False,False,False,False
1782461874.463,0,0,0,0,0,1.57,-2.16,0.0,0.0,0.0,0.0,0.0,0,90,0,0.0,0,False,False,False,False,False,False
1782461874.487,0,0,0,0,0,1.58,-2.16,0.0,0.0,0.0,0.0,0.0,0,90,0,0.0,0,False,False,False,False,False,False
1782461874.51,0,0,0,0,0,1.59,-2.17,0.0,0.0,0.0,0.0,0.0,0,90,0,0.0,0,False,False,False,False,False,False
1782461874.533,0,0,0,0,0,1.59,-2.17,0.0,0.0,0.0,0.0,0.0,0,90,0,0.0,0,False,False,False,False,False,False
1782461874.558,0,0,0,0,0,1.58,-2.16,0.0,0.0,0.0,0.0,0.0,0,90,0,0.0,0,False,False,False,False,False,False
1782461874.581,0,0,0,0,0,1.57,-2.16,0.0,0.0,0.0,0.0,0.0,0,90,0,0.0,0,False,False,False,False,False,False
1782461874.604,0,0,0,0,0,1.56,-2.15,0.0,0.0,0.0,0.0,0.0,0,90,0,0.0,0,False,False,False,False,False,False
1782461874.629,0,0,0,0,0,1.56,-2.15,0.0,0.0,0.0,0.0,0.0,0,90,0,0.0,0,False,False,False,False,False,False
1782461874.652,0,0,0,0,0,1.56,-2.15,0.0,0.0,0.0,0.0,0.0,0,90,0,0.0,0,False,False,False,False,False,False
1782461874.676,0,0,0,0,0,1.55,-2.17,0.0,0.0,0.0,0.0,0.0,0,90,0,0.0,0,False,False,False,False,False,False
1782461874.698,0,0,0,0,0,1.54,-2.18,0.0,0.0,0.0,0.0,0.0,0,90,0,0.0,0,False,False,False,False,False,False
1782461874.723,0,0,0,0,0,1.54,-2.18,0.0,0.0,0.0,0.0,0.0,0,90,0,0.0,0,False,False,False,False,False,False
1782461874.747,0,0,0,0,0,1.54,-2.16,0.0,0.0,0.0,0.0,0.0,0,90,0,0.0,0,False,False,False,False,False,False
1782461874.77,0,0,0,0,0,1.55,-2.14,0.0,0.0,0.0,0.0,0.0,0,90,0,0.0,0,False,False,False,False,False,False
1782461874.793,0,0,0,0,0,1.56,-2.13,0.0,0.0,0.0,0.0,0.0,0,90,0,0.0,0,False,False,False,False,False,False
1782461874.817,0,0,0,0,0,1.56,-2.13,0.0,0.0,0.0,0.0,0.0,0,90,0,0.0,0,False,False,False,False,False,False
1782461874.843,0,0,0,0,0,1.56,-2.16,0.0,0.0,0.0,0.0,0.0,0,90,0,0.0,0,False,False,False,False,False,False
1782461874.865,0,0,0,0,0,1.56,-2.21,0.0,0.0,0.0,0.0,0.0,0,90,0,0.0,0,False,False,False,False,False,False
1782461874.888,0,0,0,0,0,1.58,-2.24,0.0,0.0,0.0,0.0,0.0,0,90,0,0.0,0,False,False,False,False,False,False
1782461874.911,0,0,0,0,0,1.59,-2.25,0.0,0.0,0.0,0.0,0.0,0,90,0,0.0,0,False,False,False,False,False,False
1782461874.935,0,0,0,0,0,1.59,-2.24,0.0,0.0,0.0,0.0,0.0,0,90,0,0.0,0,False,False,False,False,False,False
1782461874.96,0,0,0,0,0,1.59,-2.22,0.0,0.0,0.0,0.0,0.0,0,90,0,0.0,0,False,False,False,False,False,False
1782461874.983,0,0,0,0,0,1.59,-2.21,0.0,0.0,0.0,0.0,0.0,0,90,0,0.0,0,False,False,False,False,False,False
1782461875.007,0,0,0,0,0,1.59,-2.21,0.0,0.0,0.0,0.0,0.0,0,90,0,0.0,0,False,False,False,False,False,False
1782461875.029,0,0,0,0,0,1.59,-2.19,0.0,0.0,0.0,0.0,0.0,0,90,0,0.0,0,False,False,False,False,False,False
1782461875.054,0,0,0,0,0,1.59,-2.17,0.0,0.0,0.0,0.0,0.0,0,90,0,0.0,0,False,False,False,False,False,False
1782461875.077,0,0,0,0,0,1.59,-2.16,0.0,0.0,0.0,0.0,0.0,0,90,0,0.0,0,False,False,False,False,False,False
1782461875.102,0,0,0,0,0,1.57,-2.17,0.0,0.0,0.0,0.0,0.0,0,90,0,0.0,0,False,False,False,False,False,False
1782461875.125,0,0,0,0,0,1.56,-2.17,0.0,0.0,0.0,0.0,0.0,0,90,0,0.0,0,False,False,False,False,False,False
1782461875.149,0,0,0,0,0,1.56,-2.18,0.0,0.0,0.0,0.0,0.0,0,90,0,0.0,0,False,False,False,False,False,False
1782461875.173,0,0,0,0,0,1.57,-2.18,0.0,0.0,0.0,0.0,0.0,0,90,0,0.0,0,False,False,False,False,False,False
1782461875.195,0,0,0,0,0,1.57,-2.18,0.0,0.0,0.0,0.0,0.0,0,90,0,0.0,0,False,False,False,False,False,False
1782461875.22,0,0,0,0,0,1.57,-2.18,0.0,0.0,0.0,0.0,0.0,0,90,0,0.0,0,False,False,False,False,False,False
1782461875.243,0,0,0,0,0,1.57,-2.18,0.0,0.0,0.0,0.0,0.0,0,90,0,0.0,0,False,False,False,False,False,False
1782461875.269,0,0,0,0,0,1.56,-2.18,0.0,0.0,0.0,0.0,0.0,0,90,0,0.0,0,False,False,False,False,False,False
1782461875.29,0,0,0,0,0,1.56,-2.17,0.0,0.0,0.0,0.0,0.0,0,90,0,0.0,0,False,False,False,False,False,False
1782461875.314,0,0,0,0,0,1.57,-2.17,0.0,0.0,0.0,0.0,0.0,0,90,0,0.0,0,False,False,False,False,False,False
1782461875.338,0,0,0,0,0,1.59,-2.17,0.0,0.0,0.0,0.0,0.0,0,90,0,0.0,0,False,False,False,False,False,False
1782461875.363,0,0,0,0,0,1.59,-2.17,0.0,0.0,0.0,0.0,0.0,0,90,0,0.0,0,False,False,False,False,False,False
1782461875.386,0,0,0,0,0,1.59,-2.18,0.0,0.0,0.0,0.0,0.0,0,90,0,0.0,0,False,False,False,False,False,False
1782461875.409,0,0,0,0,0,1.57,-2.18,0.0,0.0,0.0,0.0,0.0,0,90,0,0.0,0,False,False,False,False,False,False
1782461875.433,0,0,0,0,0,1.56,-2.19,0.0,0.0,0.0,0.0,0.0,0,90,0,0.0,0,False,False,False,False,False,False
1782461875.456,0,0,0,0,0,1.54,-2.2,0.0,0.0,0.0,0.0,0.0,0,90,0,0.0,0,False,False,False,False,False,False
1782461875.479,0,0,0,0,0,1.53,-2.2,0.0,0.0,0.0,0.0,0.0,0,90,0,0.0,0,False,False,False,False,False,False
1782461875.503,0,0,0,0,0,1.53,-2.2,0.0,0.0,0.0,0.0,0.0,0,90,0,0.0,0,False,False,False,False,False,False
1782461875.526,0,0,0,0,0,1.53,-2.19,0.0,0.0,0.0,0.0,0.0,0,90,0,0.0,0,False,False,False,False,False,False
1782461875.551,0,0,0,0,0,1.52,-2.18,0.0,0.0,0.0,0.0,0.0,0,90,0,0.0,0,False,False,False,False,False,False
1782461875.574,0,0,0,0,0,1.52,-2.18,0.0,0.0,0.0,0.0,0.0,0,90,0,0.0,0,False,False,False,False,False,False
1782461875.598,0,0,0,0,0,1.52,-2.17,0.0,0.0,0.0,0.0,0.0,0,90,0,0.0,0,False,False,False,False,False,False
1782461875.621,0,0,0,0,0,1.53,-2.15,0.0,0.0,0.0,0.0,0.0,0,90,0,0.0,0,False,False,False,False,False,False
1782461875.646,0,0,0,0,0,1.54,-2.14,0.0,0.0,0.0,0.0,0.0,0,90,0,0.0,0,False,False,False,False,False,False
1782461875.669,0,0,0,0,0,1.56,-2.14,0.0,0.0,0.0,0.0,0.0,0,90,0,0.0,0,False,False,False,False,False,False
1782461875.693,0,0,0,0,0,1.56,-2.16,0.0,0.0,0.0,0.0,0.0,0,90,0,0.0,0,False,False,False,False,False,False
1782461875.717,0,0,0,0,0,1.55,-2.17,0.0,0.0,0.0,0.0,0.0,0,90,0,0.0,0,False,False,False,False,False,False
1782461875.74,0,0,0,0,0,1.54,-2.18,0.0,0.0,0.0,0.0,0.0,0,90,0,0.0,0,False,False,False,False,False,False
1782461875.764,0,0,0,0,0,1.53,-2.18,0.0,0.0,0.0,0.0,0.0,0,90,0,0.0,0,False,False,False,False,False,False
1782461875.788,0,0,0,0,0,1.53,-2.17,0.0,0.0,0.0,0.0,0.0,0,90,0,0.0,0,False,False,False,False,False,False
1782461875.811,0,0,0,0,0,1.53,-2.16,0.0,0.0,0.0,0.0,0.0,0,90,0,0.0,0,False,False,False,False,False,False
1782461875.834,0,0,0,0,0,1.54,-2.15,0.0,0.0,0.0,0.0,0.0,0,90,0,0.0,0,False,False,False,False,False,False
1782461875.858,0,0,0,0,0,1.54,-2.15,0.0,0.0,0.0,0.0,0.0,0,90,0,0.0,0,False,False,False,False,False,False
1782461875.882,0,0,0,0,0,1.53,-2.15,0.0,0.0,0.0,0.0,0.0,0,90,0,0.0,0,False,False,False,False,False,False
1782461875.906,0,0,0,0,0,1.52,-2.15,0.0,0.0,0.0,0.0,0.0,0,90,0,0.0,0,False,False,False,False,False,False
1782461875.93,0,0,0,0,0,1.52,-2.14,0.0,0.0,0.0,0.0,0.0,0,90,0,0.0,0,False,False,False,False,False,False
1782461875.952,0,0,0,0,0,1.52,-2.14,0.0,0.0,0.0,0.0,0.0,0,90,0,0.0,0,False,False,False,False,False,False
1782461875.978,0,0,0,0,0,1.52,-2.13,0.0,0.0,0.0,0.0,0.0,0,90,0,0.0,0,False,False,False,False,False,False
1782461876.001,0,0,0,0,0,1.53,-2.13,0.0,0.0,0.0,0.0,0.0,0,90,0,0.0,0,False,False,False,False,False,False
1782461876.025,0,0,0,0,0,1.54,-2.14,0.0,0.0,0.0,0.0,0.0,0,90,0,0.0,0,False,False,False,False,False,False
1782461876.048,0,0,0,0,0,1.56,-2.15,0.0,0.0,0.0,0.0,0.0,0,90,0,0.0,0,False,False,False,False,False,False
1782461876.071,0,0,0,0,0,1.59,-2.13,0.0,0.0,0.0,0.0,0.0,0,90,0,0.0,0,False,False,False,False,False,False
1782461876.096,0,0,0,0,0,1.6,-2.12,0.0,0.0,0.0,0.0,0.0,0,90,0,0.0,0,False,False,False,False,False,False
1782461876.119,0,0,0,0,0,1.6,-2.12,0.0,0.0,0.0,0.0,0.0,0,90,0,0.0,0,False,False,False,False,False,False
1782461876.143,0,0,0,0,0,1.59,-2.12,0.0,0.0,0.0,0.0,0.0,0,90,0,0.0,0,False,False,False,False,False,False
1782461876.166,0,0,0,0,0,1.57,-2.13,0.0,0.0,0.0,0.0,0.0,0,90,0,0.0,0,False,False,False,False,False,False
1782461876.191,0,0,0,0,0,1.55,-2.14,0.0,0.0,0.0,0.0,0.0,0,90,0,0.0,0,False,False,False,False,False,False
1782461876.214,0,0,0,0,0,1.54,-2.14,0.0,0.0,0.0,0.0,0.0,0,90,0,0.0,0,False,False,False,False,False,False
1782461876.238,0,0,0,0,0,1.53,-2.15,0.0,0.0,0.0,0.0,0.0,0,90,0,0.0,0,False,False,False,False,False,False
1782461876.26,0,0,0,0,0,1.52,-2.15,0.0,0.0,0.0,0.0,0.0,0,90,0,0.0,0,False,False,False,False,False,False
1782461876.284,0,0,0,0,0,1.52,-2.16,0.0,0.0,0.0,0.0,0.0,0,90,0,0.0,0,False,False,False,False,False,False
1782461876.31,0,0,0,0,0,1.52,-2.15,0.0,0.0,0.0,0.0,0.0,0,90,0,0.0,0,False,False,False,False,False,False
1782461876.331,0,0,0,0,0,1.51,-2.16,0.0,0.0,0.0,0.0,0.0,0,90,0,0.0,0,False,False,False,False,False,False
1782461876.355,0,0,0,0,0,1.51,-2.16,0.0,0.0,0.0,0.0,0.0,0,90,0,0.0,0,False,False,False,False,False,False
1782461876.379,0,0,0,0,0,1.5,-2.16,0.0,0.0,0.0,0.0,0.0,0,90,0,0.0,0,False,False,False,False,False,False
1782461876.402,0,0,0,0,0,1.5,-2.16,0.0,0.0,0.0,0.0,0.0,0,90,0,0.0,0,False,False,False,False,False,False
1782461876.427,0,0,0,0,0,1.51,-2.15,0.0,0.0,0.0,0.0,0.0,0,90,0,0.0,0,False,False,False,False,False,False
1782461876.45,0,0,0,0,0,1.51,-2.15,0.0,0.0,0.0,0.0,0.0,0,90,0,0.0,0,False,False,False,False,False,False
1782461876.474,0,0,0,0,0,1.52,-2.14,0.0,0.0,0.0,0.0,0.0,0,90,0,0.0,0,False,False,False,False,False,False
1782461876.497,0,0,0,0,0,1.54,-2.13,0.0,0.0,0.0,0.0,0.0,0,90,0,0.0,0,False,False,False,False,False,False
1782461876.521,0,0,0,0,0,1.56,-2.12,0.0,0.0,0.0,0.0,0.0,0,90,0,0.0,0,False,False,False,False,False,False
1782461876.545,0,0,0,0,0,1.56,-2.14,0.0,0.0,0.0,0.0,0.0,0,90,0,0.0,0,False,False,False,False,False,False
1782461876.568,0,0,0,0,0,1.56,-2.14,0.0,0.0,0.0,0.0,0.0,0,90,0,0.0,0,False,False,False,False,False,False
1782461876.593,0,0,0,0,0,1.56,-2.14,0.0,0.0,0.0,0.0,0.0,0,90,0,0.0,0,False,False,False,False,False,False
1782461876.616,0,0,0,0,0,1.56,-2.15,0.0,0.0,0.0,0.0,0.0,0,90,0,0.0,0,False,False,False,False,False,False
1782461876.64,0,0,0,0,0,1.55,-2.15,0.0,0.0,0.0,0.0,0.0,0,90,0,0.0,0,False,False,False,False,False,False
1782461876.662,0,0,0,0,0,1.53,-2.16,0.0,0.0,0.0,0.0,0.0,0,90,0,0.0,0,False,False,False,False,False,False
1782461876.687,0,0,0,0,0,1.52,-2.16,0.0,0.0,0.0,0.0,0.0,0,90,0,0.0,0,False,False,False,False,False,False
1782461876.712,0,0,0,0,0,1.52,-2.17,0.0,0.0,0.0,0.0,0.0,0,90,0,0.0,0,False,False,False,False,False,False
1782461876.734,0,0,0,0,0,1.52,-2.17,0.0,0.0,0.0,0.0,0.0,0,90,0,0.0,0,False,False,False,False,False,False
1782461876.757,0,0,0,0,0,1.53,-2.16,0.0,0.0,0.0,0.0,0.0,0,90,0,0.0,0,False,False,False,False,False,False
1782461876.782,0,0,0,0,0,1.53,-2.16,0.0,0.0,0.0,0.0,0.0,0,90,0,0.0,0,False,False,False,False,False,False
1782461876.804,0,0,0,0,0,1.52,-2.16,0.0,0.0,0.0,0.0,0.0,0,90,0,0.0,0,False,False,False,False,False,False
1782461876.829,0,0,0,0,0,1.51,-2.17,0.0,0.0,0.0,0.0,0.0,0,90,0,0.0,0,False,False,False,False,False,False
1782461876.852,0,0,0,0,0,1.5,-2.18,0.0,0.0,0.0,0.0,0.0,0,90,0,0.0,0,False,False,False,False,False,False
1782461876.876,0,0,0,0,0,1.49,-2.19,0.0,0.0,0.0,0.0,0.0,0,90,0,0.0,0,False,False,False,False,False,False
1782461876.9,0,0,0,0,0,1.5,-2.19,0.0,0.0,0.0,0.0,0.0,0,90,0,0.0,0,False,False,False,False,False,False
1782461876.923,0,0,0,0,0,1.52,-2.19,0.0,0.0,0.0,0.0,0.0,0,90,0,0.0,0,False,False,False,False,False,False
1782461876.947,0,0,0,0,0,1.52,-2.19,0.0,0.0,0.0,0.0,0.0,0,90,0,0.0,0,False,False,False,False,False,False
1782461876.97,0,0,0,0,0,1.52,-2.19,0.0,0.0,0.0,0.0,0.0,0,90,0,0.0,0,False,False,False,False,False,False
1782461876.995,0,0,0,0,0,1.54,-2.19,0.0,0.0,0.0,0.0,0.0,0,90,0,0.0,0,False,False,False,False,False,False
1782461877.018,0,0,0,0,0,1.56,-2.19,0.0,0.0,0.0,0.0,0.0,0,90,0,0.0,0,False,False,False,False,False,False
1782461877.043,0,0,0,0,0,1.57,-2.2,0.0,0.0,0.0,0.0,0.0,0,90,0,0.0,0,False,False,False,False,False,False
1782461877.066,0,0,0,0,0,1.57,-2.2,0.0,0.0,0.0,0.0,0.0,0,90,0,0.0,0,False,False,False,False,False,False
1782461877.089,0,0,0,0,0,1.58,-2.2,0.0,0.0,0.0,0.0,0.0,0,90,0,0.0,0,False,False,False,False,False,False
1782461877.112,0,0,0,0,0,1.59,-2.19,0.0,0.0,0.0,0.0,0.0,0,90,0,0.0,0,False,False,False,False,False,False
1782461877.136,0,0,0,0,0,1.6,-2.18,0.0,0.0,0.0,0.0,0.0,0,90,0,0.0,0,False,False,False,False,False,False
1782461877.16,0,0,0,0,0,1.58,-2.19,0.0,0.0,0.0,0.0,0.0,0,90,0,0.0,0,False,False,False,False,False,False
1782461877.182,0,0,0,0,0,1.57,-2.2,0.0,0.0,0.0,0.0,0.0,0,90,0,0.0,0,False,False,False,False,False,False
1782461877.207,0,0,0,0,0,1.57,-2.2,0.0,0.0,0.0,0.0,0.0,0,90,0,0.0,0,False,False,False,False,False,False
1782461877.232,0,0,0,0,0,1.58,-2.18,0.0,0.0,0.0,0.0,0.0,0,90,0,0.0,0,False,False,False,False,False,False
1782461877.255,0,0,0,0,0,1.58,-2.17,0.0,0.0,0.0,0.0,0.0,0,90,0,0.0,0,False,False,False,False,False,False
1782461877.28,0,0,0,0,0,1.58,-2.17,0.0,0.0,0.0,0.0,0.0,0,90,0,0.0,0,False,False,False,False,False,False
1782461877.302,0,0,0,0,0,1.56,-2.19,0.0,0.0,0.0,0.0,0.0,0,90,0,0.0,0,False,False,False,False,False,False
1782461877.329,0,0,0,0,0,1.54,-2.21,0.0,0.0,0.0,0.0,0.0,0,90,0,0.0,0,False,False,False,False,False,False
1782461877.348,0,0,0,0,0,1.54,-2.22,0.0,0.0,0.0,0.0,0.0,0,90,0,0.0,0,False,False,False,False,False,False
1782461877.369,0,0,0,0,0,1.54,-2.21,0.0,0.0,0.0,0.0,0.0,0,90,0,0.0,0,False,False,False,False,False,False
1782461877.392,0,0,0,0,0,1.54,-2.21,0.0,0.0,0.0,0.0,0.0,0,90,0,0.0,0,False,False,False,False,False,False
1782461877.415,0,0,0,0,0,1.55,-2.2,0.0,0.0,0.0,0.0,0.0,0,90,0,0.0,0,False,False,False,False,False,False
1782461877.438,0,0,0,0,0,1.55,-2.19,0.0,0.0,0.0,0.0,0.0,0,90,0,0.0,0,False,False,False,False,False,False
1782461877.462,0,0,0,0,0,1.55,-2.19,0.0,0.0,0.0,0.0,0.0,0,90,0,0.0,0,False,False,False,False,False,False
1782461877.486,0,0,0,0,0,1.54,-2.19,0.0,0.0,0.0,0.0,0.0,0,90,0,0.0,0,False,False,False,False,False,False
1782461877.51,0,0,0,0,0,1.53,-2.19,0.0,0.0,0.0,0.0,0.0,0,90,0,0.0,0,False,False,False,False,False,False
1782461877.533,0,0,0,0,0,1.54,-2.19,0.0,0.0,0.0,0.0,0.0,0,90,0,0.0,0,False,False,False,False,False,False
1782461877.557,0,0,0,0,0,1.54,-2.18,0.0,0.0,0.0,0.0,0.0,0,90,0,0.0,0,False,False,False,False,False,False
1782461877.58,0,0,0,0,0,1.55,-2.17,0.0,0.0,0.0,0.0,0.0,0,90,0,0.0,0,False,False,False,False,False,False
1782461877.605,0,0,0,0,0,1.54,-2.18,0.0,0.0,0.0,0.0,0.0,0,90,0,0.0,0,False,False,False,False,False,False
1782461877.628,0,0,0,0,0,1.53,-2.18,0.0,0.0,0.0,0.0,0.0,0,90,0,0.0,0,False,False,False,False,False,False
1782461877.652,0,0,0,0,0,1.52,-2.19,0.0,0.0,0.0,0.0,0.0,0,90,0,0.0,0,False,False,False,False,False,False
1782461877.677,0,0,0,0,0,1.52,-2.19,0.0,0.0,0.0,0.0,0.0,0,90,0,0.0,0,False,False,False,False,False,False
1782461877.699,0,0,0,0,0,1.5,-2.2,0.0,0.0,0.0,0.0,0.0,0,90,0,0.0,0,False,False,False,False,False,False
1782461877.723,0,0,0,0,0,1.5,-2.2,0.0,0.0,0.0,0.0,0.0,0,90,0,0.0,0,False,False,False,False,False,False
1782461877.746,0,0,0,0,0,1.51,-2.2,0.0,0.0,0.0,0.0,0.0,0,90,0,0.0,0,False,False,False,False,False,False
1782461877.771,0,0,0,0,0,1.52,-2.18,0.0,0.0,0.0,0.0,0.0,0,90,0,0.0,0,False,False,False,False,False,False
1782461877.795,0,0,0,0,0,1.53,-2.17,0.0,0.0,0.0,0.0,0.0,0,90,0,0.0,0,False,False,False,False,False,False
1782461877.817,0,0,0,0,0,1.54,-2.15,0.0,0.0,0.0,0.0,0.0,0,90,0,0.0,0,False,False,False,False,False,False
1782461877.841,0,0,0,0,0,1.56,-2.13,0.0,0.0,0.0,0.0,0.0,0,90,0,0.0,0,False,False,False,False,False,False
1782461877.864,0,0,0,0,0,1.59,-2.13,0.0,0.0,0.0,0.0,0.0,0,90,0,0.0,0,False,False,False,False,False,False
1782461877.889,0,0,0,0,0,1.6,-2.13,0.0,0.0,0.0,0.0,0.0,0,90,0,0.0,0,False,False,False,False,False,False
1782461877.913,0,0,0,0,0,1.59,-2.13,0.0,0.0,0.0,0.0,0.0,0,90,0,0.0,0,False,False,False,False,False,False
1782461877.936,0,0,0,0,0,1.59,-2.13,0.0,0.0,0.0,0.0,0.0,0,90,0,0.0,0,False,False,False,False,False,False
1782461877.96,0,0,0,0,0,1.6,-2.12,0.0,0.0,0.0,0.0,0.0,0,90,0,0.0,0,False,False,False,False,False,False
1782461877.983,0,0,0,0,0,1.6,-2.1,0.0,0.0,0.0,0.0,0.0,0,90,0,0.0,0,False,False,False,False,False,False
1782461878.007,0,0,0,0,0,1.6,-2.11,0.0,0.0,0.0,0.0,0.0,0,90,0,0.0,0,False,False,False,False,False,False
1782461878.03,0,0,0,0,0,1.58,-2.13,0.0,0.0,0.0,0.0,0.0,0,90,0,0.0,0,False,False,False,False,False,False
1782461878.055,0,0,0,0,0,1.57,-2.15,0.0,0.0,0.0,0.0,0.0,0,90,0,0.0,0,False,False,False,False,False,False
1782461878.078,0,0,0,0,0,1.55,-2.16,0.0,0.0,0.0,0.0,0.0,0,90,0,0.0,0,False,False,False,False,False,False
1782461878.102,0,0,0,0,0,1.54,-2.17,0.0,0.0,0.0,0.0,0.0,0,90,0,0.0,0,False,False,False,False,False,False
1782461878.127,0,0,0,0,0,1.56,-2.18,0.0,0.0,0.0,0.0,0.0,0,90,0,0.0,0,False,False,False,False,False,False
1782461878.149,0,0,0,0,0,1.57,-2.17,0.0,0.0,0.0,0.0,0.0,0,90,0,0.0,0,False,False,False,False,False,False
1782461878.174,0,0,0,0,0,1.57,-2.17,0.0,0.0,0.0,0.0,0.0,0,90,0,0.0,0,False,False,False,False,False,False
1782461878.197,0,0,0,0,0,1.57,-2.17,0.0,0.0,0.0,0.0,0.0,0,90,0,0.0,0,False,False,False,False,False,False
1782461878.22,0,0,0,0,0,1.56,-2.17,0.0,0.0,0.0,0.0,0.0,0,90,0,0.0,0,False,False,False,False,False,False
1782461878.244,0,0,0,0,0,1.56,-2.16,0.0,0.0,0.0,0.0,0.0,0,90,0,0.0,0,False,False,False,False,False,False
1782461878.268,0,0,0,0,0,1.56,-2.16,0.0,0.0,0.0,0.0,0.0,0,90,0,0.0,0,False,False,False,False,False,False
1782461878.292,0,0,0,0,0,1.55,-2.17,0.0,0.0,0.0,0.0,0.0,0,90,0,0.0,0,False,False,False,False,False,False
1782461878.314,0,0,0,0,0,1.55,-2.17,0.0,0.0,0.0,0.0,0.0,0,90,0,0.0,0,False,False,False,False,False,False
1782461878.338,0,0,0,0,0,1.56,-2.16,0.0,0.0,0.0,0.0,0.0,0,90,0,0.0,0,False,False,False,False,False,False
1782461878.358,0,0,0,0,0,1.57,-2.15,0.0,0.0,0.0,0.0,0.0,0,90,0,0.0,0,False,False,False,False,False,False
1782461878.382,0,0,0,0,0,1.58,-2.15,0.0,0.0,0.0,0.0,0.0,0,90,0,0.0,0,False,False,False,False,False,False
1782461878.404,0,0,0,0,0,1.57,-2.16,0.0,0.0,0.0,0.0,0.0,0,90,0,0.0,0,False,False,False,False,False,False
1782461878.429,0,0,0,0,0,1.55,-2.18,0.0,0.0,0.0,0.0,0.0,0,90,0,0.0,0,False,False,False,False,False,False
1782461878.451,0,0,0,0,0,1.55,-2.18,0.0,0.0,0.0,0.0,0.0,0,90,0,0.0,0,False,False,False,False,False,False
1782461878.475,0,0,0,0,0,1.56,-2.17,0.0,0.0,0.0,0.0,0.0,0,90,0,0.0,0,False,False,False,False,False,False
1782461878.499,0,0,0,0,0,1.57,-2.15,0.0,0.0,0.0,0.0,0.0,0,90,0,0.0,0,False,False,False,False,False,False
1782461878.524,0,0,0,0,0,1.58,-2.14,0.0,0.0,0.0,0.0,0.0,0,90,0,0.0,0,False,False,False,False,False,False
1782461878.546,0,0,0,0,0,1.58,-2.13,0.0,0.0,0.0,0.0,0.0,0,90,0,0.0,0,False,False,False,False,False,False
1782461878.564,0,0,0,0,0,1.58,-2.12,0.0,0.0,0.0,0.0,0.0,0,90,0,0.0,0,False,False,False,False,False,False
1782461878.589,0,0,0,0,0,1.59,-2.11,0.0,0.0,0.0,0.0,0.0,0,90,0,0.0,0,False,False,False,False,False,False
1782461878.612,0,0,0,0,0,1.59,-2.1,0.0,0.0,0.0,0.0,0.0,0,90,0,0.0,0,False,False,False,False,False,False
1782461878.636,0,0,0,0,0,1.59,-2.1,0.0,0.0,0.0,0.0,0.0,0,90,0,0.0,0,False,False,False,False,False,False
1782461878.659,0,0,0,0,0,1.59,-2.1,0.0,0.0,0.0,0.0,0.0,0,90,0,0.0,0,False,False,False,False,False,False
1782461878.687,0,0,0,0,0,1.58,-2.12,0.0,0.0,0.0,0.0,0.0,0,90,0,0.0,0,False,False,False,False,False,False
1782461878.706,0,0,0,0,0,1.56,-2.14,0.0,0.0,0.0,0.0,0.0,0,90,0,0.0,0,False,False,False,False,False,False
1782461878.73,0,0,0,0,0,1.55,-2.14,0.0,0.0,0.0,0.0,0.0,0,90,0,0.0,0,False,False,False,False,False,False
1782461878.753,0,0,0,0,0,1.54,-2.14,0.0,0.0,0.0,0.0,0.0,0,90,0,0.0,0,False,False,False,False,False,False
1782461878.778,0,0,0,0,0,1.54,-2.14,0.0,0.0,0.0,0.0,0.0,0,90,0,0.0,0,False,False,False,False,False,False
1782461878.803,0,0,0,0,0,1.54,-2.13,0.0,0.0,0.0,0.0,0.0,0,90,0,0.0,0,False,False,False,False,False,False
1782461878.826,0,0,0,0,0,1.54,-2.12,0.0,0.0,0.0,0.0,0.0,0,90,0,0.0,0,False,False,False,False,False,False
1782461878.849,0,0,0,0,0,1.54,-2.11,0.0,0.0,0.0,0.0,0.0,0,90,0,0.0,0,False,False,False,False,False,False
1782461878.873,0,0,0,0,0,1.55,-2.1,0.0,0.0,0.0,0.0,0.0,0,90,0,0.0,0,False,False,False,False,False,False
1782461878.895,0,0,0,0,0,1.55,-2.1,0.0,0.0,0.0,0.0,0.0,0,90,0,0.0,0,False,False,False,False,False,False
1782461878.92,0,0,0,0,0,1.57,-2.1,0.0,0.0,0.0,0.0,0.0,0,90,0,0.0,0,False,False,False,False,False,False
1782461878.944,0,0,0,0,0,1.58,-2.1,0.0,0.0,0.0,0.0,0.0,0,90,0,0.0,0,False,False,False,False,False,False
1782461878.967,0,0,0,0,0,1.57,-2.1,0.0,0.0,0.0,0.0,0.0,0,90,0,0.0,0,False,False,False,False,False,False
1782461878.991,0,0,0,0,0,1.56,-2.1,0.0,0.0,0.0,0.0,0.0,0,90,0,0.0,0,False,False,False,False,False,False
1782461879.015,0,0,0,0,0,1.55,-2.11,0.0,0.0,0.0,0.0,0.0,0,90,0,0.0,0,False,False,False,False,False,False
1782461879.039,0,0,0,0,0,1.54,-2.13,0.0,0.0,0.0,0.0,0.0,0,90,0,0.0,0,False,False,False,False,False,False
1782461879.062,0,0,0,0,0,1.52,-2.15,0.0,0.0,0.0,0.0,0.0,0,90,0,0.0,0,False,False,False,False,False,False
1782461879.085,0,0,0,0,0,1.51,-2.17,0.0,0.0,0.0,0.0,0.0,0,90,0,0.0,0,False,False,False,False,False,False
1782461879.109,0,0,0,0,0,1.52,-2.18,0.0,0.0,0.0,0.0,0.0,0,90,0,0.0,0,False,False,False,False,False,False
1782461879.133,0,0,0,0,0,1.52,-2.18,0.0,0.0,0.0,0.0,0.0,0,90,0,0.0,0,False,False,False,False,False,False
1782461879.157,0,0,0,0,0,1.53,-2.18,0.0,0.0,0.0,0.0,0.0,0,90,0,0.0,0,False,False,False,False,False,False
1782461879.18,0,0,0,0,0,1.54,-2.18,0.0,0.0,0.0,0.0,0.0,0,90,0,0.0,0,False,False,False,False,False,False
1782461879.204,0,0,0,0,0,1.54,-2.18,0.0,0.0,0.0,0.0,0.0,0,90,0,0.0,0,False,False,False,False,False,False
1782461879.228,0,0,0,0,0,1.53,-2.19,0.0,0.0,0.0,0.0,0.0,0,90,0,0.0,0,False,False,False,False,False,False
1782461879.251,0,0,0,0,0,1.54,-2.19,0.0,0.0,0.0,0.0,0.0,0,90,0,0.0,0,False,False,False,False,False,False
1782461879.274,0,0,0,0,0,1.54,-2.19,0.0,0.0,0.0,0.0,0.0,0,90,0,0.0,0,False,False,False,False,False,False
1782461879.298,0,0,0,0,0,1.54,-2.19,0.0,0.0,0.0,0.0,0.0,0,90,0,0.0,0,False,False,False,False,False,False
1782461879.322,0,0,0,0,0,1.54,-2.2,0.0,0.0,0.0,0.0,0.0,0,90,0,0.0,0,False,False,False,False,False,False
1782461879.346,0,0,0,0,0,1.55,-2.2,0.0,0.0,0.0,0.0,0.0,0,90,0,0.0,0,False,False,False,False,False,False
1782461879.369,0,0,0,0,0,1.56,-2.19,0.0,0.0,0.0,0.0,0.0,0,90,0,0.0,0,False,False,False,False,False,False
1782461879.392,0,0,0,0,0,1.57,-2.18,0.0,0.0,0.0,0.0,0.0,0,90,0,0.0,0,False,False,False,False,False,False
1782461879.416,0,0,0,0,0,1.58,-2.16,0.0,0.0,0.0,0.0,0.0,0,90,0,0.0,0,False,False,False,False,False,False
1782461879.44,0,0,0,0,0,1.58,-2.15,0.0,0.0,0.0,0.0,0.0,0,90,0,0.0,0,False,False,False,False,False,False
1782461879.464,0,0,0,0,0,1.58,-2.16,0.0,0.0,0.0,0.0,0.0,0,90,0,0.0,0,False,False,False,False,False,False
1782461879.488,0,0,0,0,0,1.58,-2.16,0.0,0.0,0.0,0.0,0.0,0,90,0,0.0,0,False,False,False,False,False,False
1782461879.513,0,0,0,0,0,1.58,-2.16,0.0,0.0,0.0,0.0,0.0,0,90,0,0.0,0,False,False,False,False,False,False
1782461879.536,0,0,0,0,0,1.58,-2.16,0.0,0.0,0.0,0.0,0.0,0,90,0,0.0,0,False,False,False,False,False,False
1782461879.56,0,0,0,0,0,1.58,-2.17,0.0,0.0,0.0,0.0,0.0,0,90,0,0.0,0,False,False,False,False,False,False
1782461879.583,0,0,0,0,0,1.59,-2.16,0.0,0.0,0.0,0.0,0.0,0,90,0,0.0,0,False,False,False,False,False,False
1782461879.605,0,0,0,0,0,1.59,-2.15,0.0,0.0,0.0,0.0,0.0,0,90,0,0.0,0,False,False,False,False,False,False
1782461879.63,0,0,0,0,0,1.6,-2.15,0.0,0.0,0.0,0.0,0.0,0,90,0,0.0,0,False,False,False,False,False,False
1782461879.653,0,0,0,0,0,1.59,-2.16,0.0,0.0,0.0,0.0,0.0,0,90,0,0.0,0,False,False,False,False,False,False
1782461879.677,0,0,0,0,0,1.58,-2.17,0.0,0.0,0.0,0.0,0.0,0,90,0,0.0,0,False,False,False,False,False,False
1782461879.701,0,0,0,0,0,1.57,-2.17,0.0,0.0,0.0,0.0,0.0,0,90,0,0.0,0,False,False,False,False,False,False
1782461879.725,0,0,0,0,0,1.56,-2.18,0.0,0.0,0.0,0.0,0.0,0,90,0,0.0,0,False,False,False,False,False,False
1782461879.749,0,0,0,0,0,1.55,-2.2,0.0,0.0,0.0,0.0,0.0,0,90,0,0.0,0,False,False,False,False,False,False
1782461879.772,0,0,0,0,0,1.55,-2.22,0.0,0.0,0.0,0.0,0.0,0,90,0,0.0,0,False,False,False,False,False,False
1782461879.797,0,0,0,0,0,1.56,-2.21,0.0,0.0,0.0,0.0,0.0,0,90,0,0.0,0,False,False,False,False,False,False
1782461879.819,0,0,0,0,0,1.58,-2.18,0.0,0.0,0.0,0.0,0.0,0,90,0,0.0,0,False,False,False,False,False,False
1782461879.843,0,0,0,0,0,1.6,-2.16,0.0,0.0,0.0,0.0,0.0,0,90,0,0.0,0,False,False,False,False,False,False
1782461879.866,0,0,0,0,0,1.61,-2.14,0.0,0.0,0.0,0.0,0.0,0,90,0,0.0,0,False,False,False,False,False,False
1782461879.889,0,0,0,0,0,1.62,-2.14,0.0,0.0,0.0,0.0,0.0,0,90,0,0.0,0,False,False,False,False,False,False
1782461879.914,0,0,0,0,0,1.61,-2.16,0.0,0.0,0.0,0.0,0.0,0,90,0,0.0,0,False,False,False,False,False,False
1782461879.937,0,0,0,0,0,1.59,-2.18,0.0,0.0,0.0,0.0,0.0,0,90,0,0.0,0,False,False,False,False,False,False
1782461879.959,0,0,0,0,0,1.58,-2.19,0.0,0.0,0.0,0.0,0.0,0,90,0,0.0,0,False,False,False,False,False,False
1782461879.984,0,0,0,0,0,1.58,-2.19,0.0,0.0,0.0,0.0,0.0,0,90,0,0.0,0,False,False,False,False,False,False
1782461880.008,0,0,0,0,0,1.59,-2.2,0.0,0.0,0.0,0.0,0.0,0,90,0,0.0,0,False,False,False,False,False,False
1782461880.032,0,0,0,0,0,1.59,-2.21,0.0,0.0,0.0,0.0,0.0,0,90,0,0.0,0,False,False,False,False,False,False
1782461880.056,0,0,0,0,0,1.59,-2.2,0.0,0.0,0.0,0.0,0.0,0,90,0,0.0,0,False,False,False,False,False,False
1782461880.08,0,0,0,0,0,1.58,-2.2,0.0,0.0,0.0,0.0,0.0,0,90,0,0.0,0,False,False,False,False,False,False
1782461880.103,0,0,0,0,0,1.57,-2.21,0.0,0.0,0.0,0.0,0.0,0,90,0,0.0,0,False,False,False,False,False,False
1782461880.126,0,0,0,0,0,1.58,-2.23,0.0,0.0,0.0,0.0,0.0,0,90,0,0.0,0,False,False,False,False,False,False
1782461880.15,0,0,0,0,0,1.57,-2.24,0.0,0.0,0.0,0.0,0.0,0,90,0,0.0,0,False,False,False,False,False,False
1782461880.175,0,0,0,0,0,1.56,-2.24,0.0,0.0,0.0,0.0,0.0,0,90,0,0.0,0,False,False,False,False,False,False
1782461880.198,0,0,0,0,0,1.56,-2.23,0.0,0.0,0.0,0.0,0.0,0,90,0,0.0,0,False,False,False,False,False,False
1782461880.222,0,0,0,0,0,1.58,-2.2,0.0,0.0,0.0,0.0,0.0,0,90,0,0.0,0,False,False,False,False,False,False
1782461880.244,0,0,0,0,0,1.61,-2.18,0.0,0.0,0.0,0.0,0.0,0,90,0,0.0,0,False,False,False,False,False,False
1782461880.269,0,0,0,0,0,1.63,-2.17,0.0,0.0,0.0,0.0,0.0,0,90,0,0.0,0,False,False,False,False,False,False
1782461880.293,0,0,0,0,0,1.63,-2.18,0.0,0.0,0.0,0.0,0.0,0,90,0,0.0,0,False,False,False,False,False,False
1782461880.315,0,0,0,0,0,1.61,-2.19,0.0,0.0,0.0,0.0,0.0,0,90,0,0.0,0,False,False,False,False,False,False
1782461880.34,0,0,0,0,0,1.59,-2.21,0.0,0.0,0.0,0.0,0.0,0,90,0,0.0,0,False,False,False,False,False,False
1782461880.365,0,0,0,0,0,1.58,-2.22,0.0,0.0,0.0,0.0,0.0,0,90,0,0.0,0,False,False,False,False,False,False
1782461880.387,0,0,0,0,0,1.58,-2.22,0.0,0.0,0.0,0.0,0.0,0,90,0,0.0,0,False,False,False,False,False,False
1782461880.411,0,0,0,0,0,1.58,-2.2,0.0,0.0,0.0,0.0,0.0,0,90,0,0.0,0,False,False,False,False,False,False
1782461880.433,0,0,0,0,0,1.59,-2.19,0.0,0.0,0.0,0.0,0.0,0,90,0,0.0,0,False,False,False,False,False,False
1782461880.459,0,0,0,0,0,1.59,-2.18,0.0,0.0,0.0,0.0,0.0,0,90,0,0.0,0,False,False,False,False,False,False
1782461880.482,0,0,0,0,0,1.59,-2.17,0.0,0.0,0.0,0.0,0.0,0,90,0,0.0,0,False,False,False,False,False,False
1782461880.505,0,0,0,0,0,1.59,-2.17,0.0,0.0,0.0,0.0,0.0,0,90,0,0.0,0,False,False,False,False,False,False
1782461880.529,0,0,0,0,0,1.59,-2.18,0.0,0.0,0.0,0.0,0.0,0,90,0,0.0,0,False,False,False,False,False,False
1782461880.553,0,0,0,0,0,1.59,-2.17,0.0,0.0,0.0,0.0,0.0,0,90,0,0.0,0,False,False,False,False,False,False
1782461880.576,0,0,0,0,0,1.6,-2.17,0.0,0.0,0.0,0.0,0.0,0,90,0,0.0,0,False,False,False,False,False,False
1782461880.599,0,0,0,0,0,1.59,-2.18,0.0,0.0,0.0,0.0,0.0,0,90,0,0.0,0,False,False,False,False,False,False
1782461880.624,0,0,0,0,0,1.58,-2.2,0.0,0.0,0.0,0.0,0.0,0,90,0,0.0,0,False,False,False,False,False,False
1782461880.648,0,0,0,0,0,1.58,-2.2,0.0,0.0,0.0,0.0,0.0,0,90,0,0.0,0,False,False,False,False,False,False
1782461880.67,0,0,0,0,0,1.59,-2.19,0.0,0.0,0.0,0.0,0.0,0,90,0,0.0,0,False,False,False,False,False,False
1782461880.694,0,0,0,0,0,1.61,-2.17,0.0,0.0,0.0,0.0,0.0,0,90,0,0.0,0,False,False,False,False,False,False
1782461880.718,0,0,0,0,0,1.63,-2.16,0.0,0.0,0.0,0.0,0.0,0,90,0,0.0,0,False,False,False,False,False,False
1782461880.743,0,0,0,0,0,1.63,-2.16,0.0,0.0,0.0,0.0,0.0,0,90,0,0.0,0,False,False,False,False,False,False
1782461880.766,0,0,0,0,0,1.63,-2.17,0.0,0.0,0.0,0.0,0.0,0,90,0,0.0,0,False,False,False,False,False,False
1782461880.789,0,0,0,0,0,1.61,-2.19,0.0,0.0,0.0,0.0,0.0,0,90,0,0.0,0,False,False,False,False,False,False
1782461880.812,0,0,0,0,0,1.61,-2.2,0.0,0.0,0.0,0.0,0.0,0,90,0,0.0,0,False,False,False,False,False,False
1782461880.836,0,0,0,0,0,1.61,-2.2,0.0,0.0,0.0,0.0,0.0,0,90,0,0.0,0,False,False,False,False,False,False
1782461880.861,0,0,0,0,0,1.62,-2.19,0.0,0.0,0.0,0.0,0.0,0,90,0,0.0,0,False,False,False,False,False,False
1782461880.883,0,0,0,0,0,1.63,-2.18,0.0,0.0,0.0,0.0,0.0,0,90,0,0.0,0,False,False,False,False,False,False
1782461880.908,0,0,0,0,0,1.64,-2.17,0.0,0.0,0.0,0.0,0.0,0,90,0,0.0,0,False,False,False,False,False,False
1782461880.932,0,0,0,0,0,1.64,-2.16,0.0,0.0,0.0,0.0,0.0,0,90,0,0.0,0,False,False,False,False,False,False
1782461880.956,0,0,0,0,0,1.64,-2.16,0.0,0.0,0.0,0.0,0.0,0,90,0,0.0,0,False,False,False,False,False,False
1782461880.979,0,0,0,0,0,1.62,-2.18,0.0,0.0,0.0,0.0,0.0,0,90,0,0.0,0,False,False,False,False,False,False
1782461881.004,0,0,0,0,0,1.6,-2.2,0.0,0.0,0.0,0.0,0.0,0,90,0,0.0,0,False,False,False,False,False,False
1782461881.027,0,0,0,0,0,1.59,-2.21,0.0,0.0,0.0,0.0,0.0,0,90,0,0.0,0,False,False,False,False,False,False
1782461881.049,0,0,0,0,0,1.57,-2.23,0.0,0.0,0.0,0.0,0.0,0,90,0,0.0,0,False,False,False,False,False,False
1782461881.074,0,0,0,0,0,1.56,-2.25,0.0,0.0,0.0,0.0,0.0,0,90,0,0.0,0,False,False,False,False,False,False
1782461881.097,0,0,0,0,0,1.55,-2.25,0.0,0.0,0.0,0.0,0.0,0,90,0,0.0,0,False,False,False,False,False,False
1782461881.121,0,0,0,0,0,1.55,-2.25,0.0,0.0,0.0,0.0,0.0,0,90,0,0.0,0,False,False,False,False,False,False
1782461881.144,0,0,0,0,0,1.55,-2.25,0.0,0.0,0.0,0.0,0.0,0,90,0,0.0,0,False,False,False,False,False,False
1782461881.168,0,0,0,0,0,1.55,-2.24,0.0,0.0,0.0,0.0,0.0,0,90,0,0.0,0,False,False,False,False,False,False
1782461881.192,0,0,0,0,0,1.56,-2.23,0.0,0.0,0.0,0.0,0.0,0,90,0,0.0,0,False,False,False,False,False,False
1782461881.216,0,0,0,0,0,1.56,-2.21,0.0,0.0,0.0,0.0,0.0,0,90,0,0.0,0,False,False,False,False,False,False
1782461881.239,0,0,0,0,0,1.56,-2.18,0.0,0.0,0.0,0.0,0.0,0,90,0,0.0,0,False,False,False,False,False,False
1782461881.263,0,0,0,0,0,1.58,-2.16,0.0,0.0,0.0,0.0,0.0,0,90,0,0.0,0,False,False,False,False,False,False
1782461881.287,0,0,0,0,0,1.62,-2.15,0.0,0.0,0.0,0.0,0.0,0,90,0,0.0,0,False,False,False,False,False,False
1782461881.309,0,0,0,0,0,1.66,-2.15,0.0,0.0,0.0,0.0,0.0,0,90,0,0.0,0,False,False,False,False,False,False
1782461881.333,0,0,0,0,0,1.66,-2.17,0.0,0.0,0.0,0.0,0.0,0,90,0,0.0,0,False,False,False,False,False,False
1782461881.358,0,0,0,0,0,1.64,-2.2,0.0,0.0,0.0,0.0,0.0,0,90,0,0.0,0,False,False,False,False,False,False
1782461881.382,0,0,0,0,0,1.62,-2.21,0.0,0.0,0.0,0.0,0.0,0,90,0,0.0,0,False,False,False,False,False,False
1782461881.406,0,0,0,0,0,1.61,-2.22,0.0,0.0,0.0,0.0,0.0,0,90,0,0.0,0,False,False,False,False,False,False
1782461881.423,0,0,0,0,0,1.61,-2.22,0.0,0.0,0.0,0.0,0.0,0,90,0,0.0,0,False,False,False,False,False,False
1782461881.447,0,0,0,0,0,1.62,-2.21,0.0,0.0,0.0,0.0,0.0,0,90,0,0.0,0,False,False,False,False,False,False
1782461881.471,0,0,0,0,0,1.63,-2.19,0.0,0.0,0.0,0.0,0.0,0,90,0,0.0,0,False,False,False,False,False,False
1782461881.495,0,0,0,0,0,1.63,-2.18,0.0,0.0,0.0,0.0,0.0,0,90,0,0.0,0,False,False,False,False,False,False
1782461881.517,0,0,0,0,0,1.63,-2.18,0.0,0.0,0.0,0.0,0.0,0,90,0,0.0,0,False,False,False,False,False,False
1782461881.542,0,0,0,0,0,1.62,-2.19,0.0,0.0,0.0,0.0,0.0,0,90,0,0.0,0,False,False,False,False,False,False
1782461881.565,0,0,0,0,0,1.61,-2.21,0.0,0.0,0.0,0.0,0.0,0,90,0,0.0,0,False,False,False,False,False,False
1782461881.589,0,0,0,0,0,1.6,-2.22,0.0,0.0,0.0,0.0,0.0,0,90,0,0.0,0,False,False,False,False,False,False
1782461881.613,0,0,0,0,0,1.59,-2.22,0.0,0.0,0.0,0.0,0.0,0,90,0,0.0,0,False,False,False,False,False,False
1782461881.638,0,0,0,0,0,1.58,-2.24,0.0,0.0,0.0,0.0,0.0,0,90,0,0.0,0,False,False,False,False,False,False
1782461881.661,0,0,0,0,0,1.57,-2.26,0.0,0.0,0.0,0.0,0.0,0,90,0,0.0,0,False,False,False,False,False,False
1782461881.685,0,0,0,0,0,1.58,-2.26,0.0,0.0,0.0,0.0,0.0,0,90,0,0.0,0,False,False,False,False,False,False
1782461881.707,0,0,0,0,0,1.6,-2.24,0.0,0.0,0.0,0.0,0.0,0,90,0,0.0,0,False,False,False,False,False,False
1782461881.732,0,0,0,0,0,1.61,-2.22,0.0,0.0,0.0,0.0,0.0,0,90,0,0.0,0,False,False,False,False,False,False
1782461881.755,0,0,0,0,0,1.63,-2.2,0.0,0.0,0.0,0.0,0.0,0,90,0,0.0,0,False,False,False,False,False,False
1782461881.778,0,0,0,0,0,1.66,-2.19,0.0,0.0,0.0,0.0,0.0,0,90,0,0.0,0,False,False,False,False,False,False
1782461881.805,0,0,0,0,0,1.66,-2.19,0.0,0.0,0.0,0.0,0.0,0,90,0,0.0,0,False,False,False,False,False,False
1782461881.827,0,0,0,0,0,1.65,-2.21,0.0,0.0,0.0,0.0,0.0,0,90,0,0.0,0,False,False,False,False,False,False
1782461881.85,0,0,0,0,0,1.63,-2.23,0.0,0.0,0.0,0.0,0.0,0,90,0,0.0,0,False,False,False,False,False,False
1782461881.873,0,0,0,0,0,1.61,-2.26,0.0,0.0,0.0,0.0,0.0,0,90,0,0.0,0,False,False,False,False,False,False
1782461881.898,0,0,0,0,0,1.59,-2.28,0.0,0.0,0.0,0.0,0.0,0,90,0,0.0,0,False,False,False,False,False,False
1782461881.921,0,0,0,0,0,1.58,-2.29,0.0,0.0,0.0,0.0,0.0,0,90,0,0.0,0,False,False,False,False,False,False
1782461881.945,0,0,0,0,0,1.58,-2.29,0.0,0.0,0.0,0.0,0.0,0,90,0,0.0,0,False,False,False,False,False,False
1782461881.969,0,0,0,0,0,1.59,-2.28,0.0,0.0,0.0,0.0,0.0,0,90,0,0.0,0,False,False,False,False,False,False
1782461881.992,0,0,0,0,0,1.6,-2.26,0.0,0.0,0.0,0.0,0.0,0,90,0,0.0,0,False,False,False,False,False,False
1782461882.016,0,0,0,0,0,1.62,-2.25,0.0,0.0,0.0,0.0,0.0,0,90,0,0.0,0,False,False,False,False,False,False
1782461882.039,0,0,0,0,0,1.63,-2.25,0.0,0.0,0.0,0.0,0.0,0,90,0,0.0,0,False,False,False,False,False,False
1782461882.064,0,0,0,0,0,1.63,-2.24,0.0,0.0,0.0,0.0,0.0,0,90,0,0.0,0,False,False,False,False,False,False
1782461882.086,0,0,0,0,0,1.63,-2.23,0.0,0.0,0.0,0.0,0.0,0,90,0,0.0,0,False,False,False,False,False,False
1782461882.112,0,0,0,0,0,1.63,-2.22,0.0,0.0,0.0,0.0,0.0,0,90,0,0.0,0,False,False,False,False,False,False
1782461882.134,0,0,0,0,0,1.63,-2.21,0.0,0.0,0.0,0.0,0.0,0,90,0,0.0,0,False,False,False,False,False,False
1782461882.158,0,0,0,0,0,1.62,-2.22,0.0,0.0,0.0,0.0,0.0,0,90,0,0.0,0,False,False,False,False,False,False
1782461882.182,0,0,0,0,0,1.61,-2.23,0.0,0.0,0.0,0.0,0.0,0,90,0,0.0,0,False,False,False,False,False,False
1782461882.205,0,0,0,0,0,1.59,-2.25,0.0,0.0,0.0,0.0,0.0,0,90,0,0.0,0,False,False,False,False,False,False
1782461882.228,0,0,0,0,0,1.58,-2.25,0.0,0.0,0.0,0.0,0.0,0,90,0,0.0,0,False,False,False,False,False,False
1782461882.253,0,0,0,0,0,1.58,-2.25,0.0,0.0,0.0,0.0,0.0,0,90,0,0.0,0,False,False,False,False,False,False
1782461882.276,0,0,0,0,0,1.58,-2.24,0.0,0.0,0.0,0.0,0.0,0,90,0,0.0,0,False,False,False,False,False,False
1782461882.3,0,0,0,0,0,1.6,-2.23,0.0,0.0,0.0,0.0,0.0,0,90,0,0.0,0,False,False,False,False,False,False
1782461882.324,0,0,0,0,0,1.6,-2.21,0.0,0.0,0.0,0.0,0.0,0,90,0,0.0,0,False,False,False,False,False,False
1782461882.35,0,0,0,0,0,1.61,-2.21,0.0,0.0,0.0,0.0,0.0,0,90,0,0.0,0,False,False,False,False,False,False
1782461882.371,0,0,0,0,0,1.61,-2.21,0.0,0.0,0.0,0.0,0.0,0,90,0,0.0,0,False,False,False,False,False,False
1782461882.394,0,0,0,0,0,1.61,-2.22,0.0,0.0,0.0,0.0,0.0,0,90,0,0.0,0,False,False,False,False,False,False
1782461882.418,0,0,0,0,0,1.6,-2.23,0.0,0.0,0.0,0.0,0.0,0,90,0,0.0,0,False,False,False,False,False,False
1782461882.442,0,0,0,0,0,1.6,-2.24,0.0,0.0,0.0,0.0,0.0,0,90,0,0.0,0,False,False,False,False,False,False
1782461882.466,0,0,0,0,0,1.59,-2.25,0.0,0.0,0.0,0.0,0.0,0,90,0,0.0,0,False,False,False,False,False,False
1782461882.49,0,0,0,0,0,1.58,-2.25,0.0,0.0,0.0,0.0,0.0,0,90,0,0.0,0,False,False,False,False,False,False
1782461882.514,0,0,0,0,0,1.59,-2.25,0.0,0.0,0.0,0.0,0.0,0,90,0,0.0,0,False,False,False,False,False,False
1782461882.537,0,0,0,0,0,1.61,-2.23,0.0,0.0,0.0,0.0,0.0,0,90,0,0.0,0,False,False,False,False,False,False
1782461882.56,0,0,0,0,0,1.62,-2.23,0.0,0.0,0.0,0.0,0.0,0,90,0,0.0,0,False,False,False,False,False,False
1782461882.584,0,0,0,0,0,1.61,-2.23,0.0,0.0,0.0,0.0,0.0,0,90,0,0.0,0,False,False,False,False,False,False
1782461882.608,0,0,0,0,0,1.6,-2.24,0.0,0.0,0.0,0.0,0.0,0,90,0,0.0,0,False,False,False,False,False,False
1782461882.632,0,0,0,0,0,1.59,-2.25,0.0,0.0,0.0,0.0,0.0,0,90,0,0.0,0,False,False,False,False,False,False
1782461882.655,0,0,0,0,0,1.6,-2.24,0.0,0.0,0.0,0.0,0.0,0,90,0,0.0,0,False,False,False,False,False,False
1782461882.679,0,0,0,0,0,1.61,-2.22,0.0,0.0,0.0,0.0,0.0,0,90,0,0.0,0,False,False,False,False,False,False
1782461882.703,0,0,0,0,0,1.63,-2.2,0.0,0.0,0.0,0.0,0.0,0,90,0,0.0,0,False,False,False,False,False,False
1782461882.727,0,0,0,0,0,1.65,-2.19,0.0,0.0,0.0,0.0,0.0,0,90,0,0.0,0,False,False,False,False,False,False
1782461882.751,0,0,0,0,0,1.66,-2.19,0.0,0.0,0.0,0.0,0.0,0,90,0,0.0,0,False,False,False,False,False,False
1782461882.773,0,0,0,0,0,1.65,-2.21,0.0,0.0,0.0,0.0,0.0,0,90,0,0.0,0,False,False,False,False,False,False
1782461882.798,0,0,0,0,0,1.63,-2.24,0.0,0.0,0.0,0.0,0.0,0,90,0,0.0,0,False,False,False,False,False,False
1782461882.821,0,0,0,0,0,1.6,-2.26,0.0,0.0,0.0,0.0,0.0,0,90,0,0.0,0,False,False,False,False,False,False
1782461882.845,0,0,0,0,0,1.6,-2.27,0.0,0.0,0.0,0.0,0.0,0,90,0,0.0,0,False,False,False,False,False,False
1782461882.869,0,0,0,0,0,1.6,-2.26,0.0,0.0,0.0,0.0,0.0,0,90,0,0.0,0,False,False,False,False,False,False
1782461882.892,0,0,0,0,0,1.62,-2.24,0.0,0.0,0.0,0.0,0.0,0,90,0,0.0,0,False,False,False,False,False,False
1782461882.915,0,0,0,0,0,1.64,-2.22,0.0,0.0,0.0,0.0,0.0,0,90,0,0.0,0,False,False,False,False,False,False
1782461882.939,0,0,0,0,0,1.64,-2.21,0.0,0.0,0.0,0.0,0.0,0,90,0,0.0,0,False,False,False,False,False,False
1782461882.958,0,0,0,0,0,1.64,-2.21,0.0,0.0,0.0,0.0,0.0,0,90,0,0.0,0,False,False,False,False,False,False
1782461882.982,0,0,0,0,0,1.64,-2.22,0.0,0.0,0.0,0.0,0.0,0,90,0,0.0,0,False,False,False,False,False,False
1782461883.004,0,0,0,0,0,1.63,-2.22,0.0,0.0,0.0,0.0,0.0,0,90,0,0.0,0,False,False,False,False,False,False
1782461883.028,0,0,0,0,0,1.63,-2.22,0.0,0.0,0.0,0.0,0.0,0,90,0,0.0,0,False,False,False,False,False,False
1782461883.053,0,0,0,0,0,1.64,-2.21,0.0,0.0,0.0,0.0,0.0,0,90,0,0.0,0,False,False,False,False,False,False
1782461883.077,0,0,0,0,0,1.64,-2.2,0.0,0.0,0.0,0.0,0.0,0,90,0,0.0,0,False,False,False,False,False,False
1782461883.101,0,0,0,0,0,1.64,-2.2,0.0,0.0,0.0,0.0,0.0,0,90,0,0.0,0,False,False,False,False,False,False
1782461883.124,0,0,0,0,0,1.64,-2.2,0.0,0.0,0.0,0.0,0.0,0,90,0,0.0,0,False,False,False,False,False,False
1782461883.147,0,0,0,0,0,1.64,-2.2,0.0,0.0,0.0,0.0,0.0,0,90,0,0.0,0,False,False,False,False,False,False
1782461883.169,0,0,0,0,0,1.64,-2.2,0.0,0.0,0.0,0.0,0.0,0,90,0,0.0,0,False,False,False,False,False,False
1782461883.195,0,0,0,0,0,1.63,-2.21,0.0,0.0,0.0,0.0,0.0,0,90,0,0.0,0,False,False,False,False,False,False
1782461883.218,0,0,0,0,0,1.63,-2.22,0.0,0.0,0.0,0.0,0.0,0,90,0,0.0,0,False,False,False,False,False,False
1782461883.241,0,0,0,0,0,1.63,-2.22,0.0,0.0,0.0,0.0,0.0,0,90,0,0.0,0,False,False,False,False,False,False
1782461883.267,0,0,0,0,0,1.63,-2.22,0.0,0.0,0.0,0.0,0.0,0,90,0,0.0,0,False,False,False,False,False,False
1782461883.288,0,0,0,0,0,1.64,-2.21,0.0,0.0,0.0,0.0,0.0,0,90,0,0.0,0,False,False,False,False,False,False
1782461883.312,0,0,0,0,0,1.65,-2.19,0.0,0.0,0.0,0.0,0.0,0,90,0,0.0,0,False,False,False,False,False,False
1782461883.336,0,0,0,0,0,1.66,-2.19,0.0,0.0,0.0,0.0,0.0,0,90,0,0.0,0,False,False,False,False,False,False
1782461883.36,0,0,0,0,0,1.66,-2.19,0.0,0.0,0.0,0.0,0.0,0,90,0,0.0,0,False,False,False,False,False,False
1782461883.384,0,0,0,0,0,1.64,-2.21,0.0,0.0,0.0,0.0,0.0,0,90,0,0.0,0,False,False,False,False,False,False
1782461883.407,0,0,0,0,0,1.63,-2.22,0.0,0.0,0.0,0.0,0.0,0,90,0,0.0,0,False,False,False,False,False,False
1782461883.43,0,0,0,0,0,1.63,-2.22,0.0,0.0,0.0,0.0,0.0,0,90,0,0.0,0,False,False,False,False,False,False
1782461883.453,0,0,0,0,0,1.64,-2.2,0.0,0.0,0.0,0.0,0.0,0,90,0,0.0,0,False,False,False,False,False,False
1782461883.478,0,0,0,0,0,1.66,-2.19,0.0,0.0,0.0,0.0,0.0,0,90,0,0.0,0,False,False,False,False,False,False
1782461883.501,0,0,0,0,0,1.67,-2.17,0.0,0.0,0.0,0.0,0.0,0,90,0,0.0,0,False,False,False,False,False,False
1782461883.525,0,0,0,0,0,1.67,-2.17,0.0,0.0,0.0,0.0,0.0,0,90,0,0.0,0,False,False,False,False,False,False
1782461883.549,0,0,0,0,0,1.66,-2.18,0.0,0.0,0.0,0.0,0.0,0,90,0,0.0,0,False,False,False,False,False,False
1782461883.572,0,0,0,0,0,1.65,-2.2,0.0,0.0,0.0,0.0,0.0,0,90,0,0.0,0,False,False,False,False,False,False
1782461883.596,0,0,0,0,0,1.64,-2.22,0.0,0.0,0.0,0.0,0.0,0,90,0,0.0,0,False,False,False,False,False,False
1782461883.618,0,0,0,0,0,1.62,-2.24,0.0,0.0,0.0,0.0,0.0,0,90,0,0.0,0,False,False,False,False,False,False
1782461883.644,0,0,0,0,0,1.6,-2.26,0.0,0.0,0.0,0.0,0.0,0,90,0,0.0,0,False,False,False,False,False,False
1782461883.667,0,0,0,0,0,1.59,-2.26,0.0,0.0,0.0,0.0,0.0,0,90,0,0.0,0,False,False,False,False,False,False
1782461883.691,0,0,0,0,0,1.59,-2.26,0.0,0.0,0.0,0.0,0.0,0,90,0,0.0,0,False,False,False,False,False,False
1782461883.714,0,0,0,0,0,1.6,-2.25,0.0,0.0,0.0,0.0,0.0,0,90,0,0.0,0,False,False,False,False,False,False
1782461883.738,0,0,0,0,0,1.61,-2.24,0.0,0.0,0.0,0.0,0.0,0,90,0,0.0,0,False,False,False,False,False,False
1782461883.762,0,0,0,0,0,1.62,-2.23,0.0,0.0,0.0,0.0,0.0,0,90,0,0.0,0,False,False,False,False,False,False
1782461883.785,0,0,0,0,0,1.63,-2.22,0.0,0.0,0.0,0.0,0.0,0,90,0,0.0,0,False,False,False,False,False,False
1782461883.809,0,0,0,0,0,1.64,-2.22,0.0,0.0,0.0,0.0,0.0,0,90,0,0.0,0,False,False,False,False,False,False
1782461883.833,0,0,0,0,0,1.63,-2.22,0.0,0.0,0.0,0.0,0.0,0,90,0,0.0,0,False,False,False,False,False,False
1782461883.856,0,0,0,0,0,1.62,-2.23,0.0,0.0,0.0,0.0,0.0,0,90,0,0.0,0,False,False,False,False,False,False
1782461883.88,0,0,0,0,0,1.61,-2.24,0.0,0.0,0.0,0.0,0.0,0,90,0,0.0,0,False,False,False,False,False,False
1782461883.903,0,0,0,0,0,1.6,-2.25,0.0,0.0,0.0,0.0,0.0,0,90,0,0.0,0,False,False,False,False,False,False
1782461883.927,0,0,0,0,0,1.59,-2.25,0.0,0.0,0.0,0.0,0.0,0,90,0,0.0,0,False,False,False,False,False,False
1782461883.951,0,0,0,0,0,1.59,-2.25,0.0,0.0,0.0,0.0,0.0,0,90,0,0.0,0,False,False,False,False,False,False
1782461883.974,0,0,0,0,0,1.59,-2.25,0.0,0.0,0.0,0.0,0.0,0,90,0,0.0,0,False,False,False,False,False,False
1782461883.998,0,0,0,0,0,1.59,-2.26,0.0,0.0,0.0,0.0,0.0,0,90,0,0.0,0,False,False,False,False,False,False
1782461884.021,0,0,0,0,0,1.58,-2.27,0.0,0.0,0.0,0.0,0.0,0,90,0,0.0,0,False,False,False,False,False,False
1782461884.047,0,0,0,0,0,1.58,-2.26,0.0,0.0,0.0,0.0,0.0,0,90,0,0.0,0,False,False,False,False,False,False
1782461884.069,0,0,0,0,0,1.58,-2.26,0.0,0.0,0.0,0.0,0.0,0,90,0,0.0,0,False,False,False,False,False,False
1782461884.093,0,0,0,0,0,1.59,-2.25,0.0,0.0,0.0,0.0,0.0,0,90,0,0.0,0,False,False,False,False,False,False
1782461884.117,0,0,0,0,0,1.6,-2.24,0.0,0.0,0.0,0.0,0.0,0,90,0,0.0,0,False,False,False,False,False,False
1782461884.139,0,0,0,0,0,1.6,-2.23,0.0,0.0,0.0,0.0,0.0,0,90,0,0.0,0,False,False,False,False,False,False
1782461884.163,0,0,0,0,0,1.61,-2.23,0.0,0.0,0.0,0.0,0.0,0,90,0,0.0,0,False,False,False,False,False,False
1782461884.187,0,0,0,0,0,1.62,-2.22,0.0,0.0,0.0,0.0,0.0,0,90,0,0.0,0,False,False,False,False,False,False
1782461884.215,0,0,0,0,0,1.62,-2.22,0.0,0.0,0.0,0.0,0.0,0,90,0,0.0,0,False,False,False,False,False,False
1782461884.235,0,0,0,0,0,1.63,-2.22,0.0,0.0,0.0,0.0,0.0,0,90,0,0.0,0,False,False,False,False,False,False
1782461884.258,0,0,0,0,0,1.64,-2.21,0.0,0.0,0.0,0.0,0.0,0,90,0,0.0,0,False,False,False,False,False,False
1782461884.282,0,0,0,0,0,1.64,-2.2,0.0,0.0,0.0,0.0,0.0,0,90,0,0.0,0,False,False,False,False,False,False
1782461884.306,0,0,0,0,0,1.65,-2.2,0.0,0.0,0.0,0.0,0.0,0,90,0,0.0,0,False,False,False,False,False,False
1782461884.329,0,0,0,0,0,1.65,-2.2,0.0,0.0,0.0,0.0,0.0,0,90,0,0.0,0,False,False,False,False,False,False
1782461884.353,0,0,0,0,0,1.65,-2.2,0.0,0.0,0.0,0.0,0.0,0,90,0,0.0,0,False,False,False,False,False,False
1782461884.377,0,0,0,0,0,1.64,-2.2,0.0,0.0,0.0,0.0,0.0,0,90,0,0.0,0,False,False,False,False,False,False
1782461884.401,0,0,0,0,0,1.64,-2.21,0.0,0.0,0.0,0.0,0.0,0,90,0,0.0,0,False,False,False,False,False,False
1782461884.423,0,0,0,0,0,1.63,-2.22,0.0,0.0,0.0,0.0,0.0,0,90,0,0.0,0,False,False,False,False,False,False
1782461884.448,0,0,0,0,0,1.63,-2.22,0.0,0.0,0.0,0.0,0.0,0,90,0,0.0,0,False,False,False,False,False,False
1782461884.472,0,0,0,0,0,1.62,-2.22,0.0,0.0,0.0,0.0,0.0,0,90,0,0.0,0,False,False,False,False,False,False
1782461884.495,0,0,0,0,0,1.62,-2.23,0.0,0.0,0.0,0.0,0.0,0,90,0,0.0,0,False,False,False,False,False,False
1782461884.519,0,0,0,0,0,1.62,-2.24,0.0,0.0,0.0,0.0,0.0,0,90,0,0.0,0,False,False,False,False,False,False
1782461884.543,0,0,0,0,0,1.62,-2.23,0.0,0.0,0.0,0.0,0.0,0,90,0,0.0,0,False,False,False,False,False,False
1782461884.566,0,0,0,0,0,1.62,-2.23,0.0,0.0,0.0,0.0,0.0,0,90,0,0.0,0,False,False,False,False,False,False
1782461884.589,0,0,0,0,0,1.63,-2.22,0.0,0.0,0.0,0.0,0.0,0,90,0,0.0,0,False,False,False,False,False,False
1782461884.613,0,0,0,0,0,1.64,-2.22,0.0,0.0,0.0,0.0,0.0,0,90,0,0.0,0,False,False,False,False,False,False
1782461884.637,0,0,0,0,0,1.63,-2.22,0.0,0.0,0.0,0.0,0.0,0,90,0,0.0,0,False,False,False,False,False,False
1782461884.661,0,0,0,0,0,1.63,-2.22,0.0,0.0,0.0,0.0,0.0,0,90,0,0.0,0,False,False,False,False,False,False
1782461884.684,0,0,0,0,0,1.64,-2.21,0.0,0.0,0.0,0.0,0.0,0,90,0,0.0,0,False,False,False,False,False,False
1782461884.708,0,0,0,0,0,1.65,-2.21,0.0,0.0,0.0,0.0,0.0,0,90,0,0.0,0,False,False,False,False,False,False
1782461884.731,0,0,0,0,0,1.65,-2.21,0.0,0.0,0.0,0.0,0.0,0,90,0,0.0,0,False,False,False,False,False,False
1782461884.75,0,0,0,0,0,1.65,-2.22,0.0,0.0,0.0,0.0,0.0,0,90,0,0.0,0,False,False,False,False,False,False
1782461884.773,0,0,0,0,0,1.65,-2.22,0.0,0.0,0.0,0.0,0.0,0,90,0,0.0,0,False,False,False,False,False,False
1782461884.798,0,0,0,0,0,1.65,-2.22,0.0,0.0,0.0,0.0,0.0,0,90,0,0.0,0,False,False,False,False,False,False
1782461884.821,0,0,0,0,0,1.64,-2.23,0.0,0.0,0.0,0.0,0.0,0,90,0,0.0,0,False,False,False,False,False,False
1782461884.844,0,0,0,0,0,1.63,-2.24,0.0,0.0,0.0,0.0,0.0,0,90,0,0.0,0,False,False,False,False,False,False
1782461884.869,0,0,0,0,0,1.63,-2.25,0.0,0.0,0.0,0.0,0.0,0,90,0,0.0,0,False,False,False,False,False,False
1782461884.892,0,0,0,0,0,1.63,-2.24,0.0,0.0,0.0,0.0,0.0,0,90,0,0.0,0,False,False,False,False,False,False
1782461884.915,0,0,0,0,0,1.64,-2.24,0.0,0.0,0.0,0.0,0.0,0,90,0,0.0,0,False,False,False,False,False,False
1782461884.938,0,0,0,0,0,1.64,-2.24,0.0,0.0,0.0,0.0,0.0,0,90,0,0.0,0,False,False,False,False,False,False
1782461884.963,0,0,0,0,0,1.63,-2.25,0.0,0.0,0.0,0.0,0.0,0,90,0,0.0,0,False,False,False,False,False,False
1782461884.986,0,0,0,0,0,1.63,-2.25,0.0,0.0,0.0,0.0,0.0,0,90,0,0.0,0,False,False,False,False,False,False
1782461885.009,0,0,0,0,0,1.62,-2.26,0.0,0.0,0.0,0.0,0.0,0,90,0,0.0,0,False,False,False,False,False,False
1782461885.035,0,0,0,0,0,1.61,-2.26,0.0,0.0,0.0,0.0,0.0,0,90,0,0.0,0,False,False,False,False,False,False
1782461885.057,0,0,0,0,0,1.62,-2.26,0.0,0.0,0.0,0.0,0.0,0,90,0,0.0,0,False,False,False,False,False,False
1782461885.081,0,0,0,0,0,1.62,-2.26,0.0,0.0,0.0,0.0,0.0,0,90,0,0.0,0,False,False,False,False,False,False
1782461885.104,0,0,0,0,0,1.64,-2.25,0.0,0.0,0.0,0.0,0.0,0,90,0,0.0,0,False,False,False,False,False,False
1782461885.129,0,0,0,0,0,1.65,-2.24,0.0,0.0,0.0,0.0,0.0,0,90,0,0.0,0,False,False,False,False,False,False
1782461885.152,0,0,0,0,0,1.66,-2.24,0.0,0.0,0.0,0.0,0.0,0,90,0,0.0,0,False,False,False,False,False,False
1782461885.176,0,0,0,0,0,1.66,-2.24,0.0,0.0,0.0,0.0,0.0,0,90,0,0.0,0,False,False,False,False,False,False
1782461885.203,0,0,0,0,0,1.65,-2.24,0.0,0.0,0.0,0.0,0.0,0,90,0,0.0,0,False,False,False,False,False,False
1782461885.222,0,0,0,0,0,1.64,-2.25,0.0,0.0,0.0,0.0,0.0,0,90,0,0.0,0,False,False,False,False,False,False
1782461885.246,0,0,0,0,0,1.64,-2.25,0.0,0.0,0.0,0.0,0.0,0,90,0,0.0,0,False,False,False,False,False,False
1782461885.269,0,0,0,0,0,1.64,-2.25,0.0,0.0,0.0,0.0,0.0,0,90,0,0.0,0,False,False,False,False,False,False
1782461885.293,0,0,0,0,0,1.63,-2.26,0.0,0.0,0.0,0.0,0.0,0,90,0,0.0,0,False,False,False,False,False,False
1782461885.318,0,0,0,0,0,1.63,-2.26,0.0,0.0,0.0,0.0,0.0,0,90,0,0.0,0,False,False,False,False,False,False
1782461885.341,0,0,0,0,0,1.62,-2.27,0.0,0.0,0.0,0.0,0.0,0,90,0,0.0,0,False,False,False,False,False,False
1782461885.364,0,0,0,0,0,1.62,-2.28,0.0,0.0,0.0,0.0,0.0,0,90,0,0.0,0,False,False,False,False,False,False
1782461885.387,0,0,0,0,0,1.61,-2.28,0.0,0.0,0.0,0.0,0.0,0,90,0,0.0,0,False,False,False,False,False,False
1782461885.412,0,0,0,0,0,1.61,-2.29,0.0,0.0,0.0,0.0,0.0,0,90,0,0.0,0,False,False,False,False,False,False
1782461885.436,0,0,0,0,0,1.61,-2.28,0.0,0.0,0.0,0.0,0.0,0,90,0,0.0,0,False,False,False,False,False,False
1782461885.459,0,0,0,0,0,1.62,-2.28,0.0,0.0,0.0,0.0,0.0,0,90,0,0.0,0,False,False,False,False,False,False
1782461885.481,0,0,0,0,0,1.63,-2.27,0.0,0.0,0.0,0.0,0.0,0,90,0,0.0,0,False,False,False,False,False,False
1782461885.505,0,0,0,0,0,1.64,-2.27,0.0,0.0,0.0,0.0,0.0,0,90,0,0.0,0,False,False,False,False,False,False
1782461885.529,0,0,0,0,0,1.64,-2.26,0.0,0.0,0.0,0.0,0.0,0,90,0,0.0,0,False,False,False,False,False,False
1782461885.553,0,0,0,0,0,1.65,-2.26,0.0,0.0,0.0,0.0,0.0,0,90,0,0.0,0,False,False,False,False,False,False
1782461885.576,0,0,0,0,0,1.66,-2.25,0.0,0.0,0.0,0.0,0.0,0,90,0,0.0,0,False,False,False,False,False,False
1782461885.6,0,0,0,0,0,1.67,-2.24,0.0,0.0,0.0,0.0,0.0,0,90,0,0.0,0,False,False,False,False,False,False
1782461885.623,0,0,0,0,0,1.67,-2.24,0.0,0.0,0.0,0.0,0.0,0,90,0,0.0,0,False,False,False,False,False,False
1782461885.647,0,0,0,0,0,1.67,-2.25,0.0,0.0,0.0,0.0,0.0,0,90,0,0.0,0,False,False,False,False,False,False
1782461885.672,0,0,0,0,0,1.66,-2.26,0.0,0.0,0.0,0.0,0.0,0,90,0,0.0,0,False,False,False,False,False,False
1782461885.696,0,0,0,0,0,1.65,-2.27,0.0,0.0,0.0,0.0,0.0,0,90,0,0.0,0,False,False,False,False,False,False
1782461885.72,0,0,0,0,0,1.64,-2.27,0.0,0.0,0.0,0.0,0.0,0,90,0,0.0,0,False,False,False,False,False,False
1782461885.744,0,0,0,0,0,1.63,-2.28,0.0,0.0,0.0,0.0,0.0,0,90,0,0.0,0,False,False,False,False,False,False
1782461885.765,0,0,0,0,0,1.63,-2.29,0.0,0.0,0.0,0.0,0.0,0,90,0,0.0,0,False,False,False,False,False,False
1782461885.79,0,0,0,0,0,1.63,-2.3,0.0,0.0,0.0,0.0,0.0,0,90,0,0.0,0,False,False,False,False,False,False
1782461885.813,0,0,0,0,0,1.63,-2.3,0.0,0.0,0.0,0.0,0.0,0,90,0,0.0,0,False,False,False,False,False,False
1782461885.837,0,0,0,0,0,1.63,-2.3,0.0,0.0,0.0,0.0,0.0,0,90,0,0.0,0,False,False,False,False,False,False
1782461885.855,0,0,0,0,0,1.63,-2.3,0.0,0.0,0.0,0.0,0.0,0,90,0,0.0,0,False,False,False,False,False,False
1782461885.88,0,0,0,0,0,1.64,-2.3,0.0,0.0,0.0,0.0,0.0,0,90,0,0.0,0,False,False,False,False,False,False
1782461885.902,0,0,0,0,0,1.64,-2.29,0.0,0.0,0.0,0.0,0.0,0,90,0,0.0,0,False,False,False,False,False,False
1782461885.926,0,0,0,0,0,1.65,-2.28,0.0,0.0,0.0,0.0,0.0,0,90,0,0.0,0,False,False,False,False,False,False
1782461885.951,0,0,0,0,0,1.66,-2.28,0.0,0.0,0.0,0.0,0.0,0,90,0,0.0,0,False,False,False,False,False,False
1782461885.973,0,0,0,0,0,1.66,-2.27,0.0,0.0,0.0,0.0,0.0,0,90,0,0.0,0,False,False,False,False,False,False
1782461885.998,0,0,0,0,0,1.67,-2.27,0.0,0.0,0.0,0.0,0.0,0,90,0,0.0,0,False,False,False,False,False,False
1782461886.021,0,0,0,0,0,1.68,-2.27,0.0,0.0,0.0,0.0,0.0,0,90,0,0.0,0,False,False,False,False,False,False
1782461886.045,0,0,0,0,0,1.68,-2.27,0.0,0.0,0.0,0.0,0.0,0,90,0,0.0,0,False,False,False,False,False,False
1782461886.068,0,0,0,0,0,1.68,-2.27,0.0,0.0,0.0,0.0,0.0,0,90,0,0.0,0,False,False,False,False,False,False
1782461886.092,0,0,0,0,0,1.67,-2.28,0.0,0.0,0.0,0.0,0.0,0,90,0,0.0,0,False,False,False,False,False,False
1782461886.115,0,0,0,0,0,1.66,-2.29,0.0,0.0,0.0,0.0,0.0,0,90,0,0.0,0,False,False,False,False,False,False
1782461886.139,0,0,0,0,0,1.66,-2.29,0.0,0.0,0.0,0.0,0.0,0,90,0,0.0,0,False,False,False,False,False,False
1782461886.163,0,0,0,0,0,1.66,-2.28,0.0,0.0,0.0,0.0,0.0,0,90,0,0.0,0,False,False,False,False,False,False
1782461886.186,0,0,0,0,0,1.67,-2.27,0.0,0.0,0.0,0.0,0.0,0,90,0,0.0,0,False,False,False,False,False,False
1782461886.211,0,0,0,0,0,1.69,-2.26,0.0,0.0,0.0,0.0,0.0,0,90,0,0.0,0,False,False,False,False,False,False
1782461886.234,0,0,0,0,0,1.69,-2.26,0.0,0.0,0.0,0.0,0.0,0,90,0,0.0,0,False,False,False,False,False,False
1782461886.257,0,0,0,0,0,1.7,-2.26,0.0,0.0,0.0,0.0,0.0,0,90,0,0.0,0,False,False,False,False,False,False
1782461886.281,0,0,0,0,0,1.69,-2.26,0.0,0.0,0.0,0.0,0.0,0,90,0,0.0,0,False,False,False,False,False,False
1782461886.305,0,0,0,0,0,1.7,-2.26,0.0,0.0,0.0,0.0,0.0,0,90,0,0.0,0,False,False,False,False,False,False
1782461886.328,0,0,0,0,0,1.7,-2.26,0.0,0.0,0.0,0.0,0.0,0,90,0,0.0,0,False,False,False,False,False,False
1782461886.352,0,0,0,0,0,1.7,-2.26,0.0,0.0,0.0,0.0,0.0,0,90,0,0.0,0,False,False,False,False,False,False
1782461886.375,0,0,0,0,0,1.71,-2.25,0.0,0.0,0.0,0.0,0.0,0,90,0,0.0,0,False,False,False,False,False,False
1782461886.398,0,0,0,0,0,1.71,-2.26,0.0,0.0,0.0,0.0,0.0,0,90,0,0.0,0,False,False,False,False,False,False
1782461886.424,0,0,0,0,0,1.71,-2.26,0.0,0.0,0.0,0.0,0.0,0,90,0,0.0,0,False,False,False,False,False,False
1782461886.446,0,0,0,0,0,1.71,-2.26,0.0,0.0,0.0,0.0,0.0,0,90,0,0.0,0,False,False,False,False,False,False
1782461886.47,0,0,0,0,0,1.71,-2.26,0.0,0.0,0.0,0.0,0.0,0,90,0,0.0,0,False,False,False,False,False,False
1782461886.494,0,0,0,0,0,1.71,-2.26,0.0,0.0,0.0,0.0,0.0,0,90,0,0.0,0,False,False,False,False,False,False
1782461886.518,0,0,0,0,0,1.7,-2.27,0.0,0.0,0.0,0.0,0.0,0,90,0,0.0,0,False,False,False,False,False,False
1782461886.541,0,0,0,0,0,1.7,-2.28,0.0,0.0,0.0,0.0,0.0,0,90,0,0.0,0,False,False,False,False,False,False
1782461886.564,0,0,0,0,0,1.69,-2.29,0.0,0.0,0.0,0.0,0.0,0,90,0,0.0,0,False,False,False,False,False,False
1782461886.589,0,0,0,0,0,1.69,-2.29,0.0,0.0,0.0,0.0,0.0,0,90,0,0.0,0,False,False,False,False,False,False
1782461886.612,0,0,0,0,0,1.69,-2.29,0.0,0.0,0.0,0.0,0.0,0,90,0,0.0,0,False,False,False,False,False,False
1782461886.637,0,0,0,0,0,1.7,-2.28,0.0,0.0,0.0,0.0,0.0,0,90,0,0.0,0,False,False,False,False,False,False
1782461886.657,0,0,0,0,0,1.72,-2.27,0.0,0.0,0.0,0.0,0.0,0,90,0,0.0,0,False,False,False,False,False,False
1782461886.682,0,0,0,0,0,1.72,-2.28,0.0,0.0,0.0,0.0,0.0,0,90,0,0.0,0,False,False,False,False,False,False
1782461886.705,0,0,0,0,0,1.72,-2.28,0.0,0.0,0.0,0.0,0.0,0,90,0,0.0,0,False,False,False,False,False,False
1782461886.729,0,0,0,0,0,1.71,-2.29,0.0,0.0,0.0,0.0,0.0,0,90,0,0.0,0,False,False,False,False,False,False
1782461886.753,0,0,0,0,0,1.71,-2.29,0.0,0.0,0.0,0.0,0.0,0,90,0,0.0,0,False,False,False,False,False,False
1782461886.777,0,0,0,0,0,1.72,-2.29,0.0,0.0,0.0,0.0,0.0,0,90,0,0.0,0,False,False,False,False,False,False
1782461886.8,0,0,0,0,0,1.72,-2.29,0.0,0.0,0.0,0.0,0.0,0,90,0,0.0,0,False,False,False,False,False,False
1782461886.823,0,0,0,0,0,1.72,-2.28,0.0,0.0,0.0,0.0,0.0,0,90,0,0.0,0,False,False,False,False,False,False
1782461886.848,0,0,0,0,0,1.72,-2.28,0.0,0.0,0.0,0.0,0.0,0,90,0,0.0,0,False,False,False,False,False,False
1782461886.871,0,0,0,0,0,1.72,-2.28,0.0,0.0,0.0,0.0,0.0,0,90,0,0.0,0,False,False,False,False,False,False
1782461886.894,0,0,0,0,0,1.72,-2.28,0.0,0.0,0.0,0.0,0.0,0,90,0,0.0,0,False,False,False,False,False,False
1782461886.92,0,0,0,0,0,1.72,-2.29,0.0,0.0,0.0,0.0,0.0,0,90,0,0.0,0,False,False,False,False,False,False
1782461886.943,0,0,0,0,0,1.72,-2.29,0.0,0.0,0.0,0.0,0.0,0,90,0,0.0,0,False,False,False,False,False,False
1782461886.966,0,0,0,0,0,1.71,-2.29,0.0,0.0,0.0,0.0,0.0,0,90,0,0.0,0,False,False,False,False,False,False
1782461886.989,0,0,0,0,0,1.71,-2.3,0.0,0.0,0.0,0.0,0.0,0,90,0,0.0,0,False,False,False,False,False,False
1782461887.014,0,0,0,0,0,1.71,-2.31,0.0,0.0,0.0,0.0,0.0,0,90,0,0.0,0,False,False,False,False,False,False
1782461887.037,0,0,0,0,0,1.7,-2.32,0.0,0.0,0.0,0.0,0.0,0,90,0,0.0,0,False,False,False,False,False,False
1782461887.061,0,0,0,0,0,1.7,-2.32,0.0,0.0,0.0,0.0,0.0,0,90,0,0.0,0,False,False,False,False,False,False
1782461887.085,0,0,0,0,0,1.7,-2.32,0.0,0.0,0.0,0.0,0.0,0,90,0,0.0,0,False,False,False,False,False,False
1782461887.108,0,0,0,0,0,1.71,-2.32,0.0,0.0,0.0,0.0,0.0,0,90,0,0.0,0,False,False,False,False,False,False
1782461887.132,0,0,0,0,0,1.71,-2.32,0.0,0.0,0.0,0.0,0.0,0,90,0,0.0,0,False,False,False,False,False,False
1782461887.155,0,0,0,0,0,1.71,-2.33,0.0,0.0,0.0,0.0,0.0,0,90,0,0.0,0,False,False,False,False,False,False
1782461887.178,0,0,0,0,0,1.71,-2.33,0.0,0.0,0.0,0.0,0.0,0,90,0,0.0,0,False,False,False,False,False,False
1782461887.202,0,0,0,0,0,1.71,-2.33,0.0,0.0,0.0,0.0,0.0,0,90,0,0.0,0,False,False,False,False,False,False
1782461887.227,0,0,0,0,0,1.71,-2.34,0.0,0.0,0.0,0.0,0.0,0,90,0,0.0,0,False,False,False,False,False,False
1782461887.25,0,0,0,0,0,1.7,-2.34,0.0,0.0,0.0,0.0,0.0,0,90,0,0.0,0,False,False,False,False,False,False
1782461887.273,0,0,0,0,0,1.69,-2.35,0.0,0.0,0.0,0.0,0.0,0,90,0,0.0,0,False,False,False,False,False,False
1782461887.299,0,0,0,0,0,1.68,-2.36,0.0,0.0,0.0,0.0,0.0,0,90,0,0.0,0,False,False,False,False,False,False
1782461887.322,0,0,0,0,0,1.68,-2.37,0.0,0.0,0.0,0.0,0.0,0,90,0,0.0,0,False,False,False,False,False,False
1782461887.346,0,0,0,0,0,1.68,-2.37,0.0,0.0,0.0,0.0,0.0,0,90,0,0.0,0,False,False,False,False,False,False
1782461887.37,0,0,0,0,0,1.69,-2.36,0.0,0.0,0.0,0.0,0.0,0,90,0,0.0,0,False,False,False,False,False,False
1782461887.391,0,0,0,0,0,1.7,-2.35,0.0,0.0,0.0,0.0,0.0,0,90,0,0.0,0,False,False,False,False,False,False
1782461887.417,0,0,0,0,0,1.7,-2.34,0.0,0.0,0.0,0.0,0.0,0,90,0,0.0,0,False,False,False,False,False,False
1782461887.439,0,0,0,0,0,1.71,-2.34,0.0,0.0,0.0,0.0,0.0,0,90,0,0.0,0,False,False,False,False,False,False
1782461887.463,0,0,0,0,0,1.71,-2.34,0.0,0.0,0.0,0.0,0.0,0,90,0,0.0,0,False,False,False,False,False,False
1782461887.486,0,0,0,0,0,1.71,-2.34,0.0,0.0,0.0,0.0,0.0,0,90,0,0.0,0,False,False,False,False,False,False
1782461887.511,0,0,0,0,0,1.71,-2.34,0.0,0.0,0.0,0.0,0.0,0,90,0,0.0,0,False,False,False,False,False,False
1782461887.536,0,0,0,0,0,1.71,-2.34,0.0,0.0,0.0,0.0,0.0,0,90,0,0.0,0,False,False,False,False,False,False
1782461887.557,0,0,0,0,0,1.71,-2.34,0.0,0.0,0.0,0.0,0.0,0,90,0,0.0,0,False,False,False,False,False,False
1782461887.581,0,0,0,0,0,1.72,-2.34,0.0,0.0,0.0,0.0,0.0,0,90,0,0.0,0,False,False,False,False,False,False
1782461887.605,0,0,0,0,0,1.72,-2.34,0.0,0.0,0.0,0.0,0.0,0,90,0,0.0,0,False,False,False,False,False,False
1782461887.629,0,0,0,0,0,1.73,-2.33,0.0,0.0,0.0,0.0,0.0,0,90,0,0.0,0,False,False,False,False,False,False
1782461887.652,0,0,0,0,0,1.73,-2.33,0.0,0.0,0.0,0.0,0.0,0,90,0,0.0,0,False,False,False,False,False,False
1782461887.676,0,0,0,0,0,1.74,-2.33,0.0,0.0,0.0,0.0,0.0,0,90,0,0.0,0,False,False,False,False,False,False
1782461887.7,0,0,0,0,0,1.74,-2.33,0.0,0.0,0.0,0.0,0.0,0,90,0,0.0,0,False,False,False,False,False,False
1782461887.723,0,0,0,0,0,1.74,-2.33,0.0,0.0,0.0,0.0,0.0,0,90,0,0.0,0,False,False,False,False,False,False
1782461887.747,0,0,0,0,0,1.74,-2.33,0.0,0.0,0.0,0.0,0.0,0,90,0,0.0,0,False,False,False,False,False,False
1782461887.772,0,0,0,0,0,1.74,-2.33,0.0,0.0,0.0,0.0,0.0,0,90,0,0.0,0,False,False,False,False,False,False
1782461887.795,0,0,0,0,0,1.75,-2.33,0.0,0.0,0.0,0.0,0.0,0,90,0,0.0,0,False,False,False,False,False,False
1782461887.817,0,0,0,0,0,1.75,-2.34,0.0,0.0,0.0,0.0,0.0,0,90,0,0.0,0,False,False,False,False,False,False
1782461887.842,0,0,0,0,0,1.74,-2.35,0.0,0.0,0.0,0.0,0.0,0,90,0,0.0,0,False,False,False,False,False,False
1782461887.865,0,0,0,0,0,1.73,-2.36,0.0,0.0,0.0,0.0,0.0,0,90,0,0.0,0,False,False,False,False,False,False
1782461887.889,0,0,0,0,0,1.72,-2.37,0.0,0.0,0.0,0.0,0.0,0,90,0,0.0,0,False,False,False,False,False,False
1782461887.913,0,0,0,0,0,1.73,-2.38,0.0,0.0,0.0,0.0,0.0,0,90,0,0.0,0,False,False,False,False,False,False
1782461887.937,0,0,0,0,0,1.73,-2.38,0.0,0.0,0.0,0.0,0.0,0,90,0,0.0,0,False,False,False,False,False,False
1782461887.96,0,0,0,0,0,1.74,-2.38,0.0,0.0,0.0,0.0,0.0,0,90,0,0.0,0,False,False,False,False,False,False
1782461887.984,0,0,0,0,0,1.74,-2.37,0.0,0.0,0.0,0.0,0.0,0,90,0,0.0,0,False,False,False,False,False,False
1782461888.009,0,0,0,0,0,1.75,-2.36,0.0,0.0,0.0,0.0,0.0,0,90,0,0.0,0,False,False,False,False,False,False
1782461888.03,0,0,0,0,0,1.76,-2.36,0.0,0.0,0.0,0.0,0.0,0,90,0,0.0,0,False,False,False,False,False,False
1782461888.055,0,0,0,0,0,1.76,-2.36,0.0,0.0,0.0,0.0,0.0,0,90,0,0.0,0,False,False,False,False,False,False
1782461888.078,0,0,0,0,0,1.76,-2.36,0.0,0.0,0.0,0.0,0.0,0,90,0,0.0,0,False,False,False,False,False,False
1782461888.102,0,0,0,0,0,1.76,-2.37,0.0,0.0,0.0,0.0,0.0,0,90,0,0.0,0,False,False,False,False,False,False
1782461888.125,0,0,0,0,0,1.76,-2.37,0.0,0.0,0.0,0.0,0.0,0,90,0,0.0,0,False,False,False,False,False,False
1782461888.15,0,0,0,0,0,1.75,-2.38,0.0,0.0,0.0,0.0,0.0,0,90,0,0.0,0,False,False,False,False,False,False
1782461888.169,0,0,0,0,0,1.75,-2.38,0.0,0.0,0.0,0.0,0.0,0,90,0,0.0,0,False,False,False,False,False,False
1782461888.192,0,0,0,0,0,1.75,-2.39,0.0,0.0,0.0,0.0,0.0,0,90,0,0.0,0,False,False,False,False,False,False
1782461888.216,0,0,0,0,0,1.75,-2.39,0.0,0.0,0.0,0.0,0.0,0,90,0,0.0,0,False,False,False,False,False,False
1782461888.24,0,0,0,0,0,1.75,-2.4,0.0,0.0,0.0,0.0,0.0,0,90,0,0.0,0,False,False,False,False,False,False
1782461888.263,0,0,0,0,0,1.75,-2.39,0.0,0.0,0.0,0.0,0.0,0,90,0,0.0,0,False,False,False,False,False,False
1782461888.287,0,0,0,0,0,1.76,-2.39,0.0,0.0,0.0,0.0,0.0,0,90,0,0.0,0,False,False,False,False,False,False
1782461888.311,0,0,0,0,0,1.76,-2.39,0.0,0.0,0.0,0.0,0.0,0,90,0,0.0,0,False,False,False,False,False,False
1782461888.334,0,0,0,0,0,1.76,-2.39,0.0,0.0,0.0,0.0,0.0,0,90,0,0.0,0,False,False,False,False,False,False
1782461888.358,0,0,0,0,0,1.76,-2.39,0.0,0.0,0.0,0.0,0.0,0,90,0,0.0,0,False,False,False,False,False,False
1782461888.381,0,0,0,0,0,1.76,-2.39,0.0,0.0,0.0,0.0,0.0,0,90,0,0.0,0,False,False,False,False,False,False
1782461888.407,0,0,0,0,0,1.76,-2.39,0.0,0.0,0.0,0.0,0.0,0,90,0,0.0,0,False,False,False,False,False,False
1782461888.429,0,0,0,0,0,1.76,-2.39,0.0,0.0,0.0,0.0,0.0,0,90,0,0.0,0,False,False,False,False,False,False
1782461888.452,0,0,0,0,0,1.77,-2.39,0.0,0.0,0.0,0.0,0.0,0,90,0,0.0,0,False,False,False,False,False,False
1782461888.476,0,0,0,0,0,1.77,-2.39,0.0,0.0,0.0,0.0,0.0,0,90,0,0.0,0,False,False,False,False,False,False
1782461888.501,0,0,0,0,0,1.77,-2.4,0.0,0.0,0.0,0.0,0.0,0,90,0,0.0,0,False,False,False,False,False,False
1782461888.524,0,0,0,0,0,1.77,-2.4,0.0,0.0,0.0,0.0,0.0,0,90,0,0.0,0,False,False,False,False,False,False
1782461888.548,0,0,0,0,0,1.77,-2.41,0.0,0.0,0.0,0.0,0.0,0,90,0,0.0,0,False,False,False,False,False,False
1782461888.571,0,0,0,0,0,1.77,-2.41,0.0,0.0,0.0,0.0,0.0,0,90,0,0.0,0,False,False,False,False,False,False
1782461888.595,0,0,0,0,0,1.78,-2.41,0.0,0.0,0.0,0.0,0.0,0,90,0,0.0,0,False,False,False,False,False,False
1782461888.618,0,0,0,0,0,1.78,-2.41,0.0,0.0,0.0,0.0,0.0,0,90,0,0.0,0,False,False,False,False,False,False
1782461888.642,0,0,0,0,0,1.78,-2.4,0.0,0.0,0.0,0.0,0.0,0,90,0,0.0,0,False,False,False,False,False,False
1782461888.666,0,0,0,0,0,1.78,-2.4,0.0,0.0,0.0,0.0,0.0,0,90,0,0.0,0,False,False,False,False,False,False
1782461888.69,0,0,0,0,0,1.78,-2.4,0.0,0.0,0.0,0.0,0.0,0,90,0,0.0,0,False,False,False,False,False,False
1782461888.714,0,0,0,0,0,1.79,-2.4,0.0,0.0,0.0,0.0,0.0,0,90,0,0.0,0,False,False,False,False,False,False
1782461888.738,0,0,0,0,0,1.8,-2.4,0.0,0.0,0.0,0.0,0.0,0,90,0,0.0,0,False,False,False,False,False,False
1782461888.76,0,0,0,0,0,1.8,-2.4,0.0,0.0,0.0,0.0,0.0,0,90,0,0.0,0,False,False,False,False,False,False
1782461888.784,0,0,0,0,0,1.8,-2.41,0.0,0.0,0.0,0.0,0.0,0,90,0,0.0,0,False,False,False,False,False,False
1782461888.808,0,0,0,0,0,1.79,-2.42,0.0,0.0,0.0,0.0,0.0,0,90,0,0.0,0,False,False,False,False,False,False
1782461888.831,0,0,0,0,0,1.78,-2.42,0.0,0.0,0.0,0.0,0.0,0,90,0,0.0,0,False,False,False,False,False,False
1782461888.856,0,0,0,0,0,1.78,-2.43,0.0,0.0,0.0,0.0,0.0,0,90,0,0.0,0,False,False,False,False,False,False
1782461888.878,0,0,0,0,0,1.78,-2.43,0.0,0.0,0.0,0.0,0.0,0,90,0,0.0,0,False,False,False,False,False,False
1782461888.904,0,0,0,0,0,1.78,-2.43,0.0,0.0,0.0,0.0,0.0,0,90,0,0.0,0,False,False,False,False,False,False
1782461888.925,0,0,0,0,0,1.78,-2.43,0.0,0.0,0.0,0.0,0.0,0,90,0,0.0,0,False,False,False,False,False,False
1782461888.95,0,0,0,0,0,1.79,-2.43,0.0,0.0,0.0,0.0,0.0,0,90,0,0.0,0,False,False,False,False,False,False
1782461888.973,0,0,0,0,0,1.79,-2.42,0.0,0.0,0.0,0.0,0.0,0,90,0,0.0,0,False,False,False,False,False,False
1782461888.997,0,0,0,0,0,1.8,-2.42,0.0,0.0,0.0,0.0,0.0,0,90,0,0.0,0,False,False,False,False,False,False
1782461889.022,0,0,0,0,0,1.8,-2.43,0.0,0.0,0.0,0.0,0.0,0,90,0,0.0,0,False,False,False,False,False,False
1782461889.044,0,0,0,0,0,1.8,-2.43,0.0,0.0,0.0,0.0,0.0,0,90,0,0.0,0,False,False,False,False,False,False
1782461889.068,0,0,0,0,0,1.8,-2.43,0.0,0.0,0.0,0.0,0.0,0,90,0,0.0,0,False,False,False,False,False,False
1782461889.091,0,0,0,0,0,1.8,-2.43,0.0,0.0,0.0,0.0,0.0,0,90,0,0.0,0,False,False,False,False,False,False
1782461889.116,0,0,0,0,0,1.8,-2.43,0.0,0.0,0.0,0.0,0.0,0,90,0,0.0,0,False,False,False,False,False,False
1782461889.139,0,0,0,0,0,1.8,-2.43,0.0,0.0,0.0,0.0,0.0,0,90,0,0.0,0,False,False,False,False,False,False
1782461889.162,0,0,0,0,0,1.8,-2.43,0.0,0.0,0.0,0.0,0.0,0,90,0,0.0,0,False,False,False,False,False,False
1782461889.186,0,0,0,0,0,1.8,-2.43,0.0,0.0,0.0,0.0,0.0,0,90,0,0.0,0,False,False,False,False,False,False
1782461889.209,0,0,0,0,0,1.81,-2.43,0.0,0.0,0.0,0.0,0.0,0,90,0,0.0,0,False,False,False,False,False,False
1782461889.234,0,0,0,0,0,1.81,-2.44,0.0,0.0,0.0,0.0,0.0,0,90,0,0.0,0,False,False,False,False,False,False
1782461889.257,0,0,0,0,0,1.81,-2.44,0.0,0.0,0.0,0.0,0.0,0,90,0,0.0,0,False,False,False,False,False,False
1782461889.274,0,0,0,0,0,1.81,-2.44,0.0,0.0,0.0,0.0,0.0,0,90,0,0.0,0,False,False,False,False,False,False
1782461889.299,0,0,0,0,0,1.8,-2.45,0.0,0.0,0.0,0.0,0.0,0,90,0,0.0,0,False,False,False,False,False,False
1782461889.323,0,0,0,0,0,1.8,-2.45,0.0,0.0,0.0,0.0,0.0,0,90,0,0.0,0,False,False,False,False,False,False
1782461889.346,0,0,0,0,0,1.81,-2.45,0.0,0.0,0.0,0.0,0.0,0,90,0,0.0,0,False,False,False,False,False,False
1782461889.37,0,0,0,0,0,1.81,-2.45,0.0,0.0,0.0,0.0,0.0,0,90,0,0.0,0,False,False,False,False,False,False
1782461889.393,0,0,0,0,0,1.82,-2.45,0.0,0.0,0.0,0.0,0.0,0,90,0,0.0,0,False,False,False,False,False,False
1782461889.418,0,0,0,0,0,1.82,-2.44,0.0,0.0,0.0,0.0,0.0,0,90,0,0.0,0,False,False,False,False,False,False
1782461889.441,0,0,0,0,0,1.83,-2.44,0.0,0.0,0.0,0.0,0.0,0,90,0,0.0,0,False,False,False,False,False,False
1782461889.466,0,0,0,0,0,1.83,-2.44,0.0,0.0,0.0,0.0,0.0,0,90,0,0.0,0,False,False,False,False,False,False
1782461889.488,0,0,0,0,0,1.83,-2.44,0.0,0.0,0.0,0.0,0.0,0,90,0,0.0,0,False,False,False,False,False,False
1782461889.512,0,0,0,0,0,1.83,-2.45,0.0,0.0,0.0,0.0,0.0,0,90,0,0.0,0,False,False,False,False,False,False
1782461889.535,0,0,0,0,0,1.83,-2.45,0.0,0.0,0.0,0.0,0.0,0,90,0,0.0,0,False,False,False,False,False,False
1782461889.559,0,0,0,0,0,1.83,-2.45,0.0,0.0,0.0,0.0,0.0,0,90,0,0.0,0,False,False,False,False,False,False
1782461889.583,0,0,0,0,0,1.83,-2.45,0.0,0.0,0.0,0.0,0.0,0,90,0,0.0,0,False,False,False,False,False,False
1782461889.606,0,0,0,0,0,1.84,-2.44,0.0,0.0,0.0,0.0,0.0,0,90,0,0.0,0,False,False,False,False,False,False
1782461889.632,0,0,0,0,0,1.84,-2.44,0.0,0.0,0.0,0.0,0.0,0,90,0,0.0,0,False,False,False,False,False,False
1782461889.654,0,0,0,0,0,1.85,-2.45,0.0,0.0,0.0,0.0,0.0,0,90,0,0.0,0,False,False,False,False,False,False
1782461889.677,0,0,0,0,0,1.85,-2.45,0.0,0.0,0.0,0.0,0.0,0,90,0,0.0,0,False,False,False,False,False,False
1782461889.702,0,0,0,0,0,1.85,-2.46,0.0,0.0,0.0,0.0,0.0,0,90,0,0.0,0,False,False,False,False,False,False
1782461889.739,0,0,0,0,0,1.84,-2.46,0.0,0.0,0.0,0.0,0.0,0,90,0,0.0,0,False,False,False,False,False,False
1782461889.748,0,0,0,0,0,1.84,-2.46,0.0,0.0,0.0,0.0,0.0,0,90,0,0.0,0,False,False,False,False,False,False
1782461889.787,0,0,0,0,0,1.84,-2.46,0.0,0.0,0.0,0.0,0.0,0,90,0,0.0,0,False,False,False,False,False,False
1782461889.799,0,0,0,0,0,1.85,-2.46,0.0,0.0,0.0,0.0,0.0,0,90,0,0.0,0,False,False,False,False,False,False
1782461889.82,0,0,0,0,0,1.86,-2.45,0.0,0.0,0.0,0.0,0.0,0,90,0,0.0,0,False,False,False,False,False,False
1782461889.845,0,0,0,0,0,1.87,-2.45,0.0,0.0,0.0,0.0,0.0,0,90,0,0.0,0,False,False,False,False,False,False
1782461889.867,0,0,0,0,0,1.87,-2.46,0.0,0.0,0.0,0.0,0.0,0,90,0,0.0,0,False,False,False,False,False,False
1782461889.891,0,0,0,0,0,1.87,-2.47,0.0,0.0,0.0,0.0,0.0,0,90,0,0.0,0,False,False,False,False,False,False
1782461889.916,0,0,0,0,0,1.86,-2.48,0.0,0.0,0.0,0.0,0.0,0,90,0,0.0,0,False,False,False,False,False,False
1782461889.938,0,0,0,0,0,1.86,-2.48,0.0,0.0,0.0,0.0,0.0,0,90,0,0.0,0,False,False,False,False,False,False
1782461889.961,0,0,0,0,0,1.86,-2.48,0.0,0.0,0.0,0.0,0.0,0,90,0,0.0,0,False,False,False,False,False,False
1782461889.985,0,0,0,0,0,1.86,-2.48,0.0,0.0,0.0,0.0,0.0,0,90,0,0.0,0,False,False,False,False,False,False
1782461890.01,0,0,0,0,0,1.86,-2.48,0.0,0.0,0.0,0.0,0.0,0,90,0,0.0,0,False,False,False,False,False,False
1782461890.034,0,0,0,0,0,1.87,-2.49,0.0,0.0,0.0,0.0,0.0,0,90,0,0.0,0,False,False,False,False,False,False
1782461890.056,0,0,0,0,0,1.87,-2.49,0.0,0.0,0.0,0.0,0.0,0,90,0,0.0,0,False,False,False,False,False,False
1782461890.08,0,0,0,0,0,1.86,-2.5,0.0,0.0,0.0,0.0,0.0,0,90,0,0.0,0,False,False,False,False,False,False
1782461890.104,0,0,0,0,0,1.86,-2.5,0.0,0.0,0.0,0.0,0.0,0,90,0,0.0,0,False,False,False,False,False,False
1782461890.129,0,0,0,0,0,1.86,-2.5,0.0,0.0,0.0,0.0,0.0,0,90,0,0.0,0,False,False,False,False,False,False
1782461890.152,0,0,0,0,0,1.87,-2.5,0.0,0.0,0.0,0.0,0.0,0,90,0,0.0,0,False,False,False,False,False,False
1782461890.175,0,0,0,0,0,1.87,-2.5,0.0,0.0,0.0,0.0,0.0,0,90,0,0.0,0,False,False,False,False,False,False
1782461890.2,0,0,0,0,0,1.87,-2.5,0.0,0.0,0.0,0.0,0.0,0,90,0,0.0,0,False,False,False,False,False,False
1782461890.223,0,0,0,0,0,1.88,-2.49,0.0,0.0,0.0,0.0,0.0,0,90,0,0.0,0,False,False,False,False,False,False
1782461890.247,0,0,0,0,0,1.89,-2.49,0.0,0.0,0.0,0.0,0.0,0,90,0,0.0,0,False,False,False,False,False,False
1782461890.27,0,0,0,0,0,1.89,-2.49,0.0,0.0,0.0,0.0,0.0,0,90,0,0.0,0,False,False,False,False,False,False
1782461890.294,0,0,0,0,0,1.89,-2.5,0.0,0.0,0.0,0.0,0.0,0,90,0,0.0,0,False,False,False,False,False,False
1782461890.317,0,0,0,0,0,1.89,-2.51,0.0,0.0,0.0,0.0,0.0,0,90,0,0.0,0,False,False,False,False,False,False
1782461890.342,0,0,0,0,0,1.88,-2.52,0.0,0.0,0.0,0.0,0.0,0,90,0,0.0,0,False,False,False,False,False,False
1782461890.364,0,0,0,0,0,1.88,-2.53,0.0,0.0,0.0,0.0,0.0,0,90,0,0.0,0,False,False,False,False,False,False
1782461890.388,0,0,0,0,0,1.88,-2.53,0.0,0.0,0.0,0.0,0.0,0,90,0,0.0,0,False,False,False,False,False,False
1782461890.412,0,0,0,0,0,1.88,-2.53,0.0,0.0,0.0,0.0,0.0,0,90,0,0.0,0,False,False,False,False,False,False
1782461890.436,0,0,0,0,0,1.89,-2.52,0.0,0.0,0.0,0.0,0.0,0,90,0,0.0,0,False,False,False,False,False,False
1782461890.46,0,0,0,0,0,1.89,-2.6,0.0,0.0,0.0,0.0,0.0,0,90,0,0.0,0,False,False,False,False,False,False
1782461890.483,0,0,0,0,0,1.89,-2.95,0.0,0.0,0.0,0.0,0.0,0,90,0,0.0,0,False,False,False,False,False,False
1782461890.506,0,0,0,0,0,1.89,-3.33,0.0,0.0,0.0,0.0,0.0,0,90,0,0.0,0,False,False,False,False,False,False
1782461890.529,0,0,0,0,0,1.92,-3.25,0.0,0.0,0.0,0.0,0.0,0,90,0,0.0,0,False,False,False,False,False,False
1782461890.552,0,0,0,0,0,2.25,-4.04,0.0,0.0,0.0,0.0,0.0,0,90,0,0.0,0,False,False,False,False,False,False
1782461890.575,0,0,0,0,0,2.7,-6.98,0.0,0.0,0.0,0.0,0.0,0,90,0,0.0,0,False,False,False,False,False,False
1782461890.602,0,0,0,0,0,2.26,-10.51,0.0,0.0,0.0,0.0,0.0,0,90,0,0.0,0,False,False,False,False,False,False
1782461890.625,0,0,0,0,0,0.72,-12.93,0.0,0.0,0.0,0.0,0.0,0,90,0,0.01,0,False,False,False,False,False,False
1782461890.644,0,0,0,0,0,-0.9,-14.22,0.0,0.0,0.0,0.0,0.0,0,90,0,0.01,0,False,False,False,False,False,False
1782461890.666,0,0,0,0,0,-1.77,-14.92,0.0,0.0,0.0,0.0,0.0,0,90,0,0.01,0,False,False,False,False,False,False
1782461890.692,0,0,0,0,0,-1.7,-15.55,0.0,0.0,0.0,0.0,0.0,0,90,0,0.03,0,False,False,False,False,False,False
1782461890.717,0,0,0,0,0,-1.12,-16.26,0.0,0.0,0.0,0.0,0.0,0,90,0,0.07,0,False,False,False,False,False,False
1782461890.735,0,0,0,0,0,-0.68,-16.96,0.0,0.0,0.0,0.0,0.0,0,90,0,0.09,0,False,False,False,False,False,False
1782461890.758,0,0,0,0,0,-0.68,-17.56,0.0,0.0,0.0,0.0,0.0,0,90,0,0.1,0,False,False,False,False,False,False
1782461890.782,0,0,0,0,0,-0.91,-18.02,0.0,0.0,0.0,0.0,0.0,0,90,0,0.1,0,False,False,False,False,False,False
1782461890.805,0,0,0,0,0,-1.1,-18.3,0.0,0.0,0.0,0.0,0.0,0,90,0,0.12,0,False,False,False,False,False,False
1782461890.829,0,0,0,0,0,-1.14,-18.41,0.0,0.0,0.0,0.0,0.0,0,90,0,0.14,0,False,False,False,False,False,False
1782461890.853,0,0,0,0,0,-1.09,-18.42,0.0,0.0,0.0,0.0,0.0,0,90,0,0.16,0,False,False,False,False,False,False
1782461890.877,0,0,0,0,0,-1.01,-18.41,0.0,0.0,0.0,0.0,0.0,0,90,0,0.17,0,False,False,False,False,False,False
1782461890.895,0,0,0,0,0,-0.94,-18.41,0.0,0.0,0.0,0.0,0.0,0,90,0,0.17,0,False,False,False,False,False,False
1782461890.919,0,0,0,0,0,-0.9,-18.4,0.0,0.0,0.0,0.0,0.0,0,90,0,0.17,0,False,False,False,False,False,False
1782461890.943,0,0,0,0,0,-0.94,-18.39,0.0,0.0,0.0,0.0,0.0,0,90,0,0.18,0,False,False,False,False,False,False
1782461890.967,0,0,0,0,0,-1.0,-18.4,0.0,0.0,0.0,0.0,0.0,0,90,0,0.18,0,False,False,False,False,False,False
1782461890.986,0,0,0,0,0,-1.03,-18.4,0.0,0.0,0.0,0.0,0.0,0,90,0,0.18,0,False,False,False,False,False,False
1782461891.009,0,0,0,0,0,-1.33,-18.95,0.0,0.0,0.0,0.0,0.0,0,90,0,0.18,0,False,False,False,False,False,False
1782461891.032,0,0,0,0,0,-2.2,-20.51,0.0,0.0,0.0,0.0,0.0,0,90,0,0.19,0,False,False,False,False,False,False
1782461891.056,0,0,0,0,0,-3.29,-22.32,0.0,0.0,0.0,0.0,0.0,0,90,0,0.19,0,False,False,False,False,False,False
1782461891.079,0,0,0,0,0,-4.25,-23.7,0.0,0.0,0.0,0.0,0.0,0,90,0,0.2,0,False,False,False,False,False,False
1782461891.105,0,0,0,0,0,-5.14,-24.91,0.0,0.0,0.0,0.0,0.0,0,90,0,0.2,0,False,False,False,False,False,False
1782461891.127,0,0,0,0,0,-6.02,-26.22,0.0,0.0,0.0,0.0,0.0,0,90,0,0.2,0,False,False,False,False,False,False
1782461891.151,0,0,0,0,0,-6.71,-27.47,0.0,0.0,0.0,0.0,0.0,0,90,0,0.2,0,False,False,False,False,False,False
1782461891.176,0,0,0,0,0,-7.13,-28.39,0.0,0.0,0.0,0.0,0.0,0,90,0,0.21,0,False,False,False,False,False,False
1782461891.194,0,0,0,0,0,-7.35,-28.9,0.0,0.0,0.0,0.0,0.0,0,90,0,0.22,0,False,False,False,False,False,False
1782461891.217,0,0,0,0,0,-7.45,-29.1,0.0,0.0,0.0,0.0,0.0,0,90,0,0.23,0,False,False,False,False,False,False
1782461891.243,0,0,0,0,0,-7.47,-29.11,0.0,0.0,0.0,0.0,0.0,0,90,0,0.23,0,False,False,False,False,False,False
1782461891.266,0,0,0,0,0,-7.44,-29.05,0.0,0.0,0.0,0.0,0.0,0,90,0,0.23,0,False,False,False,False,False,False
1782461891.289,0,0,0,0,0,-7.39,-28.94,0.0,0.0,0.0,0.0,0.0,0,90,0,0.24,0,False,False,False,False,False,False
1782461891.313,0,0,0,0,0,-7.35,-28.8,0.0,0.0,0.0,0.0,0.0,0,90,0,0.24,0,False,False,False,False,False,False
1782461891.338,0,0,0,0,0,-7.32,-28.69,0.0,0.0,0.0,0.0,0.0,0,90,0,0.25,0,False,False,False,False,False,False
1782461891.361,0,0,0,0,0,-7.29,-28.6,0.0,0.0,0.0,0.0,0.0,0,90,0,0.25,0,False,False,False,False,False,False
1782461891.384,0,0,0,0,0,-7.27,-28.32,0.0,0.0,0.0,0.0,0.0,0,90,0,0.25,0,False,False,False,False,False,False
1782461891.409,0,0,0,0,0,-7.23,-27.94,0.0,0.0,0.0,0.0,0.0,0,90,0,0.25,0,False,False,False,False,False,False
1782461891.432,0,0,0,0,0,-7.18,-27.71,0.0,0.0,0.0,0.0,0.0,0,90,0,0.25,0,False,False,False,False,False,False
1782461891.458,0,0,0,0,0,-7.13,-27.66,0.0,0.0,0.0,0.0,0.0,0,90,0,0.26,0,False,False,False,False,False,False
1782461891.48,0,0,0,0,0,-7.06,-27.7,0.0,0.0,0.0,0.0,0.0,0,90,0,0.26,0,False,False,False,False,False,False
1782461891.503,0,0,0,0,0,-6.99,-27.75,0.0,0.0,0.0,0.0,0.0,0,90,0,0.26,0,False,False,False,False,False,False
1782461891.528,0,0,0,0,0,-6.92,-27.77,0.0,0.0,0.0,0.0,0.0,0,90,0,0.26,0,False,False,False,False,False,False
1782461891.547,0,0,0,0,0,-6.86,-27.77,0.0,0.0,0.0,0.0,0.0,0,90,0,0.26,0,False,False,False,False,False,False
1782461891.57,0,0,0,0,0,-6.8,-27.74,0.0,0.0,0.0,0.0,0.0,0,90,0,0.26,0,False,False,False,False,False,False
1782461891.593,0,0,0,0,0,-6.74,-27.71,0.0,0.0,0.0,0.0,0.0,0,90,0,0.26,0,False,False,False,False,False,False
1782461891.619,0,0,0,0,0,-6.69,-27.69,0.0,0.0,0.0,0.0,0.0,0,90,0,0.26,0,False,False,False,False,False,False
1782461891.643,0,0,0,0,0,-6.64,-27.62,0.0,0.0,0.0,0.0,0.0,0,90,0,0.26,0,False,False,False,False,False,False
1782461891.666,0,0,0,0,0,-6.58,-27.54,0.0,0.0,0.0,0.0,0.0,0,90,0,0.26,0,False,False,False,False,False,False
1782461891.69,0,0,0,0,0,-6.52,-27.5,0.0,0.0,0.0,0.0,0.0,0,90,0,0.26,0,False,False,False,False,False,False
1782461891.712,0,0,0,0,0,-6.46,-27.51,0.0,0.0,0.0,0.0,0.0,0,90,0,0.26,0,False,False,False,False,False,False
1782461891.738,0,0,0,0,0,-6.39,-27.51,0.0,0.0,0.0,0.0,0.0,0,90,0,0.26,0,False,False,False,False,False,False
1782461891.761,0,0,0,0,0,-6.33,-27.52,0.0,0.0,0.0,0.0,0.0,0,90,0,0.26,0,False,False,False,False,False,False
1782461891.784,0,0,0,0,0,-6.27,-27.52,0.0,0.0,0.0,0.0,0.0,0,90,0,0.26,0,False,False,False,False,False,False
1782461891.804,0,0,0,0,0,-6.21,-27.52,0.0,0.0,0.0,0.0,0.0,0,90,0,0.26,0,False,False,False,False,False,False
1782461891.827,0,0,0,0,0,-6.13,-27.53,0.0,0.0,0.0,0.0,0.0,0,90,0,0.26,0,False,False,False,False,False,False
1782461891.851,0,0,0,0,0,-6.1,-27.53,0.0,0.0,0.0,0.0,0.0,0,90,0,0.26,0,False,False,False,False,False,False
1782461891.874,0,0,0,0,0,-6.18,-27.8,0.0,0.0,0.0,0.0,0.0,0,90,0,0.26,0,False,False,False,False,False,False
1782461891.898,0,0,0,0,0,-6.3,-28.49,0.0,0.0,0.0,0.0,0.0,0,90,0,0.26,0,False,False,False,False,False,False
1782461891.922,0,0,0,0,0,-6.33,-29.08,0.0,0.0,0.0,0.0,0.0,0,90,0,0.26,0,False,False,False,False,False,False
1782461891.945,0,0,0,0,0,-6.28,-29.16,0.0,0.0,0.0,0.0,0.0,0,90,0,0.26,0,False,False,False,False,False,False
1782461891.972,0,0,0,0,0,-6.24,-28.85,0.0,0.0,0.0,0.0,0.0,0,90,0,0.26,0,False,False,False,False,False,False
1782461891.995,0,0,0,0,0,-6.22,-28.38,0.0,0.0,0.0,0.0,0.0,0,90,0,0.25,0,False,False,False,False,False,False
1782461892.018,0,0,0,0,0,-6.23,-27.96,0.0,0.0,0.0,0.0,0.0,0,90,0,0.25,0,False,False,False,False,False,False
1782461892.042,0,0,0,0,0,-6.24,-27.71,0.0,0.0,0.0,0.0,0.0,0,90,0,0.25,0,False,False,False,False,False,False
1782461892.066,0,0,0,0,0,-6.23,-27.62,0.0,0.0,0.0,0.0,0.0,0,90,0,0.25,0,False,False,False,False,False,False
1782461892.091,0,0,0,0,0,-6.17,-27.61,0.0,0.0,0.0,0.0,0.0,0,90,0,0.23,0,False,False,False,False,False,False
1782461892.113,0,0,0,0,0,-6.01,-27.62,0.0,0.0,0.0,0.0,0.0,0,90,0,0.2,0,False,False,False,False,False,False
1782461892.132,0,0,0,0,0,-5.84,-27.62,0.0,0.0,0.0,0.0,0.0,0,90,0,0.17,0,False,False,False,False,False,False
1782461892.158,0,0,0,0,0,-5.73,-27.63,0.0,0.0,0.0,0.0,0.0,0,90,0,0.17,0,False,False,False,False,False,False
1782461892.18,0,0,0,0,0,-5.65,-27.64,0.0,0.0,0.0,0.0,0.0,0,90,0,0.17,0,False,False,False,False,False,False
1782461892.204,0,0,0,0,0,-5.56,-27.64,0.0,0.0,0.0,0.0,0.0,0,90,0,0.16,0,False,False,False,False,False,False
1782461892.223,0,0,0,0,0,-5.46,-27.81,0.0,0.0,0.0,0.0,0.0,0,90,0,0.13,0,False,False,False,False,False,False
1782461892.247,0,0,0,0,0,-5.37,-28.26,0.0,0.0,0.0,0.0,0.0,0,90,0,0.11,0,False,False,False,False,False,False
1782461892.271,0,0,0,0,0,-5.26,-28.65,0.0,0.0,0.0,0.0,0.0,0,90,0,0.11,0,False,False,False,False,False,False
1782461892.295,0,0,0,0,0,-5.18,-28.67,0.0,0.0,0.0,0.0,0.0,0,90,0,0.11,0,False,False,False,False,False,False
1782461892.317,0,0,0,0,0,-5.2,-28.49,0.0,0.0,0.0,0.0,0.0,0,90,0,0.11,0,False,False,False,False,False,False
1782461892.342,0,0,0,0,0,-5.22,-28.43,0.0,0.0,0.0,0.0,0.0,0,90,0,0.1,0,False,False,False,False,False,False
1782461892.364,0,0,0,0,0,-5.08,-28.44,0.0,0.0,0.0,0.0,0.0,0,90,0,0.1,0,False,False,False,False,False,False
1782461892.387,0,0,0,0,0,-3.85,-26.7,0.0,0.0,0.0,0.0,0.0,0,90,0,0.1,0,False,False,False,False,False,False
1782461892.413,0,0,0,0,0,-0.9,-21.94,0.0,0.0,0.0,0.0,0.0,0,90,0,0.1,0,False,False,False,False,False,False
1782461892.435,0,0,0,0,0,2.17,-16.83,0.0,0.0,0.0,0.0,0.0,0,90,0,0.11,0,False,False,False,False,False,False
1782461892.461,0,0,0,0,0,3.92,-13.94,0.0,0.0,0.0,0.0,0.0,0,90,0,0.12,0,False,False,False,False,False,False
1782461892.483,0,0,0,0,0,4.67,-12.88,0.0,0.0,0.0,0.0,0.0,0,90,0,0.11,0,False,False,False,False,False,False
1782461892.508,0,0,0,0,0,5.06,-12.5,0.0,0.0,0.0,0.0,0.0,0,90,0,0.12,0,False,False,False,False,False,False
1782461892.531,0,0,0,0,0,5.49,-12.17,0.0,0.0,0.0,0.0,0.0,0,90,0,0.19,0,False,False,False,False,False,False
1782461892.556,0,0,0,0,0,5.98,-11.94,0.0,0.0,0.0,0.0,0.0,0,90,0,0.29,0,False,False,False,False,False,False
1782461892.58,0,0,0,0,0,6.29,-11.92,0.0,0.0,0.0,0.0,0.0,0,90,1,0.34,0,False,False,False,False,False,False
1782461892.602,0,0,0,0,0,6.15,-11.91,0.0,0.0,0.0,0.0,0.0,0,90,1,0.34,0,False,False,False,False,False,False
1782461892.627,0,0,0,0,0,5.62,-11.79,0.0,0.0,0.0,0.0,0.0,0,90,1,0.34,0,False,False,False,False,False,False
1782461892.652,0,0,0,0,0,5.1,-11.76,0.0,0.0,0.0,0.0,0.0,0,90,1,0.39,0,False,False,False,False,False,False
1782461892.673,0,0,0,0,0,4.89,-11.31,0.0,0.0,0.0,0.0,0.0,0,90,1,0.49,0,False,False,False,False,False,False
1782461892.697,0,0,0,0,0,5.0,-9.94,0.0,0.0,0.0,0.0,0.0,0,90,1,0.56,0,False,False,False,False,False,False
1782461892.72,0,0,0,0,0,5.2,-8.52,0.0,0.0,0.0,0.0,0.0,0,90,1,0.58,0,False,False,False,False,False,False
1782461892.744,0,0,0,0,0,5.36,-7.8,0.0,0.0,0.0,0.0,0.0,0,90,1,0.58,0,False,False,False,False,False,False
1782461892.768,0,0,0,0,0,5.44,-7.44,0.0,0.0,0.0,0.0,0.0,0,90,1,0.58,0,False,False,False,False,False,False
1782461892.791,0,0,0,0,0,5.51,-7.24,0.0,0.0,0.0,0.0,0.0,0,90,1,0.62,0,False,False,False,False,False,False
1782461892.813,0,0,0,0,0,5.57,-7.38,0.0,0.0,0.0,0.0,0.0,0,90,1,0.67,0,False,False,False,False,False,False
1782461892.838,0,0,0,0,0,5.55,-6.79,0.0,0.0,0.0,0.0,0.0,0,90,1,0.7,0,False,False,False,False,False,False
1782461892.86,0,0,0,0,0,5.59,-4.46,0.0,0.0,0.0,0.0,0.0,0,90,1,0.71,0,False,False,False,False,False,False
1782461892.885,0,0,0,0,0,5.77,-1.56,0.0,0.0,0.0,0.0,0.0,0,90,1,0.71,0,False,False,False,False,False,False
1782461892.907,0,0,0,0,0,5.89,0.58,0.0,0.0,0.0,0.0,0.0,0,90,1,0.74,0,False,False,False,False,False,False
1782461892.932,0,0,0,0,0,5.81,1.93,0.0,0.0,0.0,0.0,0.0,0,90,1,0.78,0,False,False,False,False,False,False
1782461892.954,0,0,0,0,0,5.59,2.78,0.0,0.0,0.0,0.0,0.0,0,90,1,0.8,0,False,False,False,False,False,False
1782461892.978,0,0,0,0,0,5.33,3.35,0.0,0.0,0.0,0.0,0.0,0,90,1,0.79,0,False,False,False,False,False,False
1782461893.001,0,0,0,0,0,5.25,3.83,0.0,0.0,0.0,0.0,0.0,0,90,1,0.81,0,False,False,False,False,False,False
1782461893.026,0,0,0,0,0,5.53,4.22,0.0,0.0,0.0,0.0,0.0,0,90,1,0.85,0,False,False,False,False,False,False
1782461893.048,0,0,0,0,0,6.06,4.35,0.0,0.0,0.0,0.0,0.0,0,90,1,0.88,0,False,False,False,False,False,False
1782461893.071,0,0,0,0,0,6.54,4.22,0.0,0.0,0.0,0.0,0.0,0,90,1,0.88,0,False,False,False,False,False,False
1782461893.095,0,0,0,0,0,6.8,4.03,0.0,0.0,0.0,0.0,0.0,0,90,1,0.88,0,False,False,False,False,False,False
1782461893.118,0,0,0,0,0,6.89,3.86,0.0,0.0,0.0,0.0,0.0,0,90,1,0.89,0,False,False,False,False,False,False
1782461893.143,0,0,0,0,0,6.91,3.67,0.0,0.0,0.0,0.0,0.0,0,90,1,0.91,0,False,False,False,False,False,False
1782461893.164,0,0,0,0,0,6.9,3.43,0.0,0.0,0.0,0.0,0.0,0,90,1,0.93,0,False,False,False,False,False,False
1782461893.188,0,0,0,0,0,6.89,3.16,0.0,0.0,0.0,0.0,0.0,0,90,1,0.94,0,False,False,False,False,False,False
1782461893.212,0,0,0,0,0,6.89,2.91,0.0,0.0,0.0,0.0,0.0,0,90,1,0.94,0,False,False,False,False,False,False
1782461893.235,0,0,0,0,0,6.89,2.7,0.0,0.0,0.0,0.0,0.0,0,90,1,0.94,0,False,False,False,False,False,False
1782461893.26,0,0,0,0,0,6.88,2.49,0.0,0.0,0.0,0.0,0.0,0,90,1,0.94,0,False,False,False,False,False,False
1782461893.282,0,0,0,0,0,6.87,2.28,0.0,0.0,0.0,0.0,0.0,0,90,1,0.95,0,False,False,False,False,False,False
1782461893.305,0,0,0,0,0,6.86,2.08,0.0,0.0,0.0,0.0,0.0,0,90,1,0.95,0,False,False,False,False,False,False
1782461893.328,0,0,0,0,0,6.85,1.92,0.0,0.0,0.0,0.0,0.0,0,90,1,0.95,0,False,False,False,False,False,False
1782461893.352,0,0,0,0,0,6.85,1.78,0.0,0.0,0.0,0.0,0.0,0,90,1,0.95,0,False,False,False,False,False,False
1782461893.376,0,0,0,0,0,6.85,1.66,0.0,0.0,0.0,0.0,0.0,0,90,1,0.95,0,False,False,False,False,False,False
1782461893.398,0,0,0,0,0,6.84,1.53,0.0,0.0,0.0,0.0,0.0,0,90,1,0.95,0,False,False,False,False,False,False
1782461893.422,0,0,0,0,0,6.83,1.41,0.0,0.0,0.0,0.0,0.0,0,90,1,0.95,0,False,False,False,False,False,False
1782461893.446,0,0,0,0,0,6.83,1.28,0.0,0.0,0.0,0.0,0.0,0,90,1,0.95,0,False,False,False,False,False,False
1782461893.471,0,0,0,0,0,6.82,1.16,0.0,0.0,0.0,0.0,0.0,0,90,1,0.94,0,False,False,False,False,False,False
1782461893.494,0,0,0,0,0,6.8,1.03,0.0,0.0,0.0,0.0,0.0,0,90,1,0.94,0,False,False,False,False,False,False
1782461893.517,0,0,0,0,0,6.79,0.91,0.0,0.0,0.0,0.0,0.0,0,90,1,0.94,0,False,False,False,False,False,False
1782461893.54,0,0,0,0,0,6.78,0.77,0.0,0.0,0.0,0.0,0.0,0,90,1,0.94,0,False,False,False,False,False,False
1782461893.564,0,0,0,0,0,6.77,0.52,0.0,0.0,0.0,0.0,0.0,0,90,1,0.94,0,False,False,False,False,False,False
1782461893.585,0,0,0,0,0,6.78,0.32,0.0,0.0,0.0,0.0,0.0,0,90,1,0.93,0,False,False,False,False,False,False
1782461893.61,0,0,0,0,0,6.78,0.36,0.0,0.0,0.0,0.0,0.0,0,90,1,0.93,0,False,False,False,False,False,False
1782461893.635,0,0,0,0,0,6.78,-0.09,0.0,0.0,0.0,0.0,0.0,0,90,1,0.93,0,False,False,False,False,False,False
1782461893.656,0,0,0,0,0,6.73,-1.79,0.0,0.0,0.0,0.0,0.0,0,90,1,0.93,0,False,False,False,False,False,False
1782461893.681,0,0,0,0,0,6.56,-4.06,0.0,0.0,0.0,0.0,0.0,0,90,1,0.93,0,False,False,False,False,False,False
1782461893.705,0,0,0,0,0,6.33,-6.08,0.0,0.0,0.0,0.0,0.0,0,90,1,0.93,0,False,False,False,False,False,False
1782461893.727,0,0,0,0,0,6.06,-7.86,0.0,0.0,0.0,0.0,0.0,0,90,1,0.94,0,False,False,False,False,False,False
1782461893.752,0,0,0,0,0,5.73,-9.65,0.0,0.0,0.0,0.0,0.0,0,90,1,0.94,0,False,False,False,False,False,False
1782461893.775,0,0,0,0,0,5.26,-11.72,0.0,0.0,0.0,0.0,0.0,0,90,1,0.94,0,False,False,False,False,False,False
1782461893.795,0,0,0,0,0,4.63,-14.1,0.0,0.0,0.0,0.0,0.0,0,90,1,0.94,0,False,False,False,False,False,False
1782461893.818,0,0,0,0,0,3.88,-16.58,0.0,0.0,0.0,0.0,0.0,0,90,1,0.95,0,False,False,False,False,False,False
1782461893.842,0,0,0,0,0,3.01,-18.98,0.0,0.0,0.0,0.0,0.0,0,90,1,0.94,0,False,False,False,False,False,False
1782461893.865,0,0,0,0,0,2.1,-21.11,0.0,0.0,0.0,0.0,0.0,0,90,1,0.92,0,False,False,False,False,False,False
1782461893.889,0,0,0,0,0,1.27,-22.81,0.0,0.0,0.0,0.0,0.0,0,90,1,0.92,0,False,False,False,False,False,False
1782461893.913,0,0,0,0,0,0.57,-24.08,0.0,0.0,0.0,0.0,0.0,0,90,1,0.91,0,False,False,False,False,False,False
1782461893.938,0,0,0,0,0,-0.04,-25.08,0.0,0.0,0.0,0.0,0.0,0,90,1,0.85,0,False,False,False,False,False,False
1782461893.962,0,0,0,0,0,-0.66,-26.01,0.0,0.0,0.0,0.0,0.0,0,90,1,0.74,0,False,False,False,False,False,False
1782461893.985,0,0,0,0,0,-1.33,-26.96,0.0,0.0,0.0,0.0,0.0,0,90,1,0.67,0,False,False,False,False,False,False
1782461894.01,0,0,0,0,0,-1.99,-27.85,0.0,0.0,0.0,0.0,0.0,0,90,1,0.66,0,False,False,False,False,False,False
1782461894.034,0,0,0,0,0,-2.58,-28.6,0.0,0.0,0.0,0.0,0.0,0,90,1,0.65,0,False,False,False,False,False,False
1782461894.056,0,0,0,0,0,-3.13,-29.23,0.0,0.0,0.0,0.0,0.0,0,90,1,0.6,0,False,False,False,False,False,False
1782461894.08,0,0,0,0,0,-3.78,-29.87,0.0,0.0,0.0,0.0,0.0,0,90,1,0.52,0,False,False,False,False,False,False
1782461894.105,0,0,0,0,0,-4.6,-30.59,0.0,0.0,0.0,0.0,0.0,0,90,1,0.44,0,False,False,False,False,False,False
1782461894.129,0,0,0,0,0,-5.43,-31.29,0.0,0.0,0.0,0.0,0.0,0,90,1,0.41,0,False,False,False,False,False,False
1782461894.152,0,0,0,0,0,-6.04,-31.9,0.0,0.0,0.0,0.0,0.0,0,90,1,0.41,0,False,False,False,False,False,False
1782461894.178,0,0,0,0,0,-6.35,-32.36,0.0,0.0,0.0,0.0,0.0,0,90,1,0.4,0,False,False,False,False,False,False
1782461894.2,0,0,0,0,0,-6.45,-32.65,0.0,0.0,0.0,0.0,0.0,0,90,1,0.37,0,False,False,False,False,False,False
1782461894.224,0,0,0,0,0,-6.42,-32.76,0.0,0.0,0.0,0.0,0.0,0,90,1,0.32,0,False,False,False,False,False,False
1782461894.246,0,0,0,0,0,-6.34,-32.77,0.0,0.0,0.0,0.0,0.0,0,90,0,0.29,0,False,False,False,False,False,False
1782461894.272,0,0,0,0,0,-6.27,-32.74,0.0,0.0,0.0,0.0,0.0,0,90,0,0.28,0,False,False,False,False,False,False
1782461894.296,0,0,0,0,0,-6.21,-32.71,0.0,0.0,0.0,0.0,0.0,0,90,0,0.28,0,False,False,False,False,False,False
1782461894.32,0,0,0,0,0,-6.16,-32.69,0.0,0.0,0.0,0.0,0.0,0,90,0,0.25,0,False,False,False,False,False,False
1782461894.346,0,0,0,0,0,-6.1,-32.68,0.0,0.0,0.0,0.0,0.0,0,90,0,0.21,0,False,False,False,False,False,False
1782461894.368,0,0,0,0,0,-6.05,-32.67,0.0,0.0,0.0,0.0,0.0,0,90,0,0.19,0,False,False,False,False,False,False
1782461894.392,0,0,0,0,0,-6.0,-32.66,0.0,0.0,0.0,0.0,0.0,0,90,0,0.19,0,False,False,False,False,False,False
1782461894.415,0,0,0,0,0,-5.95,-32.64,0.0,0.0,0.0,0.0,0.0,0,90,0,0.18,0,False,False,False,False,False,False
1782461894.44,0,0,0,0,0,-5.9,-32.63,0.0,0.0,0.0,0.0,0.0,0,90,0,0.14,0,False,False,False,False,False,False
1782461894.465,0,0,0,0,0,-5.85,-32.62,0.0,0.0,0.0,0.0,0.0,0,90,0,0.11,0,False,False,False,False,False,False
1782461894.487,0,0,0,0,0,-5.8,-32.6,0.0,0.0,0.0,0.0,0.0,0,90,0,0.1,0,False,False,False,False,False,False
1782461894.512,0,0,0,0,0,-5.75,-32.59,0.0,0.0,0.0,0.0,0.0,0,90,0,0.1,0,False,False,False,False,False,False
1782461894.536,0,0,0,0,0,-5.7,-32.58,0.0,0.0,0.0,0.0,0.0,0,90,0,0.1,0,False,False,False,False,False,False
1782461894.56,0,0,0,0,0,-5.65,-32.56,0.0,0.0,0.0,0.0,0.0,0,90,0,0.08,0,False,False,False,False,False,False
1782461894.584,0,0,0,0,0,-5.6,-32.55,0.0,0.0,0.0,0.0,0.0,0,90,0,0.06,0,False,False,False,False,False,False
1782461894.611,0,0,0,0,0,-5.55,-32.53,0.0,0.0,0.0,0.0,0.0,0,90,0,0.05,0,False,False,False,False,False,False
1782461894.632,0,0,0,0,0,-5.51,-32.52,0.0,0.0,0.0,0.0,0.0,0,90,0,0.05,0,False,False,False,False,False,False
1782461894.656,0,0,0,0,0,-5.44,-32.53,0.0,0.0,0.0,0.0,0.0,0,90,0,0.05,0,False,False,False,False,False,False
1782461894.679,0,0,0,0,0,-5.38,-32.53,0.0,0.0,0.0,0.0,0.0,0,90,0,0.05,0,False,False,False,False,False,False
1782461894.703,0,0,0,0,0,-5.39,-32.42,0.0,0.0,0.0,0.0,0.0,0,90,0,0.05,0,False,False,False,False,False,False
1782461894.728,0,0,0,0,0,-5.4,-32.2,0.0,0.0,0.0,0.0,0.0,0,90,0,0.04,0,False,False,False,False,False,False
1782461894.751,0,0,0,0,0,-5.32,-32.12,0.0,0.0,0.0,0.0,0.0,0,90,0,0.04,0,False,False,False,False,False,False
1782461894.776,0,0,0,0,0,-5.11,-32.12,0.0,0.0,0.0,0.0,0.0,0,90,0,0.04,0,False,False,False,False,False,False
1782461894.8,0,0,0,0,0,-4.1,-31.19,0.0,0.0,0.0,0.0,0.0,0,90,0,0.04,0,False,False,False,False,False,False
1782461894.825,0,0,0,0,0,-1.78,-28.62,0.0,0.0,0.0,0.0,0.0,0,90,0,0.04,0,False,False,False,False,False,False
1782461894.847,0,0,0,0,0,0.74,-25.61,0.0,0.0,0.0,0.0,0.0,0,90,0,0.05,0,False,False,False,False,False,False
1782461894.87,0,0,0,0,0,2.32,-23.54,0.0,0.0,0.0,0.0,0.0,0,90,0,0.05,0,False,False,False,False,False,False
1782461894.896,0,0,0,0,0,3.01,-22.47,0.0,0.0,0.0,0.0,0.0,0,90,0,0.05,0,False,False,False,False,False,False
1782461894.918,0,0,0,0,0,3.25,-21.97,0.0,0.0,0.0,0.0,0.0,0,90,0,0.05,0,False,False,False,False,False,False
1782461894.942,0,0,0,0,0,3.38,-21.65,0.0,0.0,0.0,0.0,0.0,0,90,0,0.07,0,False,False,False,False,False,False
1782461894.966,0,0,0,0,0,3.6,-21.23,0.0,0.0,0.0,0.0,0.0,0,90,0,0.1,0,False,False,False,False,False,False
1782461894.99,0,0,0,0,0,3.96,-20.65,0.0,0.0,0.0,0.0,0.0,0,90,0,0.12,0,False,False,False,False,False,False
1782461895.015,0,0,0,0,0,4.48,-19.98,0.0,0.0,0.0,0.0,0.0,0,90,0,0.13,0,False,False,False,False,False,False
1782461895.037,0,0,0,0,0,5.1,-19.34,0.0,0.0,0.0,0.0,0.0,0,90,0,0.13,0,False,False,False,False,False,False
1782461895.064,0,0,0,0,0,5.74,-18.74,0.0,0.0,0.0,0.0,0.0,0,90,0,0.15,0,False,False,False,False,False,False
1782461895.085,0,0,0,0,0,6.37,-18.16,0.0,0.0,0.0,0.0,0.0,0,90,0,0.18,0,False,False,False,False,False,False
1782461895.113,0,0,0,0,0,6.95,-17.47,0.0,0.0,0.0,0.0,0.0,0,90,0,0.19,0,False,False,False,False,False,False
1782461895.158,0,0,0,0,0,7.38,-16.55,0.0,0.0,0.0,0.0,0.0,0,90,0,0.2,0,False,False,False,False,False,False
1782461895.166,0,0,0,0,0,7.47,-15.44,0.0,0.0,0.0,0.0,0.0,0,90,0,0.19,0,False,False,False,False,False,False
1782461895.181,0,0,0,0,0,7.12,-14.42,0.0,0.0,0.0,0.0,0.0,0,90,0,0.2,0,False,False,False,False,False,False
1782461895.203,0,0,0,0,0,6.4,-13.73,0.0,0.0,0.0,0.0,0.0,0,90,0,0.2,0,False,False,False,False,False,False
1782461895.229,0,0,0,0,0,5.59,-13.49,0.0,0.0,0.0,0.0,0.0,0,90,0,0.21,0,False,False,False,False,False,False
1782461895.252,0,0,0,0,0,5.13,-13.48,0.0,0.0,0.0,0.0,0.0,0,90,0,0.21,0,False,False,False,False,False,False
1782461895.277,0,0,0,0,0,5.24,-13.46,0.0,0.0,0.0,0.0,0.0,0,90,0,0.21,0,False,False,False,False,False,False
1782461895.295,0,0,0,0,0,5.77,-13.48,0.0,0.0,0.0,0.0,0.0,0,90,0,0.21,0,False,False,False,False,False,False
1782461895.319,0,0,0,0,0,6.47,-13.49,0.0,0.0,0.0,0.0,0.0,0,90,0,0.23,0,False,False,False,False,False,False
1782461895.345,0,0,0,0,0,7.12,-12.57,0.0,0.0,0.0,0.0,0.0,0,90,0,0.25,0,False,False,False,False,False,False
1782461895.366,0,0,0,0,0,7.59,-10.18,0.0,0.0,0.0,0.0,0.0,0,90,0,0.26,0,False,False,False,False,False,False
1782461895.389,0,0,0,0,0,7.88,-7.78,0.0,0.0,0.0,0.0,0.0,0,90,0,0.26,0,False,False,False,False,False,False
1782461895.413,0,0,0,0,0,8.02,-6.61,0.0,0.0,0.0,0.0,0.0,0,90,0,0.27,0,False,False,False,False,False,False
1782461895.443,0,0,0,0,0,8.07,-6.39,0.0,0.0,0.0,0.0,0.0,0,90,0,0.28,0,False,False,False,False,False,False
1782461895.504,0,0,0,0,0,8.03,-6.76,0.0,0.0,0.0,0.0,0.0,0,90,1,0.3,0,False,False,False,False,False,False
1782461895.529,0,0,0,0,0,7.93,-7.31,0.0,0.0,0.0,0.0,0.0,0,90,1,0.31,0,False,False,False,False,False,False
1782461895.551,0,0,0,0,0,7.83,-7.44,0.0,0.0,0.0,0.0,0.0,0,90,1,0.33,0,False,False,False,False,False,False
1782461895.588,0,0,0,0,0,7.76,-7.42,0.0,0.0,0.0,0.0,0.0,0,90,1,0.35,0,False,False,False,False,False,False
1782461895.599,0,0,0,0,0,7.73,-7.78,0.0,0.0,0.0,0.0,0.0,0,90,1,0.36,0,False,False,False,False,False,False
1782461895.621,0,0,0,0,0,7.71,-8.17,0.0,0.0,0.0,0.0,0.0,0,90,1,0.36,0,False,False,False,False,False,False
1782461895.646,0,0,0,0,0,7.67,-8.29,0.0,0.0,0.0,0.0,0.0,0,90,1,0.39,0,False,False,False,False,False,False
1782461895.669,0,0,0,0,0,7.65,-8.31,0.0,0.0,0.0,0.0,0.0,0,90,1,0.42,0,False,False,False,False,False,False
1782461895.693,0,0,0,0,0,7.63,-8.29,0.0,0.0,0.0,0.0,0.0,0,90,1,0.44,0,False,False,False,False,False,False
1782461895.716,0,0,0,0,0,7.62,-7.78,0.0,0.0,0.0,0.0,0.0,0,90,1,0.44,0,False,False,False,False,False,False
1782461895.739,0,0,0,0,0,7.62,-6.57,0.0,0.0,0.0,0.0,0.0,0,90,1,0.44,0,False,False,False,False,False,False
1782461895.762,0,0,0,0,0,7.63,-5.47,0.0,0.0,0.0,0.0,0.0,0,90,1,0.44,0,False,False,False,False,False,False
1782461895.786,0,0,0,0,0,7.56,-5.06,0.0,0.0,0.0,0.0,0.0,0,90,1,0.45,0,False,False,False,False,False,False
1782461895.81,0,0,0,0,0,7.38,-5.09,0.0,0.0,0.0,0.0,0.0,0,90,1,0.46,0,False,False,False,False,False,False
1782461895.832,0,0,0,0,0,7.22,-5.25,0.0,0.0,0.0,0.0,0.0,0,90,1,0.47,0,False,False,False,False,False,False
1782461895.857,0,0,0,0,0,7.17,-5.41,0.0,0.0,0.0,0.0,0.0,0,90,1,0.47,0,False,False,False,False,False,False
1782461895.88,0,0,0,0,0,7.22,-5.55,0.0,0.0,0.0,0.0,0.0,0,90,1,0.48,0,False,False,False,False,False,False
1782461895.903,0,0,0,0,0,7.26,-5.71,0.0,0.0,0.0,0.0,0.0,0,90,1,0.48,0,False,False,False,False,False,False
1782461895.927,0,0,0,0,0,7.38,-5.91,0.0,0.0,0.0,0.0,0.0,0,90,1,0.48,0,False,False,False,False,False,False
1782461895.949,0,0,0,0,0,7.68,-6.15,0.0,0.0,0.0,0.0,0.0,0,90,1,0.48,0,False,False,False,False,False,False
1782461895.973,0,0,0,0,0,7.95,-6.42,0.0,0.0,0.0,0.0,0.0,0,90,1,0.49,0,False,False,False,False,False,False
1782461895.997,0,0,0,0,0,8.03,-6.76,0.0,0.0,0.0,0.0,0.0,0,90,1,0.5,0,False,False,False,False,False,False
1782461896.021,0,0,0,0,0,7.98,-7.09,0.0,0.0,0.0,0.0,0.0,0,90,1,0.5,0,False,False,False,False,False,False
1782461896.044,0,0,0,0,0,7.9,-7.3,0.0,0.0,0.0,0.0,0.0,0,90,1,0.5,0,False,False,False,False,False,False
1782461896.067,0,0,0,0,0,7.87,-7.39,0.0,0.0,0.0,0.0,0.0,0,90,1,0.5,0,False,False,False,False,False,False
1782461896.094,0,0,0,0,0,7.86,-7.4,0.0,0.0,0.0,0.0,0.0,0,90,1,0.5,0,False,False,False,False,False,False
1782461896.115,0,0,0,0,0,7.85,-7.41,0.0,0.0,0.0,0.0,0.0,0,90,1,0.5,0,False,False,False,False,False,False
1782461896.14,0,0,0,0,0,7.85,-7.42,0.0,0.0,0.0,0.0,0.0,0,90,1,0.5,0,False,False,False,False,False,False
1782461896.163,0,0,0,0,0,7.84,-7.44,0.0,0.0,0.0,0.0,0.0,0,90,1,0.5,0,False,False,False,False,False,False
1782461896.185,0,0,0,0,0,7.84,-7.46,0.0,0.0,0.0,0.0,0.0,0,90,1,0.5,0,False,False,False,False,False,False
1782461896.209,0,0,0,0,0,7.83,-7.49,0.0,0.0,0.0,0.0,0.0,0,90,1,0.5,0,False,False,False,False,False,False
1782461896.233,0,0,0,0,0,7.82,-7.51,0.0,0.0,0.0,0.0,0.0,0,90,1,0.5,0,False,False,False,False,False,False
1782461896.258,0,0,0,0,0,7.81,-7.54,0.0,0.0,0.0,0.0,0.0,0,90,1,0.5,0,False,False,False,False,False,False
1782461896.28,0,0,0,0,0,7.8,-7.56,0.0,0.0,0.0,0.0,0.0,0,90,1,0.5,0,False,False,False,False,False,False
1782461896.304,0,0,0,0,0,7.79,-7.58,0.0,0.0,0.0,0.0,0.0,0,90,1,0.5,0,False,False,False,False,False,False
1782461896.328,0,0,0,0,0,7.78,-7.61,0.0,0.0,0.0,0.0,0.0,0,90,1,0.49,0,False,False,False,False,False,False
1782461896.351,0,0,0,0,0,7.77,-7.63,0.0,0.0,0.0,0.0,0.0,0,90,1,0.49,0,False,False,False,False,False,False
1782461896.376,0,0,0,0,0,7.76,-7.65,0.0,0.0,0.0,0.0,0.0,0,90,1,0.49,0,False,False,False,False,False,False
1782461896.399,0,0,0,0,0,7.75,-7.68,0.0,0.0,0.0,0.0,0.0,0,90,1,0.47,0,False,False,False,False,False,False
1782461896.423,0,0,0,0,0,7.74,-7.7,0.0,0.0,0.0,0.0,0.0,0,90,1,0.44,0,False,False,False,False,False,False
1782461896.445,0,0,0,0,0,7.74,-7.72,0.0,0.0,0.0,0.0,0.0,0,90,1,0.41,0,False,False,False,False,False,False
1782461896.47,0,0,0,0,0,7.73,-7.75,0.0,0.0,0.0,0.0,0.0,0,90,1,0.41,0,False,False,False,False,False,False
1782461896.494,0,0,0,0,0,7.72,-7.77,0.0,0.0,0.0,0.0,0.0,0,90,1,0.41,0,False,False,False,False,False,False
1782461896.517,0,0,0,0,0,7.71,-7.79,0.0,0.0,0.0,0.0,0.0,0,90,1,0.39,0,False,False,False,False,False,False
1782461896.54,0,0,0,0,0,7.7,-7.81,0.0,0.0,0.0,0.0,0.0,0,90,1,0.36,0,False,False,False,False,False,False
1782461896.564,0,0,0,0,0,7.7,-7.83,0.0,0.0,0.0,0.0,0.0,0,90,1,0.34,0,False,False,False,False,False,False
1782461896.588,0,0,0,0,0,7.69,-7.86,0.0,0.0,0.0,0.0,0.0,0,90,1,0.34,0,False,False,False,False,False,False
1782461896.612,0,0,0,0,0,7.68,-7.88,0.0,0.0,0.0,0.0,0.0,0,90,1,0.34,0,False,False,False,False,False,False
1782461896.636,0,0,0,0,0,7.67,-7.9,0.0,0.0,0.0,0.0,0.0,0,90,1,0.33,0,False,False,False,False,False,False
1782461896.659,0,0,0,0,0,7.67,-7.92,0.0,0.0,0.0,0.0,0.0,0,90,1,0.33,0,False,False,False,False,False,False
1782461896.683,0,0,0,0,0,7.66,-7.94,0.0,0.0,0.0,0.0,0.0,0,90,1,0.32,0,False,False,False,False,False,False
1782461896.706,0,0,0,0,0,7.65,-7.96,0.0,0.0,0.0,0.0,0.0,0,90,1,0.31,0,False,False,False,False,False,False
1782461896.73,0,0,0,0,0,7.64,-7.97,0.0,0.0,0.0,0.0,0.0,0,90,1,0.31,0,False,False,False,False,False,False
1782461896.754,0,0,0,0,0,7.63,-7.98,0.0,0.0,0.0,0.0,0.0,0,90,1,0.31,0,False,False,False,False,False,False
1782461896.778,0,0,0,0,0,7.63,-7.99,0.0,0.0,0.0,0.0,0.0,0,90,1,0.31,0,False,False,False,False,False,False
1782461896.802,0,0,0,0,0,7.62,-8.0,0.0,0.0,0.0,0.0,0.0,0,90,1,0.3,0,False,False,False,False,False,False
1782461896.825,0,0,0,0,0,7.61,-8.01,0.0,0.0,0.0,0.0,0.0,0,90,0,0.29,0,False,False,False,False,False,False
1782461896.849,0,0,0,0,0,7.6,-8.02,0.0,0.0,0.0,0.0,0.0,0,90,0,0.28,0,False,False,False,False,False,False
1782461896.874,0,0,0,0,0,7.6,-8.03,0.0,0.0,0.0,0.0,0.0,0,90,0,0.26,0,False,False,False,False,False,False
1782461896.897,0,0,0,0,0,7.59,-8.04,0.0,0.0,0.0,0.0,0.0,0,90,0,0.26,0,False,False,False,False,False,False
1782461896.92,0,0,0,0,0,7.59,-8.05,0.0,0.0,0.0,0.0,0.0,0,90,0,0.25,0,False,False,False,False,False,False
1782461896.944,0,0,0,0,0,7.58,-8.06,0.0,0.0,0.0,0.0,0.0,0,90,0,0.23,0,False,False,False,False,False,False
1782461896.968,0,0,0,0,0,7.58,-8.07,0.0,0.0,0.0,0.0,0.0,0,90,0,0.18,0,False,False,False,False,False,False
1782461896.992,0,0,0,0,0,7.57,-8.08,0.0,0.0,0.0,0.0,0.0,0,90,0,0.15,0,False,False,False,False,False,False
1782461897.015,0,0,0,0,0,7.56,-8.08,0.0,0.0,0.0,0.0,0.0,0,90,0,0.15,0,False,False,False,False,False,False
1782461897.038,0,0,0,0,0,7.56,-8.08,0.0,0.0,0.0,0.0,0.0,0,90,0,0.14,0,False,False,False,False,False,False
1782461897.062,0,0,0,0,0,7.57,-8.05,0.0,0.0,0.0,0.0,0.0,0,90,0,0.12,0,False,False,False,False,False,False
1782461897.084,0,0,0,0,0,7.58,-8.03,0.0,0.0,0.0,0.0,0.0,0,90,0,0.09,0,False,False,False,False,False,False
1782461897.11,0,0,0,0,0,7.58,-8.03,0.0,0.0,0.0,0.0,0.0,0,90,0,0.07,0,False,False,False,False,False,False
1782461897.132,0,0,0,0,0,7.57,-8.04,0.0,0.0,0.0,0.0,0.0,0,90,0,0.06,0,False,False,False,False,False,False
1782461897.155,0,0,0,0,0,7.56,-8.05,0.0,0.0,0.0,0.0,0.0,0,90,0,0.06,0,False,False,False,False,False,False
1782461897.18,0,0,0,0,0,7.55,-8.06,0.0,0.0,0.0,0.0,0.0,0,90,0,0.06,0,False,False,False,False,False,False
1782461897.203,0,0,0,0,0,7.54,-8.08,0.0,0.0,0.0,0.0,0.0,0,90,0,0.05,0,False,False,False,False,False,False
1782461897.228,0,0,0,0,0,7.53,-8.1,0.0,0.0,0.0,0.0,0.0,0,90,0,0.05,0,False,False,False,False,False,False
1782461897.286,0,0,0,0,0,7.53,-8.12,0.0,0.0,0.0,0.0,0.0,0,90,0,0.04,0,True,False,False,False,False,False
1782461897.289,0,0,0,0,0,7.52,-8.13,0.0,0.0,0.0,0.0,0.0,0,90,0,0.03,0,True,False,False,False,False,False
1782461897.298,0,0,0,0,0,7.52,-8.13,0.0,0.0,0.0,0.0,0.0,0,90,0,0.02,0,True,False,False,False,False,False
1782461897.319,0,0,0,0,0,7.51,-8.11,0.0,0.0,0.0,0.0,0.0,0,90,0,0.02,0,True,False,False,False,False,False
1782461897.345,0,0,0,0,0,7.51,-8.08,0.0,0.0,0.0,0.0,0.0,0,90,0,0.02,0,True,False,False,False,False,False
1782461897.369,0,0,0,0,0,7.51,-8.05,0.0,0.0,0.0,0.0,0.0,0,90,0,0.02,0,True,False,False,False,False,False
1782461897.391,0,0,0,0,0,7.52,-8.05,0.0,0.0,0.0,0.0,0.0,0,90,0,0.01,0,True,False,False,False,False,False
1782461897.415,0,0,0,0,0,7.53,-8.04,0.0,0.0,0.0,0.0,0.0,0,90,0,0.01,0,True,False,False,False,False,False
1782461897.439,0,0,0,0,0,7.54,-7.95,0.0,0.0,0.0,0.0,0.0,0,90,0,0.0,0,True,False,False,False,False,False
1782461897.46,0,0,0,0,0,7.56,-7.75,0.0,0.0,0.0,0.0,0.0,0,90,0,0.0,0,True,False,False,False,False,False
1782461897.486,0,0,0,0,0,7.58,-7.6,0.0,0.0,0.0,0.0,0.0,0,90,0,0.0,0,True,False,False,False,False,False
1782461897.508,0,0,0,0,0,7.58,-7.56,0.0,0.0,0.0,0.0,0.0,0,90,0,0.0,0,True,False,False,False,False,False
1782461897.531,0,0,0,0,0,7.58,-7.58,0.0,0.0,0.0,0.0,0.0,0,90,0,0.0,0,True,False,False,False,False,False
1782461897.556,0,0,0,0,0,7.57,-7.6,0.0,0.0,0.0,0.0,0.0,0,90,0,0.0,0,True,False,False,False,False,False
1782461897.581,0,0,0,0,0,7.55,-7.61,0.0,0.0,0.0,0.0,0.0,0,90,0,0.0,0,True,False,False,False,False,True
1782461897.603,0,0,0,0,0,7.54,-7.59,0.0,0.0,0.0,0.0,0.0,0,90,0,0.0,0,True,False,False,False,False,True
1782461897.625,0,0,0,0,0,7.53,-7.57,0.0,0.0,0.0,0.0,0.0,0,90,0,0.0,0,True,False,False,False,False,True
1782461897.649,0,0,0,0,0,7.52,-7.56,0.0,0.0,0.0,0.0,0.0,0,90,0,0.0,0,True,False,False,False,False,True
1782461897.672,0,0,0,0,0,7.5,-7.5,0.0,0.0,0.0,0.0,0.0,0,90,0,0.0,0,True,False,False,False,False,True
1782461897.696,0,0,0,0,0,7.48,-7.34,0.0,0.0,0.0,0.0,0.0,0,90,0,0.0,0,True,False,False,False,False,True
1782461897.72,0,0,0,0,0,7.47,-7.17,0.0,0.0,0.0,0.0,0.0,0,90,0,0.0,0,True,False,False,False,False,True
1782461897.743,0,0,0,0,0,7.47,-7.02,0.0,0.0,0.0,0.0,0.0,0,90,0,0.0,0,True,False,False,False,False,True
1782461897.765,0,0,0,0,0,7.49,-6.84,0.0,0.0,0.0,0.0,0.0,0,90,0,0.0,0,True,False,False,False,False,True
1782461897.79,0,0,0,0,0,7.51,-6.64,0.0,0.0,0.0,0.0,0.0,0,90,0,0.0,0,True,False,False,False,False,True
1782461897.816,0,0,0,0,0,7.57,-6.48,0.0,0.0,0.0,0.0,0.0,0,90,0,0.0,0,True,False,False,False,False,False
1782461897.837,0,0,0,0,0,7.66,-6.43,0.0,0.0,0.0,0.0,0.0,1,90,0,0.0,0,True,False,False,False,False,False
1782461897.86,0,0,0,0,0,7.73,-6.44,0.0,0.0,0.0,0.0,0.0,1,90,0,0.0,0,True,False,False,False,False,False
1782461897.884,0,0,0,0,0,7.77,-6.45,0.0,0.0,0.0,0.0,0.0,1,90,0,0.0,0,True,False,False,False,False,False
1782461897.906,0,0,0,0,0,7.78,-6.46,0.0,0.0,0.0,0.0,0.0,1,90,0,0.0,0,True,False,False,False,False,False
1782461897.932,0,0,0,0,0,7.77,-6.46,0.0,0.0,0.0,0.0,0.0,1,90,0,0.0,0,True,False,False,False,False,False
1782461897.954,0,0,0,0,0,7.75,-6.47,0.0,0.0,0.0,0.0,0.0,1,90,0,0.0,0,True,False,False,False,False,False
1782461897.977,0,0,0,0,0,7.74,-6.5,0.0,0.0,0.0,0.0,0.0,1,90,0,0.0,0,True,False,False,False,False,False
1782461898.001,0,0,0,0,0,7.74,-6.52,0.0,0.0,0.0,0.0,0.0,1,90,0,0.0,0,True,False,False,False,False,False
1782461898.025,0,0,0,0,0,7.74,-6.52,0.0,0.0,0.0,0.0,0.0,1,90,0,0.0,0,True,False,False,False,False,False
1782461898.049,0,0,0,0,0,7.72,-6.55,0.0,0.0,0.0,0.0,0.0,1,90,0,0.0,0,True,False,False,False,False,False
1782461898.072,0,0,0,0,0,7.64,-6.65,0.0,0.0,0.0,0.0,0.0,1,90,0,0.0,0,True,False,False,False,False,False
1782461898.096,0,0,0,0,0,7.46,-6.76,0.0,0.0,0.0,0.0,0.0,1,90,0,0.0,0,True,False,False,False,False,False
1782461898.118,0,0,0,0,0,7.34,-6.81,0.0,0.0,0.0,0.0,0.0,1,90,0,0.0,0,True,False,False,False,False,False
1782461898.142,0,0,0,0,0,7.36,-6.82,0.0,0.0,0.0,0.0,0.0,0,90,0,0.0,0,True,False,False,False,False,False
1782461898.166,0,0,0,0,0,7.45,-6.82,0.0,0.0,0.0,0.0,0.0,0,90,0,0.0,0,True,False,False,False,False,False
1782461898.189,0,0,0,0,0,7.5,-6.96,0.0,0.0,0.0,0.0,0.0,0,90,0,0.0,0,True,False,False,False,False,False
1782461898.212,0,0,0,0,0,7.51,-7.37,0.0,0.0,0.0,0.0,0.0,0,90,0,0.0,0,True,False,False,False,False,False
1782461898.236,0,0,0,0,0,7.49,-7.84,0.0,0.0,0.0,0.0,0.0,0,90,0,0.0,0,True,False,False,False,False,False
1782461898.259,0,0,0,0,0,7.46,-8.15,0.0,0.0,0.0,0.0,0.0,0,90,0,0.0,0,True,False,False,False,False,False
1782461898.284,0,0,0,0,0,7.42,-8.3,0.0,0.0,0.0,0.0,0.0,0,90,0,0.0,0,True,False,False,False,False,False
1782461898.305,0,0,0,0,0,7.37,-8.36,0.0,0.0,0.0,0.0,0.0,0,90,0,0.0,0,True,False,False,False,False,False
1782461898.331,0,0,0,0,0,7.3,-8.42,0.0,0.0,0.0,0.0,0.0,0,90,0,0.0,0,True,False,False,False,False,False
1782461898.353,0,0,0,0,0,7.22,-8.48,0.0,0.0,0.0,0.0,0.0,0,90,0,0.0,0,True,False,False,False,False,False
1782461898.377,0,0,0,0,0,7.17,-8.53,0.0,0.0,0.0,0.0,0.0,0,90,0,0.0,0,True,False,False,False,False,False
1782461898.4,0,0,0,0,0,7.16,-8.56,0.0,0.0,0.0,0.0,0.0,0,90,0,0.0,0,False,False,False,False,False,False
1782461898.425,0,0,0,0,0,7.18,-8.58,0.0,0.0,0.0,0.0,0.0,0,90,0,0.0,0,False,False,False,False,False,False
1782461898.447,0,0,0,0,0,7.19,-8.58,0.0,0.0,0.0,0.0,0.0,0,90,0,0.0,0,False,False,False,False,False,False
1782461898.47,0,0,0,0,0,7.19,-8.58,0.0,0.0,0.0,0.0,0.0,0,90,0,0.0,0,False,False,False,False,False,False
1782461898.494,0,0,0,0,0,7.18,-8.57,0.0,0.0,0.0,0.0,0.0,0,90,0,0.0,0,False,False,False,False,False,False
1782461898.518,0,0,0,0,0,7.17,-8.67,0.0,0.0,0.0,0.0,0.0,0,90,0,0.0,0,False,False,False,False,False,False
1782461898.543,0,0,0,0,0,7.13,-8.92,0.0,0.0,0.0,0.0,0.0,0,90,0,0.0,0,False,False,False,False,False,False
1782461898.565,0,0,0,0,0,7.04,-9.18,0.0,0.0,0.0,0.0,0.0,0,90,0,0.0,0,False,False,False,False,False,False
1782461898.584,0,0,0,0,0,6.96,-9.29,0.0,0.0,0.0,0.0,0.0,0,90,0,0.0,0,False,False,False,False,False,False
1782461898.608,0,0,0,0,0,6.93,-9.32,0.0,0.0,0.0,0.0,0.0,0,90,0,0.01,0,False,False,False,False,False,False
1782461898.632,0,0,0,0,0,6.92,-9.33,0.0,0.0,0.0,0.0,0.0,0,90,0,0.01,0,False,False,False,False,False,False
1782461898.657,0,0,0,0,0,6.91,-9.34,0.0,0.0,0.0,0.0,0.0,0,90,0,0.01,0,False,False,False,False,False,False
1782461898.679,0,0,0,0,0,6.88,-9.36,0.0,0.0,0.0,0.0,0.0,0,90,0,0.01,0,False,False,False,False,False,False
1782461898.703,0,0,0,0,0,6.85,-9.43,0.0,0.0,0.0,0.0,0.0,0,90,0,0.01,0,False,False,False,False,False,False
1782461898.727,0,0,0,0,0,6.85,-9.53,0.0,0.0,0.0,0.0,0.0,0,90,0,0.01,0,False,False,False,False,False,False
1782461898.75,0,0,0,0,0,6.85,-9.59,0.0,0.0,0.0,0.0,0.0,0,90,0,0.01,0,False,False,False,False,False,False
1782461898.775,0,0,0,0,0,6.85,-9.62,0.0,0.0,0.0,0.0,0.0,0,90,0,0.01,0,False,False,False,False,False,False
1782461898.794,0,0,0,0,0,6.83,-9.65,0.0,0.0,0.0,0.0,0.0,0,90,0,0.01,0,False,False,False,False,False,False
1782461898.817,0,0,0,0,0,6.83,-9.67,0.0,0.0,0.0,0.0,0.0,0,90,0,0.01,0,False,False,False,False,False,False
1782461898.84,0,0,0,0,0,6.84,-9.66,0.0,0.0,0.0,0.0,0.0,0,90,0,0.01,0,False,False,False,False,False,False
1782461898.866,0,0,0,0,0,6.87,-9.63,0.0,0.0,0.0,0.0,0.0,0,90,0,0.01,0,False,False,False,False,False,False
1782461898.89,0,0,0,0,0,6.87,-9.57,0.0171,0.0,0.1682,0.0,0.0002,0,90,0,0.01,0,False,False,False,False,False,False
1782461898.914,0,0,0,0,0,6.91,-9.51,0.0876,0.0,0.8592,0.0,0.0009,0,90,0,0.01,0,False,False,False,False,False,False
1782461898.938,0,0,0,0,0,7.04,-9.46,0.2077,0.0,2.0376,0.0,0.0021,0,90,0,0.01,0,False,False,False,False,False,False
1782461898.957,0,0,0,0,0,7.18,-9.44,0.3316,0.0,3.2534,0.0,0.0033,0,90,0,0.01,0,False,False,False,False,False,False
1782461898.981,0,0,0,0,0,7.24,-9.44,0.4343,0.0,4.2603,0.0,0.0047,0,90,0,0.01,0,False,False,False,False,False,False
1782461899.006,0,0,0,0,0,7.25,-9.45,0.513,0.0,5.0326,0.0,0.006,0,90,0,0.01,0,False,False,False,False,False,False
1782461899.03,0,0,0,0,0,7.24,-9.45,0.5696,0.0,5.5874,0.0,0.0074,0,90,0,0.01,0,False,False,False,False,False,False
1782461899.049,0,0,0,0,0,7.22,-9.45,0.6089,0.0,5.9738,0.0,0.0088,0,90,0,0.01,0,False,False,False,False,False,False
1782461899.071,0,0,0,0,0,7.22,-9.43,0.636,0.0,6.2395,0.0,0.0102,0,90,0,0.01,0,False,False,False,False,False,False
1782461899.091,0,0,0,0,0,7.26,-9.36,0.6546,0.0,6.4217,0.0,0.0116,0,90,0,0.01,0,False,False,False,False,False,False
1782461899.115,0,0,0,0,0,7.36,-9.19,0.6672,0.0,6.5455,0.0,0.013,0,90,0,0.01,0,False,False,False,False,False,False
1782461899.14,0,0,0,0,0,7.45,-9.01,0.6758,0.0,6.6297,0.0,0.0144,0,90,0,0.01,0,False,False,False,False,False,False
1782461899.165,0,0,0,0,0,7.48,-8.91,0.6816,0.0,6.6869,0.0,0.0158,0,90,0,0.01,0,False,False,False,False,False,False
1782461899.184,0,0,0,0,0,7.48,-8.89,0.6856,0.0,6.7257,0.0,0.0171,0,90,0,0.01,0,False,False,False,False,False,False
1782461899.209,0,0,0,0,0,7.48,-8.92,0.5927,0.0,5.8139,0.0,0.0173,0,90,0,0.01,0,False,False,False,False,False,False
1782461899.235,0,0,0,0,0,7.47,-9.0,0.4524,0.0,4.4383,0.0,0.0178,0,90,0,0.01,0,False,False,False,False,False,False
1782461899.256,0,0,0,0,0,7.45,-9.08,0.3752,0.0,3.681,0.0,0.0182,0,90,0,0.01,0,False,False,False,False,False,False
1782461899.407,0,0,0,0,0,7.44,-9.12,0.2938,0.0,2.882,0.0,0.0182,0,90,0,0.01,0,False,False,False,False,False,False
1782461899.413,0,0,0,0,0,7.42,-9.12,0.2112,0.0,2.0717,0.0,0.0183,0,90,0,0.01,0,False,False,False,False,False,False
1782461899.452,0,0,0,0,0,7.42,-9.13,0.1589,0.0,1.5588,0.0,0.0184,0,90,0,0.01,0,False,False,False,False,False,False
1782461899.459,0,0,0,0,0,7.4,-9.16,0.1271,0.0,1.2464,0.0,0.0186,0,90,0,0.01,0,False,False,False,False,False,False
1782461899.465,0,0,0,0,0,7.37,-9.16,0.1083,0.0,1.0623,0.0,0.0187,0,90,0,0.01,0,False,False,False,False,False,False
1782461899.485,0,0,0,0,0,7.38,-9.12,0.0983,0.0,0.964,0.0,0.0189,0,90,0,0.01,0,False,False,False,False,False,False
1782461899.508,0,0,0,0,0,7.44,-9.06,0.0924,0.0,0.9066,0.0,0.019,0,90,0,0.01,0,False,False,False,False,False,False
1782461899.533,0,0,0,0,0,7.5,-9.01,0.0892,0.0,0.8754,0.0,0.0192,0,90,0,0.01,0,False,False,False,False,False,False
1782461899.556,0,0,0,0,0,7.52,-9.02,0.0895,0.0,0.8778,0.0,0.0194,0,90,0,0.01,0,False,False,False,False,False,False
1782461899.583,0,0,0,0,0,7.52,-8.91,0.0927,0.0,0.9093,0.0,0.0196,0,90,0,0.01,0,False,False,False,False,False,False
1782461899.604,0,0,0,0,0,7.51,-8.47,0.0982,0.0,0.9637,0.0,0.0198,0,90,0,0.01,0,False,False,False,False,False,False
1782461899.628,0,0,0,0,0,7.51,-7.82,0.1028,0.0,1.0085,0.0,0.0201,0,90,0,0.01,0,False,False,False,False,False,False
1782461899.653,0,0,0,0,0,7.6,-7.14,0.1022,0.0,1.0029,0.0,0.0202,0,90,0,0.01,0,False,False,False,False,False,False
1782461899.677,0,0,0,0,0,7.85,-6.51,0.0985,0.0,0.966,0.0,0.0204,0,90,0,0.01,0,False,False,False,False,False,False
1782461899.7,0,0,0,0,0,8.14,-6.04,0.0954,0.0,0.9362,0.0,0.0206,0,90,0,0.01,0,False,False,False,False,False,False
1782461899.725,0,0,0,0,0,8.37,-5.68,0.094,0.0,0.9223,0.0,0.0208,0,90,0,0.01,0,False,False,False,False,False,False
1782461899.749,0,0,0,0,0,8.61,-5.3,0.0938,0.0,0.9207,0.0,0.021,0,90,0,0.01,0,False,False,False,False,False,False
1782461899.772,0,0,0,0,0,8.86,-4.87,0.096,0.0,0.9416,0.0,0.0212,0,90,0,0.01,0,False,False,False,False,False,False
1782461899.797,0,0,0,0,0,9.05,-4.5,0.1032,0.0,1.0124,0.0,0.0214,0,90,0,0.01,0,False,False,False,False,False,False
1782461899.819,0,0,0,0,0,9.15,-4.21,0.1147,0.0,1.1249,0.0,0.0217,0,90,0,0.01,0,False,False,False,False,False,False
1782461899.844,0,0,0,0,0,9.22,-3.9,0.129,0.0,1.2658,0.0,0.0221,0,90,0,0.01,0,False,False,False,False,False,False
1782461899.869,0,0,0,0,0,9.28,-3.42,0.1466,0.0,1.4386,0.0,0.0225,0,90,0,0.01,0,False,False,False,False,False,False
1782461899.89,0,0,0,0,0,9.26,-2.74,0.1636,0.0,1.6047,0.0,0.0229,0,90,0,0.01,0,False,False,False,False,False,False
1782461899.915,0,0,0,0,0,9.24,-2.01,0.1773,0.0,1.7396,0.0,0.0233,0,90,0,0.01,0,False,False,False,False,False,False
1782461899.933,0,0,0,0,0,9.94,-1.52,0.1884,0.0,1.8486,0.0,0.0237,0,90,0,0.01,0,False,False,False,False,False,False
1782461899.958,0,0,0,0,0,11.89,-1.42,0.1965,0.0,1.9274,0.0,0.0242,0,90,0,0.01,0,False,False,False,False,False,False
1782461899.984,0,0,0,0,0,14.07,-1.62,0.2019,0.0,1.9809,0.0,0.0246,0,90,0,0.01,0,False,False,False,False,False,False
1782461900.006,0,0,0,0,0,15.56,-1.9,0.2052,0.0,2.0126,0.0,0.025,0,90,0,0.02,0,False,False,False,False,False,False
1782461900.029,0,0,0,0,0,16.44,-2.08,0.2054,0.0,2.0152,0.0,0.0254,0,90,0,0.02,0,False,False,False,False,False,False
1782461900.053,0,0,0,0,0,16.96,-2.09,0.2038,0.0,1.9997,0.0,0.0258,0,90,0,0.02,0,False,False,False,False,False,False
1782461900.072,0,0,0,0,0,17.2,-1.94,0.2021,0.0,1.9829,0.0,0.0262,0,90,0,0.03,0,False,False,False,False,False,False
1782461900.095,0,0,0,0,0,17.13,-1.78,0.2015,0.0,1.9762,0.0,0.0266,0,90,0,0.05,0,False,False,False,False,False,False
1782461900.121,0,0,0,0,0,16.71,-1.75,0.2029,0.0,1.9905,0.0,0.027,0,90,0,0.07,0,False,False,False,False,False,False
1782461900.144,0,0,0,0,0,16.21,-1.63,0.205,0.0,2.0112,0.0,0.0274,0,90,0,0.08,0,False,False,False,False,False,False
1782461900.167,0,0,0,0,0,16.14,-1.11,0.205,0.0,2.0112,0.0,0.0278,0,90,0,0.08,0,False,False,False,False,False,False
1782461900.191,0,0,0,0,0,15.42,-0.52,0.2029,0.0,1.9907,0.0,0.0282,0,90,0,0.08,0,False,False,False,False,False,False
1782461900.217,0,0,0,0,0,12.87,-0.18,0.2004,0.0,1.9658,0.0,0.0286,0,90,0,0.09,0,False,False,False,False,False,False
1782461900.239,0,0,0,0,0,9.99,-0.06,0.1983,0.0,1.9457,0.0,0.029,0,90,0,0.1,0,False,False,False,False,False,False
1782461900.263,0,0,0,0,0,8.47,0.01,0.1961,0.0,1.9242,0.0,0.0294,0,90,0,0.1,0,False,False,False,False,False,False
1782461900.287,0,0,0,0,0,8.15,0.11,0.1932,0.0,1.8955,0.0,0.0298,0,90,0,0.1,0,False,False,False,False,False,False
1782461900.311,0,0,0,0,0,8.32,0.22,0.1904,0.0,1.8681,0.0,0.0301,0,90,0,0.1,0,False,False,False,False,False,False
1782461900.335,0,0,0,0,0,8.5,0.25,0.1887,0.0,1.851,0.0,0.0305,0,90,0,0.11,0,False,False,False,False,False,False
1782461900.36,0,0,0,0,0,8.56,0.19,0.1875,0.0,1.8394,0.0,0.0309,0,90,0,0.12,0,False,False,False,False,False,False
1782461900.384,0,0,0,0,0,8.54,0.08,0.1864,0.0,1.8284,0.0,0.0312,0,90,0,0.12,0,False,False,False,False,False,False
1782461900.408,0,0,0,0,0,8.51,-0.04,0.1858,0.0,1.8225,0.0,0.0316,0,90,0,0.12,0,False,False,False,False,False,False
1782461900.43,0,0,0,0,0,8.47,-0.18,0.1855,0.0,1.82,0.0,0.032,0,90,0,0.12,0,False,False,False,False,False,False
1782461900.455,0,0,0,0,0,8.44,-0.33,0.1852,0.0,1.8168,0.0,0.0323,0,90,0,0.14,0,False,False,False,False,False,False
1782461900.478,0,0,0,0,0,8.41,-0.52,0.185,0.0,1.8146,0.0,0.0327,0,90,0,0.16,0,False,False,False,False,False,False
1782461900.498,0,0,0,0,0,8.38,-0.73,0.185,0.0,1.8147,0.0,0.0331,0,90,0,0.17,0,False,False,False,False,False,False
1782461900.521,0,0,0,0,0,8.35,-0.95,0.1847,0.0,1.8116,0.0,0.0334,0,90,0,0.17,0,False,False,False,False,False,False
1782461900.546,0,0,0,0,0,8.32,-1.17,0.184,0.0,1.8048,0.0,0.0338,0,90,0,0.17,0,False,False,False,False,False,False
1782461900.569,0,0,0,0,0,8.3,-1.41,0.1835,0.0,1.8001,0.0,0.0342,0,90,0,0.17,0,False,False,False,False,False,False
1782461900.591,0,0,0,0,0,8.3,-1.67,0.1835,0.0,1.8001,0.0,0.0345,0,90,0,0.18,0,False,False,False,False,False,False
1782461900.616,0,0,0,0,0,8.31,-1.91,0.1838,0.0,1.8033,0.0,0.0349,0,90,0,0.19,0,False,False,False,False,False,False
1782461900.634,0,0,0,0,0,8.31,-2.08,0.1842,0.0,1.807,0.0,0.0353,0,90,0,0.19,0,False,False,False,False,False,False
1782461900.66,0,0,0,0,0,8.3,-2.2,0.1846,0.0,1.8111,0.0,0.0357,0,90,0,0.19,0,False,False,False,False,False,False
1782461900.683,0,0,0,0,0,8.28,-2.29,0.1849,0.0,1.8139,0.0,0.036,0,90,0,0.19,0,False,False,False,False,False,False
1782461900.708,0,0,0,0,0,8.25,-2.38,0.1848,0.0,1.8126,0.0,0.0364,0,90,0,0.19,0,False,False,False,False,False,False
1782461900.731,0,0,0,0,0,8.23,-2.46,0.1848,0.0,1.8133,0.0,0.0368,0,90,0,0.19,0,False,False,False,False,False,False
1782461900.755,0,0,0,0,0,8.21,-2.54,0.1855,0.0,1.8201,0.0,0.0371,0,90,0,0.19,0,False,False,False,False,False,False
1782461900.779,0,0,0,0,0,8.19,-2.62,0.1862,0.0,1.8263,0.0,0.0375,0,90,0,0.19,0,False,False,False,False,False,False
1782461900.801,0,0,0,0,0,8.17,-2.69,0.1868,0.0,1.832,0.0,0.0379,0,90,0,0.19,0,False,False,False,False,False,False
1782461900.826,0,0,0,0,0,8.15,-2.76,0.1881,0.0,1.8454,0.0,0.0383,0,90,0,0.19,0,False,False,False,False,False,False
1782461900.845,0,0,0,0,0,8.13,-2.83,0.1905,0.0,1.8686,0.0,0.0387,0,90,0,0.19,0,False,False,False,False,False,False
1782461900.869,0,0,0,0,0,8.11,-2.89,0.1943,0.0,1.9064,0.0,0.0391,0,90,0,0.19,0,False,False,False,False,False,False
1782461900.894,0,0,0,0,0,8.09,-2.96,0.199,0.0,1.9525,0.0,0.0395,0,90,0,0.19,0,False,False,False,False,False,False
1782461900.919,0,0,0,0,0,8.07,-3.03,0.2027,0.0,1.9885,0.0,0.0399,0,90,0,0.19,0,False,False,False,False,False,False
1782461900.943,0,0,0,0,0,8.04,-3.11,0.2057,0.0,2.0178,0.0,0.0404,0,90,0,0.19,0,False,False,False,False,False,False
1782461900.96,0,0,0,0,0,8.02,-3.18,0.2085,0.0,2.0455,0.0,0.0408,0,90,0,0.19,0,False,False,False,False,False,False
1782461900.985,0,0,0,0,0,8.0,-3.24,0.2111,0.0,2.0706,0.0,0.0412,0,90,0,0.19,0,False,False,False,False,False,False
1782461901.003,0,0,0,0,0,7.97,-3.29,0.2136,0.0,2.0955,0.0,0.0417,0,90,0,0.19,0,False,False,False,False,False,False
1782461901.027,0,0,0,0,0,7.95,-3.35,0.2157,0.0,2.1156,0.0,0.0421,0,90,0,0.19,0,False,False,False,False,False,False
1782461901.052,0,0,0,0,0,7.92,-3.41,0.2172,0.0,2.1308,0.0,0.0425,0,90,0,0.19,0,False,False,False,False,False,False
1782461901.075,0,0,0,0,0,7.89,-3.48,0.2191,0.0,2.149,0.0,0.043,0,90,0,0.19,0,False,False,False,False,False,False
1782461901.099,0,0,0,0,0,7.86,-3.59,0.2219,0.0,2.1771,0.0,0.0435,0,90,0,0.19,0,False,False,False,False,False,False
1782461901.211,0,0,0,0,0,7.86,-3.68,0.2268,0.0,2.2245,0.0,0.0439,0,90,0,0.19,0,False,False,False,False,False,False
1782461901.237,0,0,0,0,0,7.86,-3.66,0.2323,0.0,2.2787,0.0,0.0444,0,90,0,0.19,0,False,False,False,False,False,False
1782461901.261,0,0,0,0,0,7.8,-3.85,0.2364,0.0,2.3187,0.0,0.0449,0,90,0,0.19,0,False,False,False,False,False,False
1782461901.283,0,0,0,0,0,7.47,-4.46,0.2391,0.0,2.3458,0.0,0.0454,0,90,0,0.19,0,False,False,False,False,False,False
1782461901.303,0,0,0,0,0,6.85,-4.98,0.241,0.0,2.3643,0.0,0.0459,0,90,0,0.19,0,False,False,False,False,False,False
1782461901.326,0,0,0,0,0,6.33,-5.05,0.2421,0.0,2.3753,0.0,0.0464,0,90,0,0.19,0,False,False,False,False,False,False
1782461901.35,0,0,0,0,0,6.11,-4.89,0.2437,0.0,2.3906,0.0,0.0469,0,90,0,0.19,0,False,False,False,False,False,False
1782461901.376,0,0,0,0,0,6.27,-4.77,0.2467,0.0,2.4198,0.0,0.0474,0,90,0,0.19,0,False,False,False,False,False,False
1782461901.397,0,0,0,0,0,6.86,-4.8,0.2495,0.0,2.4476,0.0,0.0479,0,90,0,0.19,0,False,False,False,False,False,False
1782461901.423,0,0,0,0,0,7.4,-4.88,0.2516,0.0,2.468,0.0,0.0484,0,90,0,0.2,0,False,False,False,False,False,False
1782461901.441,0,0,0,0,0,7.59,-4.98,0.2538,0.0,2.4898,0.0,0.049,0,90,0,0.2,0,False,False,False,False,False,False
1782461901.466,0,0,0,0,0,7.6,-5.12,0.2559,0.0,2.5108,0.0,0.0495,0,90,0,0.19,0,False,False,False,False,False,False
1782461901.49,0,0,0,0,0,7.54,-5.29,0.2576,0.0,2.5267,0.0,0.05,0,90,0,0.19,0,False,False,False,False,False,False
1782461901.513,0,0,0,0,0,7.5,-5.48,0.2587,0.0,2.5375,0.0,0.0505,0,90,0,0.19,0,False,False,False,False,False,False
1782461901.537,0,0,0,0,0,7.49,-5.6,0.2593,0.0,2.5433,0.0,0.051,0,90,0,0.19,0,False,False,False,False,False,False
1782461901.559,0,0,0,0,0,7.5,-5.65,0.2598,0.0,2.5488,0.0,0.0516,0,90,0,0.19,0,False,False,False,False,False,False
1782461901.586,0,0,0,0,0,7.5,-5.68,0.2612,0.0,2.5619,0.0,0.0521,0,90,0,0.17,0,False,False,False,False,False,False
1782461901.61,0,0,0,0,0,7.5,-5.72,0.2632,0.0,2.5819,0.0,0.0526,0,90,0,0.15,0,False,False,False,False,False,False
1782461901.632,0,0,0,0,0,7.48,-5.76,0.265,0.0,2.6001,0.0,0.0532,0,90,0,0.14,0,False,False,False,False,False,False
1782461901.651,0,0,0,0,0,7.47,-5.8,0.266,0.0,2.6094,0.0,0.0537,0,90,0,0.14,0,False,False,False,False,False,False
1782461901.673,0,0,0,0,0,7.45,-5.88,0.266,0.0,2.6094,0.0,0.0542,0,90,0,0.14,0,False,False,False,False,False,False
1782461901.699,0,0,0,0,0,7.44,-6.01,0.265,0.0,2.6,0.0,0.0548,0,90,0,0.13,0,False,False,False,False,False,False
1782461901.722,0,0,0,0,0,7.44,-6.12,0.2637,0.0,2.5873,0.0,0.0553,0,90,0,0.12,0,False,False,False,False,False,False
1782461901.745,0,0,0,0,0,7.45,-6.1,0.263,0.0,2.5803,0.0,0.0558,0,90,0,0.12,0,False,False,False,False,False,False
1782461901.77,0,0,0,0,0,7.38,-6.08,0.2633,0.0,2.5833,0.0,0.0563,0,90,0,0.12,0,False,False,False,False,False,False
1782461901.794,0,0,0,0,0,7.19,-6.6,0.2647,0.0,2.5964,0.0,0.0569,0,90,0,0.12,0,False,False,False,False,False,False
1782461901.812,0,0,0,0,0,6.98,-7.97,0.2662,0.0,2.6116,0.0,0.0574,0,90,0,0.12,0,False,False,False,False,False,False
1782461901.838,0,0,0,0,0,6.8,-9.56,0.2678,0.0,2.6266,0.0,0.058,0,90,0,0.11,0,False,False,False,False,False,False
1782461901.857,0,0,0,0,0,6.62,-10.85,0.2694,0.0,2.6431,0.0,0.0585,0,90,0,0.1,0,False,False,False,False,False,False
1782461901.881,0,0,0,0,0,6.42,-11.91,0.2709,0.0,2.6575,0.0,0.0591,0,90,0,0.1,0,False,False,False,False,False,False
1782461901.899,0,0,0,0,0,6.24,-12.8,0.2716,0.0,2.6641,0.0,0.0596,0,90,0,0.1,0,False,False,False,False,False,False
1782461901.924,0,0,0,0,0,6.09,-13.47,0.2712,0.0,2.6607,0.0,0.0601,0,90,0,0.08,0,False,False,False,False,False,False
1782461901.948,0,0,0,0,0,5.96,-14.03,0.271,0.0,2.6585,0.0,0.0607,0,90,0,0.07,0,False,False,False,False,False,False
1782461901.973,0,0,0,0,0,5.82,-14.64,0.2715,0.0,2.6632,0.0,0.0612,0,90,0,0.06,0,False,False,False,False,False,False
1782461901.991,0,0,0,0,0,5.66,-15.26,0.2721,0.0,2.6695,0.0,0.0618,0,90,0,0.06,0,False,False,False,False,False,False
1782461902.017,0,0,0,0,0,5.5,-15.8,0.2724,0.0,2.6723,0.0,0.0623,0,90,0,0.06,0,False,False,False,False,False,False
1782461902.036,0,0,0,0,0,5.36,-16.3,0.272,0.0,2.6679,0.0,0.0629,0,90,0,0.05,0,False,False,False,False,False,False
1782461902.059,0,0,0,0,0,5.2,-16.84,0.271,0.0,2.6586,0.0,0.0634,0,90,0,0.04,0,False,False,False,False,False,False
1782461902.077,0,0,0,0,0,5.02,-17.45,0.2699,0.0,2.6476,0.0,0.0639,0,90,0,0.04,0,False,False,False,False,False,False
1782461902.103,0,0,0,0,0,4.83,-18.1,0.2691,0.0,2.6401,0.0,0.0645,0,90,0,0.05,0,False,False,False,False,False,False
1782461902.127,0,0,0,0,0,4.6,-18.75,0.2689,0.0,2.6381,0.0,0.065,0,90,0,0.05,0,False,False,False,False,False,False
1782461902.152,0,0,0,0,0,4.33,-19.43,0.2691,0.0,2.6399,0.0,0.0655,0,90,0,0.05,0,False,False,False,False,False,False
1782461902.17,0,0,0,0,0,4.07,-20.05,0.2696,0.0,2.6443,0.0,0.0661,0,90,0,0.05,0,False,False,False,False,False,False
1782461902.193,0,0,0,0,0,3.89,-20.45,0.2705,0.0,2.6536,0.0,0.0666,0,90,0,0.05,0,False,False,False,False,False,False
1782461902.212,0,0,0,0,0,3.83,-20.61,0.2718,0.0,2.6662,0.0,0.0672,0,90,0,0.05,0,False,False,False,False,False,False
1782461902.237,0,0,0,0,0,3.84,-20.59,0.273,0.0,2.6779,0.0,0.0677,0,90,0,0.05,0,False,False,False,False,False,False
1782461902.256,0,0,0,0,0,3.86,-20.49,0.2738,0.0,2.6858,0.0,0.0683,0,90,0,0.05,0,False,False,False,False,False,False
1782461902.281,0,0,0,0,0,3.88,-20.35,0.2743,0.0,2.6912,0.0,0.0688,0,90,0,0.05,0,False,False,False,False,False,False
1782461902.306,0,0,0,0,0,3.89,-20.18,0.2753,0.0,2.7012,0.0,0.0694,0,90,0,0.05,0,False,False,False,False,False,False
1782461902.325,0,0,0,0,0,3.89,-20.02,0.2767,0.0,2.7142,0.0,0.07,0,90,0,0.05,0,False,False,False,False,False,False
1782461902.349,0,0,0,0,0,3.89,-19.85,0.2782,0.0,2.7294,0.0,0.0705,0,90,0,0.05,0,False,False,False,False,False,False
1782461902.372,0,0,0,0,0,3.9,-19.6,0.2799,0.0,2.746,0.0,0.0711,0,90,0,0.06,0,False,False,False,False,False,False
1782461902.398,0,0,0,0,0,4.06,-19.21,0.2814,0.0,2.7604,0.0,0.0717,0,90,0,0.06,0,False,False,False,False,False,False
1782461902.417,0,0,0,0,0,4.41,-18.75,0.2825,0.0,2.7717,0.0,0.0722,0,90,0,0.06,0,False,False,False,False,False,False
1782461902.44,0,0,0,0,0,4.75,-18.35,0.2832,0.0,2.7779,0.0,0.0728,0,90,0,0.06,0,False,False,False,False,False,False
1782461902.458,0,0,0,0,0,4.87,-18.07,0.2833,0.0,2.7789,0.0,0.0734,0,90,0,0.06,0,False,False,False,False,False,False
1782461902.484,0,0,0,0,0,4.81,-17.86,0.283,0.0,2.7765,0.0,0.0739,0,90,0,0.06,0,False,False,False,False,False,False
1782461902.503,0,0,0,0,0,4.67,-17.64,0.2824,0.0,2.7701,0.0,0.0745,0,90,0,0.06,0,False,False,False,False,False,False
1782461902.526,0,0,0,0,0,4.64,-17.34,0.2815,0.0,2.7611,0.0,0.075,0,90,0,0.06,0,False,False,False,False,False,False
1782461902.551,0,0,0,0,0,4.44,-16.92,0.2805,0.0,2.7518,0.0,0.0756,0,90,0,0.06,0,False,False,False,False,False,False
1782461902.575,0,0,0,0,0,3.75,-16.45,0.2795,0.0,2.7423,0.0,0.0762,0,90,0,0.06,0,False,False,False,False,False,False
1782461902.595,0,0,0,0,0,2.87,-16.05,0.2789,0.0,2.7359,0.0,0.0767,0,90,0,0.06,0,False,False,False,False,False,False
1782461902.618,0,0,0,0,0,2.23,-15.81,0.2788,0.0,2.7347,0.0,0.0773,0,90,0,0.06,0,False,False,False,False,False,False
1782461902.637,0,0,0,0,0,1.83,-15.71,0.279,0.0,2.737,0.0,0.0778,0,90,0,0.06,0,False,False,False,False,False,False
1782461902.662,0,0,0,0,0,1.57,-15.75,0.2796,0.0,2.7433,0.0,0.0784,0,90,0,0.06,0,False,False,False,False,False,False
1782461902.687,0,0,0,0,0,1.31,-15.88,0.2807,0.0,2.7538,0.0,0.079,0,90,0,0.06,0,False,False,False,False,False,False
1782461902.711,0,0,0,0,0,1.01,-16.11,0.2819,0.0,2.7657,0.0,0.0795,0,90,0,0.06,0,False,False,False,False,False,False
1782461902.736,0,0,0,0,0,0.63,-16.28,0.2829,0.0,2.7754,0.0,0.0801,0,90,0,0.06,0,False,False,False,False,False,False
1782461902.759,0,0,0,0,0,0.17,-16.38,0.2836,0.0,2.7819,0.0,0.0807,0,90,0,0.06,0,False,False,False,False,False,False
1782461902.783,0,0,0,0,0,-0.36,-16.67,0.2842,0.0,2.788,0.0,0.0812,0,90,0,0.06,0,False,False,False,False,False,False
1782461902.803,0,0,0,0,0,-0.92,-17.03,0.2849,0.0,2.7952,0.0,0.0818,0,90,0,0.06,0,False,False,False,False,False,False
1782461902.825,0,0,0,0,0,-1.5,-17.21,0.2862,0.0,2.808,0.0,0.0824,0,90,0,0.06,0,False,False,False,False,False,False
1782461902.853,0,0,0,0,0,-2.19,-17.27,0.2882,0.0,2.8277,0.0,0.083,0,90,0,0.06,0,False,False,False,False,False,False
1782461902.875,0,0,0,0,0,-3.15,-17.29,0.2901,0.0,2.8458,0.0,0.0836,0,90,0,0.06,0,False,False,False,False,False,False
1782461902.894,0,0,0,0,0,-4.45,-17.26,0.2912,0.0,2.8565,0.0,0.0842,0,90,0,0.06,0,False,False,False,False,False,False
1782461902.917,0,0,0,0,0,-5.98,-17.33,0.2916,0.0,2.8606,0.0,0.0847,0,90,0,0.06,0,False,False,False,False,False,False
1782461902.937,0,0,0,0,0,-7.61,-17.55,0.2916,0.0,2.8603,0.0,0.0853,0,90,0,0.06,0,False,False,False,False,False,False
1782461902.962,0,0,0,0,0,-9.13,-17.54,0.2907,0.0,2.8522,0.0,0.0859,0,90,0,0.06,0,False,False,False,False,False,False
1782461902.982,0,0,0,0,0,-10.36,-17.08,0.2894,0.0,2.8389,0.0,0.0865,0,90,0,0.06,0,False,False,False,False,False,False
1782461903.006,0,0,0,0,0,-11.23,-16.34,0.2881,0.0,2.8267,0.0,0.087,0,90,0,0.05,0,False,False,False,False,False,False
1782461903.03,0,0,0,0,0,-11.84,-15.56,0.2871,0.0,2.8168,0.0,0.0876,0,90,0,0.05,0,False,False,False,False,False,False
1782461903.054,0,0,0,0,0,-12.3,-14.89,0.286,0.0,2.8054,0.0,0.0882,0,90,0,0.06,0,False,False,False,False,False,False
1782461903.08,0,0,0,0,0,-12.65,-14.4,0.2845,0.0,2.7913,0.0,0.0887,0,90,0,0.06,0,False,False,False,False,False,False
1782461903.098,0,0,0,0,0,-12.88,-14.09,0.2836,0.0,2.7818,0.0,0.0893,0,90,0,0.06,0,False,False,False,False,False,False
1782461903.123,0,0,0,0,0,-12.95,-13.91,0.2832,0.0,2.7784,0.0,0.0899,0,90,0,0.06,0,False,False,False,False,False,False
1782461903.147,0,0,0,0,0,-12.86,-13.83,0.2832,0.0,2.7777,0.0,0.0904,0,90,0,0.06,0,False,False,False,False,False,False
1782461903.17,0,0,0,0,0,-12.7,-13.86,0.2833,0.0,2.7788,0.0,0.091,0,90,0,0.06,0,False,False,False,False,False,False
1782461903.189,0,0,0,0,0,-12.57,-13.99,0.2835,0.0,2.7811,0.0,0.0916,0,90,0,0.06,0,False,False,False,False,False,False
1782461903.214,0,0,0,0,0,-12.57,-14.12,0.283,0.0,2.7764,0.0,0.0921,0,90,0,0.06,0,False,False,False,False,False,False
1782461903.234,0,0,0,0,0,-12.64,-14.17,0.2814,0.0,2.7606,0.0,0.0927,0,90,0,0.06,0,False,False,False,False,False,False
1782461903.257,0,0,0,0,0,-12.71,-14.11,0.2798,0.0,2.7452,0.0,0.0932,0,90,0,0.06,0,False,False,False,False,False,False
1782461903.283,0,0,0,0,0,-12.76,-13.99,0.2794,0.0,2.741,0.0,0.0938,0,90,0,0.06,0,False,False,False,False,False,False
1782461903.305,0,0,0,0,0,-12.81,-13.89,0.2798,0.0,2.7444,0.0,0.0944,0,90,0,0.06,0,False,False,False,False,False,False
1782461903.33,0,0,0,0,0,-12.87,-13.87,0.28,0.0,2.7468,0.0,0.0949,0,90,0,0.05,0,False,False,False,False,False,False
1782461903.349,0,0,0,0,0,-12.92,-13.89,0.2802,0.0,2.7483,0.0,0.0955,0,90,0,0.05,0,False,False,False,False,False,False
1782461903.374,0,0,0,0,0,-12.93,-13.93,0.2806,0.0,2.7526,0.0,0.096,0,90,0,0.05,0,False,False,False,False,False,False
1782461903.392,0,0,0,0,0,-12.91,-13.94,0.281,0.0,2.757,0.0,0.0966,0,90,0,0.05,0,False,False,False,False,False,False
1782461903.418,0,0,0,0,0,-12.89,-13.89,0.2812,0.0,2.7584,0.0,0.0972,0,90,0,0.05,0,False,False,False,False,False,False
1782461903.44,0,0,0,0,0,-12.87,-13.83,0.2816,0.0,2.7626,0.0,0.0977,0,90,0,0.04,0,False,False,False,False,False,False
1782461903.465,0,0,0,0,0,-12.87,-13.82,0.2825,0.0,2.7717,0.0,0.0983,0,90,0,0.04,0,False,False,False,False,False,False
1782461903.484,0,0,0,0,0,-12.88,-13.79,0.2833,0.0,2.7794,0.0,0.0989,0,90,0,0.04,0,False,False,False,False,False,False
1782461903.509,0,0,0,0,0,-12.84,-13.65,0.2835,0.0,2.7815,0.0,0.0994,0,90,0,0.04,0,False,False,False,False,False,False
1782461903.532,0,0,0,0,0,-12.29,-13.53,0.2834,0.0,2.7798,0.0,0.1,0,90,0,0.04,0,False,False,False,False,False,False
1782461903.557,0,0,0,0,0,-10.84,-13.53,0.2836,0.0,2.7818,0.0,0.1006,0,90,0,0.04,0,False,False,False,False,False,False
1782461903.575,0,0,0,0,0,-9.02,-13.55,0.284,0.0,2.7863,0.0,0.1011,0,90,0,0.04,0,False,False,False,False,False,False
1782461903.6,0,0,0,0,0,-7.48,-13.57,0.2843,0.0,2.7894,0.0,0.1017,0,90,0,0.04,0,False,False,False,False,False,False
1782461903.619,0,0,0,0,0,-6.25,-13.98,0.2846,0.0,2.7914,0.0,0.1023,0,90,0,0.04,0,False,False,False,False,False,False
1782461903.644,0,0,0,0,0,-5.08,-15.04,0.2847,0.0,2.7929,0.0,0.1029,0,90,0,0.04,0,False,False,False,False,False,False
1782461903.662,0,0,0,0,0,-3.71,-16.13,0.2848,0.0,2.7938,0.0,0.1034,0,90,0,0.05,0,False,False,False,False,False,False
1782461903.687,0,0,0,0,0,-2.0,-16.68,0.285,0.0,2.796,0.0,0.104,0,90,0,0.05,0,False,False,False,False,False,False
1782461903.711,0,0,0,0,0,0.02,-16.77,0.2855,0.0,2.8007,0.0,0.1046,0,90,0,0.06,0,False,False,False,False,False,False
1782461903.736,0,0,0,0,0,2.09,-16.69,0.2861,0.0,2.807,0.0,0.1052,0,90,0,0.06,0,False,False,False,False,False,False
1782461903.76,0,0,0,0,0,3.85,-16.64,0.2864,0.0,2.8097,0.0,0.1057,0,90,0,0.06,0,False,False,False,False,False,False
1782461903.784,0,0,0,0,0,4.99,-16.63,0.286,0.0,2.8053,0.0,0.1063,0,90,0,0.06,0,False,False,False,False,False,False
1782461903.807,0,0,0,0,0,5.46,-16.7,0.2853,0.0,2.7991,0.0,0.1069,0,90,0,0.06,0,False,False,False,False,False,False
1782461903.827,0,0,0,0,0,5.54,-16.91,0.2851,0.0,2.7965,0.0,0.1074,0,90,0,0.06,0,False,False,False,False,False,False
1782461903.853,0,0,0,0,0,5.6,-17.14,0.2852,0.0,2.7979,0.0,0.108,0,90,0,0.06,0,False,False,False,False,False,False
1782461903.877,0,0,0,0,0,5.67,-17.31,0.2853,0.0,2.7988,0.0,0.1086,0,90,0,0.06,0,False,False,False,False,False,False
1782461903.899,0,0,0,0,0,5.75,-17.32,0.2852,0.0,2.7978,0.0,0.1091,0,90,0,0.06,0,False,False,False,False,False,False
1782461903.923,0,0,0,0,0,5.98,-17.09,0.2859,0.0,2.8051,0.0,0.1097,0,90,0,0.06,0,False,False,False,False,False,False
1782461903.949,0,0,0,0,0,6.18,-16.72,0.2882,0.0,2.8273,0.0,0.1103,0,90,0,0.07,0,False,False,False,False,False,False
1782461903.973,0,0,0,0,0,6.19,-16.46,0.291,0.0,2.8549,0.0,0.1109,0,90,0,0.07,0,False,False,False,False,False,False
1782461903.992,0,0,0,0,0,6.2,-16.43,0.2933,0.0,2.8768,0.0,0.1115,0,90,0,0.08,0,False,False,False,False,False,False
1782461904.017,0,0,0,0,0,6.35,-16.63,0.2948,0.0,2.8918,0.0,0.1121,0,90,0,0.08,0,False,False,False,False,False,False
1782461904.036,0,0,0,0,0,6.54,-16.95,0.296,0.0,2.9035,0.0,0.1127,0,90,0,0.08,0,False,False,False,False,False,False
1782461904.06,0,0,0,0,0,6.67,-17.29,0.2971,0.0,2.9146,0.0,0.1133,0,90,0,0.08,0,False,False,False,False,False,False
1782461904.084,0,0,0,0,0,6.71,-17.56,0.2982,0.0,2.9252,0.0,0.1139,0,90,0,0.08,0,False,False,False,False,False,False
1782461904.109,0,0,0,0,0,6.71,-17.69,0.2993,0.0,2.9356,0.0,0.1145,0,90,0,0.08,0,False,False,False,False,False,False
1782461904.127,0,0,0,0,0,6.7,-17.7,0.3001,0.0,2.9443,0.0,0.1151,0,90,0,0.08,0,False,False,False,False,False,False
1782461904.154,0,0,0,0,0,6.71,-17.68,0.3006,0.0,2.9486,0.0,0.1157,0,90,0,0.08,0,False,False,False,False,False,False
1782461904.17,0,0,0,0,0,6.72,-17.68,0.3007,0.0,2.9499,0.0,0.1163,0,90,0,0.08,0,False,False,False,False,False,False
1782461904.194,0,0,0,0,0,6.74,-17.7,0.3011,0.0,2.954,0.0,0.1169,0,90,0,0.08,0,False,False,False,False,False,False
1782461904.22,0,0,0,0,0,6.77,-17.71,0.302,0.0,2.9631,0.0,0.1175,0,90,0,0.08,0,False,False,False,False,False,False
1782461904.244,0,0,0,0,0,6.8,-17.71,0.3027,0.0,2.9692,0.0,0.1181,0,90,0,0.08,0,False,False,False,False,False,False
1782461904.263,0,0,0,0,0,6.82,-17.71,0.3026,0.0,2.9687,0.0,0.1187,0,90,0,0.08,0,False,False,False,False,False,False
1782461904.288,0,0,0,0,0,6.84,-17.72,0.3021,0.0,2.9636,0.0,0.1193,0,90,0,0.08,0,False,False,False,False,False,False
1782461904.31,0,0,0,0,0,6.86,-17.73,0.3013,0.0,2.9554,0.0,0.1199,0,90,0,0.08,0,False,False,False,False,False,False
1782461904.33,0,0,0,0,0,6.88,-17.73,0.3004,0.0,2.9467,0.0,0.1205,0,90,0,0.08,0,False,False,False,False,False,False
1782461904.354,0,0,0,0,0,6.9,-17.72,0.2998,0.0,2.9408,0.0,0.1211,0,90,0,0.08,0,False,False,False,False,False,False
1782461904.374,0,0,0,0,0,6.91,-17.73,0.2995,0.0,2.9384,0.0,0.1217,0,90,0,0.08,0,False,False,False,False,False,False
1782461904.397,0,0,0,0,0,6.93,-17.72,0.2994,0.0,2.9367,0.0,0.1223,0,90,0,0.08,0,False,False,False,False,False,False
1782461904.422,0,0,0,0,0,6.95,-17.72,0.2989,0.0,2.9324,0.0,0.1229,0,90,0,0.08,0,False,False,False,False,False,False
1782461904.447,0,0,0,0,0,6.97,-17.73,0.298,0.0,2.9233,0.0,0.1235,0,90,0,0.08,0,False,False,False,False,False,False
1782461904.47,0,0,0,0,0,6.99,-17.72,0.2972,0.0,2.9154,0.0,0.1241,0,90,0,0.08,0,False,False,False,False,False,False
1782461904.496,0,0,0,0,0,7.02,-17.72,0.2971,0.0,2.9148,0.0,0.1247,0,90,0,0.08,0,False,False,False,False,False,False
1782461904.515,0,0,0,0,0,7.04,-17.73,0.2972,0.0,2.916,0.0,0.1253,0,90,0,0.07,0,False,False,False,False,False,False
1782461904.539,0,0,0,0,0,7.06,-17.73,0.2968,0.0,2.9121,0.0,0.1259,0,90,0,0.07,0,False,False,False,False,False,False
1782461904.558,0,0,0,0,0,7.08,-17.73,0.2668,0.0,2.6171,0.0,0.1261,0,90,0,0.07,0,False,False,False,False,False,False
1782461904.583,0,0,0,0,0,7.1,-17.73,0.2024,0.0,1.986,0.0,0.1261,0,90,0,0.07,0,False,False,False,False,False,False
1782461904.607,0,0,0,0,0,7.12,-17.73,0.1409,0.0,1.3827,0.0,0.1261,0,90,0,0.07,0,False,False,False,False,False,False
1782461904.632,0,0,0,0,0,7.14,-17.73,0.0958,0.0,0.9397,0.0,0.1261,0,90,0,0.07,0,False,False,False,False,False,False
1782461904.655,0,0,0,0,0,7.16,-17.73,0.0651,0.0,0.6386,0.0,0.1261,0,90,0,0.06,0,False,False,False,False,False,False
1782461904.679,0,0,0,0,0,7.18,-17.73,0.0442,0.0,0.434,0.0,0.1261,0,90,0,0.06,0,False,False,False,False,False,False
1782461904.705,0,0,0,0,0,7.2,-17.73,0.0301,0.0,0.2949,0.0,0.1261,0,90,0,0.06,0,False,False,False,False,False,False
1782461904.727,0,0,0,0,0,7.22,-17.72,0.0204,0.0,0.2004,0.0,0.1261,0,90,0,0.06,0,False,False,False,False,False,False
1782461904.752,0,0,0,0,0,7.23,-17.72,0.0139,0.0,0.1362,0.0,0.1261,0,90,0,0.06,0,False,False,False,False,False,False
1782461904.775,0,0,0,0,0,7.24,-17.72,0.0094,0.0,0.0926,0.0,0.1261,0,90,0,0.06,0,False,False,False,False,False,False
1782461904.801,0,0,0,0,0,7.26,-17.68,0.0064,0.0,0.0629,0.0,0.1261,0,90,0,0.06,0,False,False,False,False,False,False
1782461904.824,0,0,0,0,0,7.27,-17.63,0.0044,0.0,0.0428,0.0,0.1261,0,90,0,0.06,0,False,False,False,False,False,False
1782461904.846,0,0,0,0,0,7.29,-17.63,0.003,0.0,0.0291,0.0,0.1261,0,90,0,0.06,0,False,False,False,False,False,False
1782461904.871,0,0,0,0,0,7.37,-17.65,0.002,0.0,0.0197,0.0,0.1261,0,90,0,0.06,0,False,False,False,False,False,False
1782461904.894,0,0,0,0,0,7.51,-17.35,0.0014,0.0,0.0134,0.0,0.1261,0,90,0,0.06,0,False,False,False,False,False,False
1782461904.92,0,0,0,0,0,7.69,-16.5,0.0222,0.0,0.2181,0.0,0.1264,0,90,0,0.06,0,False,False,False,False,False,False
1782461904.944,0,0,0,0,0,7.93,-15.37,0.0717,0.0,0.703,0.0,0.1269,0,90,0,0.06,0,False,False,False,False,False,False
1782461904.969,0,0,0,0,0,8.2,-14.29,0.1251,0.0,1.2274,0.0,0.1274,0,90,0,0.06,0,False,False,False,False,False,False
1782461904.987,0,0,0,0,0,8.48,-13.34,0.1693,0.0,1.6608,0.0,0.1279,0,90,0,0.06,0,False,False,False,False,False,False
1782461905.013,0,0,0,0,0,8.74,-12.55,0.2025,0.0,1.9867,0.0,0.1285,0,90,0,0.06,0,False,False,False,False,False,False
1782461905.032,0,0,0,0,0,8.95,-11.91,0.2272,0.0,2.2287,0.0,0.129,0,90,0,0.06,0,False,False,False,False,False,False
1782461905.056,0,0,0,0,0,9.07,-11.45,0.2451,0.0,2.4041,0.0,0.1296,0,90,0,0.06,0,False,False,False,False,False,False
1782461905.079,0,0,0,0,0,9.12,-11.12,0.2577,0.0,2.5281,0.0,0.1302,0,90,0,0.06,0,False,False,False,False,False,False
1782461905.103,0,0,0,0,0,9.13,-10.89,0.2666,0.0,2.6154,0.0,0.1307,0,90,0,0.07,0,False,False,False,False,False,False
1782461905.128,0,0,0,0,0,9.15,-10.76,0.2733,0.0,2.6811,0.0,0.1313,0,90,0,0.07,0,False,False,False,False,False,False
1782461905.148,0,0,0,0,0,9.17,-10.7,0.2785,0.0,2.732,0.0,0.1319,0,90,0,0.06,0,False,False,False,False,False,False
1782461905.171,0,0,0,0,0,9.19,-10.63,0.2822,0.0,2.7682,0.0,0.1325,0,90,0,0.05,0,False,False,False,False,False,False
1782461905.196,0,0,0,0,0,9.18,-10.55,0.285,0.0,2.7959,0.0,0.1331,0,90,0,0.05,0,False,False,False,False,False,False
1782461905.222,0,0,0,0,0,9.23,-10.48,0.2876,0.0,2.821,0.0,0.1336,0,90,0,0.06,0,False,False,False,False,False,False
1782461905.239,0,0,0,0,0,9.37,-10.3,0.2893,0.0,2.8381,0.0,0.1342,0,90,0,0.06,0,False,False,False,False,False,False
1782461905.264,0,0,0,0,0,9.51,-10.09,0.2898,0.0,2.8434,0.0,0.1348,0,90,0,0.05,0,False,False,False,False,False,False
1782461905.291,0,0,0,0,0,9.58,-9.95,0.2894,0.0,2.8392,0.0,0.1354,0,90,0,0.05,0,False,False,False,False,False,False
1782461905.312,0,0,0,0,0,9.6,-9.89,0.2875,0.0,2.8206,0.0,0.1359,0,90,0,0.05,0,False,False,False,False,False,False
1782461905.338,0,0,0,0,0,9.6,-9.87,0.2843,0.0,2.7891,0.0,0.1365,0,90,0,0.05,0,False,False,False,False,False,False
1782461905.357,0,0,0,0,0,9.59,-9.89,0.2815,0.0,2.7614,0.0,0.137,0,90,0,0.05,0,False,False,False,False,False,False
1782461905.381,0,0,0,0,0,9.58,-9.91,0.2799,0.0,2.7457,0.0,0.1376,0,90,0,0.04,0,False,False,False,False,False,False
1782461905.405,0,0,0,0,0,9.58,-9.93,0.279,0.0,2.7366,0.0,0.1381,0,90,0,0.04,0,False,False,False,False,False,False
1782461905.429,0,0,0,0,0,9.58,-9.95,0.2782,0.0,2.7289,0.0,0.1387,0,90,0,0.04,0,False,False,False,False,False,False
1782461905.448,0,0,0,0,0,9.58,-9.97,0.2773,0.0,2.7205,0.0,0.1393,0,90,0,0.04,0,False,False,False,False,False,False
1782461905.474,0,0,0,0,0,9.58,-9.99,0.2763,0.0,2.7101,0.0,0.1398,0,90,0,0.04,0,False,False,False,False,False,False
1782461905.497,0,0,0,0,0,9.58,-10.01,0.2747,0.0,2.6951,0.0,0.1403,0,90,0,0.04,0,False,False,False,False,False,False
1782461905.523,0,0,0,0,0,9.58,-10.04,0.2732,0.0,2.6802,0.0,0.1409,0,90,0,0.04,0,False,False,False,False,False,False
1782461905.542,0,0,0,0,0,9.57,-10.08,0.2723,0.0,2.6717,0.0,0.1414,0,90,0,0.04,0,False,False,False,False,False,False
1782461905.565,0,0,0,0,0,9.57,-10.13,0.2719,0.0,2.6675,0.0,0.142,0,90,0,0.04,0,False,False,False,False,False,False
1782461905.591,0,0,0,0,0,9.56,-10.21,0.2719,0.0,2.6677,0.0,0.1425,0,90,0,0.04,0,False,False,False,False,False,False
1782461905.614,0,0,0,0,0,9.53,-10.27,0.2728,0.0,2.6758,0.0,0.1431,0,90,0,0.03,0,False,False,False,False,False,False
1782461905.639,0,0,0,0,0,9.5,-10.32,0.2741,0.0,2.6891,0.0,0.1436,0,90,0,0.03,0,False,False,False,False,False,False
1782461905.657,0,0,0,0,0,9.49,-10.45,0.275,0.0,2.6982,0.0,0.1442,0,90,0,0.03,0,False,False,False,False,False,False
1782461905.682,0,0,0,0,0,9.47,-10.61,0.2745,0.0,2.6933,0.0,0.1447,0,90,0,0.03,0,False,False,False,False,False,False
1782461905.703,0,0,0,0,0,9.43,-10.69,0.2734,0.0,2.6822,0.0,0.1453,0,90,0,0.03,0,False,False,False,False,False,False
1782461905.728,0,0,0,0,0,9.41,-10.72,0.273,0.0,2.6777,0.0,0.1458,0,90,0,0.03,0,False,False,False,False,False,False
1782461905.746,0,0,0,0,0,9.4,-10.73,0.2733,0.0,2.681,0.0,0.1463,0,90,0,0.03,0,False,False,False,False,False,False
1782461905.771,0,0,0,0,0,9.4,-10.73,0.2745,0.0,2.6927,0.0,0.1469,0,90,0,0.03,0,False,False,False,False,False,False
1782461905.791,0,0,0,0,0,9.39,-10.75,0.2761,0.0,2.7084,0.0,0.1475,0,90,0,0.03,0,False,False,False,False,False,False
1782461905.814,0,0,0,0,0,9.39,-10.76,0.2775,0.0,2.7223,0.0,0.148,0,90,0,0.03,0,False,False,False,False,False,False
1782461905.841,0,0,0,0,0,9.38,-10.78,0.2785,0.0,2.7317,0.0,0.1486,0,90,0,0.03,0,False,False,False,False,False,False
1782461905.864,0,0,0,0,0,9.38,-10.8,0.2788,0.0,2.735,0.0,0.1491,0,90,0,0.03,0,False,False,False,False,False,False
1782461905.885,0,0,0,0,0,9.37,-10.82,0.279,0.0,2.7372,0.0,0.1497,0,90,0,0.03,0,False,False,False,False,False,False
1782461905.908,0,0,0,0,0,9.36,-10.83,0.2793,0.0,2.7403,0.0,0.1503,0,90,0,0.03,0,False,False,False,False,False,False
1782461905.933,0,0,0,0,0,9.36,-10.85,0.2797,0.0,2.7439,0.0,0.1508,0,90,0,0.03,0,False,False,False,False,False,False
1782461905.958,0,0,0,0,0,9.35,-10.86,0.2804,0.0,2.7511,0.0,0.1514,0,90,0,0.03,0,False,False,False,False,False,False
1782461905.983,0,0,0,0,0,9.35,-10.87,0.2813,0.0,2.7592,0.0,0.152,0,90,0,0.03,0,False,False,False,False,False,False
1782461906.007,0,0,0,0,0,9.34,-10.89,0.2818,0.0,2.7646,0.0,0.1525,0,90,0,0.03,0,False,False,False,False,False,False
1782461906.031,0,0,0,0,0,9.34,-10.91,0.2822,0.0,2.7684,0.0,0.1531,0,90,0,0.03,0,False,False,False,False,False,False
1782461906.055,0,0,0,0,0,9.32,-10.9,0.2821,0.0,2.7677,0.0,0.1537,0,90,0,0.03,0,False,False,False,False,False,False
1782461906.078,0,0,0,0,0,9.27,-10.87,0.281,0.0,2.7563,0.0,0.1542,0,90,0,0.03,0,False,False,False,False,False,False
1782461906.104,0,0,0,0,0,9.22,-10.85,0.2787,0.0,2.7344,0.0,0.1547,0,90,0,0.03,0,False,False,False,False,False,False
1782461906.122,0,0,0,0,0,9.25,-10.84,0.2763,0.0,2.7101,0.0,0.1553,0,90,0,0.03,0,False,False,False,False,False,False
1782461906.146,0,0,0,0,0,9.32,-10.75,0.2741,0.0,2.6888,0.0,0.1558,0,90,0,0.03,0,False,False,False,False,False,False
1782461906.171,0,0,0,0,0,9.34,-9.81,0.2725,0.0,2.6728,0.0,0.1564,0,90,0,0.03,0,False,False,False,False,False,False
1782461906.194,0,0,0,0,0,9.46,-7.36,0.2715,0.0,2.6635,0.0,0.1569,0,90,0,0.03,0,False,False,False,False,False,False
1782461906.217,0,0,0,0,0,9.83,-4.48,0.2715,0.0,2.6635,0.0,0.1575,0,90,0,0.04,0,False,False,False,False,False,False
1782461906.242,0,0,0,0,0,10.2,-2.28,0.272,0.0,2.6682,0.0,0.158,0,90,0,0.04,0,False,False,False,False,False,False
1782461906.266,0,0,0,0,0,10.38,-0.78,0.2722,0.0,2.6698,0.0,0.1585,0,90,0,0.05,0,False,False,False,False,False,False
1782461906.292,0,0,0,0,0,10.4,0.31,0.2721,0.0,2.6693,0.0,0.1591,0,90,0,0.05,0,False,False,False,False,False,False
1782461906.314,0,0,0,0,0,10.36,1.28,0.2722,0.0,2.6706,0.0,0.1596,0,90,0,0.06,0,False,False,False,False,False,False
1782461906.339,0,0,0,0,0,10.31,2.32,0.2726,0.0,2.6746,0.0,0.1602,0,90,0,0.08,0,False,False,False,False,False,False
1782461906.361,0,0,0,0,0,10.3,3.44,0.2731,0.0,2.6789,0.0,0.1607,0,90,0,0.1,0,False,False,False,False,False,False
1782461906.385,0,0,0,0,0,10.27,4.55,0.2735,0.0,2.6833,0.0,0.1613,0,90,0,0.11,0,False,False,False,False,False,False
1782461906.409,0,0,0,0,0,10.15,5.56,0.2742,0.0,2.6895,0.0,0.1618,0,90,0,0.11,0,False,False,False,False,False,False
1782461906.429,0,0,0,0,0,10.01,6.38,0.2748,0.0,2.6953,0.0,0.1624,0,90,0,0.12,0,False,False,False,False,False,False
1782461906.452,0,0,0,0,0,9.92,6.96,0.275,0.0,2.6977,0.0,0.1629,0,90,0,0.13,0,False,False,False,False,False,False
1782461906.476,0,0,0,0,0,9.86,7.33,0.2748,0.0,2.6961,0.0,0.1635,0,90,0,0.14,0,False,False,False,False,False,False
1782461906.499,0,0,0,0,0,9.83,7.55,0.2746,0.0,2.6935,0.0,0.164,0,90,0,0.14,0,False,False,False,False,False,False
1782461906.525,0,0,0,0,0,9.82,7.67,0.2749,0.0,2.6964,0.0,0.1646,0,90,0,0.13,0,False,False,False,False,False,False
1782461906.548,0,0,0,0,0,9.81,7.72,0.2762,0.0,2.7094,0.0,0.1651,0,90,0,0.14,0,False,False,False,False,False,False
1782461906.572,0,0,0,0,0,9.81,7.69,0.2779,0.0,2.7261,0.0,0.1657,0,90,0,0.14,0,False,False,False,False,False,False
1782461906.595,0,0,0,0,0,9.82,7.6,0.279,0.0,2.7375,0.0,0.1663,0,90,0,0.14,0,False,False,False,False,False,False
1782461906.62,0,0,0,0,0,9.83,7.47,0.2798,0.0,2.7452,0.0,0.1668,0,90,0,0.14,0,False,False,False,False,False,False
1782461906.643,0,0,0,0,0,9.84,7.32,0.2807,0.0,2.7535,0.0,0.1674,0,90,0,0.14,0,False,False,False,False,False,False
1782461906.668,0,0,0,0,0,9.85,7.16,0.2813,0.0,2.7592,0.0,0.168,0,90,0,0.14,0,False,False,False,False,False,False
1782461906.729,0,0,0,0,0,9.86,6.98,0.2818,0.0,2.7647,0.0,0.1685,0,90,0,0.14,0,False,False,False,False,False,False
1782461906.754,0,0,0,0,0,9.88,6.74,0.2824,0.0,2.77,0.0,0.1691,0,90,0,0.14,0,False,False,False,False,False,False
1782461906.774,0,0,0,0,0,9.9,6.52,0.2827,0.0,2.7735,0.0,0.1697,0,90,0,0.14,0,False,False,False,False,False,False
1782461906.796,0,0,0,0,0,9.91,6.35,0.283,0.0,2.776,0.0,0.1702,0,90,0,0.14,0,False,False,False,False,False,False
1782461906.816,0,0,0,0,0,9.91,6.21,0.2827,0.0,2.7729,0.0,0.1708,0,90,0,0.14,0,False,False,False,False,False,False
1782461906.84,0,0,0,0,0,9.92,6.03,0.2813,0.0,2.7598,0.0,0.1713,0,90,0,0.14,0,False,False,False,False,False,False
1782461906.864,0,0,0,0,0,9.93,5.73,0.2793,0.0,2.7399,0.0,0.1719,0,90,0,0.14,0,False,False,False,False,False,False
1782461906.888,0,0,0,0,0,9.94,5.33,0.2771,0.0,2.7186,0.0,0.1724,0,90,0,0.14,0,False,False,False,False,False,False
1782461906.912,0,0,0,0,0,9.96,4.87,0.2752,0.0,2.6993,0.0,0.173,0,90,0,0.14,0,False,False,False,False,False,False
1782461906.937,0,0,0,0,0,10.0,4.4,0.2738,0.0,2.6862,0.0,0.1735,0,90,0,0.14,0,False,False,False,False,False,False
1782461906.96,0,0,0,0,0,10.01,3.95,0.2726,0.0,2.6742,0.0,0.1741,0,90,0,0.14,0,False,False,False,False,False,False
1782461906.983,0,0,0,0,0,10.01,3.5,0.2714,0.0,2.6629,0.0,0.1746,0,90,0,0.14,0,False,False,False,False,False,False
1782461907.009,0,0,0,0,0,10.01,3.05,0.2705,0.0,2.6536,0.0,0.1751,0,90,0,0.14,0,False,False,False,False,False,False
1782461907.031,0,0,0,0,0,10.0,2.63,0.2695,0.0,2.6442,0.0,0.1757,0,90,0,0.14,0,False,False,False,False,False,False
1782461907.054,0,0,0,0,0,10.0,2.23,0.2689,0.0,2.6378,0.0,0.1762,0,90,0,0.14,0,False,False,False,False,False,False
1782461907.074,0,0,0,0,0,10.01,1.88,0.2686,0.0,2.635,0.0,0.1767,0,90,0,0.14,0,False,False,False,False,False,False
1782461907.098,0,0,0,0,0,10.01,1.61,0.2686,0.0,2.6347,0.0,0.1773,0,90,0,0.14,0,False,False,False,False,False,False
1782461907.121,0,0,0,0,0,10.01,1.42,0.2687,0.0,2.636,0.0,0.1778,0,90,0,0.14,0,False,False,False,False,False,False
1782461907.145,0,0,0,0,0,9.99,1.29,0.2686,0.0,2.6354,0.0,0.1783,0,90,0,0.14,0,False,False,False,False,False,False
1782461907.172,0,0,0,0,0,9.98,1.17,0.2684,0.0,2.6334,0.0,0.1789,0,90,0,0.14,0,False,False,False,False,False,False
1782461907.193,0,0,0,0,0,9.97,1.03,0.2685,0.0,2.6336,0.0,0.1794,0,90,0,0.14,0,False,False,False,False,False,False
1782461907.218,0,0,0,0,0,9.95,0.86,0.2686,0.0,2.6353,0.0,0.18,0,90,0,0.14,0,False,False,False,False,False,False
1782461907.237,0,0,0,0,0,9.92,0.68,0.2689,0.0,2.638,0.0,0.1805,0,90,0,0.14,0,False,False,False,False,False,False
1782461907.259,0,0,0,0,0,9.89,0.52,0.2689,0.0,2.6383,0.0,0.181,0,90,0,0.14,0,False,False,False,False,False,False
1782461907.283,0,0,0,0,0,9.87,0.37,0.2685,0.0,2.6338,0.0,0.1816,0,90,0,0.14,0,False,False,False,False,False,False
1782461907.309,0,0,0,0,0,9.86,0.25,0.268,0.0,2.6291,0.0,0.1821,0,90,0,0.14,0,False,False,False,False,False,False
1782461907.332,0,0,0,0,0,9.85,0.15,0.2675,0.0,2.6244,0.0,0.1826,0,90,0,0.14,0,False,False,False,False,False,False
1782461907.354,0,0,0,0,0,9.84,0.08,0.2666,0.0,2.6149,0.0,0.1832,0,90,0,0.14,0,False,False,False,False,False,False
1782461907.379,0,0,0,0,0,9.82,0.02,0.2649,0.0,2.599,0.0,0.1837,0,90,0,0.14,0,False,False,False,False,False,False
1782461907.404,0,0,0,0,0,9.81,-0.04,0.263,0.0,2.5804,0.0,0.1842,0,90,0,0.14,0,False,False,False,False,False,False
1782461907.427,0,0,0,0,0,9.8,-0.14,0.2613,0.0,2.563,0.0,0.1847,0,90,0,0.14,0,False,False,False,False,False,False
1782461907.453,0,0,0,0,0,9.78,-0.22,0.2601,0.0,2.5511,0.0,0.1852,0,90,0,0.14,0,False,False,False,False,False,False
1782461907.476,0,0,0,0,0,9.77,-0.2,0.2591,0.0,2.5415,0.0,0.1857,0,90,0,0.14,0,False,False,False,False,False,False
1782461907.5,0,0,0,0,0,9.75,-0.19,0.2575,0.0,2.5256,0.0,0.1862,0,90,0,0.14,0,False,False,False,False,False,False
1782461907.525,0,0,0,0,0,9.74,-0.67,0.2557,0.0,2.5085,0.0,0.1867,0,90,0,0.14,0,False,False,False,False,False,False
1782461907.544,0,0,0,0,0,9.7,-1.89,0.2542,0.0,2.4937,0.0,0.1872,0,90,0,0.14,0,False,False,False,False,False,False
1782461907.566,0,0,0,0,0,9.65,-3.11,0.2529,0.0,2.4805,0.0,0.1878,0,90,0,0.14,0,False,False,False,False,False,False
1782461907.589,0,0,0,0,0,9.65,-3.79,0.2521,0.0,2.4731,0.0,0.1883,0,90,0,0.14,0,False,False,False,False,False,False
1782461907.615,0,0,0,0,0,9.64,-4.25,0.2516,0.0,2.4681,0.0,0.1888,0,90,0,0.14,0,False,False,False,False,False,False
1782461907.637,0,0,0,0,0,9.59,-4.52,0.2506,0.0,2.4584,0.0,0.1892,0,90,0,0.14,0,False,False,False,False,False,False
1782461907.661,0,0,0,0,0,9.06,-4.8,0.2499,0.0,2.4518,0.0,0.1897,0,90,0,0.14,0,False,False,False,False,False,False
1782461907.686,0,0,0,0,0,7.76,-5.72,0.2503,0.0,2.4551,0.0,0.1903,0,90,0,0.14,0,False,False,False,False,False,False
1782461907.709,0,0,0,0,0,6.43,-6.87,0.251,0.0,2.4622,0.0,0.1908,0,90,0,0.14,0,False,False,False,False,False,False
1782461907.732,0,0,0,0,0,5.74,-7.53,0.2515,0.0,2.4669,0.0,0.1913,0,90,0,0.14,0,False,False,False,False,False,False
1782461907.752,0,0,0,0,0,5.56,-7.76,0.2515,0.0,2.467,0.0,0.1918,0,90,0,0.13,0,False,False,False,False,False,False
1782461907.776,0,0,0,0,0,5.58,-7.85,0.2508,0.0,2.4608,0.0,0.1923,0,90,0,0.1,0,False,False,False,False,False,False
1782461907.8,0,0,0,0,0,5.55,-7.99,0.2496,0.0,2.4487,0.0,0.1928,0,90,0,0.08,0,False,False,False,False,False,False
1782461907.823,0,0,0,0,0,5.47,-8.3,0.2481,0.0,2.4342,0.0,0.1932,0,90,0,0.07,0,False,False,False,False,False,False
1782461907.848,0,0,0,0,0,5.5,-8.77,0.2465,0.0,2.4181,0.0,0.1937,0,90,0,0.07,0,False,False,False,False,False,False
1782461907.873,0,0,0,0,0,5.31,-9.28,0.2449,0.0,2.4024,0.0,0.1942,0,90,0,0.07,0,False,False,False,False,False,False
1782461907.896,0,0,0,0,0,4.58,-9.68,0.244,0.0,2.3933,0.0,0.1947,0,90,0,0.05,0,False,False,False,False,False,False
1782461907.921,0,0,0,0,0,3.66,-9.87,0.2438,0.0,2.3918,0.0,0.1952,0,90,0,0.04,0,False,False,False,False,False,False
1782461907.944,0,0,0,0,0,2.92,-9.88,0.2444,0.0,2.3971,0.0,0.1957,0,90,0,0.04,0,False,False,False,False,False,False
1782461907.963,0,0,0,0,0,2.42,-9.81,0.2454,0.0,2.407,0.0,0.1962,0,90,0,0.05,0,False,False,False,False,False,False
1782461907.988,0,0,0,0,0,2.04,-9.74,0.2464,0.0,2.4169,0.0,0.1967,0,90,0,0.05,0,False,False,False,False,False,False
1782461908.012,0,0,0,0,0,1.64,-9.68,0.2472,0.0,2.4251,0.0,0.1972,0,90,0,0.05,0,False,False,False,False,False,False
1782461908.037,0,0,0,0,0,1.11,-9.62,0.2475,0.0,2.4276,0.0,0.1977,0,90,0,0.06,0,False,False,False,False,False,False
1782461908.057,0,0,0,0,0,0.51,-9.55,0.247,0.0,2.423,0.0,0.1981,0,90,0,0.07,0,False,False,False,False,False,False
1782461908.08,0,0,0,0,0,-0.06,-9.44,0.2459,0.0,2.412,0.0,0.1986,0,90,0,0.07,0,False,False,False,False,False,False
1782461908.099,0,0,0,0,0,-0.57,-9.32,0.2445,0.0,2.3983,0.0,0.1991,0,90,0,0.07,0,False,False,False,False,False,False
1782461908.124,0,0,0,0,0,-1.02,-9.21,0.2434,0.0,2.3874,0.0,0.1996,0,90,0,0.07,0,False,False,False,False,False,False
1782461908.149,0,0,0,0,0,-1.48,-9.1,0.2423,0.0,2.3768,0.0,0.2001,0,90,0,0.07,0,False,False,False,False,False,False
1782461908.172,0,0,0,0,0,-2.02,-8.98,0.2411,0.0,2.3649,0.0,0.2006,0,90,0,0.08,0,False,False,False,False,False,False
1782461908.197,0,0,0,0,0,-2.62,-8.86,0.2399,0.0,2.3537,0.0,0.201,0,90,0,0.08,0,False,False,False,False,False,False
1782461908.22,0,0,0,0,0,-3.25,-8.73,0.239,0.0,2.3445,0.0,0.2015,0,90,0,0.08,0,False,False,False,False,False,False
1782461908.243,0,0,0,0,0,-3.91,-8.61,0.2382,0.0,2.3367,0.0,0.202,0,90,0,0.08,0,False,False,False,False,False,False
1782461908.268,0,0,0,0,0,-4.57,-8.49,0.237,0.0,2.3251,0.0,0.2024,0,90,0,0.08,0,False,False,False,False,False,False
1782461908.292,0,0,0,0,0,-5.22,-8.37,0.2356,0.0,2.3109,0.0,0.2029,0,90,0,0.08,0,False,False,False,False,False,False
1782461908.315,0,0,0,0,0,-5.86,-8.27,0.2341,0.0,2.2965,0.0,0.2034,0,90,0,0.08,0,False,False,False,False,False,False
1782461908.34,0,0,0,0,0,-6.48,-8.23,0.2326,0.0,2.2821,0.0,0.2038,0,90,0,0.08,0,False,False,False,False,False,False
1782461908.365,0,0,0,0,0,-7.05,-8.25,0.2315,0.0,2.2707,0.0,0.2043,0,90,0,0.08,0,False,False,False,False,False,False
1782461908.387,0,0,0,0,0,-7.51,-8.33,0.2308,0.0,2.2645,0.0,0.2047,0,90,0,0.08,0,False,False,False,False,False,False
1782461908.41,0,0,0,0,0,-7.85,-8.46,0.2304,0.0,2.2603,0.0,0.2052,0,90,0,0.08,0,False,False,False,False,False,False
1782461908.437,0,0,0,0,0,-8.14,-8.57,0.23,0.0,2.2559,0.0,0.2057,0,90,0,0.08,0,False,False,False,False,False,False
1782461908.46,0,0,0,0,0,-8.46,-8.66,0.2298,0.0,2.2544,0.0,0.2061,0,90,0,0.08,0,False,False,False,False,False,False
1782461908.479,0,0,0,0,0,-8.81,-8.93,0.2304,0.0,2.2598,0.0,0.2066,0,90,0,0.08,0,False,False,False,False,False,False
1782461908.504,0,0,0,0,0,-9.15,-9.28,0.2312,0.0,2.2681,0.0,0.207,0,90,0,0.08,0,False,False,False,False,False,False
1782461908.523,0,0,0,0,0,-9.44,-9.5,0.2315,0.0,2.2706,0.0,0.2075,0,90,0,0.08,0,False,False,False,False,False,False
1782461908.546,0,0,0,0,0,-9.72,-9.56,0.2312,0.0,2.2676,0.0,0.208,0,90,0,0.08,0,False,False,False,False,False,False
1782461908.571,0,0,0,0,0,-10.15,-9.54,0.2308,0.0,2.264,0.0,0.2084,0,90,0,0.08,0,False,False,False,False,False,False
1782461908.595,0,0,0,0,0,-10.49,-9.46,0.2305,0.0,2.2615,0.0,0.2089,0,90,0,0.08,0,False,False,False,False,False,False
1782461908.614,0,0,0,0,0,-10.79,-9.37,0.2302,0.0,2.2583,0.0,0.2093,0,90,0,0.08,0,False,False,False,False,False,False
1782461908.64,0,0,0,0,0,-11.69,-9.36,0.2298,0.0,2.2545,0.0,0.2098,0,90,0,0.08,0,False,False,False,False,False,False
1782461908.662,0,0,0,0,0,-12.96,-9.28,0.2296,0.0,2.2519,0.0,0.2103,0,90,0,0.08,0,False,False,False,False,False,False
1782461908.687,0,0,0,0,0,-13.95,-8.97,0.2297,0.0,2.2533,0.0,0.2107,0,90,0,0.08,0,False,False,False,False,False,False
1782461908.71,0,0,0,0,0,-14.7,-8.59,0.2301,0.0,2.2574,0.0,0.2112,0,90,0,0.08,0,False,False,False,False,False,False
1782461908.735,0,0,0,0,0,-15.35,-8.34,0.2304,0.0,2.2602,0.0,0.2116,0,90,0,0.08,0,False,False,False,False,False,False
1782461908.759,0,0,0,0,0,-16.02,-8.21,0.2306,0.0,2.2621,0.0,0.2121,0,90,0,0.08,0,False,False,False,False,False,False
1782461908.781,0,0,0,0,0,-16.7,-8.19,0.2309,0.0,2.265,0.0,0.2126,0,90,0,0.08,0,False,False,False,False,False,False
1782461908.808,0,0,0,0,0,-17.37,-8.3,0.2311,0.0,2.2669,0.0,0.213,0,90,0,0.08,0,False,False,False,False,False,False
1782461908.825,0,0,0,0,0,-17.99,-8.44,0.2309,0.0,2.2651,0.0,0.2135,0,90,0,0.08,0,False,False,False,False,False,False
1782461908.849,0,0,0,0,0,-18.59,-8.47,0.2308,0.0,2.2638,0.0,0.214,0,90,0,0.08,0,False,False,False,False,False,False
1782461908.869,0,0,0,0,0,-19.2,-8.57,0.231,0.0,2.2661,0.0,0.2144,0,90,0,0.08,0,False,False,False,False,False,False
1782461908.894,0,0,0,0,0,-19.78,-8.97,0.2316,0.0,2.2724,0.0,0.2149,0,90,0,0.08,0,False,False,False,False,False,False
1782461908.917,0,0,0,0,0,-20.28,-9.39,0.2322,0.0,2.2783,0.0,0.2154,0,90,0,0.09,0,False,False,False,False,False,False
1782461908.943,0,0,0,0,0,-20.63,-9.6,0.2323,0.0,2.2791,0.0,0.2158,0,90,0,0.09,0,False,False,False,False,False,False
1782461908.965,0,0,0,0,0,-20.9,-9.66,0.2321,0.0,2.2765,0.0,0.2163,0,90,0,0.09,0,False,False,False,False,False,False
1782461908.985,0,0,0,0,0,-21.22,-9.64,0.2317,0.0,2.2732,0.0,0.2167,0,90,0,0.09,0,False,False,False,False,False,False
1782461909.009,0,0,0,0,0,-21.7,-9.57,0.2313,0.0,2.2693,0.0,0.2172,0,90,0,0.09,0,False,False,False,False,False,False
1782461909.027,0,0,0,0,0,-22.3,-9.48,0.2309,0.0,2.2652,0.0,0.2177,0,90,0,0.09,0,False,False,False,False,False,False
1782461909.053,0,0,0,0,0,-22.86,-9.42,0.2308,0.0,2.2639,0.0,0.2181,0,90,0,0.09,0,False,False,False,False,False,False
1782461909.077,0,0,0,0,0,-23.29,-9.34,0.2308,0.0,2.2646,0.0,0.2186,0,90,0,0.09,0,False,False,False,False,False,False
1782461909.101,0,0,0,0,0,-23.59,-9.27,0.2307,0.0,2.2635,0.0,0.219,0,90,0,0.09,0,False,False,False,False,False,False
1782461909.119,0,0,0,0,0,-23.78,-9.25,0.2305,0.0,2.2612,0.0,0.2195,0,90,0,0.08,0,False,False,False,False,False,False
1782461909.144,0,0,0,0,0,-23.86,-9.2,0.2305,0.0,2.2612,0.0,0.22,0,90,0,0.08,0,False,False,False,False,False,False
1782461909.17,0,0,0,0,0,-23.81,-9.09,0.2307,0.0,2.2628,0.0,0.2204,0,90,0,0.08,0,False,False,False,False,False,False
1782461909.193,0,0,0,0,0,-23.68,-8.99,0.2308,0.0,2.2638,0.0,0.2209,0,90,0,0.08,0,False,False,False,False,False,False
1782461909.217,0,0,0,0,0,-23.57,-9.02,0.2308,0.0,2.2646,0.0,0.2214,0,90,0,0.07,0,False,False,False,False,False,False
1782461909.243,0,0,0,0,0,-23.58,-9.21,0.2309,0.0,2.2651,0.0,0.2218,0,90,0,0.07,0,False,False,False,False,False,False
1782461909.266,0,0,0,0,0,-23.75,-9.46,0.2311,0.0,2.267,0.0,0.2223,0,90,0,0.07,0,False,False,False,False,False,False
1782461909.287,0,0,0,0,0,-24.05,-9.67,0.2311,0.0,2.2667,0.0,0.2227,0,90,0,0.07,0,False,False,False,False,False,False
1782461909.31,0,0,0,0,0,-24.39,-9.81,0.2307,0.0,2.2634,0.0,0.2232,0,90,0,0.06,0,False,False,False,False,False,False
1782461909.334,0,0,0,0,0,-24.74,-9.89,0.2302,0.0,2.258,0.0,0.2237,0,90,0,0.05,0,False,False,False,False,False,False
1782461909.36,0,0,0,0,0,-25.1,-9.98,0.2295,0.0,2.2511,0.0,0.2241,0,90,0,0.04,0,False,False,False,False,False,False
1782461909.388,0,0,0,0,0,-25.52,-10.11,0.2284,0.0,2.2402,0.0,0.2246,0,90,0,0.04,0,False,False,False,False,False,False
1782461909.409,0,0,0,0,0,-26.03,-10.25,0.2265,0.0,2.2218,0.0,0.225,0,90,0,0.04,0,False,False,False,False,False,False
1782461909.432,0,0,0,0,0,-26.58,-10.34,0.2257,0.0,2.214,0.0,0.2255,0,90,0,0.04,0,False,False,False,False,False,False
1782461909.456,0,0,0,0,0,-27.11,-10.33,0.2266,0.0,2.2228,0.0,0.2259,0,90,0,0.03,0,False,False,False,False,False,False
1782461909.479,0,0,0,0,0,-27.56,-10.25,0.2275,0.0,2.232,0.0,0.2264,0,90,0,0.03,0,False,False,False,False,False,False
1782461909.5,0,0,0,0,0,-27.89,-10.13,0.2277,0.0,2.2335,0.0,0.2268,0,90,0,0.03,0,False,False,False,False,False,False
1782461909.524,0,0,0,0,0,-28.07,-10.04,0.2273,0.0,2.2298,0.0,0.2273,0,90,0,0.03,0,False,False,False,False,False,False
1782461909.549,0,0,0,0,0,-28.15,-9.99,0.2269,0.0,2.2257,0.0,0.2277,0,90,0,0.02,0,False,False,False,False,False,False
1782461909.571,0,0,0,0,0,-28.21,-9.96,0.2268,0.0,2.2245,0.0,0.2282,0,90,0,0.02,0,False,False,False,False,False,False
1782461909.592,0,0,0,0,0,-28.32,-9.93,0.2272,0.0,2.2284,0.0,0.2286,0,90,0,0.02,0,False,False,False,False,False,False
1782461909.616,0,0,0,0,0,-28.49,-9.89,0.2281,0.0,2.2373,0.0,0.2291,0,90,0,0.02,0,False,False,False,False,False,False
1782461909.64,0,0,0,0,0,-28.71,-9.82,0.2292,0.0,2.2481,0.0,0.2296,0,90,0,0.02,0,False,False,False,False,False,False
1782461909.665,0,0,0,0,0,-28.96,-9.72,0.2302,0.0,2.2586,0.0,0.23,0,90,0,0.02,0,False,False,False,False,False,False
1782461909.689,0,0,0,0,0,-29.25,-9.61,0.2311,0.0,2.2673,0.0,0.2305,0,90,0,0.02,0,False,False,False,False,False,False
1782461909.708,0,0,0,0,0,-29.58,-9.54,0.2316,0.0,2.2716,0.0,0.231,0,90,0,0.02,0,False,False,False,False,False,False
1782461909.733,0,0,0,0,0,-29.95,-9.52,0.2315,0.0,2.2714,0.0,0.2314,0,90,0,0.02,0,False,False,False,False,False,False
1782461909.758,0,0,0,0,0,-30.37,-9.59,0.2315,0.0,2.2713,0.0,0.2319,0,90,0,0.02,0,False,False,False,False,False,False
1782461909.782,0,0,0,0,0,-30.86,-9.72,0.232,0.0,2.2759,0.0,0.2324,0,90,0,0.02,0,False,False,False,False,False,False
1782461909.8,0,0,0,0,0,-31.4,-9.88,0.2328,0.0,2.2838,0.0,0.2328,0,90,0,0.02,0,False,False,False,False,False,False
1782461909.824,0,0,0,0,0,-31.96,-10.01,0.2335,0.0,2.2907,0.0,0.2333,0,90,0,0.02,0,False,False,False,False,False,False
1782461909.85,0,0,0,0,0,-32.52,-10.1,0.234,0.0,2.2954,0.0,0.2338,0,90,0,0.02,0,False,False,False,False,False,False
1782461909.873,0,0,0,0,0,-33.04,-10.09,0.2345,0.0,2.3002,0.0,0.2342,0,90,0,0.02,0,False,False,False,False,False,False
1782461909.893,0,0,0,0,0,-33.45,-10.01,0.235,0.0,2.305,0.0,0.2347,0,90,0,0.02,0,False,False,False,False,False,False
1782461909.917,0,0,0,0,0,-33.71,-9.88,0.2351,0.0,2.3067,0.0,0.2352,0,90,0,0.02,0,False,False,False,False,False,False
1782461909.942,0,0,0,0,0,-33.91,-9.76,0.2351,0.0,2.3062,0.0,0.2357,0,90,0,0.02,0,False,False,False,False,False,False
1782461909.965,0,0,0,0,0,-34.12,-9.69,0.2349,0.0,2.3044,0.0,0.2361,0,90,0,0.02,0,False,False,False,False,False,False
1782461909.991,0,0,0,0,0,-34.43,-9.64,0.2343,0.0,2.2984,0.0,0.2366,0,90,0,0.02,0,False,False,False,False,False,False
1782461910.01,0,0,0,0,0,-34.82,-9.58,0.2337,0.0,2.2928,0.0,0.2371,0,90,0,0.02,0,False,False,False,False,False,False
1782461910.034,0,0,0,0,0,-35.22,-9.51,0.2336,0.0,2.2921,0.0,0.2375,0,90,0,0.02,0,False,False,False,False,False,False
1782461910.058,0,0,0,0,0,-35.64,-9.44,0.2339,0.0,2.2948,0.0,0.238,0,90,0,0.02,0,False,False,False,False,False,False
1782461910.081,0,0,0,0,0,-36.14,-9.36,0.2346,0.0,2.3013,0.0,0.2385,0,90,0,0.02,0,False,False,False,False,False,False
1782461910.102,0,0,0,0,0,-36.78,-9.29,0.2357,0.0,2.312,0.0,0.2389,0,90,0,0.02,0,False,False,False,False,False,False
1782461910.126,0,0,0,0,0,-37.64,-9.21,0.2372,0.0,2.3272,0.0,0.2394,0,90,0,0.02,0,False,False,False,False,False,False
1782461910.149,0,0,0,0,0,-38.77,-8.98,0.2389,0.0,2.3438,0.0,0.2399,0,90,0,0.02,0,False,False,False,False,False,False
1782461910.174,0,0,0,0,0,-40.02,-8.73,0.2397,0.0,2.3519,0.0,0.2404,0,90,0,0.02,0,False,False,False,False,False,False
1782461910.198,0,0,0,0,0,-41.12,-8.65,0.2397,0.0,2.3511,0.0,0.2409,0,90,0,0.02,0,False,False,False,False,False,False
1782461910.217,0,0,0,0,0,-41.87,-8.81,0.2396,0.0,2.3506,0.0,0.2413,0,90,0,0.02,0,False,False,False,False,False,False
1782461910.243,0,0,0,0,0,-42.29,-9.15,0.2397,0.0,2.3518,0.0,0.2418,0,90,0,0.02,0,False,False,False,False,False,False
1782461910.264,0,0,0,0,0,-42.49,-9.54,0.2398,0.0,2.3526,0.0,0.2423,0,90,0,0.02,0,False,False,False,False,False,False
1782461910.29,0,0,0,0,0,-42.53,-9.85,0.2399,0.0,2.3532,0.0,0.2428,0,90,0,0.02,0,False,False,False,False,False,False
1782461910.311,0,0,0,0,0,-42.48,-10.02,0.2399,0.0,2.3536,0.0,0.2433,0,90,0,0.02,0,False,False,False,False,False,False
1782461910.333,0,0,0,0,0,-42.34,-10.09,0.2396,0.0,2.3507,0.0,0.2437,0,90,0,0.02,0,False,False,False,False,False,False
1782461910.359,0,0,0,0,0,-42.1,-10.16,0.2389,0.0,2.344,0.0,0.2442,0,90,0,0.02,0,False,False,False,False,False,False
1782461910.382,0,0,0,0,0,-41.92,-10.27,0.2385,0.0,2.3395,0.0,0.2447,0,90,0,0.02,0,False,False,False,False,False,False
1782461910.399,0,0,0,0,0,-41.81,-10.37,0.2385,0.0,2.3396,0.0,0.2452,0,90,0,0.03,0,False,False,False,False,False,False
1782461910.426,0,0,0,0,0,-41.53,-10.33,0.2388,0.0,2.3427,0.0,0.2457,0,90,0,0.03,0,False,False,False,False,False,False
1782461910.448,0,0,0,0,0,-41.27,-10.14,0.2394,0.0,2.348,0.0,0.2461,0,90,0,0.03,0,False,False,False,False,False,False
1782461910.474,0,0,0,0,0,-41.37,-10.05,0.2397,0.0,2.3517,0.0,0.2466,0,90,0,0.03,0,False,False,False,False,False,False
1782461910.497,0,0,0,0,0,-41.75,-9.9,0.24,0.0,2.3541,0.0,0.2471,0,90,0,0.03,0,False,False,False,False,False,False
1782461910.523,0,0,0,0,0,-42.2,-9.47,0.2403,0.0,2.3573,0.0,0.2476,0,90,0,0.03,0,False,False,False,False,False,False
1782461910.546,0,0,0,0,0,-42.54,-9.1,0.2405,0.0,2.3595,0.0,0.2481,0,90,0,0.03,0,False,False,False,False,False,False
1782461910.565,0,0,0,0,0,-42.68,-8.99,0.2405,0.0,2.3595,0.0,0.2485,0,90,0,0.03,0,False,False,False,False,False,False
1782461910.591,0,0,0,0,0,-42.68,-8.99,0.2405,0.0,2.3594,0.0,0.249,0,90,0,0.03,0,False,False,False,False,False,False
1782461910.614,0,0,0,0,0,-42.64,-9.02,0.2405,0.0,2.3594,0.0,0.2495,0,90,0,0.03,0,False,False,False,False,False,False
1782461910.639,0,0,0,0,0,-42.62,-9.1,0.24,0.0,2.3546,0.0,0.25,0,90,0,0.03,0,False,False,False,False,False,False
1782461910.66,0,0,0,0,0,-42.6,-9.24,0.2392,0.0,2.3467,0.0,0.2505,0,90,0,0.03,0,False,False,False,False,False,False
1782461910.683,0,0,0,0,0,-42.59,-9.38,0.2383,0.0,2.3382,0.0,0.2507,0,90,0,0.03,0,False,False,False,False,False,False
1782461910.707,0,0,0,0,0,-42.59,-9.51,0.2376,0.0,2.3308,0.0,0.2505,0,90,0,0.03,0,False,False,False,False,False,False
1782461910.732,0,0,0,0,0,-42.59,-9.62,0.2371,0.0,2.3258,0.0,0.2498,0,90,0,0.03,0,False,False,False,False,False,False
1782461910.756,0,0,0,0,0,-42.57,-9.67,0.2366,0.0,2.3208,0.0,0.249,0,90,0,0.03,0,False,False,False,False,False,False
1782461910.775,0,0,0,0,0,-42.55,-9.67,0.2362,0.0,2.3174,0.0,0.2481,0,90,0,0.03,0,False,False,False,False,False,False
1782461910.798,0,0,0,0,0,-42.55,-9.63,0.2363,0.0,2.3183,0.0,0.2472,0,90,0,0.03,0,False,False,False,False,False,False
1782461910.825,0,0,0,0,0,-42.56,-9.59,0.2367,0.0,2.322,0.0,0.2463,0,90,0,0.03,0,False,False,False,False,False,False
1782461910.847,0,0,0,0,0,-42.57,-9.55,0.2371,0.0,2.3261,0.0,0.2454,0,90,0,0.03,0,False,False,False,False,False,False
1782461910.867,0,0,0,0,0,-42.58,-9.5,0.2374,0.0,2.3289,0.0,0.2445,0,90,0,0.03,0,False,False,False,False,False,False
1782461910.893,0,0,0,0,0,-42.58,-9.46,0.2376,0.0,2.3308,0.0,0.2436,0,90,0,0.03,0,False,False,False,False,False,False
1782461910.91,0,0,0,0,0,-42.58,-9.41,0.2377,0.0,2.3321,0.0,0.2427,0,90,0,0.03,0,False,False,False,False,False,False
1782461910.935,0,0,0,0,0,-42.64,-9.27,0.238,0.0,2.3345,0.0,0.2418,0,90,0,0.03,0,False,False,False,False,False,False
1782461910.959,0,0,0,0,0,-42.79,-9.08,0.2383,0.0,2.3377,0.0,0.2409,0,90,0,0.03,0,False,False,False,False,False,False
1782461910.984,0,0,0,0,0,-42.92,-8.95,0.2384,0.0,2.3384,0.0,0.24,0,90,0,0.03,0,False,False,False,False,False,False
1782461911.002,0,0,0,0,0,-42.87,-8.89,0.2381,0.0,2.3356,0.0,0.2402,0,90,0,0.03,0,False,False,False,False,False,False
1782461911.028,0,0,0,0,0,-42.73,-8.85,0.2376,0.0,2.3306,0.0,0.2403,0,90,0,0.03,0,False,False,False,False,False,False
1782461911.045,0,0,0,0,0,-42.7,-8.81,0.2371,0.0,2.3257,0.0,0.2403,0,90,0,0.03,0,False,False,False,False,False,False
1782461911.069,0,0,0,0,0,-42.55,-8.83,0.2367,0.0,2.3223,0.0,0.2407,0,90,0,0.03,0,False,False,False,False,False,False
1782461911.087,0,0,0,0,0,-42.0,-8.79,0.2367,0.0,2.3216,0.0,0.2411,0,90,0,0.03,0,False,False,False,False,False,False
1782461911.111,0,0,0,0,0,-41.37,-8.61,0.2368,0.0,2.3227,0.0,0.2415,0,90,0,0.03,0,False,False,False,False,False,False
1782461911.136,0,0,0,0,0,-40.95,-8.46,0.2368,0.0,2.3234,0.0,0.2418,0,90,0,0.03,0,False,False,False,False,False,False
1782461911.16,0,0,0,0,0,-40.71,-8.49,0.2367,0.0,2.3223,0.0,0.2422,0,90,0,0.03,0,False,False,False,False,False,False
1782461911.185,0,0,0,0,0,-40.54,-8.61,0.2368,0.0,2.3232,0.0,0.2425,0,90,0,0.03,0,False,False,False,False,False,False
1782461911.211,0,0,0,0,0,-40.37,-8.75,0.237,0.0,2.3253,0.0,0.2428,0,90,0,0.03,0,False,False,False,False,False,False
1782461911.232,0,0,0,0,0,-40.13,-8.88,0.237,0.0,2.3252,0.0,0.2431,0,90,0,0.03,0,False,False,False,False,False,False
1782461911.252,0,0,0,0,0,-39.77,-9.02,0.237,0.0,2.3251,0.0,0.2434,0,90,0,0.03,0,False,False,False,False,False,False
1782461911.277,0,0,0,0,0,-39.25,-9.19,0.2372,0.0,2.3267,0.0,0.2437,0,90,0,0.03,0,False,False,False,False,False,False
1782461911.295,0,0,0,0,0,-38.49,-9.41,0.2376,0.0,2.3308,0.0,0.2439,0,90,0,0.03,0,False,False,False,False,False,False
1782461911.319,0,0,0,0,0,-37.37,-9.7,0.2382,0.0,2.3368,0.0,0.2442,0,90,0,0.04,0,False,False,False,False,False,False
1782461911.344,0,0,0,0,0,-35.74,-10.06,0.2391,0.0,2.3456,0.0,0.2445,0,90,0,0.04,0,False,False,False,False,False,False
1782461911.368,0,0,0,0,0,-33.62,-10.52,0.2402,0.0,2.3563,0.0,0.2448,0,90,0,0.04,0,False,False,False,False,False,False
1782461911.388,0,0,0,0,0,-31.32,-11.15,0.2413,0.0,2.3667,0.0,0.2451,0,90,0,0.04,0,False,False,False,False,False,False
1782461911.413,0,0,0,0,0,-29.15,-11.94,0.2423,0.0,2.3769,0.0,0.2454,0,90,0,0.04,0,False,False,False,False,False,False
1782461911.43,0,0,0,0,0,-27.14,-12.79,0.2432,0.0,2.3854,0.0,0.2457,0,90,0,0.04,0,False,False,False,False,False,False
1782461911.454,0,0,0,0,0,-25.1,-13.67,0.2437,0.0,2.3912,0.0,0.246,0,90,0,0.05,0,False,False,False,False,False,False
1782461911.479,0,0,0,0,0,-22.81,-14.62,0.2443,0.0,2.3967,0.0,0.2462,0,90,0,0.05,0,False,False,False,False,False,False
1782461911.497,0,0,0,0,0,-20.35,-15.7,0.2449,0.0,2.402,0.0,0.2464,0,90,0,0.06,0,False,False,False,False,False,False
1782461911.523,0,0,0,0,0,-17.82,-16.9,0.2449,0.0,2.4025,0.0,0.2465,0,90,0,0.06,0,False,False,False,False,False,False
1782461911.545,0,0,0,0,0,-15.05,-18.28,0.244,0.0,2.3933,0.0,0.2466,0,90,0,0.06,0,False,False,False,False,False,False
1782461911.569,0,0,0,0,0,-11.82,-19.86,0.2425,0.0,2.3793,0.0,0.2467,0,90,0,0.06,0,False,False,False,False,False,False
1782461911.59,0,0,0,0,0,-8.19,-21.41,0.2412,0.0,2.3666,0.0,0.2467,0,90,0,0.07,0,False,False,False,False,False,False
1782461911.613,0,0,0,0,0,-4.57,-22.74,0.2405,0.0,2.3596,0.0,0.2468,0,90,0,0.07,0,False,False,False,False,False,False
1782461911.633,0,0,0,0,0,-1.47,-23.76,0.2407,0.0,2.361,0.0,0.2469,0,90,0,0.07,0,False,False,False,False,False,False
1782461911.657,0,0,0,0,0,0.73,-24.48,0.2414,0.0,2.3683,0.0,0.2469,0,90,0,0.07,0,False,False,False,False,False,False
1782461911.681,0,0,0,0,0,2.05,-24.95,0.2429,0.0,2.3827,0.0,0.247,0,90,0,0.07,0,False,False,False,False,False,False
1782461911.705,0,0,0,0,0,2.78,-25.18,0.2447,0.0,2.4004,0.0,0.2471,0,90,0,0.09,0,False,False,False,False,False,False
1782461911.73,0,0,0,0,0,3.14,-25.03,0.2464,0.0,2.4171,0.0,0.2472,0,90,0,0.11,0,False,False,False,False,False,False
1782461911.753,0,0,0,0,0,3.09,-24.49,0.2482,0.0,2.4347,0.0,0.2473,0,90,0,0.13,0,False,False,False,False,False,False
1782461911.777,0,0,0,0,0,2.59,-23.75,0.2499,0.0,2.4514,0.0,0.2474,0,90,0,0.13,0,False,False,False,False,False,False
1782461911.802,0,0,0,0,0,1.95,-23.13,0.2512,0.0,2.4643,0.0,0.2475,0,90,0,0.13,0,False,False,False,False,False,False
1782461911.827,0,0,0,0,0,1.54,-22.79,0.2518,0.0,2.47,0.0,0.2476,0,90,0,0.14,0,False,False,False,False,False,False
1782461911.85,0,0,0,0,0,1.51,-22.77,0.2517,0.0,2.4691,0.0,0.2477,0,90,0,0.16,0,False,False,False,False,False,False
1782461911.875,0,0,0,0,0,1.76,-23.04,0.2515,0.0,2.4669,0.0,0.2478,0,90,0,0.19,0,False,False,False,False,False,False
1782461911.895,0,0,0,0,0,2.07,-23.48,0.2513,0.0,2.4654,0.0,0.2479,0,90,0,0.21,0,False,False,False,False,False,False
1782461911.919,0,0,0,0,0,2.24,-23.96,0.2515,0.0,2.4676,0.0,0.248,0,90,0,0.21,0,False,False,False,False,False,False
1782461911.939,0,0,0,0,0,2.21,-24.41,0.2522,0.0,2.4737,0.0,0.2482,0,90,0,0.21,0,False,False,False,False,False,False
1782461911.962,0,0,0,0,0,2.09,-24.73,0.2528,0.0,2.4795,0.0,0.2483,0,90,0,0.22,0,False,False,False,False,False,False
1782461911.98,0,0,0,0,0,2.02,-24.88,0.2532,0.0,2.4834,0.0,0.2484,0,90,0,0.23,0,False,False,False,False,False,False
1782461912.005,0,0,0,0,0,2.02,-24.88,0.2533,0.0,2.4845,0.0,0.2486,0,90,0,0.25,0,False,False,False,False,False,False
1782461912.023,0,0,0,0,0,2.04,-24.82,0.2529,0.0,2.4805,0.0,0.2487,0,90,0,0.25,0,False,False,False,False,False,False
1782461912.048,0,0,0,0,0,2.08,-24.74,0.2519,0.0,2.4716,0.0,0.2488,0,90,0,0.25,0,False,False,False,False,False,False
1782461912.071,0,0,0,0,0,2.11,-24.69,0.2508,0.0,2.4607,0.0,0.249,0,90,0,0.26,0,False,False,False,False,False,False
1782461912.096,0,0,0,0,0,2.15,-24.67,0.2498,0.0,2.4502,0.0,0.2491,0,90,0,0.26,0,False,False,False,False,False,False
1782461912.121,0,0,0,0,0,2.18,-24.67,0.2489,0.0,2.4415,0.0,0.2492,0,90,0,0.26,0,False,False,False,False,False,False
1782461912.139,0,0,0,0,0,2.22,-24.69,0.2483,0.0,2.4356,0.0,0.2493,0,90,0,0.27,0,False,False,False,False,False,False
1782461912.163,0,0,0,0,0,2.26,-24.73,0.2477,0.0,2.43,0.0,0.2495,0,90,0,0.27,0,False,False,False,False,False,False
1782461912.181,0,0,0,0,0,2.3,-24.77,0.247,0.0,2.4231,0.0,0.2496,0,90,0,0.27,0,False,False,False,False,False,False
1782461912.205,0,0,0,0,0,2.34,-24.81,0.2465,0.0,2.4184,0.0,0.2497,0,90,0,0.27,0,False,False,False,False,False,False
1782461912.239,0,0,0,0,0,2.38,-24.81,0.2464,0.0,2.4167,0.0,0.2498,0,90,0,0.27,0,False,False,False,False,False,False
1782461912.254,0,0,0,0,0,2.41,-24.8,0.2466,0.0,2.4188,0.0,0.25,0,90,0,0.27,0,False,False,False,False,False,False
1782461912.278,0,0,0,0,0,2.44,-24.77,0.2472,0.0,2.4249,0.0,0.2501,0,90,0,0.27,0,False,False,False,False,False,False
1782461912.303,0,0,0,0,0,2.47,-24.77,0.2478,0.0,2.4306,0.0,0.2502,0,90,0,0.27,0,False,False,False,False,False,False
1782461912.321,0,0,0,0,0,2.51,-24.77,0.2482,0.0,2.4345,0.0,0.2503,0,90,0,0.27,0,False,False,False,False,False,False
1782461912.347,0,0,0,0,0,2.54,-24.78,0.2484,0.0,2.4371,0.0,0.2505,0,90,0,0.27,0,False,False,False,False,False,False
1782461912.365,0,0,0,0,0,2.58,-24.77,0.2481,0.0,2.4342,0.0,0.2506,0,90,0,0.27,0,False,False,False,False,False,False
1782461912.391,0,0,0,0,0,2.61,-24.76,0.2473,0.0,2.4259,0.0,0.2507,0,90,0,0.27,0,False,False,False,False,False,False
1782461912.409,0,0,0,0,0,2.64,-24.76,0.2466,0.0,2.4187,0.0,0.2508,0,90,0,0.27,0,False,False,False,False,False,False
1782461912.434,0,0,0,0,0,2.67,-24.76,0.2457,0.0,2.4107,0.0,0.2509,0,90,0,0.27,0,False,False,False,False,False,False
1782461912.458,0,0,0,0,0,2.71,-24.76,0.2447,0.0,2.4005,0.0,0.251,0,90,0,0.27,0,False,False,False,False,False,False
1782461912.481,0,0,0,0,0,2.74,-24.75,0.2437,0.0,2.3904,0.0,0.2511,0,90,0,0.27,0,False,False,False,False,False,False
1782461912.507,0,0,0,0,0,2.78,-24.74,0.2428,0.0,2.382,0.0,0.2512,0,90,0,0.27,0,False,False,False,False,False,False
1782461912.528,0,0,0,0,0,2.81,-24.74,0.2419,0.0,2.3732,0.0,0.2513,0,90,0,0.27,0,False,False,False,False,False,False
1782461912.549,0,0,0,0,0,2.85,-24.73,0.2379,0.0,2.3342,0.0,0.2513,0,90,0,0.27,0,False,False,False,False,False,False
1782461912.568,0,0,0,0,0,2.88,-24.73,0.2287,0.0,2.2432,0.0,0.2513,0,90,0,0.27,0,False,False,False,False,False,False
1782461912.594,0,0,0,0,0,2.9,-24.72,0.2131,0.0,2.0902,0.0,0.2512,0,90,0,0.27,0,False,False,False,False,False,False
1782461912.612,0,0,0,0,0,2.93,-24.72,0.1938,0.0,1.9014,0.0,0.251,0,90,0,0.27,0,False,False,False,False,False,False
1782461912.637,0,0,0,0,0,2.96,-24.71,0.1772,0.0,1.7385,0.0,0.2509,0,90,0,0.27,0,False,False,False,False,False,False
1782461912.655,0,0,0,0,0,2.98,-24.7,0.1635,0.0,1.6043,0.0,0.2507,0,90,0,0.26,0,False,False,False,False,False,False
1782461912.68,0,0,0,0,0,3.01,-24.7,0.1465,0.0,1.4376,0.0,0.2504,0,90,0,0.26,0,False,False,False,False,False,False
1782461912.705,0,0,0,0,0,3.04,-24.7,0.1254,0.0,1.23,0.0,0.2501,0,90,0,0.26,0,False,False,False,False,False,False
1782461912.729,0,0,0,0,0,3.07,-24.7,0.1064,0.0,1.0433,0.0,0.2498,0,90,0,0.26,0,False,False,False,False,False,False
1782461912.752,0,0,0,0,0,3.05,-24.7,0.0931,0.0,0.9134,0.0,0.2495,0,90,0,0.25,0,False,False,False,False,False,False
1782461912.777,0,0,0,0,0,3.04,-24.68,0.0857,0.0,0.8407,0.0,0.2491,0,90,0,0.25,0,False,False,False,False,False,False
1782461912.796,0,0,0,0,0,3.42,-24.53,0.0823,0.0,0.8071,0.0,0.2488,0,90,0,0.25,0,False,False,False,False,False,False
1782461912.819,0,0,0,0,0,4.47,-23.34,0.0807,0.0,0.7921,0.0,0.2485,0,90,0,0.25,0,False,False,False,False,False,False
1782461912.839,0,0,0,0,0,5.62,-20.54,0.0799,0.0,0.7835,0.0,0.2481,0,90,0,0.24,0,False,False,False,False,False,False
1782461912.863,0,0,0,0,0,6.35,-17.55,0.0793,0.0,0.7776,0.0,0.2478,0,90,0,0.24,0,False,False,False,False,False,False
1782461912.886,0,0,0,0,0,6.79,-15.46,0.0787,0.0,0.7721,0.0,0.2475,0,90,0,0.24,0,False,False,False,False,False,False
1782461912.907,0,0,0,0,0,7.15,-13.98,0.0774,0.0,0.7589,0.0,0.2471,0,90,0,0.24,0,False,False,False,False,False,False
1782461912.93,0,0,0,0,0,7.5,-12.74,0.0747,0.0,0.7326,0.0,0.2467,0,90,0,0.24,0,False,False,False,False,False,False
1782461912.954,0,0,0,0,0,7.83,-11.55,0.0714,0.0,0.7006,0.0,0.2464,0,90,0,0.24,0,False,False,False,False,False,False
1782461912.98,0,0,0,0,0,8.11,-10.35,0.0686,0.0,0.6726,0.0,0.246,0,90,0,0.23,0,False,False,False,False,False,False
1782461913.003,0,0,0,0,0,8.28,-9.16,0.0668,0.0,0.6551,0.0,0.2456,0,90,0,0.23,0,False,False,False,False,False,False
1782461913.027,0,0,0,0,0,8.36,-7.99,0.0667,0.0,0.6542,0.0,0.2452,0,90,0,0.23,0,False,False,False,False,False,False
1782461913.049,0,0,0,0,0,8.42,-6.9,0.0681,0.0,0.6678,0.0,0.2448,0,90,0,0.23,0,False,False,False,False,False,False
1782461913.074,0,0,0,0,0,8.49,-5.85,0.0703,0.0,0.6896,0.0,0.2444,0,90,0,0.21,0,False,False,False,False,False,False
1782461913.098,0,0,0,0,0,8.56,-4.68,0.0739,0.0,0.7248,0.0,0.2441,0,90,0,0.19,0,False,False,False,False,False,False
1782461913.123,0,0,0,0,0,8.8,-3.39,0.079,0.0,0.7754,0.0,0.2438,0,90,0,0.2,0,False,False,False,False,False,False
1782461913.147,0,0,0,0,0,9.14,-2.21,0.0866,0.0,0.8492,0.0,0.2434,0,90,0,0.2,0,False,False,False,False,False,False
1782461913.169,0,0,0,0,0,9.36,-1.38,0.0966,0.0,0.948,0.0,0.2432,0,90,0,0.2,0,False,False,False,False,False,False
1782461913.196,0,0,0,0,0,9.44,-1.02,0.108,0.0,1.0591,0.0,0.2429,0,90,0,0.2,0,False,False,False,False,False,False
1782461913.218,0,0,0,0,0,9.43,-1.0,0.1203,0.0,1.1803,0.0,0.2427,0,90,0,0.21,0,False,False,False,False,False,False
1782461913.243,0,0,0,0,0,9.4,-1.13,0.1329,0.0,1.3034,0.0,0.2425,0,90,0,0.21,0,False,False,False,False,False,False
1782461913.267,0,0,0,0,0,9.37,-1.27,0.1444,0.0,1.417,0.0,0.2423,0,90,0,0.21,0,False,False,False,False,False,False
1782461913.29,0,0,0,0,0,9.34,-1.38,0.1544,0.0,1.5146,0.0,0.2421,0,90,0,0.21,0,False,False,False,False,False,False
1782461913.315,0,0,0,0,0,9.31,-1.47,0.1629,0.0,1.5982,0.0,0.242,0,90,0,0.21,0,False,False,False,False,False,False
1782461913.338,0,0,0,0,0,9.29,-1.54,0.1713,0.0,1.6802,0.0,0.2418,0,90,0,0.22,0,False,False,False,False,False,False
1782461913.363,0,0,0,0,0,9.27,-1.61,0.1798,0.0,1.7642,0.0,0.2417,0,90,0,0.22,0,False,False,False,False,False,False
1782461913.386,0,0,0,0,0,9.25,-1.69,0.1879,0.0,1.8433,0.0,0.2416,0,90,0,0.22,0,False,False,False,False,False,False
1782461913.41,0,0,0,0,0,9.23,-1.76,0.1947,0.0,1.9096,0.0,0.2415,0,90,0,0.22,0,False,False,False,False,False,False
1782461913.434,0,0,0,0,0,9.2,-1.83,0.1996,0.0,1.9578,0.0,0.2413,0,90,0,0.21,0,False,False,False,False,False,False
1782461913.459,0,0,0,0,0,9.17,-1.89,0.2032,0.0,1.9937,0.0,0.2412,0,90,0,0.21,0,False,False,False,False,False,False
1782461913.482,0,0,0,0,0,9.15,-1.95,0.2068,0.0,2.0291,0.0,0.2411,0,90,0,0.22,0,False,False,False,False,False,False
1782461913.501,0,0,0,0,0,9.13,-2.03,0.2104,0.0,2.0642,0.0,0.241,0,90,0,0.21,0,False,False,False,False,False,False
1782461913.526,0,0,0,0,0,9.11,-2.1,0.2135,0.0,2.0943,0.0,0.2409,0,90,0,0.21,0,False,False,False,False,False,False
1782461913.549,0,0,0,0,0,9.09,-2.18,0.2162,0.0,2.1211,0.0,0.2408,0,90,0,0.21,0,False,False,False,False,False,False
1782461913.574,0,0,0,0,0,9.08,-2.27,0.2184,0.0,2.1424,0.0,0.2407,0,90,0,0.21,0,False,False,False,False,False,False
1782461913.597,0,0,0,0,0,9.08,-2.37,0.2195,0.0,2.1537,0.0,0.2406,0,90,0,0.21,0,False,False,False,False,False,False
1782461913.621,0,0,0,0,0,9.07,-2.46,0.2197,0.0,2.1552,0.0,0.2405,0,90,0,0.21,0,False,False,False,False,False,False
1782461913.639,0,0,0,0,0,9.06,-2.54,0.2193,0.0,2.1514,0.0,0.2404,0,90,0,0.21,0,False,False,False,False,False,False
1782461913.664,0,0,0,0,0,9.06,-2.64,0.2187,0.0,2.1457,0.0,0.2403,0,90,0,0.21,0,False,False,False,False,False,False
1782461913.688,0,0,0,0,0,9.05,-2.72,0.2183,0.0,2.1419,0.0,0.2402,0,90,0,0.2,0,False,False,False,False,False,False
1782461913.714,0,0,0,0,0,9.03,-2.8,0.2182,0.0,2.1408,0.0,0.2401,0,90,0,0.2,0,False,False,False,False,False,False
1782461913.737,0,0,0,0,0,8.99,-2.87,0.2178,0.0,2.137,0.0,0.24,0,90,0,0.2,0,False,False,False,False,False,False
1782461913.76,0,0,0,0,0,8.96,-2.94,0.2171,0.0,2.1296,0.0,0.2399,0,90,0,0.2,0,False,False,False,False,False,False
1782461913.785,0,0,0,0,0,8.93,-3.04,0.2161,0.0,2.1199,0.0,0.2397,0,90,0,0.2,0,False,False,False,False,False,False
1782461913.808,0,0,0,0,0,8.9,-3.19,0.2149,0.0,2.1086,0.0,0.2396,0,90,0,0.2,0,False,False,False,False,False,False
1782461913.832,0,0,0,0,0,8.91,-3.34,0.214,0.0,2.0994,0.0,0.2395,0,90,0,0.2,0,False,False,False,False,False,False
1782461913.856,0,0,0,0,0,8.91,-3.31,0.2134,0.0,2.0931,0.0,0.2394,0,90,0,0.2,0,False,False,False,False,False,False
1782461913.882,0,0,0,0,0,8.87,-3.67,0.2129,0.0,2.0888,0.0,0.2392,0,90,0,0.2,0,False,False,False,False,False,False
1782461913.904,0,0,0,0,0,8.74,-4.98,0.2126,0.0,2.0859,0.0,0.2391,0,90,0,0.2,0,False,False,False,False,False,False
1782461913.93,0,0,0,0,0,8.0,-6.67,0.2124,0.0,2.0839,0.0,0.239,0,90,0,0.2,0,False,False,False,False,False,False
1782461913.952,0,0,0,0,0,6.21,-8.02,0.2123,0.0,2.0826,0.0,0.2388,0,90,0,0.21,0,False,False,False,False,False,False
1782461913.977,0,0,0,0,0,4.11,-8.97,0.2124,0.0,2.0832,0.0,0.2387,0,90,0,0.21,0,False,False,False,False,False,False
1782461914.0,0,0,0,0,0,2.44,-9.65,0.2124,0.0,2.0837,0.0,0.2385,0,90,0,0.21,0,False,False,False,False,False,False
1782461914.019,0,0,0,0,0,1.24,-10.18,0.2121,0.0,2.0808,0.0,0.2384,0,90,0,0.21,0,False,False,False,False,False,False
1782461914.043,0,0,0,0,0,0.34,-10.56,0.2119,0.0,2.0789,0.0,0.2382,0,90,0,0.22,0,False,False,False,False,False,False
1782461914.068,0,0,0,0,0,-0.41,-10.83,0.2119,0.0,2.0792,0.0,0.2381,0,90,0,0.22,0,False,False,False,False,False,False
1782461914.092,0,0,0,0,0,-1.08,-11.03,0.2118,0.0,2.0778,0.0,0.238,0,90,0,0.23,0,False,False,False,False,False,False
1782461914.115,0,0,0,0,0,-1.71,-11.22,0.2112,0.0,2.0721,0.0,0.2378,0,90,0,0.23,0,False,False,False,False,False,False
1782461914.135,0,0,0,0,0,-2.32,-11.4,0.2105,0.0,2.0651,0.0,0.2377,0,90,0,0.23,0,False,False,False,False,False,False
1782461914.154,0,0,0,0,0,-3.04,-11.6,0.2102,0.0,2.0619,0.0,0.2375,0,90,0,0.24,0,False,False,False,False,False,False
1782461914.18,0,0,0,0,0,-4.03,-11.81,0.2103,0.0,2.0629,0.0,0.2374,0,90,0,0.24,0,False,False,False,False,False,False
1782461914.204,0,0,0,0,0,-5.39,-12.0,0.2107,0.0,2.0667,0.0,0.2373,0,90,0,0.25,0,False,False,False,False,False,False
1782461914.229,0,0,0,0,0,-7.02,-12.07,0.2111,0.0,2.0709,0.0,0.2371,0,90,0,0.25,0,False,False,False,False,False,False
1782461914.252,0,0,0,0,0,-8.64,-11.9,0.2114,0.0,2.0737,0.0,0.237,0,90,0,0.25,0,False,False,False,False,False,False
1782461914.276,0,0,0,0,0,-9.97,-11.52,0.2114,0.0,2.0741,0.0,0.2369,0,90,0,0.24,0,False,False,False,False,False,False
1782461914.3,0,0,0,0,0,-10.84,-11.22,0.211,0.0,2.0696,0.0,0.2367,0,90,0,0.24,0,False,False,False,False,False,False
1782461914.319,0,0,0,0,0,-11.22,-11.1,0.2103,0.0,2.0634,0.0,0.2366,0,90,0,0.24,0,False,False,False,False,False,False
1782461914.344,0,0,0,0,0,-11.22,-10.78,0.2099,0.0,2.0592,0.0,0.2364,0,90,0,0.24,0,False,False,False,False,False,False
1782461914.368,0,0,0,0,0,-10.97,-10.37,0.2096,0.0,2.0563,0.0,0.2363,0,90,0,0.23,0,False,False,False,False,False,False
1782461914.392,0,0,0,0,0,-10.54,-10.21,0.2096,0.0,2.056,0.0,0.2361,0,90,0,0.2,0,False,False,False,False,False,False
1782461914.415,0,0,0,0,0,-10.2,-10.24,0.2099,0.0,2.0589,0.0,0.2359,0,90,0,0.18,0,False,False,False,False,False,False
1782461914.44,0,0,0,0,0,-9.91,-10.33,0.2098,0.0,2.0577,0.0,0.2358,0,90,0,0.17,0,False,False,False,False,False,False
1782461914.465,0,0,0,0,0,-9.02,-10.43,0.2089,0.0,2.049,0.0,0.2356,0,90,0,0.18,0,False,False,False,False,False,False
1782461914.489,0,0,0,0,0,-7.74,-10.51,0.208,0.0,2.04,0.0,0.2354,0,90,0,0.18,0,False,False,False,False,False,False
1782461914.513,0,0,0,0,0,-6.61,-10.57,0.2072,0.0,2.0323,0.0,0.2353,0,90,0,0.18,0,False,False,False,False,False,False
1782461914.531,0,0,0,0,0,-5.71,-10.78,0.2063,0.0,2.0239,0.0,0.2351,0,90,0,0.18,0,False,False,False,False,False,False
1782461914.557,0,0,0,0,0,-5.01,-11.16,0.2054,0.0,2.0151,0.0,0.2349,0,90,0,0.18,0,False,False,False,False,False,False
1782461914.575,0,0,0,0,0,-4.48,-11.62,0.2046,0.0,2.0075,0.0,0.2347,0,90,0,0.18,0,False,False,False,False,False,False
1782461914.599,0,0,0,0,0,-4.12,-12.13,0.2043,0.0,2.0039,0.0,0.2346,0,90,0,0.18,0,False,False,False,False,False,False
1782461914.624,0,0,0,0,0,-3.9,-12.67,0.2043,0.0,2.0046,0.0,0.2344,0,90,0,0.18,0,False,False,False,False,False,False
1782461914.648,0,0,0,0,0,-3.71,-13.29,0.2047,0.0,2.0083,0.0,0.2343,0,90,0,0.18,0,False,False,False,False,False,False
1782461914.666,0,0,0,0,0,-3.45,-13.96,0.2051,0.0,2.0123,0.0,0.2341,0,90,0,0.18,0,False,False,False,False,False,False
1782461914.691,0,0,0,0,0,-3.24,-14.65,0.2052,0.0,2.0135,0.0,0.2339,0,90,0,0.18,0,False,False,False,False,False,False
1782461914.711,0,0,0,0,0,-2.99,-15.28,0.205,0.0,2.0111,0.0,0.2338,0,90,0,0.18,0,False,False,False,False,False,False
1782461914.736,0,0,0,0,0,-2.14,-15.8,0.2047,0.0,2.008,0.0,0.2336,0,90,0,0.18,0,False,False,False,False,False,False
1782461914.753,0,0,0,0,0,-0.87,-16.21,0.2046,0.0,2.0074,0.0,0.2335,0,90,0,0.19,0,False,False,False,False,False,False
1782461914.779,0,0,0,0,0,0.31,-16.47,0.2049,0.0,2.0101,0.0,0.2333,0,90,0,0.19,0,False,False,False,False,False,False
1782461914.805,0,0,0,0,0,1.29,-16.54,0.2054,0.0,2.0151,0.0,0.2332,0,90,0,0.19,0,False,False,False,False,False,False
1782461914.827,0,0,0,0,0,2.11,-16.42,0.2064,0.0,2.0248,0.0,0.233,0,90,0,0.19,0,False,False,False,False,False,False
1782461914.851,0,0,0,0,0,2.78,-16.24,0.2076,0.0,2.0361,0.0,0.2329,0,90,0,0.19,0,False,False,False,False,False,False
1782461914.875,0,0,0,0,0,3.32,-16.13,0.2075,0.0,2.036,0.0,0.2328,0,90,0,0.19,0,False,False,False,False,False,False
1782461914.899,0,0,0,0,0,3.83,-16.05,0.2064,0.0,2.0248,0.0,0.2326,0,90,0,0.2,0,False,False,False,False,False,False
1782461914.924,0,0,0,0,0,4.41,-15.92,0.2053,0.0,2.0141,0.0,0.2324,0,90,0,0.2,0,False,False,False,False,False,False
1782461914.948,0,0,0,0,0,5.11,-15.81,0.2054,0.0,2.0147,0.0,0.2323,0,90,0,0.2,0,False,False,False,False,False,False
1782461914.965,0,0,0,0,0,5.82,-15.69,0.2064,0.0,2.0245,0.0,0.2322,0,90,0,0.21,0,False,False,False,False,False,False
1782461914.991,0,0,0,0,0,6.39,-15.29,0.2071,0.0,2.0312,0.0,0.232,0,90,0,0.21,0,False,False,False,False,False,False
1782461915.01,0,0,0,0,0,6.77,-14.77,0.207,0.0,2.031,0.0,0.2319,0,90,0,0.21,0,False,False,False,False,False,False
1782461915.034,0,0,0,0,0,6.99,-14.47,0.2057,0.0,2.0184,0.0,0.2317,0,90,0,0.21,0,False,False,False,False,False,False
1782461915.058,0,0,0,0,0,7.1,-14.42,0.2041,0.0,2.0019,0.0,0.2315,0,90,0,0.22,0,False,False,False,False,False,False
1782461915.082,0,0,0,0,0,7.16,-14.48,0.2029,0.0,1.9907,0.0,0.2314,0,90,0,0.22,0,False,False,False,False,False,False
1782461915.107,0,0,0,0,0,7.21,-14.53,0.202,0.0,1.9815,0.0,0.2312,0,90,0,0.22,0,False,False,False,False,False,False
1782461915.132,0,0,0,0,0,7.25,-14.55,0.2018,0.0,1.98,0.0,0.231,0,90,0,0.22,0,False,False,False,False,False,False
1782461915.156,0,0,0,0,0,7.28,-14.55,0.2035,0.0,1.9962,0.0,0.2309,0,90,0,0.22,0,False,False,False,False,False,False
1782461915.174,0,0,0,0,0,7.3,-14.55,0.2067,0.0,2.0277,0.0,0.2307,0,90,0,0.22,0,False,False,False,False,False,False
1782461915.199,0,0,0,0,0,7.31,-14.58,0.21,0.0,2.0601,0.0,0.2306,0,90,0,0.22,0,False,False,False,False,False,False
1782461915.224,0,0,0,0,0,7.32,-14.61,0.2122,0.0,2.0821,0.0,0.2305,0,90,0,0.22,0,False,False,False,False,False,False
1782461915.249,0,0,0,0,0,7.33,-14.63,0.213,0.0,2.0892,0.0,0.2303,0,90,0,0.22,0,False,False,False,False,False,False
1782461915.265,0,0,0,0,0,7.34,-14.65,0.213,0.0,2.0893,0.0,0.2302,0,90,0,0.22,0,False,False,False,False,False,False
1782461915.29,0,0,0,0,0,7.34,-14.64,0.2131,0.0,2.0909,0.0,0.23,0,90,0,0.22,0,False,False,False,False,False,False
1782461915.31,0,0,0,0,0,7.31,-14.64,0.2133,0.0,2.0921,0.0,0.2299,0,90,0,0.22,0,False,False,False,False,False,False
1782461915.334,0,0,0,0,0,7.31,-14.66,0.2129,0.0,2.0881,0.0,0.2297,0,90,0,0.22,0,False,False,False,False,False,False
1782461915.359,0,0,0,0,0,7.28,-14.91,0.2123,0.0,2.0823,0.0,0.2296,0,90,0,0.22,0,False,False,False,False,False,False
1782461915.383,0,0,0,0,0,7.14,-15.59,0.212,0.0,2.0799,0.0,0.2294,0,90,0,0.21,0,False,False,False,False,False,False
1782461915.407,0,0,0,0,0,6.99,-16.56,0.212,0.0,2.0798,0.0,0.2293,0,90,0,0.21,0,False,False,False,False,False,False
1782461915.432,0,0,0,0,0,6.86,-17.52,0.2122,0.0,2.0814,0.0,0.2292,0,90,0,0.21,0,False,False,False,False,False,False
1782461915.455,0,0,0,0,0,6.63,-18.24,0.2126,0.0,2.0856,0.0,0.229,0,90,0,0.21,0,False,False,False,False,False,False
1782461915.479,0,0,0,0,0,6.38,-18.61,0.2132,0.0,2.0915,0.0,0.2289,0,90,0,0.19,0,False,False,False,False,False,False
1782461915.505,0,0,0,0,0,6.28,-18.71,0.2135,0.0,2.094,0.0,0.2287,0,90,0,0.18,0,False,False,False,False,False,False
1782461915.523,0,0,0,0,0,6.27,-18.72,0.2133,0.0,2.0926,0.0,0.2286,0,90,0,0.17,0,False,False,False,False,False,False
1782461915.548,0,0,0,0,0,6.27,-18.77,0.2132,0.0,2.0916,0.0,0.2284,0,90,0,0.17,0,False,False,False,False,False,False
1782461915.567,0,0,0,0,0,6.26,-18.87,0.2133,0.0,2.0925,0.0,0.2283,0,90,0,0.17,0,False,False,False,False,False,False
1782461915.59,0,0,0,0,0,6.25,-18.96,0.2135,0.0,2.0947,0.0,0.2281,0,90,0,0.16,0,False,False,False,False,False,False
1782461915.615,0,0,0,0,0,6.25,-19.02,0.2137,0.0,2.0962,0.0,0.2279,0,90,0,0.14,0,False,False,False,False,False,False
1782461915.639,0,0,0,0,0,6.25,-19.08,0.2138,0.0,2.0972,0.0,0.2278,0,90,0,0.13,0,False,False,False,False,False,False
1782461915.663,0,0,0,0,0,6.25,-19.16,0.2137,0.0,2.0963,0.0,0.2276,0,90,0,0.13,0,False,False,False,False,False,False
1782461915.687,0,0,0,0,0,6.23,-19.24,0.2133,0.0,2.0926,0.0,0.2274,0,90,0,0.13,0,False,False,False,False,False,False
1782461915.712,0,0,0,0,0,5.93,-19.32,0.2129,0.0,2.0885,0.0,0.2272,0,90,0,0.12,0,False,False,False,False,False,False
1782461915.734,0,0,0,0,0,5.12,-19.4,0.2124,0.0,2.0841,0.0,0.2271,0,90,0,0.11,0,False,False,False,False,False,False
1782461915.759,0,0,0,0,0,4.17,-19.53,0.212,0.0,2.0795,0.0,0.2269,0,90,0,0.09,0,False,False,False,False,False,False
1782461915.777,0,0,0,0,0,3.48,-19.69,0.2117,0.0,2.0765,0.0,0.2267,0,90,0,0.08,0,False,False,False,False,False,False
1782461915.801,0,0,0,0,0,3.04,-19.86,0.2116,0.0,2.0759,0.0,0.2265,0,90,0,0.08,0,False,False,False,False,False,False
1782461915.821,0,0,0,0,0,2.71,-20.04,0.2117,0.0,2.0771,0.0,0.2263,0,90,0,0.07,0,False,False,False,False,False,False
1782461915.846,0,0,0,0,0,2.38,-20.26,0.2118,0.0,2.078,0.0,0.2261,0,90,0,0.07,0,False,False,False,False,False,False
1782461915.869,0,0,0,0,0,1.98,-20.54,0.212,0.0,2.0801,0.0,0.226,0,90,0,0.06,0,False,False,False,False,False,False
1782461915.895,0,0,0,0,0,1.47,-20.85,0.2123,0.0,2.0831,0.0,0.2258,0,90,0,0.05,0,False,False,False,False,False,False
1782461915.918,0,0,0,0,0,0.88,-21.09,0.2127,0.0,2.0867,0.0,0.2256,0,90,0,0.05,0,False,False,False,False,False,False
1782461915.943,0,0,0,0,0,0.24,-21.3,0.2131,0.0,2.0908,0.0,0.2254,0,90,0,0.05,0,False,False,False,False,False,False
1782461915.966,0,0,0,0,0,-0.39,-21.53,0.2132,0.0,2.092,0.0,0.2253,0,90,0,0.05,0,False,False,False,False,False,False
1782461915.991,0,0,0,0,0,-0.98,-21.83,0.213,0.0,2.0896,0.0,0.2251,0,90,0,0.06,0,False,False,False,False,False,False
1782461916.016,0,0,0,0,0,-1.56,-22.18,0.2124,0.0,2.0833,0.0,0.2249,0,90,0,0.06,0,False,False,False,False,False,False
1782461916.033,0,0,0,0,0,-2.17,-22.48,0.2114,0.0,2.0743,0.0,0.2247,0,90,0,0.06,0,False,False,False,False,False,False
1782461916.059,0,0,0,0,0,-2.78,-22.65,0.2107,0.0,2.0666,0.0,0.2246,0,90,0,0.06,0,False,False,False,False,False,False
1782461916.079,0,0,0,0,0,-3.31,-22.67,0.2101,0.0,2.0614,0.0,0.2244,0,90,0,0.06,0,False,False,False,False,False,False
1782461916.103,0,0,0,0,0,-3.73,-22.64,0.2096,0.0,2.0563,0.0,0.2242,0,90,0,0.06,0,False,False,False,False,False,False
1782461916.122,0,0,0,0,0,-4.06,-22.61,0.2091,0.0,2.0512,0.0,0.224,0,90,0,0.06,0,False,False,False,False,False,False
1782461916.146,0,0,0,0,0,-4.4,-22.61,0.2086,0.0,2.0462,0.0,0.2239,0,90,0,0.06,0,False,False,False,False,False,False
1782461916.168,0,0,0,0,0,-4.85,-22.61,0.2079,0.0,2.0396,0.0,0.2237,0,90,0,0.06,0,False,False,False,False,False,False
1782461916.196,0,0,0,0,0,-5.48,-22.6,0.207,0.0,2.0305,0.0,0.2239,0,90,0,0.05,0,False,False,False,False,False,False
1782461916.218,0,0,0,0,0,-6.28,-22.59,0.2057,0.0,2.018,0.0,0.2242,0,90,0,0.05,0,False,False,False,False,False,False
1782461916.236,0,0,0,0,0,-7.2,-22.58,0.204,0.0,2.0016,0.0,0.2246,0,90,0,0.05,0,False,False,False,False,False,False
1782461916.264,0,0,0,0,0,-8.12,-22.4,0.2018,0.0,1.9795,0.0,0.225,0,90,0,0.05,0,False,False,False,False,False,False
1782461916.286,0,0,0,0,0,-8.94,-21.88,0.199,0.0,1.9519,0.0,0.2254,0,90,0,0.05,0,False,False,False,False,False,False
1782461916.311,0,0,0,0,0,-9.58,-21.25,0.1959,0.0,1.9221,0.0,0.2258,0,90,0,0.04,0,False,False,False,False,False,False
1782461916.329,0,0,0,0,0,-10.03,-20.79,0.1932,0.0,1.8956,0.0,0.2262,0,90,0,0.04,0,False,False,False,False,False,False
1782461916.351,0,0,0,0,0,-10.3,-20.51,0.1885,0.0,1.8493,0.0,0.2265,0,90,0,0.04,0,False,False,False,False,False,False
1782461916.374,0,0,0,0,0,-10.45,-20.36,0.1771,0.0,1.7377,0.0,0.2268,0,90,0,0.04,0,False,False,False,False,False,False
1782461916.396,0,0,0,0,0,-10.57,-20.32,0.1561,0.0,1.5314,0.0,0.2269,0,90,0,0.04,0,False,False,False,False,False,False
1782461916.421,0,0,0,0,0,-10.74,-20.41,0.129,0.0,1.2655,0.0,0.2271,0,90,0,0.04,0,False,False,False,False,False,False
1782461916.445,0,0,0,0,0,-10.99,-20.59,0.1037,0.0,1.0172,0.0,0.2271,0,90,0,0.04,0,False,False,False,False,False,False
1782461916.468,0,0,0,0,0,-11.26,-20.77,0.0841,0.0,0.8248,0.0,0.2272,0,90,0,0.04,0,False,False,False,False,False,False
1782461916.492,0,0,0,0,0,-11.5,-20.92,0.0744,0.0,0.7303,0.0,0.2274,0,90,0,0.04,0,False,False,False,False,False,False
1782461916.519,0,0,0,0,0,-11.65,-21.05,0.0757,0.0,0.743,0.0,0.2275,0,90,0,0.04,0,False,False,False,False,False,False
1782461916.537,0,0,0,0,0,-11.68,-21.17,0.081,0.0,0.7941,0.0,0.2275,0,90,0,0.04,0,False,False,False,False,False,False
1782461916.561,0,0,0,0,0,-11.63,-21.3,0.0842,0.0,0.8257,0.0,0.2272,0,90,0,0.05,0,False,False,False,False,False,False
1782461916.579,0,0,0,0,0,-11.61,-21.41,0.0843,0.0,0.8268,0.0,0.2268,0,90,0,0.05,0,False,False,False,False,False,False
1782461916.604,0,0,0,0,0,-11.62,-21.52,0.0823,0.0,0.807,0.0,0.2265,0,90,0,0.05,0,False,False,False,False,False,False
1782461916.629,0,0,0,0,0,-11.65,-21.63,0.0795,0.0,0.7795,0.0,0.226,0,90,0,0.05,0,False,False,False,False,False,False
1782461916.653,0,0,0,0,0,-11.65,-21.75,0.0766,0.0,0.7513,0.0,0.2256,0,90,0,0.05,0,False,False,False,False,False,False
1782461916.671,0,0,0,0,0,-11.63,-21.88,0.0737,0.0,0.7228,0.0,0.2252,0,90,0,0.05,0,False,False,False,False,False,False
1782461916.695,0,0,0,0,0,-11.61,-21.99,0.0711,0.0,0.6971,0.0,0.2247,0,90,0,0.05,0,False,False,False,False,False,False
1782461916.715,0,0,0,0,0,-11.58,-22.1,0.069,0.0,0.6765,0.0,0.2243,0,90,0,0.05,0,False,False,False,False,False,False
1782461916.74,0,0,0,0,0,-11.48,-22.23,0.0674,0.0,0.6609,0.0,0.2238,0,90,0,0.05,0,False,False,False,False,False,False
1782461916.763,0,0,0,0,0,-10.79,-22.44,0.0663,0.0,0.6503,0.0,0.2234,0,90,0,0.05,0,False,False,False,False,False,False
1782461916.787,0,0,0,0,0,-9.02,-22.75,0.0657,0.0,0.6447,0.0,0.2229,0,90,0,0.05,0,False,False,False,False,False,False
1782461916.811,0,0,0,0,0,-6.8,-23.11,0.0655,0.0,0.6424,0.0,0.2225,0,90,0,0.05,0,False,False,False,False,False,False
1782461916.836,0,0,0,0,0,-4.86,-23.47,0.0653,0.0,0.6409,0.0,0.222,0,90,0,0.05,0,False,False,False,False,False,False
1782461916.86,0,0,0,0,0,-3.25,-23.65,0.0654,0.0,0.6414,0.0,0.2216,0,90,0,0.06,0,False,False,False,False,False,False
1782461916.885,0,0,0,0,0,-1.84,-23.44,0.0657,0.0,0.6449,0.0,0.2211,0,90,0,0.06,0,False,False,False,False,False,False
1782461916.908,0,0,0,0,0,-0.48,-23.04,0.0661,0.0,0.6489,0.0,0.2207,0,90,0,0.06,0,False,False,False,False,False,False
1782461916.927,0,0,0,0,0,0.9,-22.94,0.0661,0.0,0.6484,0.0,0.2203,0,90,0,0.07,0,False,False,False,False,False,False
1782461916.952,0,0,0,0,0,2.31,-22.44,0.0656,0.0,0.6434,0.0,0.2198,0,90,0,0.08,0,False,False,False,False,False,False
1782461916.971,0,0,0,0,0,3.72,-20.69,0.0651,0.0,0.6384,0.0,0.2194,0,90,0,0.09,0,False,False,False,False,False,False
1782461916.995,0,0,0,0,0,5.11,-18.59,0.0646,0.0,0.6335,0.0,0.219,0,90,0,0.09,0,False,False,False,False,False,False
1782461917.016,0,0,0,0,0,6.42,-17.25,0.0639,0.0,0.6269,0.0,0.2186,0,90,0,0.09,0,False,False,False,False,False,False
1782461917.037,0,0,0,0,0,7.39,-16.71,0.0633,0.0,0.6209,0.0,0.2181,0,90,0,0.1,0,False,False,False,False,False,False
1782461917.064,0,0,0,0,0,7.77,-16.56,0.063,0.0,0.6184,0.0,0.2177,0,90,0,0.1,0,False,False,False,False,False,False
1782461917.087,0,0,0,0,0,7.65,-16.45,0.0635,0.0,0.623,0.0,0.2173,0,90,0,0.1,0,False,False,False,False,False,False
1782461917.112,0,0,0,0,0,7.45,-16.31,0.0643,0.0,0.6309,0.0,0.2169,0,90,0,0.1,0,False,False,False,False,False,False
1782461917.134,0,0,0,0,0,7.47,-16.25,0.065,0.0,0.6377,0.0,0.2165,0,90,0,0.11,0,False,False,False,False,False,False
1782461917.159,0,0,0,0,0,7.71,-16.38,0.0658,0.0,0.6456,0.0,0.2161,0,90,0,0.11,0,False,False,False,False,False,False
1782461917.184,0,0,0,0,0,7.96,-16.65,0.0665,0.0,0.6525,0.0,0.2157,0,90,0,0.11,0,False,False,False,False,False,False
1782461917.207,0,0,0,0,0,8.11,-16.96,0.067,0.0,0.6571,0.0,0.2153,0,90,0,0.11,0,False,False,False,False,False,False
1782461917.225,0,0,0,0,0,8.15,-17.24,0.0673,0.0,0.6603,0.0,0.2148,0,90,0,0.11,0,False,False,False,False,False,False
1782461917.251,0,0,0,0,0,8.13,-17.47,0.0674,0.0,0.6609,0.0,0.2144,0,90,0,0.11,0,False,False,False,False,False,False
1782461917.269,0,0,0,0,0,8.11,-17.63,0.0671,0.0,0.6582,0.0,0.214,0,90,0,0.11,0,False,False,False,False,False,False
1782461917.293,0,0,0,0,0,8.09,-17.71,0.0664,0.0,0.6516,0.0,0.2136,0,90,0,0.11,0,False,False,False,False,False,False
1782461917.317,0,0,0,0,0,8.09,-17.72,0.0653,0.0,0.6408,0.0,0.2132,0,90,0,0.11,0,False,False,False,False,False,False
1782461917.342,0,0,0,0,0,8.09,-17.69,0.0639,0.0,0.6272,0.0,0.2127,0,90,0,0.11,0,False,False,False,False,False,False
1782461917.365,0,0,0,0,0,8.1,-17.65,0.0628,0.0,0.6164,0.0,0.2123,0,90,0,0.11,0,False,False,False,False,False,False
1782461917.391,0,0,0,0,0,8.11,-17.62,0.0627,0.0,0.6154,0.0,0.2119,0,90,0,0.11,0,False,False,False,False,False,False
1782461917.415,0,0,0,0,0,8.12,-17.59,0.0636,0.0,0.6241,0.0,0.2115,0,90,0,0.11,0,False,False,False,False,False,False
1782461917.434,0,0,0,0,0,8.13,-17.56,0.0649,0.0,0.6363,0.0,0.211,0,90,0,0.11,0,False,False,False,False,False,False
1782461917.458,0,0,0,0,0,8.14,-17.54,0.0662,0.0,0.6493,0.0,0.2106,0,90,0,0.11,0,False,False,False,False,False,False
1782461917.477,0,0,0,0,0,8.16,-17.53,0.0679,0.0,0.666,0.0,0.2102,0,90,0,0.11,0,False,False,False,False,False,False
1782461917.501,0,0,0,0,0,8.17,-17.52,0.0697,0.0,0.6836,0.0,0.2098,0,90,0,0.11,0,False,False,False,False,False,False
1782461917.52,0,0,0,0,0,8.18,-17.51,0.0712,0.0,0.6988,0.0,0.2094,0,90,0,0.1,0,False,False,False,False,False,False
1782461917.544,0,0,0,0,0,8.2,-17.5,0.0726,0.0,0.7122,0.0,0.209,0,90,0,0.1,0,False,False,False,False,False,False
1782461917.57,0,0,0,0,0,8.21,-17.5,0.0737,0.0,0.7229,0.0,0.2086,0,90,0,0.1,0,False,False,False,False,False,False
1782461917.595,0,0,0,0,0,8.23,-17.5,0.0744,0.0,0.7301,0.0,0.2081,0,90,0,0.1,0,False,False,False,False,False,False
1782461917.619,0,0,0,0,0,8.24,-17.5,0.0751,0.0,0.7367,0.0,0.2077,0,90,0,0.1,0,False,False,False,False,False,False
1782461917.644,0,0,0,0,0,8.26,-17.5,0.0757,0.0,0.7427,0.0,0.2073,0,90,0,0.1,0,False,False,False,False,False,False
1782461917.668,0,0,0,0,0,8.28,-17.51,0.0763,0.0,0.7483,0.0,0.2069,0,90,0,0.1,0,False,False,False,False,False,False
1782461917.687,0,0,0,0,0,8.3,-17.51,0.0768,0.0,0.7537,0.0,0.2065,0,90,0,0.1,0,False,False,False,False,False,False
1782461917.711,0,0,0,0,0,8.31,-17.52,0.0774,0.0,0.759,0.0,0.2061,0,90,0,0.1,0,False,False,False,False,False,False
1782461917.73,0,0,0,0,0,8.33,-17.52,0.078,0.0,0.7657,0.0,0.2057,0,90,0,0.1,0,False,False,False,False,False,False
1782461917.754,0,0,0,0,0,8.34,-17.53,0.079,0.0,0.7749,0.0,0.2054,0,90,0,0.1,0,False,False,False,False,False,False
1782461917.867,0,0,0,0,0,8.37,-17.53,0.0804,0.0,0.7891,0.0,0.205,0,90,0,0.09,0,False,False,False,False,False,False
1782461917.89,0,0,0,0,0,8.41,-17.54,0.0817,0.0,0.8019,0.0,0.2046,0,90,0,0.09,0,False,False,False,False,False,False
1782461917.91,0,0,0,0,0,8.44,-17.55,0.0826,0.0,0.8105,0.0,0.2043,0,90,0,0.09,0,False,False,False,False,False,False
1782461917.935,0,0,0,0,0,8.46,-17.56,0.0834,0.0,0.818,0.0,0.2039,0,90,0,0.09,0,False,False,False,False,False,False
1782461917.954,0,0,0,0,0,8.48,-17.57,0.0839,0.0,0.8231,0.0,0.2035,0,90,0,0.09,0,False,False,False,False,False,False
1782461917.978,0,0,0,0,0,8.48,-17.57,0.0844,0.0,0.8281,0.0,0.2031,0,90,0,0.09,0,False,False,False,False,False,False
1782461918.002,0,0,0,0,0,8.49,-17.58,0.0849,0.0,0.8331,0.0,0.2028,0,90,0,0.08,0,False,False,False,False,False,False
1782461918.028,0,0,0,0,0,8.5,-17.58,0.0853,0.0,0.8365,0.0,0.2024,0,90,0,0.08,0,False,False,False,False,False,False
1782461918.052,0,0,0,0,0,8.51,-17.58,0.0855,0.0,0.8388,0.0,0.202,0,90,0,0.08,0,False,False,False,False,False,False
1782461918.071,0,0,0,0,0,8.52,-17.58,0.0857,0.0,0.8403,0.0,0.2016,0,90,0,0.08,0,False,False,False,False,False,False
1782461918.095,0,0,0,0,0,8.54,-17.59,0.0859,0.0,0.843,0.0,0.2013,0,90,0,0.08,0,False,False,False,False,False,False
1782461918.12,0,0,0,0,0,8.54,-17.6,0.0864,0.0,0.8479,0.0,0.2009,0,90,0,0.08,0,False,False,False,False,False,False
1782461918.143,0,0,0,0,0,8.55,-17.6,0.0868,0.0,0.8513,0.0,0.2005,0,90,0,0.08,0,False,False,False,False,False,False
1782461918.162,0,0,0,0,0,8.57,-17.61,0.0868,0.0,0.852,0.0,0.2001,0,90,0,0.08,0,False,False,False,False,False,False
1782461918.186,0,0,0,0,0,8.57,-17.61,0.0869,0.0,0.8525,0.0,0.1998,0,90,0,0.08,0,False,False,False,False,False,False
1782461918.207,0,0,0,0,0,8.58,-17.61,0.0868,0.0,0.8512,0.0,0.1994,0,90,0,0.08,0,False,False,False,False,False,False
1782461918.231,0,0,0,0,0,8.59,-17.61,0.0865,0.0,0.8488,0.0,0.199,0,90,0,0.08,0,False,False,False,False,False,False
1782461918.256,0,0,0,0,0,8.6,-17.62,0.0864,0.0,0.8471,0.0,0.1986,0,90,0,0.08,0,False,False,False,False,False,False
1782461918.28,0,0,0,0,0,8.61,-17.62,0.0862,0.0,0.846,0.0,0.1982,0,90,0,0.08,0,False,False,False,False,False,False
1782461918.306,0,0,0,0,0,8.62,-17.63,0.086,0.0,0.8437,0.0,0.1978,0,90,0,0.07,0,False,False,False,False,False,False
1782461918.324,0,0,0,0,0,8.63,-17.63,0.0855,0.0,0.839,0.0,0.1974,0,90,0,0.07,0,False,False,False,False,False,False
1782461918.349,0,0,0,0,0,8.63,-17.64,0.085,0.0,0.8342,0.0,0.197,0,90,0,0.07,0,False,False,False,False,False,False
1782461918.367,0,0,0,0,0,8.64,-17.64,0.0845,0.0,0.8294,0.0,0.1966,0,90,0,0.07,0,False,False,False,False,False,False
1782461918.392,0,0,0,0,0,8.65,-17.65,0.0836,0.0,0.8198,0.0,0.1962,0,90,0,0.07,0,False,False,False,False,False,False
1782461918.416,0,0,0,0,0,8.66,-17.65,0.0823,0.0,0.807,0.0,0.1958,0,90,0,0.07,0,False,False,False,False,False,False
1782461918.442,0,0,0,0,0,8.66,-17.66,0.0814,0.0,0.7983,0.0,0.1954,0,90,0,0.07,0,False,False,False,False,False,False
1782461918.461,0,0,0,0,0,8.67,-17.67,0.0813,0.0,0.7971,0.0,0.195,0,90,0,0.07,0,False,False,False,False,False,False
1782461918.485,0,0,0,0,0,8.68,-17.67,0.0817,0.0,0.801,0.0,0.1946,0,90,0,0.07,0,False,False,False,False,False,False
1782461918.504,0,0,0,0,0,8.69,-17.67,0.0822,0.0,0.8068,0.0,0.1942,0,90,0,0.07,0,False,False,False,False,False,False
1782461918.528,0,0,0,0,0,8.69,-17.67,0.0826,0.0,0.8108,0.0,0.1938,0,90,0,0.07,0,False,False,False,False,False,False
1782461918.554,0,0,0,0,0,8.7,-17.68,0.0824,0.0,0.8087,0.0,0.1935,0,90,0,0.06,0,False,False,False,False,False,False
1782461918.578,0,0,0,0,0,8.71,-17.68,0.0818,0.0,0.8026,0.0,0.1931,0,90,0,0.04,0,False,False,False,False,False,False
1782461918.595,0,0,0,0,0,8.71,-17.69,0.0812,0.0,0.7969,0.0,0.1927,0,90,0,0.04,0,False,False,False,False,False,False
1782461918.621,0,0,0,0,0,8.72,-17.69,0.081,0.0,0.7946,0.0,0.1923,0,90,0,0.03,0,False,False,False,False,False,False
1782461918.64,0,0,0,0,0,8.72,-17.7,0.0812,0.0,0.7962,0.0,0.192,0,90,0,0.03,0,False,False,False,False,False,False
1782461918.666,0,0,0,0,0,8.73,-17.7,0.0816,0.0,0.8004,0.0,0.1916,0,90,0,0.03,0,False,False,False,False,False,False
1782461918.684,0,0,0,0,0,8.73,-17.7,0.0822,0.0,0.8064,0.0,0.1912,0,90,0,0.02,0,False,False,False,False,False,False
1782461918.709,0,0,0,0,0,8.74,-17.7,0.0826,0.0,0.8105,0.0,0.1909,0,90,0,0.01,0,False,False,False,False,False,False
1782461918.732,0,0,0,0,0,8.75,-17.71,0.0827,0.0,0.8117,0.0,0.1905,0,90,0,0.01,0,False,False,False,False,False,False
1782461918.751,0,0,0,0,0,8.76,-17.71,0.083,0.0,0.8141,0.0,0.1901,0,90,0,0.01,0,False,False,False,False,False,False
1782461918.775,0,0,0,0,0,8.76,-17.72,0.0831,0.0,0.8157,0.0,0.1897,0,90,0,0.01,0,False,False,False,False,False,False
1782461918.801,0,0,0,0,0,8.77,-17.72,0.0825,0.0,0.8089,0.0,0.1894,0,90,0,0.0,0,False,False,False,False,False,False
1782461918.825,0,0,0,0,0,8.78,-17.73,0.0815,0.0,0.7996,0.0,0.189,0,90,0,0.0,0,False,False,False,False,False,False
1782461918.85,0,0,0,0,0,8.78,-17.73,0.0812,0.0,0.7965,0.0,0.1886,0,90,0,0.0,0,False,False,False,False,False,False
1782461918.873,0,0,0,0,0,8.79,-17.74,0.081,0.0,0.7943,0.0,0.1882,0,90,0,0.0,0,False,False,False,False,False,False
1782461918.894,0,0,0,0,0,8.8,-17.74,0.0808,0.0,0.7928,0.0,0.1879,0,90,0,0.0,0,False,False,False,False,False,False
1782461918.918,0,0,0,0,0,8.8,-17.75,0.0809,0.0,0.7934,0.0,0.1875,0,90,0,0.0,0,False,False,False,False,False,False
1782461918.937,0,0,0,0,0,8.8,-17.75,0.0809,0.0,0.7938,0.0,0.1871,0,90,0,0.0,0,False,False,False,False,False,False
1782461918.961,0,0,0,0,0,8.81,-17.76,0.0809,0.0,0.794,0.0,0.1867,0,90,0,0.0,0,False,False,False,False,False,False
1782461918.98,0,0,0,0,0,8.81,-17.76,0.0811,0.0,0.7958,0.0,0.1864,0,90,0,0.0,0,False,False,False,False,False,False
1782461919.004,0,0,0,0,0,8.82,-17.76,0.0816,0.0,0.8001,0.0,0.186,0,90,0,0.0,0,False,False,False,False,False,False
1782461919.029,0,0,0,0,0,8.82,-17.77,0.082,0.0,0.8046,0.0,0.1857,0,90,0,0.0,0,False,False,False,False,False,False
1782461919.05,0,0,0,0,0,8.83,-17.78,0.0822,0.0,0.8061,0.0,0.1853,0,90,0,0.0,0,False,False,False,False,False,False
1782461919.073,0,0,0,0,0,8.83,-17.78,0.0823,0.0,0.8072,0.0,0.185,0,90,0,0.0,0,False,False,False,False,False,False
1782461919.091,0,0,0,0,0,8.84,-17.78,0.0827,0.0,0.811,0.0,0.1846,0,90,0,0.0,0,False,False,False,False,False,False
1782461919.118,0,0,0,0,0,8.84,-17.78,0.0833,0.0,0.8168,0.0,0.1843,0,90,0,0.0,0,False,False,False,False,False,False
1782461919.137,0,0,0,0,0,8.84,-17.79,0.084,0.0,0.8238,0.0,0.184,0,90,0,0.0,0,False,False,False,False,False,False
1782461919.161,0,0,0,0,0,8.85,-17.79,0.0846,0.0,0.8302,0.0,0.1836,0,90,0,0.0,0,False,False,False,False,False,False
1782461919.187,0,0,0,0,0,8.85,-17.8,0.0849,0.0,0.8329,0.0,0.1833,0,90,0,0.0,0,False,False,False,False,False,False
1782461919.21,0,0,0,0,0,8.86,-17.8,0.0849,0.0,0.8332,0.0,0.183,0,90,0,0.0,0,False,False,False,False,False,False
1782461919.235,0,0,0,0,0,8.87,-17.81,0.0851,0.0,0.835,0.0,0.1826,0,90,0,0.0,0,False,False,False,False,False,False
1782461919.259,0,0,0,0,0,8.87,-17.81,0.0856,0.0,0.8393,0.0,0.1823,0,90,0,0.0,0,False,False,False,False,False,False
1782461919.284,0,0,0,0,0,8.88,-17.82,0.0857,0.0,0.8407,0.0,0.182,0,90,0,0.0,0,False,False,False,False,False,False
1782461919.309,0,0,0,0,0,8.88,-17.83,0.0852,0.0,0.8354,0.0,0.1817,0,90,0,0.0,0,False,False,False,False,False,False
1782461919.335,0,0,0,0,0,8.89,-17.83,0.0843,0.0,0.827,0.0,0.1813,0,90,0,0.0,0,False,False,False,False,False,False
1782461919.358,0,0,0,0,0,8.89,-17.84,0.0836,0.0,0.8198,0.0,0.181,0,90,0,0.0,0,False,False,False,False,False,False
1782461919.383,0,0,0,0,0,8.9,-17.84,0.0832,0.0,0.8164,0.0,0.1806,0,90,0,0.0,0,False,False,False,False,False,False
1782461919.407,0,0,0,0,0,8.91,-17.85,0.0832,0.0,0.8157,0.0,0.1803,0,90,0,0.0,0,False,False,False,False,False,False
1782461919.431,0,0,0,0,0,8.91,-17.85,0.0829,0.0,0.8137,0.0,0.18,0,90,0,0.0,0,False,False,False,False,False,False
1782461919.456,0,0,0,0,0,8.92,-17.86,0.0828,0.0,0.8123,0.0,0.1797,0,90,0,0.0,0,False,False,False,False,False,False
1782461919.48,0,0,0,0,0,8.92,-17.87,0.0829,0.0,0.8129,0.0,0.1793,0,90,0,0.0,0,False,False,False,False,False,False
1782461919.505,0,0,0,0,0,8.93,-17.87,0.0829,0.0,0.8133,0.0,0.179,0,90,0,0.0,0,False,False,False,False,False,False
1782461919.528,0,0,0,0,0,8.93,-17.88,0.0826,0.0,0.8105,0.0,0.1787,0,90,0,0.0,0,False,False,False,False,False,False
1782461919.553,0,0,0,0,0,8.94,-17.89,0.0819,0.0,0.8038,0.0,0.1784,0,90,0,0.0,0,False,False,False,False,False,False
1782461919.578,0,0,0,0,0,8.94,-17.89,0.0813,0.0,0.7977,0.0,0.178,0,90,0,0.0,0,False,False,False,False,False,False
1782461919.602,0,0,0,0,0,8.95,-17.9,0.0809,0.0,0.7936,0.0,0.1777,0,90,0,0.0,0,False,False,False,False,False,False
1782461919.626,0,0,0,0,0,8.95,-17.91,0.0806,0.0,0.7908,0.0,0.1774,0,90,0,0.0,0,False,False,False,False,False,False
1782461919.652,0,0,0,0,0,8.96,-17.91,0.0801,0.0,0.7857,0.0,0.177,0,90,0,0.0,0,False,False,False,False,False,False
1782461919.676,0,0,0,0,0,8.96,-17.92,0.0794,0.0,0.7791,0.0,0.1767,0,90,0,0.0,0,False,False,False,False,False,False
1782461919.701,0,0,0,0,0,8.97,-17.93,0.079,0.0,0.7747,0.0,0.1764,0,90,0,0.0,0,False,False,False,False,False,False
1782461919.726,0,0,0,0,0,8.97,-17.94,0.0787,0.0,0.7716,0.0,0.176,0,90,0,0.0,0,False,False,False,False,False,False
1782461919.751,0,0,0,0,0,8.97,-17.95,0.0783,0.0,0.768,0.0,0.1757,0,90,0,0.0,0,False,False,False,False,False,False
1782461919.775,0,0,0,0,0,8.98,-17.95,0.0779,0.0,0.7639,0.0,0.1754,0,90,0,0.0,0,False,False,False,False,False,False
1782461919.8,0,0,0,0,0,8.98,-17.95,0.0776,0.0,0.7612,0.0,0.175,0,90,0,0.0,0,False,False,False,False,False,False
1782461919.824,0,0,0,0,0,8.98,-17.95,0.0774,0.0,0.7593,0.0,0.1747,0,90,0,0.0,0,False,False,False,False,False,False
1782461919.85,0,0,0,0,0,8.99,-17.95,0.0774,0.0,0.7596,0.0,0.1744,0,90,0,0.0,0,False,False,False,False,False,False
1782461919.874,0,0,0,0,0,8.99,-17.96,0.0776,0.0,0.7614,0.0,0.1741,0,90,0,0.0,0,False,False,False,False,False,False
1782461919.898,0,0,0,0,0,9.0,-17.96,0.0777,0.0,0.7626,0.0,0.1738,0,90,0,0.0,0,False,False,False,False,False,False
1782461919.922,0,0,0,0,0,9.0,-17.97,0.0777,0.0,0.7619,0.0,0.1735,0,90,0,0.0,0,False,False,False,False,False,False
1782461919.947,0,0,0,0,0,9.0,-17.98,0.0775,0.0,0.7598,0.0,0.1731,0,90,0,0.0,0,False,False,False,False,False,False
1782461919.97,0,0,0,0,0,9.0,-17.99,0.0771,0.0,0.7568,0.0,0.1728,0,90,0,0.0,0,False,False,False,False,False,False
1782461919.995,0,0,0,0,0,9.01,-18.0,0.0768,0.0,0.7532,0.0,0.1725,0,90,0,0.0,0,False,False,False,False,False,False
1782461920.022,0,0,0,0,0,9.01,-18.0,0.0765,0.0,0.7508,0.0,0.1722,0,90,0,0.0,0,False,False,False,False,False,False
1782461920.044,0,0,0,0,0,9.01,-18.01,0.0765,0.0,0.7507,0.0,0.1719,0,90,0,0.0,0,False,False,False,False,False,False
1782461920.07,0,0,0,0,0,9.02,-18.02,0.0767,0.0,0.7522,0.0,0.1716,0,90,0,0.0,0,False,False,False,False,False,False
1782461920.093,0,0,0,0,0,9.02,-18.02,0.0768,0.0,0.7532,0.0,0.1713,0,90,0,0.0,0,False,False,False,False,False,False
1782461920.12,0,0,0,0,0,9.03,-18.03,0.0768,0.0,0.7539,0.0,0.171,0,90,0,0.0,0,False,False,False,False,False,False
1782461920.142,0,0,0,0,0,9.03,-18.04,0.0767,0.0,0.7528,0.0,0.1707,0,90,0,0.0,0,False,False,False,False,False,False
1782461920.161,0,0,0,0,0,9.04,-18.05,0.0767,0.0,0.752,0.0,0.1704,0,90,0,0.0,0,False,False,False,False,False,False
1782461920.187,0,0,0,0,0,9.04,-18.06,0.0768,0.0,0.7531,0.0,0.1701,0,90,0,0.0,0,False,False,False,False,False,False
1782461920.211,0,0,0,0,0,9.03,-18.05,0.0768,0.0,0.7538,0.0,0.1698,0,90,0,0.0,0,False,False,False,False,False,False
1782461920.236,0,0,0,0,0,9.01,-18.04,0.0769,0.0,0.7543,0.0,0.1695,0,90,0,0.0,0,False,False,False,False,False,False
1782461920.254,0,0,0,0,0,8.99,-18.02,0.0771,0.0,0.7562,0.0,0.1692,0,90,0,0.0,0,False,False,False,False,False,False
1782461920.277,0,0,0,0,0,9.0,-17.9,0.0774,0.0,0.7591,0.0,0.1689,0,90,0,0.0,0,False,False,False,False,False,False
1782461920.302,0,0,0,0,0,9.03,-17.55,0.0774,0.0,0.7595,0.0,0.1686,0,90,0,0.0,0,False,False,False,False,False,False
1782461920.326,0,0,0,0,0,9.04,-17.08,0.0771,0.0,0.7566,0.0,0.1682,0,90,0,0.0,0,False,False,False,False,False,False
1782461920.346,0,0,0,0,0,9.14,-16.62,0.0768,0.0,0.7531,0.0,0.1679,0,90,0,0.0,0,False,False,False,False,False,False
1782461920.37,0,0,0,0,0,9.43,-16.19,0.0765,0.0,0.7507,0.0,0.1676,0,90,0,0.0,0,False,False,False,False,False,False
1782461920.389,0,0,0,0,0,9.76,-15.77,0.0764,0.0,0.749,0.0,0.1673,0,90,0,0.0,0,False,False,False,False,False,False
1782461920.414,0,0,0,0,0,10.01,-15.24,0.0762,0.0,0.7479,0.0,0.167,0,90,0,0.0,0,False,False,False,False,False,False
1782461920.438,0,0,0,0,0,10.26,-14.51,0.076,0.0,0.7456,0.0,0.1667,0,90,0,0.0,0,False,False,False,False,False,False
1782461920.464,0,0,0,0,0,10.52,-13.69,0.0757,0.0,0.7424,0.0,0.1664,0,90,0,0.0,0,False,False,False,False,False,False
1782461920.489,0,0,0,0,0,10.73,-12.99,0.0756,0.0,0.7419,0.0,0.1661,0,90,0,0.0,0,False,False,False,False,False,False
1782461920.508,0,0,0,0,0,10.88,-12.51,0.0757,0.0,0.743,0.0,0.1658,0,90,0,0.0,0,False,False,False,False,False,False
1782461920.53,0,0,0,0,0,10.98,-12.24,0.0758,0.0,0.7439,0.0,0.1655,0,90,0,0.0,0,False,False,False,False,False,False
1782461920.556,0,0,0,0,0,11.04,-12.07,0.0757,0.0,0.7428,0.0,0.1651,0,90,0,0.0,0,False,False,False,False,False,False
1782461920.579,0,0,0,0,0,11.08,-11.99,0.0757,0.0,0.7421,0.0,0.1648,0,90,0,0.0,0,False,False,False,False,False,False
1782461920.598,0,0,0,0,0,11.09,-11.98,0.0758,0.0,0.7432,0.0,0.1645,0,90,0,0.0,0,False,False,False,False,False,False
1782461920.624,0,0,0,0,0,11.1,-11.99,0.076,0.0,0.7455,0.0,0.1642,0,90,0,0.0,0,False,False,False,False,False,False
1782461920.647,0,0,0,0,0,11.12,-12.01,0.0765,0.0,0.7503,0.0,0.1639,0,90,0,0.0,0,False,False,False,False,False,False
1782461920.672,0,0,0,0,0,11.16,-12.01,0.077,0.0,0.755,0.0,0.1636,0,90,0,0.0,0,False,False,False,False,False,False
1782461920.695,0,0,0,0,0,11.2,-11.92,0.0773,0.0,0.7583,0.0,0.1633,0,90,0,0.0,0,False,False,False,False,False,False
1782461920.722,0,0,0,0,0,11.22,-11.73,0.0775,0.0,0.7605,0.0,0.163,0,90,0,0.0,0,False,False,False,False,False,False
1782461920.744,0,0,0,0,0,11.22,-11.55,0.0778,0.0,0.7636,0.0,0.1627,0,90,0,0.01,0,False,False,False,False,False,False
1782461920.769,0,0,0,0,0,11.22,-11.5,0.0782,0.0,0.7672,0.0,0.1624,0,90,0,0.01,0,False,False,False,False,False,False
1782461920.794,0,0,0,0,0,11.21,-11.52,0.0786,0.0,0.7713,0.0,0.1621,0,90,0,0.01,0,False,False,False,False,False,False
1782461920.814,0,0,0,0,0,11.21,-11.56,0.0791,0.0,0.7756,0.0,0.1618,0,90,0,0.01,0,False,False,False,False,False,False
1782461920.837,0,0,0,0,0,11.21,-11.6,0.0794,0.0,0.7786,0.0,0.1615,0,90,0,0.01,0,False,False,False,False,False,False
1782461920.856,0,0,0,0,0,11.2,-11.63,0.0797,0.0,0.7821,0.0,0.1612,0,90,0,0.01,0,False,False,False,False,False,False
1782461920.882,0,0,0,0,0,11.2,-11.65,0.08,0.0,0.7846,0.0,0.1609,0,90,0,0.01,0,False,False,False,False,False,False
1782461920.901,0,0,0,0,0,11.2,-11.68,0.0798,0.0,0.7831,0.0,0.1606,0,90,0,0.01,0,False,False,False,False,False,False
1782461920.925,0,0,0,0,0,11.21,-11.71,0.0796,0.0,0.7805,0.0,0.1603,0,90,0,0.01,0,False,False,False,False,False,False
1782461920.951,0,0,0,0,0,11.2,-11.73,0.0797,0.0,0.7819,0.0,0.16,0,90,0,0.01,0,False,False,False,False,False,False
1782461920.974,0,0,0,0,0,11.2,-11.76,0.0801,0.0,0.7859,0.0,0.1597,0,90,0,0.01,0,False,False,False,False,False,False
1782461921.0,0,0,0,0,0,11.19,-11.78,0.0802,0.0,0.7872,0.0,0.1594,0,90,0,0.01,0,False,False,False,False,False,False
1782461921.019,0,0,0,0,0,11.19,-11.78,0.08,0.0,0.7848,0.0,0.1591,0,90,0,0.01,0,False,False,False,False,False,False
1782461921.041,0,0,0,0,0,11.18,-11.76,0.0794,0.0,0.7785,0.0,0.1588,0,90,0,0.01,0,False,False,False,False,False,False
1782461921.067,0,0,0,0,0,11.17,-11.72,0.0786,0.0,0.7711,0.0,0.1585,0,90,0,0.01,0,False,False,False,False,False,False
1782461921.091,0,0,0,0,0,11.16,-11.71,0.0781,0.0,0.7661,0.0,0.1582,0,90,0,0.01,0,False,False,False,False,False,False
1782461921.109,0,0,0,0,0,11.14,-11.69,0.0776,0.0,0.7611,0.0,0.1579,0,90,0,0.01,0,False,False,False,False,False,False
1782461921.134,0,0,0,0,0,11.12,-11.61,0.0774,0.0,0.7592,0.0,0.1576,0,90,0,0.01,0,False,False,False,False,False,False
1782461921.159,0,0,0,0,0,11.11,-11.55,0.0777,0.0,0.7627,0.0,0.1573,0,90,0,0.01,0,False,False,False,False,False,False
1782461921.185,0,0,0,0,0,11.11,-11.54,0.078,0.0,0.7651,0.0,0.157,0,90,0,0.01,0,False,False,False,False,False,False
1782461921.207,0,0,0,0,0,11.1,-11.55,0.0782,0.0,0.7667,0.0,0.1567,0,90,0,0.01,0,False,False,False,False,False,False
1782461921.226,0,0,0,0,0,11.08,-11.57,0.0786,0.0,0.7709,0.0,0.1564,0,90,0,0.01,0,False,False,False,False,False,False
1782461921.252,0,0,0,0,0,11.07,-11.59,0.0789,0.0,0.7738,0.0,0.1561,0,90,0,0.01,0,False,False,False,False,False,False
1782461921.274,0,0,0,0,0,11.06,-11.61,0.0788,0.0,0.7726,0.0,0.1558,0,90,0,0.01,0,False,False,False,False,False,False
1782461921.301,0,0,0,0,0,11.05,-11.64,0.0787,0.0,0.7718,0.0,0.1555,0,90,0,0.01,0,False,False,False,False,False,False
1782461921.323,0,0,0,0,0,11.05,-11.66,0.0789,0.0,0.7744,0.0,0.1552,0,90,0,0.01,0,False,False,False,False,False,False
1782461921.348,0,0,0,0,0,11.04,-11.68,0.0793,0.0,0.7777,0.0,0.1549,0,90,0,0.01,0,False,False,False,False,False,False
1782461921.368,0,0,0,0,0,11.03,-11.71,0.0798,0.0,0.7831,0.0,0.1546,0,90,0,0.01,0,False,False,False,False,False,False
1782461921.391,0,0,0,0,0,11.03,-11.73,0.0805,0.0,0.79,0.0,0.1543,0,90,0,0.01,0,False,False,False,False,False,False
1782461921.419,0,0,0,0,0,11.01,-11.71,0.0807,0.0,0.7914,0.0,0.154,0,90,0,0.01,0,False,False,False,False,False,False
1782461921.441,0,0,0,0,0,10.99,-11.65,0.0801,0.0,0.7862,0.0,0.1537,0,90,0,0.01,0,False,False,False,False,False,False
1782461921.465,0,0,0,0,0,10.98,-11.63,0.0793,0.0,0.7779,0.0,0.1533,0,90,0,0.01,0,False,False,False,False,False,False
1782461921.485,0,0,0,0,0,10.98,-11.62,0.0786,0.0,0.7707,0.0,0.153,0,90,0,0.01,0,False,False,False,False,False,False
1782461921.509,0,0,0,0,0,10.95,-11.31,0.0777,0.0,0.7626,0.0,0.1527,0,90,0,0.01,0,False,False,False,False,False,False
1782461921.526,0,0,0,0,0,10.92,-10.51,0.0769,0.0,0.754,0.0,0.1524,0,90,0,0.01,0,False,False,False,False,False,False
1782461921.552,0,0,0,0,0,10.85,-9.72,0.0761,0.0,0.7466,0.0,0.1521,0,90,0,0.01,0,False,False,False,False,False,False
1782461921.575,0,0,0,0,0,10.56,-9.36,0.0754,0.0,0.74,0.0,0.1517,0,90,0,0.01,0,False,False,False,False,False,False
1782461921.601,0,0,0,0,0,9.91,-9.31,0.0748,0.0,0.7339,0.0,0.1514,0,90,0,0.01,0,False,False,False,False,False,False
1782461921.619,0,0,0,0,0,9.24,-9.39,0.0744,0.0,0.7298,0.0,0.1511,0,90,0,0.01,0,False,False,False,False,False,False
1782461921.642,0,0,0,0,0,8.9,-9.46,0.0744,0.0,0.7301,0.0,0.1508,0,90,0,0.01,0,False,False,False,False,False,False
1782461921.668,0,0,0,0,0,8.86,-9.49,0.0749,0.0,0.7351,0.0,0.1505,0,90,0,0.02,0,False,False,False,False,False,False
1782461921.693,0,0,0,0,0,9.01,-9.5,0.0758,0.0,0.7431,0.0,0.1502,0,90,0,0.02,0,False,False,False,False,False,False
1782461921.712,0,0,0,0,0,9.23,-9.5,0.0766,0.0,0.7518,0.0,0.1498,0,90,0,0.02,0,False,False,False,False,False,False
1782461921.737,0,0,0,0,0,9.48,-9.51,0.0774,0.0,0.7592,0.0,0.1495,0,90,0,0.02,0,False,False,False,False,False,False
1782461921.76,0,0,0,0,0,9.74,-9.51,0.0777,0.0,0.7627,0.0,0.1492,0,90,0,0.02,0,False,False,False,False,False,False
1782461921.778,0,0,0,0,0,10.01,-9.5,0.0778,0.0,0.7635,0.0,0.1489,0,90,0,0.02,0,False,False,False,False,False,False
1782461921.804,0,0,0,0,0,10.27,-9.49,0.0777,0.0,0.7625,0.0,0.1485,0,90,0,0.02,0,False,False,False,False,False,False
1782461921.826,0,0,0,0,0,10.51,-9.46,0.0772,0.0,0.757,0.0,0.1482,0,90,0,0.02,0,False,False,False,False,False,False
1782461921.853,0,0,0,0,0,10.72,-9.07,0.0763,0.0,0.7487,0.0,0.1479,0,90,0,0.02,0,False,False,False,False,False,False
1782461921.874,0,0,0,0,0,10.89,-8.01,0.0756,0.0,0.7414,0.0,0.1476,0,90,0,0.02,0,False,False,False,False,False,False
1782461921.899,0,0,0,0,0,10.99,-6.73,0.0754,0.0,0.7396,0.0,0.1472,0,90,0,0.02,0,False,False,False,False,False,False
1782461921.923,0,0,0,0,0,11.04,-5.74,0.0757,0.0,0.7431,0.0,0.1469,0,90,0,0.02,0,False,False,False,False,False,False
1782461921.947,0,0,0,0,0,11.02,-5.05,0.0761,0.0,0.747,0.0,0.1466,0,90,0,0.02,0,False,False,False,False,False,False
1782461921.967,0,0,0,0,0,10.91,-4.55,0.0767,0.0,0.7528,0.0,0.1463,0,90,0,0.02,0,False,False,False,False,False,False
1782461921.99,0,0,0,0,0,10.79,-4.15,0.0776,0.0,0.7615,0.0,0.1459,0,90,0,0.02,0,False,False,False,False,False,False
1782461922.013,0,0,0,0,0,10.79,-3.76,0.0784,0.0,0.769,0.0,0.1456,0,90,0,0.03,0,False,False,False,False,False,False
1782461922.038,0,0,0,0,0,10.64,-3.33,0.0789,0.0,0.774,0.0,0.1453,0,90,0,0.03,0,False,False,False,False,False,False
1782461922.063,0,0,0,0,0,10.13,-2.81,0.0793,0.0,0.7775,0.0,0.145,0,90,0,0.03,0,False,False,False,False,False,False
1782461922.082,0,0,0,0,0,9.62,-2.25,0.0795,0.0,0.7798,0.0,0.1447,0,90,0,0.03,0,False,False,False,False,False,False
1782461922.104,0,0,0,0,0,9.45,-1.64,0.0797,0.0,0.7814,0.0,0.1443,0,90,0,0.03,0,False,False,False,False,False,False
1782461922.13,0,0,0,0,0,9.56,-0.97,0.0801,0.0,0.7856,0.0,0.144,0,90,0,0.03,0,False,False,False,False,False,False
1782461922.153,0,0,0,0,0,9.79,-0.19,0.0809,0.0,0.7932,0.0,0.1437,0,90,0,0.04,0,False,False,False,False,False,False
1782461922.176,0,0,0,0,0,10.05,0.67,0.0815,0.0,0.8,0.0,0.1434,0,90,0,0.04,0,False,False,False,False,False,False
1782461922.202,0,0,0,0,0,10.27,1.53,0.0817,0.0,0.8014,0.0,0.1431,0,90,0,0.04,0,False,False,False,False,False,False
1782461922.219,0,0,0,0,0,10.41,2.29,0.0815,0.0,0.7992,0.0,0.1428,0,90,0,0.04,0,False,False,False,False,False,False
1782461922.243,0,0,0,0,0,10.49,2.96,0.0813,0.0,0.7977,0.0,0.1424,0,90,0,0.04,0,False,False,False,False,False,False
1782461922.267,0,0,0,0,0,10.63,3.67,0.0811,0.0,0.7952,0.0,0.1421,0,90,0,0.04,0,False,False,False,False,False,False
1782461922.291,0,0,0,0,0,10.78,4.55,0.0807,0.0,0.7918,0.0,0.1418,0,90,0,0.04,0,False,False,False,False,False,False
1782461922.315,0,0,0,0,0,10.75,5.54,0.0805,0.0,0.7896,0.0,0.1415,0,90,0,0.04,0,False,False,False,False,False,False
1782461922.339,0,0,0,0,0,10.71,6.48,0.0803,0.0,0.7881,0.0,0.1412,0,90,0,0.04,0,False,False,False,False,False,False
1782461922.362,0,0,0,0,0,11.9,7.26,0.0802,0.0,0.787,0.0,0.1409,0,90,0,0.04,0,False,False,False,False,False,False
1782461922.388,0,0,0,0,0,15.16,7.83,0.08,0.0,0.7847,0.0,0.1406,0,90,0,0.04,0,False,False,False,False,False,False
1782461922.409,0,0,0,0,0,19.01,8.2,0.0798,0.0,0.7832,0.0,0.1402,0,90,0,0.04,0,False,False,False,False,False,False
1782461922.429,0,0,0,0,0,21.8,8.33,0.0799,0.0,0.7837,0.0,0.1399,0,90,0,0.06,0,False,False,False,False,False,False
1782461922.452,0,0,0,0,0,23.38,8.11,0.0798,0.0,0.7825,0.0,0.1396,0,90,0,0.07,0,False,False,False,False,False,False
1782461922.477,0,0,0,0,0,24.13,7.53,0.0797,0.0,0.7817,0.0,0.1393,0,90,0,0.07,0,False,False,False,False,False,False
1782461922.499,0,0,0,0,0,24.38,7.08,0.0799,0.0,0.7842,0.0,0.139,0,90,0,0.09,0,False,False,False,False,False,False
1782461922.519,0,0,0,0,0,24.38,6.85,0.0803,0.0,0.7876,0.0,0.1387,0,90,0,0.16,0,False,False,False,False,False,False
1782461922.544,0,0,0,0,0,24.31,6.13,0.0805,0.0,0.7898,0.0,0.1384,0,90,0,0.22,0,False,False,False,False,False,False
1782461922.567,0,0,0,0,0,24.27,5.03,0.0805,0.0,0.7898,0.0,0.138,0,90,0,0.24,0,False,False,False,False,False,False
1782461922.593,0,0,0,0,0,24.27,4.02,0.0802,0.0,0.7866,0.0,0.1377,0,90,0,0.24,0,False,False,False,False,False,False
1782461922.615,0,0,0,0,0,24.28,3.12,0.0798,0.0,0.7829,0.0,0.1374,0,90,0,0.26,0,False,False,False,False,False,False
1782461922.639,0,0,0,0,0,24.45,2.3,0.0792,0.0,0.7772,0.0,0.1371,0,90,1,0.32,0,False,False,False,False,False,False
1782461922.662,0,0,0,0,0,24.81,1.52,0.0784,0.0,0.7686,0.0,0.1368,0,90,1,0.37,0,False,False,False,False,False,False
1782461922.681,0,0,0,0,0,25.0,0.73,0.0776,0.0,0.7612,0.0,0.1364,0,90,1,0.4,0,False,False,False,False,False,False
1782461922.705,0,0,0,0,0,24.79,-0.04,0.0771,0.0,0.7562,0.0,0.1361,0,90,1,0.41,0,False,False,False,False,False,False
1782461922.73,0,0,0,0,0,24.35,-0.8,0.0766,0.0,0.7512,0.0,0.1358,0,90,1,0.41,0,False,False,False,False,False,False
1782461922.753,0,0,0,0,0,23.98,-1.54,0.0758,0.0,0.7431,0.0,0.1355,0,90,1,0.43,0,False,False,False,False,False,False
1782461922.777,0,0,0,0,0,23.83,-2.24,0.0749,0.0,0.7345,0.0,0.1351,0,90,1,0.46,0,False,False,False,False,False,False
1782461922.801,0,0,0,0,0,23.85,-2.9,0.0738,0.0,0.7239,0.0,0.1348,0,90,1,0.48,0,False,False,False,False,False,False
1782461922.82,0,0,0,0,0,23.95,-3.53,0.0723,0.0,0.7088,0.0,0.1345,0,90,1,0.48,0,False,False,False,False,False,False
1782461922.844,0,0,0,0,0,24.07,-4.15,0.0709,0.0,0.6955,0.0,0.1341,0,90,1,0.48,0,False,False,False,False,False,False
1782461922.874,0,0,0,0,0,24.21,-4.81,0.07,0.0,0.6864,0.0,0.1338,0,90,1,0.49,0,False,False,False,False,False,False
1782461922.892,0,0,0,0,0,24.31,-5.55,0.0697,0.0,0.6833,0.0,0.1335,0,90,1,0.5,0,False,False,False,False,False,False
1782461922.914,0,0,0,0,0,24.29,-6.33,0.0701,0.0,0.6876,0.0,0.1331,0,90,1,0.5,0,False,False,False,False,False,False
1782461922.939,0,0,0,0,0,24.49,-7.04,0.071,0.0,0.6967,0.0,0.1328,0,90,1,0.5,0,False,False,False,False,False,False
1782461922.963,0,0,0,0,0,25.26,-7.66,0.0721,0.0,0.7076,0.0,0.1325,0,90,1,0.5,0,False,False,False,False,False,False
1782461922.988,0,0,0,0,0,26.36,-8.24,0.0732,0.0,0.7182,0.0,0.1321,0,90,1,0.5,0,False,False,False,False,False,False
1782461923.01,0,0,0,0,0,27.43,-8.74,0.0743,0.0,0.7286,0.0,0.1318,0,90,1,0.5,0,False,False,False,False,False,False
1782461923.031,0,0,0,0,0,28.39,-9.18,0.0751,0.0,0.7371,0.0,0.1315,0,90,1,0.5,0,False,False,False,False,False,False
1782461923.055,0,0,0,0,0,29.15,-9.58,0.0754,0.0,0.7398,0.0,0.1311,0,90,1,0.5,0,False,False,False,False,False,False
1782461923.079,0,0,0,0,0,29.56,-9.96,0.075,0.0,0.7354,0.0,0.1308,0,90,1,0.5,0,False,False,False,False,False,False
1782461923.105,0,0,0,0,0,29.53,-10.24,0.0743,0.0,0.7292,0.0,0.1305,0,90,1,0.5,0,False,False,False,False,False,False
1782461923.128,0,0,0,0,0,29.27,-10.28,0.0737,0.0,0.7235,0.0,0.1301,0,90,1,0.5,0,False,False,False,False,False,False
1782461923.147,0,0,0,0,0,29.14,-9.97,0.0732,0.0,0.718,0.0,0.1298,0,90,1,0.5,0,False,False,False,False,False,False
1782461923.171,0,0,0,0,0,29.37,-9.38,0.0728,0.0,0.7142,0.0,0.1294,0,90,1,0.51,0,False,False,False,False,False,False
1782461923.19,0,0,0,0,0,29.9,-8.71,0.0725,0.0,0.7117,0.0,0.1291,0,90,1,0.51,0,False,False,False,False,False,False
1782461923.214,0,0,0,0,0,30.56,-8.23,0.0722,0.0,0.7084,0.0,0.1287,0,90,1,0.51,0,False,False,False,False,False,False
1782461923.24,0,0,0,0,0,31.24,-8.04,0.0718,0.0,0.7046,0.0,0.1284,0,90,1,0.51,0,False,False,False,False,False,False
1782461923.261,0,0,0,0,0,31.99,-8.0,0.0716,0.0,0.702,0.0,0.1281,0,90,1,0.52,0,False,False,False,False,False,False
1782461923.287,0,0,0,0,0,32.96,-7.85,0.0714,0.0,0.7002,0.0,0.1277,0,90,1,0.52,0,False,False,False,False,False,False
1782461923.31,0,0,0,0,0,34.2,-7.67,0.0709,0.0,0.6959,0.0,0.1274,0,90,1,0.52,0,False,False,False,False,False,False
1782461923.333,0,0,0,0,0,35.58,-7.52,0.0703,0.0,0.6898,0.0,0.127,0,90,1,0.52,0,False,False,False,False,False,False
1782461923.357,0,0,0,0,0,36.85,-7.13,0.0699,0.0,0.6857,0.0,0.1267,0,90,1,0.53,0,False,False,False,False,False,False
1782461923.381,0,0,0,0,0,37.83,-6.68,0.0696,0.0,0.6829,0.0,0.1263,0,90,1,0.53,0,False,False,False,False,False,False
1782461923.406,0,0,0,0,0,38.49,-6.42,0.0696,0.0,0.6825,0.0,0.1259,0,90,1,0.54,0,False,False,False,False,False,False
1782461923.428,0,0,0,0,0,38.85,-6.2,0.0696,0.0,0.6823,0.0,0.1256,0,90,1,0.54,0,False,False,False,False,False,False
1782461923.448,0,0,0,0,0,38.92,-5.98,0.0694,0.0,0.6806,0.0,0.1252,0,90,1,0.54,0,False,False,False,False,False,False
1782461923.475,0,0,0,0,0,38.73,-5.78,0.0693,0.0,0.6794,0.0,0.1248,0,90,1,0.54,0,False,False,False,False,False,False
1782461923.496,0,0,0,0,0,38.29,-5.62,0.069,0.0,0.677,0.0,0.1245,0,90,1,0.54,0,False,False,False,False,False,False
1782461923.52,0,0,0,0,0,37.92,-5.42,0.0688,0.0,0.6754,0.0,0.1241,0,90,1,0.54,0,False,False,False,False,False,False
1782461923.538,0,0,0,0,0,37.58,-5.21,0.0687,0.0,0.6743,0.0,0.1237,0,90,1,0.54,0,False,False,False,False,False,False
1782461923.563,0,0,0,0,0,36.52,-5.07,0.0685,0.0,0.672,0.0,0.1234,0,90,1,0.54,0,False,False,False,False,False,False
1782461923.587,0,0,0,0,0,34.84,-5.13,0.0685,0.0,0.672,0.0,0.123,0,90,1,0.54,0,False,False,False,False,False,False
1782461923.611,0,0,0,0,0,33.04,-5.51,0.0687,0.0,0.6736,0.0,0.1226,0,90,1,0.54,0,False,False,False,False,False,False
1782461923.635,0,0,0,0,0,31.08,-5.92,0.0689,0.0,0.6762,0.0,0.1223,0,90,1,0.54,0,False,False,False,False,False,False
1782461923.66,0,0,0,0,0,28.8,-5.92,0.0694,0.0,0.6811,0.0,0.1219,0,90,1,0.54,0,False,False,False,False,False,False
1782461923.683,0,0,0,0,0,26.15,-6.42,0.0703,0.0,0.6892,0.0,0.1215,0,90,1,0.54,0,False,False,False,False,False,False
1782461923.708,0,0,0,0,0,23.24,-8.34,0.0713,0.0,0.6994,0.0,0.1212,0,90,1,0.54,0,False,False,False,False,False,False
1782461923.732,0,0,0,0,0,20.26,-10.53,0.0722,0.0,0.7079,0.0,0.1208,0,90,1,0.54,0,False,False,False,False,False,False
1782461923.751,0,0,0,0,0,17.51,-11.9,0.0726,0.0,0.7121,0.0,0.1205,0,90,1,0.54,0,False,False,False,False,False,False
1782461923.775,0,0,0,0,0,15.14,-12.58,0.0727,0.0,0.7134,0.0,0.1201,0,90,1,0.54,0,False,False,False,False,False,False
1782461923.8,0,0,0,0,0,13.17,-13.13,0.0727,0.0,0.7127,0.0,0.1198,0,90,1,0.53,0,False,False,False,False,False,False
1782461923.823,0,0,0,0,0,11.75,-13.85,0.0724,0.0,0.7107,0.0,0.1194,0,90,1,0.52,0,False,False,False,False,False,False
1782461923.843,0,0,0,0,0,11.07,-14.63,0.0723,0.0,0.7093,0.0,0.1191,0,90,1,0.52,0,False,False,False,False,False,False
1782461923.868,0,0,0,0,0,10.92,-15.2,0.0724,0.0,0.7099,0.0,0.1187,0,90,1,0.52,0,False,False,False,False,False,False
1782461923.886,0,0,0,0,0,10.91,-15.48,0.0726,0.0,0.7119,0.0,0.1184,0,90,1,0.5,0,False,False,False,False,False,False
1782461923.909,0,0,0,0,0,10.87,-15.52,0.0727,0.0,0.7133,0.0,0.1181,0,90,1,0.43,0,False,False,False,False,False,False
1782461923.936,0,0,0,0,0,10.79,-15.43,0.0726,0.0,0.7126,0.0,0.1177,0,90,1,0.37,0,False,False,False,False,False,False
1782461923.96,0,0,0,0,0,10.74,-15.33,0.0724,0.0,0.7106,0.0,0.1173,0,90,1,0.35,0,False,False,False,False,False,False
1782461923.984,0,0,0,0,0,10.79,-15.3,0.0723,0.0,0.7092,0.0,0.117,0,90,1,0.37,0,False,False,False,False,False,False
1782461924.003,0,0,0,0,0,10.96,-15.3,0.072,0.0,0.7067,0.0,0.1166,0,90,1,0.36,0,False,False,False,False,False,False
1782461924.025,0,0,0,0,0,11.1,-15.04,0.0717,0.0,0.7034,0.0,0.1163,0,90,1,0.31,0,False,False,False,False,False,False
1782461924.044,0,0,0,0,0,11.2,-14.28,0.0715,0.0,0.7012,0.0,0.1159,0,90,0,0.25,0,False,False,False,False,False,False
1782461924.068,0,0,0,0,0,11.49,-13.39,0.0713,0.0,0.6997,0.0,0.1156,0,90,0,0.22,0,False,False,False,False,False,False
1782461924.092,0,0,0,0,0,11.83,-12.71,0.0712,0.0,0.6987,0.0,0.1152,0,90,0,0.22,0,False,False,False,False,False,False
1782461924.117,0,0,0,0,0,12.03,-12.3,0.071,0.0,0.6964,0.0,0.1149,0,90,0,0.23,0,False,False,False,False,False,False
1782461924.137,0,0,0,0,0,12.11,-12.16,0.0707,0.0,0.6933,0.0,0.1145,0,90,0,0.21,0,False,False,False,False,False,False
1782461924.16,0,0,0,0,0,12.13,-12.22,0.0705,0.0,0.6912,0.0,0.1142,0,90,0,0.18,0,False,False,False,False,False,False
1782461924.18,0,0,0,0,0,12.12,-12.4,0.0702,0.0,0.6882,0.0,0.1139,0,90,0,0.17,0,False,False,False,False,False,False
1782461924.205,0,0,0,0,0,12.1,-12.56,0.0698,0.0,0.6846,0.0,0.1135,0,90,0,0.16,0,False,False,False,False,False,False
1782461924.223,0,0,0,0,0,12.08,-12.66,0.0695,0.0,0.6821,0.0,0.1132,0,90,0,0.17,0,False,False,False,False,False,False
1782461924.247,0,0,0,0,0,12.08,-12.74,0.0694,0.0,0.6804,0.0,0.113,0,90,0,0.16,0,False,False,False,False,False,False
1782461924.272,0,0,0,0,0,12.08,-12.81,0.0691,0.0,0.6777,0.0,0.1128,0,90,0,0.15,0,False,False,False,False,False,False
1782461924.297,0,0,0,0,0,12.08,-12.79,0.0689,0.0,0.6759,0.0,0.1126,0,90,0,0.14,0,False,False,False,False,False,False
1782461924.323,0,0,0,0,0,12.02,-12.86,0.0689,0.0,0.6762,0.0,0.1125,0,90,0,0.14,0,False,False,False,False,False,False
1782461924.341,0,0,0,0,0,11.88,-13.21,0.0688,0.0,0.6749,0.0,0.1124,0,90,0,0.14,0,False,False,False,False,False,False
1782461924.364,0,0,0,0,0,11.77,-13.69,0.0685,0.0,0.6724,0.0,0.1123,0,90,0,0.14,0,False,False,False,False,False,False
1782461924.385,0,0,0,0,0,11.72,-14.02,0.0684,0.0,0.6707,0.0,0.1123,0,90,0,0.14,0,False,False,False,False,False,False
1782461924.408,0,0,0,0,0,11.62,-14.01,0.0682,0.0,0.6695,0.0,0.1123,0,90,0,0.14,0,False,False,False,False,False,False
1782461924.432,0,0,0,0,0,10.48,-14.03,0.0682,0.0,0.6687,0.0,0.1123,0,90,0,0.14,0,False,False,False,False,False,False
1782461924.458,0,0,0,0,0,7.57,-14.42,0.0683,0.0,0.6698,0.0,0.1123,0,90,0,0.14,0,False,False,False,False,False,False
1782461924.48,0,0,0,0,0,4.43,-14.71,0.0685,0.0,0.6721,0.0,0.1123,0,90,0,0.15,0,False,False,False,False,False,False
1782461924.506,0,0,0,0,0,2.5,-14.56,0.0687,0.0,0.6736,0.0,0.1123,0,90,0,0.16,0,False,False,False,False,False,False
1782461924.529,0,0,0,0,0,1.53,-14.14,0.0686,0.0,0.6731,0.0,0.1123,0,90,0,0.15,0,False,False,False,False,False,False
1782461924.553,0,0,0,0,0,0.89,-13.72,0.0684,0.0,0.6712,0.0,0.1122,0,90,0,0.16,0,False,False,False,False,False,False
1782461924.576,0,0,0,0,0,0.08,-13.5,0.0683,0.0,0.6699,0.0,0.1122,0,90,0,0.18,0,False,False,False,False,False,False
1782461924.596,0,0,0,0,0,-1.0,-13.51,0.0682,0.0,0.669,0.0,0.1122,0,90,0,0.2,0,False,False,False,False,False,False
1782461924.622,0,0,0,0,0,-2.24,-13.59,0.0681,0.0,0.6684,0.0,0.1122,0,90,0,0.22,0,False,False,False,False,False,False
1782461924.639,0,0,0,0,0,-3.53,-13.55,0.0679,0.0,0.6664,0.0,0.1122,0,90,0,0.21,0,False,False,False,False,False,False
1782461924.664,0,0,0,0,0,-4.78,-13.44,0.0676,0.0,0.6635,0.0,0.1122,0,90,0,0.21,0,False,False,False,False,False,False
1782461924.684,0,0,0,0,0,-6.04,-13.32,0.0674,0.0,0.6615,0.0,0.1122,0,90,0,0.23,0,False,False,False,False,False,False
1782461924.708,0,0,0,0,0,-7.32,-13.13,0.0675,0.0,0.6617,0.0,0.1122,0,90,0,0.25,0,False,False,False,False,False,False
1782461924.731,0,0,0,0,0,-8.63,-12.95,0.0678,0.0,0.665,0.0,0.1122,0,90,0,0.26,0,False,False,False,False,False,False
1782461924.754,0,0,0,0,0,-9.9,-12.93,0.0682,0.0,0.6688,0.0,0.1122,0,90,0,0.26,0,False,False,False,False,False,False
1782461924.775,0,0,0,0,0,-11.0,-13.02,0.0683,0.0,0.6698,0.0,0.1122,0,90,0,0.26,0,False,False,False,False,False,False
1782461924.799,0,0,0,0,0,-11.8,-13.05,0.0682,0.0,0.6689,0.0,0.1121,0,90,0,0.26,0,False,False,False,False,False,False
1782461924.819,0,0,0,0,0,-12.26,-13.11,0.068,0.0,0.6668,0.0,0.112,0,90,0,0.27,0,False,False,False,False,False,False
1782461924.842,0,0,0,0,0,-12.37,-13.38,0.0677,0.0,0.6637,0.0,0.1119,0,90,0,0.28,0,False,False,False,False,False,False
1782461924.866,0,0,0,0,0,-12.16,-13.67,0.0674,0.0,0.6617,0.0,0.1118,0,90,0,0.28,0,False,False,False,False,False,False
1782461924.891,0,0,0,0,0,-11.67,-13.82,0.0673,0.0,0.6603,0.0,0.1116,0,90,0,0.28,0,False,False,False,False,False,False
1782461924.916,0,0,0,0,0,-11.3,-13.81,0.0672,0.0,0.6593,0.0,0.1114,0,90,0,0.28,0,False,False,False,False,False,False
1782461924.94,0,0,0,0,0,-11.05,-13.7,0.067,0.0,0.6571,0.0,0.1112,0,90,0,0.28,0,False,False,False,False,False,False
1782461924.962,0,0,0,0,0,-10.36,-13.58,0.0667,0.0,0.654,0.0,0.111,0,90,0,0.29,0,False,False,False,False,False,False
1782461924.982,0,0,0,0,0,-9.39,-13.5,0.0665,0.0,0.6519,0.0,0.1107,0,90,0,0.29,0,False,False,False,False,False,False
1782461925.006,0,0,0,0,0,-8.67,-13.5,0.0663,0.0,0.6505,0.0,0.1105,0,90,0,0.3,0,False,False,False,False,False,False
1782461925.025,0,0,0,0,0,-8.2,-13.6,0.0664,0.0,0.6511,0.0,0.1102,0,90,0,0.29,0,False,False,False,False,False,False
1782461925.049,0,0,0,0,0,-7.83,-13.77,0.0664,0.0,0.6515,0.0,0.1099,0,90,0,0.29,0,False,False,False,False,False,False
1782461925.07,0,0,0,0,0,-7.4,-13.97,0.0664,0.0,0.6518,0.0,0.1096,0,90,0,0.29,0,False,False,False,False,False,False
1782461925.093,0,0,0,0,0,-6.86,-14.12,0.0666,0.0,0.6535,0.0,0.1094,0,90,0,0.29,0,False,False,False,False,False,False
1782461925.111,0,0,0,0,0,-6.21,-14.16,0.0667,0.0,0.6547,0.0,0.1091,0,90,0,0.29,0,False,False,False,False,False,False
1782461925.138,0,0,0,0,0,-5.53,-14.12,0.0671,0.0,0.6587,0.0,0.1088,0,90,0,0.29,0,False,False,False,False,False,False
1782461925.158,0,0,0,0,0,-4.96,-14.06,0.0681,0.0,0.6677,0.0,0.1085,0,90,0,0.29,0,False,False,False,False,False,False
1782461925.184,0,0,0,0,0,-4.66,-14.08,0.0692,0.0,0.6785,0.0,0.1082,0,90,0,0.28,0,False,False,False,False,False,False
1782461925.21,0,0,0,0,0,-4.71,-14.16,0.0701,0.0,0.6874,0.0,0.1079,0,90,0,0.28,0,False,False,False,False,False,False
1782461925.234,0,0,0,0,0,-5.02,-14.2,0.0707,0.0,0.6935,0.0,0.1076,0,90,0,0.27,0,False,False,False,False,False,False
1782461925.252,0,0,0,0,0,-5.4,-14.37,0.0711,0.0,0.6976,0.0,0.1073,0,90,0,0.27,0,False,False,False,False,False,False
1782461925.277,0,0,0,0,0,-5.74,-14.89,0.0712,0.0,0.6988,0.0,0.107,0,90,0,0.27,0,False,False,False,False,False,False
1782461925.294,0,0,0,0,0,-6.03,-15.52,0.0712,0.0,0.6981,0.0,0.1067,0,90,0,0.27,0,False,False,False,False,False,False
1782461925.319,0,0,0,0,0,-6.28,-15.97,0.0713,0.0,0.6991,0.0,0.1064,0,90,0,0.26,0,False,False,False,False,False,False
1782461925.339,0,0,0,0,0,-6.55,-16.21,0.0715,0.0,0.7014,0.0,0.1061,0,90,0,0.25,0,False,False,False,False,False,False
1782461925.362,0,0,0,0,0,-6.83,-16.32,0.0717,0.0,0.703,0.0,0.1058,0,90,0,0.24,0,False,False,False,False,False,False
1782461925.387,0,0,0,0,0,-7.1,-16.36,0.0719,0.0,0.7056,0.0,0.1055,0,90,0,0.24,0,False,False,False,False,False,False
1782461925.407,0,0,0,0,0,-7.31,-16.33,0.0723,0.0,0.709,0.0,0.1052,0,90,0,0.24,0,False,False,False,False,False,False
1782461925.43,0,0,0,0,0,-7.45,-16.23,0.0727,0.0,0.7129,0.0,0.105,0,90,0,0.24,0,False,False,False,False,False,False
1782461925.455,0,0,0,0,0,-7.64,-16.12,0.0731,0.0,0.717,0.0,0.1047,0,90,0,0.24,0,False,False,False,False,False,False
1782461925.479,0,0,0,0,0,-7.79,-16.11,0.0732,0.0,0.7183,0.0,0.1044,0,90,0,0.24,0,False,False,False,False,False,False
1782461925.497,0,0,0,0,0,-7.95,-15.93,0.0732,0.0,0.7176,0.0,0.1041,0,90,0,0.23,0,False,False,False,False,False,False
1782461925.521,0,0,0,0,0,-8.42,-15.27,0.0731,0.0,0.7171,0.0,0.1038,0,90,0,0.23,0,False,False,False,False,False,False
1782461925.54,0,0,0,0,0,-9.07,-14.5,0.0729,0.0,0.7152,0.0,0.1036,0,90,0,0.23,0,False,False,False,False,False,False
1782461925.564,0,0,0,0,0,-9.55,-14.0,0.0726,0.0,0.7124,0.0,0.1033,0,90,0,0.23,0,False,False,False,False,False,False
1782461925.583,0,0,0,0,0,-9.9,-13.71,0.0724,0.0,0.7104,0.0,0.103,0,90,0,0.23,0,False,False,False,False,False,False
1782461925.607,0,0,0,0,0,-10.21,-13.49,0.0723,0.0,0.7091,0.0,0.1027,0,90,0,0.23,0,False,False,False,False,False,False
1782461925.632,0,0,0,0,0,-10.57,-13.24,0.0722,0.0,0.7082,0.0,0.1024,0,90,0,0.23,0,False,False,False,False,False,False
1782461925.657,0,0,0,0,0,-11.01,-12.9,0.0721,0.0,0.7076,0.0,0.1022,0,90,0,0.23,0,False,False,False,False,False,False
1782461925.676,0,0,0,0,0,-11.47,-12.46,0.0721,0.0,0.7072,0.0,0.1019,0,90,0,0.23,0,False,False,False,False,False,False
1782461925.699,0,0,0,0,0,-11.86,-12.02,0.0719,0.0,0.7053,0.0,0.1016,0,90,0,0.23,0,False,False,False,False,False,False
1782461925.719,0,0,0,0,0,-12.12,-11.81,0.0718,0.0,0.7041,0.0,0.1013,0,90,0,0.23,0,False,False,False,False,False,False
1782461925.743,0,0,0,0,0,-12.3,-12.06,0.0718,0.0,0.7048,0.0,0.1011,0,90,0,0.23,0,False,False,False,False,False,False
1782461925.767,0,0,0,0,0,-12.5,-12.54,0.0719,0.0,0.7053,0.0,0.1008,0,90,0,0.23,0,False,False,False,False,False,False
1782461925.792,0,0,0,0,0,-12.79,-12.66,0.0719,0.0,0.7056,0.0,0.1005,0,90,0,0.23,0,False,False,False,False,False,False
1782461925.816,0,0,0,0,0,-13.15,-13.09,0.072,0.0,0.7058,0.0,0.1002,0,90,0,0.23,0,False,False,False,False,False,False
1782461925.841,0,0,0,0,0,-13.54,-14.59,0.072,0.0,0.706,0.0,0.0999,0,90,0,0.22,0,False,False,False,False,False,False
1782461925.865,0,0,0,0,0,-13.95,-16.12,0.072,0.0,0.7061,0.0,0.0997,0,90,0,0.21,0,False,False,False,False,False,False
1782461925.883,0,0,0,0,0,-14.42,-16.75,0.072,0.0,0.7062,0.0,0.0994,0,90,0,0.21,0,False,False,False,False,False,False
1782461925.909,0,0,0,0,0,-14.96,-16.77,0.072,0.0,0.7062,0.0,0.0991,0,90,0,0.21,0,False,False,False,False,False,False
1782461925.933,0,0,0,0,0,-15.54,-16.65,0.0722,0.0,0.7078,0.0,0.0988,0,90,0,0.19,0,False,False,False,False,False,False
1782461925.957,0,0,0,0,0,-16.13,-16.61,0.0724,0.0,0.7105,0.0,0.0986,0,90,0,0.16,0,False,False,False,False,False,False
1782461925.977,0,0,0,0,0,-16.66,-16.67,0.0726,0.0,0.7123,0.0,0.0983,0,90,0,0.14,0,False,False,False,False,False,False
1782461926.001,0,0,0,0,0,-17.08,-16.8,0.0729,0.0,0.7151,0.0,0.098,0,90,0,0.13,0,False,False,False,False,False,False
1782461926.018,0,0,0,0,0,-17.41,-16.96,0.0732,0.0,0.7186,0.0,0.0978,0,90,0,0.13,0,False,False,False,False,False,False
1782461926.043,0,0,0,0,0,-17.76,-17.16,0.0735,0.0,0.7209,0.0,0.0975,0,90,0,0.11,0,False,False,False,False,False,False
1782461926.068,0,0,0,0,0,-18.28,-17.43,0.0737,0.0,0.7225,0.0,0.0972,0,90,0,0.09,0,False,False,False,False,False,False
1782461926.092,0,0,0,0,0,-19.03,-17.75,0.0738,0.0,0.7236,0.0,0.0969,0,90,0,0.08,0,False,False,False,False,False,False
1782461926.116,0,0,0,0,0,-19.96,-18.04,0.0738,0.0,0.7244,0.0,0.0967,0,90,0,0.07,0,False,False,False,False,False,False
1782461926.141,0,0,0,0,0,-20.9,-18.17,0.0739,0.0,0.7249,0.0,0.0964,0,90,0,0.07,0,False,False,False,False,False,False
1782461926.164,0,0,0,0,0,-21.73,-18.11,0.0738,0.0,0.7236,0.0,0.0962,0,90,0,0.07,0,False,False,False,False,False,False
1782461926.189,0,0,0,0,0,-22.41,-17.91,0.0735,0.0,0.7212,0.0,0.0959,0,90,0,0.08,0,False,False,False,False,False,False
1782461926.211,0,0,0,0,0,-22.99,-17.73,0.0734,0.0,0.7196,0.0,0.0956,0,90,0,0.08,0,False,False,False,False,False,False
1782461926.231,0,0,0,0,0,-23.48,-17.66,0.0732,0.0,0.7185,0.0,0.0954,0,90,0,0.08,0,False,False,False,False,False,False
1782461926.256,0,0,0,0,0,-23.86,-17.71,0.0732,0.0,0.7177,0.0,0.0951,0,90,0,0.08,0,False,False,False,False,False,False
1782461926.279,0,0,0,0,0,-24.12,-17.81,0.0731,0.0,0.7172,0.0,0.0948,0,90,0,0.09,0,False,False,False,False,False,False
1782461926.306,0,0,0,0,0,-24.3,-17.92,0.0731,0.0,0.7169,0.0,0.0946,0,90,0,0.09,0,False,False,False,False,False,False
1782461926.328,0,0,0,0,0,-24.46,-18.01,0.0729,0.0,0.7151,0.0,0.0943,0,90,0,0.09,0,False,False,False,False,False,False
1782461926.352,0,0,0,0,0,-24.61,-18.04,0.0726,0.0,0.7123,0.0,0.094,0,90,0,0.09,0,False,False,False,False,False,False
1782461926.377,0,0,0,0,0,-24.68,-17.97,0.0723,0.0,0.7088,0.0,0.0938,0,90,0,0.09,0,False,False,False,False,False,False
1782461926.396,0,0,0,0,0,-24.69,-17.83,0.0719,0.0,0.7049,0.0,0.0935,0,90,0,0.09,0,False,False,False,False,False,False
1782461926.42,0,0,0,0,0,-24.69,-17.71,0.0716,0.0,0.7022,0.0,0.0932,0,90,0,0.09,0,False,False,False,False,False,False
1782461926.439,0,0,0,0,0,-24.69,-17.67,0.0712,0.0,0.6988,0.0,0.093,0,90,0,0.09,0,False,False,False,False,False,False
1782461926.463,0,0,0,0,0,-24.69,-17.68,0.0708,0.0,0.6949,0.0,0.0927,0,90,0,0.09,0,False,False,False,False,False,False
1782461926.483,0,0,0,0,0,-24.83,-17.7,0.0706,0.0,0.6923,0.0,0.0924,0,90,0,0.09,0,False,False,False,False,False,False
1782461926.507,0,0,0,0,0,-25.16,-17.72,0.0704,0.0,0.6905,0.0,0.0921,0,90,0,0.09,0,False,False,False,False,False,False
1782461926.531,0,0,0,0,0,-25.45,-17.75,0.0701,0.0,0.6877,0.0,0.0919,0,90,0,0.09,0,False,False,False,False,False,False
1782461926.556,0,0,0,0,0,-25.5,-17.78,0.0697,0.0,0.6842,0.0,0.0916,0,90,0,0.09,0,False,False,False,False,False,False
1782461926.575,0,0,0,0,0,-25.36,-17.76,0.0695,0.0,0.6819,0.0,0.0913,0,90,0,0.09,0,False,False,False,False,False,False
1782461926.598,0,0,0,0,0,-25.16,-17.69,0.0693,0.0,0.6803,0.0,0.091,0,90,0,0.09,0,False,False,False,False,False,False
1782461926.618,0,0,0,0,0,-24.98,-17.6,0.0694,0.0,0.6808,0.0,0.0908,0,90,0,0.09,0,False,False,False,False,False,False
1782461926.642,0,0,0,0,0,-24.79,-17.52,0.0696,0.0,0.6827,0.0,0.0905,0,90,0,0.09,0,False,False,False,False,False,False
1782461926.662,0,0,0,0,0,-24.55,-17.44,0.0697,0.0,0.684,0.0,0.0902,0,90,0,0.09,0,False,False,False,False,False,False
1782461926.686,0,0,0,0,0,-24.26,-17.34,0.0698,0.0,0.6848,0.0,0.09,0,90,0,0.09,0,False,False,False,False,False,False
1782461926.711,0,0,0,0,0,-23.99,-17.25,0.0699,0.0,0.6854,0.0,0.0897,0,90,0,0.09,0,False,False,False,False,False,False
1782461926.727,0,0,0,0,0,-23.75,-17.14,0.0699,0.0,0.6858,0.0,0.0895,0,90,0,0.09,0,False,False,False,False,False,False
1782461926.753,0,0,0,0,0,-23.47,-17.01,0.0698,0.0,0.6845,0.0,0.0892,0,90,0,0.09,0,False,False,False,False,False,False
1782461926.77,0,0,0,0,0,-23.1,-16.88,0.0695,0.0,0.6821,0.0,0.0889,0,90,0,0.09,0,False,False,False,False,False,False
1782461926.795,0,0,0,0,0,-22.65,-16.83,0.0692,0.0,0.6789,0.0,0.0886,0,90,0,0.09,0,False,False,False,False,False,False
1782461926.821,0,0,0,0,0,-22.18,-16.84,0.0688,0.0,0.6751,0.0,0.0883,0,90,0,0.08,0,False,False,False,False,False,False
1782461926.845,0,0,0,0,0,-21.76,-16.77,0.0686,0.0,0.6725,0.0,0.088,0,90,0,0.08,0,False,False,False,False,False,False
1782461926.868,0,0,0,0,0,-21.45,-16.64,0.0684,0.0,0.6708,0.0,0.0877,0,90,0,0.08,0,False,False,False,False,False,False
1782461926.893,0,0,0,0,0,-21.23,-16.54,0.0683,0.0,0.6696,0.0,0.0874,0,90,0,0.08,0,False,False,False,False,False,False
1782461926.911,0,0,0,0,0,-21.06,-16.51,0.0683,0.0,0.6704,0.0,0.0871,0,90,0,0.08,0,False,False,False,False,False,False
1782461926.937,0,0,0,0,0,-20.93,-16.51,0.0687,0.0,0.674,0.0,0.0869,0,90,0,0.08,0,False,False,False,False,False,False
1782461926.954,0,0,0,0,0,-20.79,-16.51,0.0693,0.0,0.6797,0.0,0.0866,0,90,0,0.08,0,False,False,False,False,False,False
1782461926.978,0,0,0,0,0,-20.57,-16.5,0.0698,0.0,0.6851,0.0,0.0863,0,90,0,0.08,0,False,False,False,False,False,False
1782461927.004,0,0,0,0,0,-20.38,-16.37,0.0702,0.0,0.6887,0.0,0.086,0,90,0,0.08,0,False,False,False,False,False,False
1782461927.027,0,0,0,0,0,-20.13,-16.04,0.0705,0.0,0.6912,0.0,0.0857,0,90,0,0.08,0,False,False,False,False,False,False
1782461927.052,0,0,0,0,0,-19.36,-15.78,0.0706,0.0,0.6929,0.0,0.0854,0,90,0,0.08,0,False,False,False,False,False,False
1782461927.077,0,0,0,0,0,-18.26,-15.75,0.0708,0.0,0.6941,0.0,0.0852,0,90,0,0.08,0,False,False,False,False,False,False
1782461927.099,0,0,0,0,0,-17.26,-15.76,0.0708,0.0,0.6948,0.0,0.0849,0,90,0,0.08,0,False,False,False,False,False,False
1782461927.119,0,0,0,0,0,-16.38,-15.57,0.0709,0.0,0.6954,0.0,0.0846,0,90,0,0.08,0,False,False,False,False,False,False
1782461927.143,0,0,0,0,0,-15.52,-15.18,0.0709,0.0,0.6957,0.0,0.0843,0,90,0,0.08,0,False,False,False,False,False,False
1782461927.168,0,0,0,0,0,-14.57,-14.73,0.0709,0.0,0.696,0.0,0.084,0,90,0,0.08,0,False,False,False,False,False,False
1782461927.192,0,0,0,0,0,-13.5,-14.29,0.071,0.0,0.6962,0.0,0.0837,0,90,0,0.08,0,False,False,False,False,False,False
1782461927.21,0,0,0,0,0,-12.31,-13.88,0.071,0.0,0.6963,0.0,0.0835,0,90,0,0.08,0,False,False,False,False,False,False
1782461927.235,0,0,0,0,0,-11.01,-13.54,0.071,0.0,0.6963,0.0,0.0832,0,90,0,0.08,0,False,False,False,False,False,False
1782461927.255,0,0,0,0,0,-9.56,-13.28,0.071,0.0,0.6964,0.0,0.0829,0,90,0,0.08,0,False,False,False,False,False,False
1782461927.278,0,0,0,0,0,-7.88,-13.05,0.0707,0.0,0.6933,0.0,0.0826,0,90,0,0.08,0,False,False,False,False,False,False
1782461927.303,0,0,0,0,0,-5.87,-12.82,0.0701,0.0,0.688,0.0,0.0823,0,90,0,0.08,0,False,False,False,False,False,False
1782461927.327,0,0,0,0,0,-3.55,-12.59,0.0698,0.0,0.6845,0.0,0.082,0,90,0,0.07,0,False,False,False,False,False,False
1782461927.353,0,0,0,0,0,-1.12,-12.3,0.0695,0.0,0.682,0.0,0.0817,0,90,0,0.06,0,False,False,False,False,False,False
1782461927.377,0,0,0,0,0,1.14,-11.88,0.0694,0.0,0.6804,0.0,0.0815,0,90,0,0.06,0,False,False,False,False,False,False
1782461927.399,0,0,0,0,0,3.08,-11.33,0.0692,0.0,0.6793,0.0,0.0812,0,90,0,0.06,0,False,False,False,False,False,False
1782461927.425,0,0,0,0,0,4.69,-10.71,0.0692,0.0,0.6785,0.0,0.0809,0,90,0,0.06,0,False,False,False,False,False,False
1782461927.447,0,0,0,0,0,6.03,-10.11,0.069,0.0,0.6764,0.0,0.0806,0,90,0,0.05,0,False,False,False,False,False,False
1782461927.469,0,0,0,0,0,7.11,-9.59,0.0686,0.0,0.6734,0.0,0.0803,0,90,0,0.05,0,False,False,False,False,False,False
1782461927.493,0,0,0,0,0,7.96,-9.2,0.0684,0.0,0.6714,0.0,0.08,0,90,0,0.05,0,False,False,False,False,False,False
1782461927.516,0,0,0,0,0,8.66,-8.96,0.0685,0.0,0.6716,0.0,0.0797,0,90,0,0.05,0,False,False,False,False,False,False
1782461927.541,0,0,0,0,0,9.21,-8.87,0.0688,0.0,0.6749,0.0,0.0794,0,90,0,0.05,0,False,False,False,False,False,False
1782461927.564,0,0,0,0,0,9.56,-8.89,0.0692,0.0,0.6786,0.0,0.0792,0,90,0,0.05,0,False,False,False,False,False,False
1782461927.584,0,0,0,0,0,9.71,-8.98,0.0694,0.0,0.6812,0.0,0.0789,0,90,0,0.06,0,False,False,False,False,False,False
1782461927.608,0,0,0,0,0,9.73,-9.12,0.0695,0.0,0.6814,0.0,0.0786,0,90,0,0.06,0,False,False,False,False,False,False
1782461927.627,0,0,0,0,0,9.69,-9.24,0.0693,0.0,0.68,0.0,0.0783,0,90,0,0.06,0,False,False,False,False,False,False
1782461927.653,0,0,0,0,0,9.63,-9.35,0.0692,0.0,0.679,0.0,0.078,0,90,0,0.06,0,False,False,False,False,False,False
1782461927.676,0,0,0,0,0,9.58,-9.64,0.069,0.0,0.6767,0.0,0.0777,0,90,0,0.06,0,False,False,False,False,False,False
1782461927.7,0,0,0,0,0,9.56,-10.01,0.0687,0.0,0.6736,0.0,0.0775,0,90,0,0.06,0,False,False,False,False,False,False
1782461927.72,0,0,0,0,0,9.55,-10.26,0.0683,0.0,0.67,0.0,0.0772,0,90,0,0.06,0,False,False,False,False,False,False
1782461927.744,0,0,0,0,0,9.54,-10.38,0.0679,0.0,0.6659,0.0,0.0769,0,90,0,0.06,0,False,False,False,False,False,False
1782461927.767,0,0,0,0,0,9.53,-10.43,0.0676,0.0,0.6631,0.0,0.0766,0,90,0,0.06,0,False,False,False,False,False,False
1782461927.794,0,0,0,0,0,9.53,-10.44,0.0674,0.0,0.6613,0.0,0.0763,0,90,0,0.05,0,False,False,False,False,False,False
1782461927.817,0,0,0,0,0,9.53,-10.45,0.0673,0.0,0.66,0.0,0.0761,0,90,0,0.05,0,False,False,False,False,False,False
1782461927.842,0,0,0,0,0,9.53,-10.48,0.0673,0.0,0.6607,0.0,0.0758,0,90,0,0.05,0,False,False,False,False,False,False
1782461927.865,0,0,0,0,0,9.53,-10.53,0.0676,0.0,0.6627,0.0,0.0755,0,90,0,0.05,0,False,False,False,False,False,False
1782461927.885,0,0,0,0,0,9.53,-10.57,0.0677,0.0,0.6641,0.0,0.0753,0,90,0,0.05,0,False,False,False,False,False,False
1782461927.911,0,0,0,0,0,9.53,-10.59,0.0678,0.0,0.6651,0.0,0.075,0,90,0,0.05,0,False,False,False,False,False,False
1782461927.933,0,0,0,0,0,9.53,-10.61,0.0679,0.0,0.6657,0.0,0.0748,0,90,0,0.05,0,False,False,False,False,False,False
1782461927.958,0,0,0,0,0,9.53,-10.64,0.0679,0.0,0.6662,0.0,0.0745,0,90,0,0.05,0,False,False,False,False,False,False
1782461927.983,0,0,0,0,0,9.53,-10.68,0.0679,0.0,0.6664,0.0,0.0743,0,90,0,0.05,0,False,False,False,False,False,False
1782461928.008,0,0,0,0,0,9.53,-10.71,0.068,0.0,0.6667,0.0,0.0742,0,90,0,0.05,0,False,False,False,False,False,False
1782461928.028,0,0,0,0,0,9.53,-10.74,0.068,0.0,0.6668,0.0,0.0742,0,90,0,0.05,0,False,False,False,False,False,False
1782461928.052,0,0,0,0,0,9.53,-10.76,0.0678,0.0,0.6653,0.0,0.0742,0,90,0,0.05,0,False,False,False,False,False,False
1782461928.076,0,0,0,0,0,9.53,-10.79,0.0676,0.0,0.6627,0.0,0.0742,0,90,0,0.05,0,False,False,False,False,False,False
1782461928.096,0,0,0,0,0,9.53,-10.81,0.0674,0.0,0.661,0.0,0.0743,0,90,0,0.05,0,False,False,False,False,False,False
1782461928.12,0,0,0,0,0,9.53,-10.84,0.0673,0.0,0.6598,0.0,0.0743,0,90,0,0.05,0,False,False,False,False,False,False
1782461928.138,0,0,0,0,0,9.53,-10.86,0.0672,0.0,0.659,0.0,0.0742,0,90,0,0.05,0,False,False,False,False,False,False
1782461928.163,0,0,0,0,0,9.53,-10.88,0.0671,0.0,0.6584,0.0,0.0742,0,90,0,0.05,0,False,False,False,False,False,False
1782461928.183,0,0,0,0,0,9.53,-10.91,0.0671,0.0,0.6581,0.0,0.0742,0,90,0,0.05,0,False,False,False,False,False,False
1782461928.209,0,0,0,0,0,9.53,-10.93,0.0671,0.0,0.6578,0.0,0.0741,0,90,0,0.05,0,False,False,False,False,False,False
1782461928.229,0,0,0,0,0,9.52,-10.96,0.067,0.0,0.6576,0.0,0.0741,0,90,0,0.05,0,False,False,False,False,False,False
1782461928.251,0,0,0,0,0,9.51,-10.99,0.067,0.0,0.6575,0.0,0.0741,0,90,0,0.05,0,False,False,False,False,False,False
1782461928.27,0,0,0,0,0,9.5,-11.01,0.067,0.0,0.6574,0.0,0.0741,0,90,0,0.05,0,False,False,False,False,False,False
1782461928.295,0,0,0,0,0,9.49,-11.04,0.067,0.0,0.6574,0.0,0.0741,0,90,0,0.05,0,False,False,False,False,False,False
1782461928.318,0,0,0,0,0,9.48,-11.06,0.067,0.0,0.6573,0.0,0.0741,0,90,0,0.05,0,False,False,False,False,False,False
1782461928.345,0,0,0,0,0,9.47,-11.08,0.067,0.0,0.6573,0.0,0.0741,0,90,0,0.05,0,False,False,False,False,False,False
1782461928.364,0,0,0,0,0,9.46,-11.11,0.067,0.0,0.6573,0.0,0.0741,0,90,0,0.05,0,False,False,False,False,False,False
1782461928.388,0,0,0,0,0,9.45,-11.13,0.067,0.0,0.6573,0.0,0.0741,0,90,0,0.05,0,False,False,False,False,False,False
1782461928.412,0,0,0,0,0,9.45,-11.15,0.067,0.0,0.6573,0.0,0.0741,0,90,0,0.05,0,False,False,False,False,False,False
1782461928.436,0,0,0,0,0,9.44,-11.18,0.067,0.0,0.6573,0.0,0.0741,0,90,0,0.05,0,False,False,False,False,False,False
1782461928.461,0,0,0,0,0,9.43,-11.21,0.067,0.0,0.6573,0.0,0.0741,0,90,0,0.05,0,False,False,False,False,False,False
1782461928.486,0,0,0,0,0,9.42,-11.23,0.067,0.0,0.6573,0.0,0.0741,0,90,0,0.05,0,False,False,False,False,False,False
1782461928.51,0,0,0,0,0,9.41,-11.25,0.0668,0.0,0.6557,0.0,0.0741,0,90,0,0.05,0,False,False,False,False,False,False
1782461928.534,0,0,0,0,0,9.4,-11.28,0.0666,0.0,0.6531,0.0,0.0741,0,90,0,0.05,0,False,False,False,False,False,False
1782461928.56,0,0,0,0,0,9.4,-11.3,0.0664,0.0,0.6513,0.0,0.0741,0,90,0,0.04,0,False,False,False,False,False,False
1782461928.579,0,0,0,0,0,9.39,-11.32,0.0663,0.0,0.65,0.0,0.0741,0,90,0,0.04,0,False,False,False,False,False,False
1782461928.604,0,0,0,0,0,9.39,-11.34,0.0662,0.0,0.6492,0.0,0.0741,0,90,0,0.04,0,False,False,False,False,False,False
1782461928.629,0,0,0,0,0,9.38,-11.36,0.0661,0.0,0.6487,0.0,0.0741,0,90,0,0.04,0,False,False,False,False,False,False
1782461928.655,0,0,0,0,0,9.37,-11.39,0.0661,0.0,0.6483,0.0,0.0742,0,90,0,0.04,0,False,False,False,False,False,False
1782461928.678,0,0,0,0,0,9.37,-11.41,0.0661,0.0,0.648,0.0,0.0742,0,90,0,0.04,0,False,False,False,False,False,False
1782461928.705,0,0,0,0,0,9.36,-11.43,0.0662,0.0,0.6494,0.0,0.0742,0,90,0,0.04,0,False,False,False,False,False,False
1782461928.727,0,0,0,0,0,9.35,-11.45,0.0665,0.0,0.6519,0.0,0.0742,0,90,0,0.04,0,False,False,False,False,False,False
1782461928.751,0,0,0,0,0,9.34,-11.47,0.0666,0.0,0.6536,0.0,0.0742,0,90,0,0.03,0,False,False,False,False,False,False
1782461928.778,0,0,0,0,0,9.33,-11.5,0.0666,0.0,0.6532,0.0,0.0742,0,90,0,0.03,0,False,False,False,False,False,False
1782461928.801,0,0,0,0,0,9.33,-11.52,0.0666,0.0,0.653,0.0,0.0742,0,90,0,0.03,0,False,False,False,False,False,False
1782461928.826,0,0,0,0,0,9.33,-11.54,0.0667,0.0,0.6543,0.0,0.0742,0,90,0,0.03,0,False,False,False,False,False,False
1782461928.851,0,0,0,0,0,9.32,-11.56,0.0668,0.0,0.6553,0.0,0.0742,0,90,0,0.03,0,False,False,False,False,False,False
1782461928.869,0,0,0,0,0,9.31,-11.58,0.0669,0.0,0.6559,0.0,0.0742,0,90,0,0.02,0,False,False,False,False,False,False
1782461928.894,0,0,0,0,0,9.31,-11.6,0.0669,0.0,0.6563,0.0,0.0742,0,90,0,0.01,0,False,False,False,False,False,False
1782461928.917,0,0,0,0,0,9.3,-11.62,0.0669,0.0,0.6566,0.0,0.0742,0,90,0,0.01,0,False,False,False,False,False,False
1782461929.017,0,0,0,0,0,9.3,-11.65,0.0673,0.0,0.66,0.0,0.0742,0,90,0,0.01,0,False,False,False,False,False,False
1782461929.041,0,0,0,0,0,9.3,-11.7,0.069,0.0,0.6764,0.0,0.0742,0,90,0,0.01,0,False,False,False,False,False,False
1782461929.066,0,0,0,0,0,9.3,-11.74,0.0714,0.0,0.7001,0.0,0.0742,0,90,0,0.01,0,False,False,False,False,False,False
1782461929.085,0,0,0,0,0,9.29,-11.77,0.0732,0.0,0.7178,0.0,0.0743,0,90,0,0.0,0,False,False,False,False,False,False
1782461929.11,0,0,0,0,0,9.28,-11.79,0.0742,0.0,0.7283,0.0,0.0743,0,90,0,0.0,0,False,False,False,False,False,False
1782461929.136,0,0,0,0,0,9.28,-11.8,0.0734,0.0,0.7197,0.0,0.0743,0,90,0,0.0,0,False,False,False,False,False,False
1782461929.159,0,0,0,0,0,9.28,-11.82,0.0692,0.0,0.6793,0.0,0.0743,0,90,0,0.0,0,False,False,False,False,False,False
1782461929.182,0,0,0,0,0,9.27,-11.84,0.0634,0.0,0.6219,0.0,0.0742,0,90,0,0.0,0,False,False,False,False,False,False
1782461929.209,0,0,0,0,0,9.26,-11.86,0.0565,0.0,0.5547,0.0,0.0741,0,90,0,0.0,0,False,False,False,False,False,False
1782461929.233,0,0,0,0,0,9.26,-11.87,0.0552,0.0,0.542,0.0,0.0741,0,90,0,0.0,0,False,False,False,False,False,False
1782461929.258,0,0,0,0,0,9.26,-11.89,0.0721,0.0,0.7078,0.0,0.0743,0,90,0,0.0,0,False,False,False,False,False,False
1782461929.285,0,0,0,0,0,9.25,-11.91,0.1187,0.0,1.1646,0.0,0.0747,0,90,0,0.0,0,False,False,False,False,False,False
1782461929.307,0,0,0,0,0,9.25,-11.93,0.1343,0.0,1.318,0.0,0.0746,0,90,0,0.0,0,False,False,False,False,False,False
1782461929.333,0,0,0,0,0,9.24,-11.94,0.0988,0.0,0.9695,0.0,0.0745,0,90,0,0.0,0,False,False,False,False,False,False
1782461929.354,0,0,0,0,0,9.24,-11.96,0.0672,0.0,0.6589,0.0,0.0743,0,90,0,0.0,0,False,False,False,False,False,False
1782461929.382,0,0,0,0,0,9.23,-11.98,0.0456,0.0,0.4478,0.0,0.0742,0,90,0,0.0,0,False,False,False,False,False,False
1782461929.405,0,0,0,0,0,9.23,-11.99,0.031,0.0,0.3043,0.0,0.074,0,90,0,0.0,0,False,False,False,False,False,False
1782461929.429,0,0,0,0,0,9.22,-12.01,0.0211,0.0,0.2068,0.0,0.0739,0,90,0,0.0,0,False,False,False,False,False,False
1782461929.453,0,0,0,0,0,9.22,-12.02,0.0143,0.0,0.1406,0.0,0.0737,0,90,0,0.0,0,False,False,False,False,False,False
1782461929.477,0,0,0,0,0,9.22,-12.04,0.0097,0.0,0.0955,0.0,0.0736,0,90,0,0.0,0,False,False,False,False,False,False
1782461929.502,0,0,0,0,0,9.21,-12.06,0.0066,0.0,0.0649,0.0,0.0734,0,90,0,0.0,0,False,False,False,False,False,False
1782461929.525,0,0,0,0,0,9.21,-12.07,0.0045,0.0,0.0441,0.0,0.0732,0,90,0,0.0,0,False,False,False,False,False,False
1782461929.549,0,0,0,0,0,9.21,-12.09,0.0031,0.0,0.03,0.0,0.0731,0,90,0,0.0,0,False,False,False,False,False,False
1782461929.573,0,0,0,0,0,9.2,-12.1,0.0021,0.0,0.0204,0.0,0.0729,0,90,0,0.0,0,False,False,False,False,False,False
1782461929.597,0,0,0,0,0,9.2,-12.12,0.0014,0.0,0.0138,0.0,0.0727,0,90,0,0.0,0,False,False,False,False,False,False
1782461929.62,0,0,0,0,0,9.19,-12.13,0.001,0.0,0.0094,0.0,0.0725,0,90,0,0.0,0,False,False,False,False,False,False
1782461929.645,0,0,0,0,0,9.19,-12.15,0.0007,0.0,0.0064,0.0,0.0724,0,90,0,0.0,0,False,False,False,False,False,False
1782461929.669,0,0,0,0,0,9.19,-12.16,0.0004,0.0,0.0043,0.0,0.0722,0,90,0,0.0,0,False,False,False,False,False,False
1782461929.695,0,0,0,0,0,9.19,-12.18,0.0003,0.0,0.003,0.0,0.072,0,90,0,0.0,0,False,False,False,False,False,False
1782461929.717,0,0,0,0,0,9.18,-12.2,0.0002,0.0,0.002,0.0,0.0719,0,90,0,0.0,0,False,False,False,False,False,False
1782461929.742,0,0,0,0,0,9.18,-12.21,0.0001,0.0,0.0014,0.0,0.0717,0,90,0,0.0,0,False,False,False,False,False,False
1782461929.766,0,0,0,0,0,9.18,-12.22,0.0001,0.0,0.0009,0.0,0.0715,0,90,0,0.0,0,False,False,False,False,False,False
1782461929.79,0,0,0,0,0,9.18,-12.24,0.0001,0.0,0.0006,0.0,0.0713,0,90,0,0.0,0,False,False,False,False,False,False
1782461929.814,0,0,0,0,0,9.18,-12.25,0.0,0.0,0.0004,0.0,0.0712,0,90,0,0.0,0,False,False,False,False,False,False
1782461929.838,0,0,0,0,0,9.18,-12.26,0.0,0.0,0.0003,0.0,0.071,0,90,0,0.0,0,False,False,False,False,False,False
1782461929.862,0,0,0,0,0,9.18,-12.28,0.0,0.0,0.0002,0.0,0.0708,0,90,0,0.0,0,False,False,False,False,False,False
1782461929.884,0,0,0,0,0,9.18,-12.29,0.0,0.0,0.0001,0.0,0.0706,0,90,0,0.0,0,False,False,False,False,False,False
1782461929.911,0,0,0,0,0,9.17,-12.3,0.0,0.0,0.0001,0.0,0.0705,0,90,0,0.0,0,False,False,False,False,False,False
1782461929.929,0,0,0,0,0,9.17,-12.32,0.0045,0.0,0.0441,0.0,0.0703,0,90,0,0.0,0,False,False,False,False,False,False
1782461929.956,0,0,0,0,0,9.17,-12.33,0.0308,0.0,0.3018,0.0,0.0705,0,90,0,0.0,0,False,False,False,False,False,False
1782461929.974,0,0,0,0,0,9.17,-12.33,0.0759,0.0,0.7442,0.0,0.0707,0,90,0,0.0,0,False,False,False,False,False,False
1782461929.998,0,0,0,0,0,9.16,-12.34,0.1204,0.0,1.1815,0.0,0.071,0,90,0,0.0,0,False,False,False,False,False,False
1782461930.021,0,0,0,0,0,9.16,-12.36,0.1575,0.0,1.5447,0.0,0.0713,0,90,0,0.0,0,False,False,False,False,False,False
1782461930.048,0,0,0,0,0,9.16,-12.37,0.1836,0.0,1.801,0.0,0.0716,0,90,0,0.0,0,False,False,False,False,False,False
1782461930.07,0,0,0,0,0,9.16,-12.38,0.2002,0.0,1.9642,0.0,0.0719,0,90,0,0.0,0,False,False,False,False,False,False
1782461930.096,0,0,0,0,0,9.16,-12.4,0.2099,0.0,2.0593,0.0,0.0722,0,90,0,0.0,0,False,False,False,False,False,False
1782461930.119,0,0,0,0,0,9.16,-12.41,0.2178,0.0,2.1366,0.0,0.0725,0,90,0,0.0,0,False,False,False,False,False,False
1782461930.146,0,0,0,0,0,9.15,-12.43,0.2265,0.0,2.2221,0.0,0.0729,0,90,0,0.0,0,False,False,False,False,False,False
1782461930.168,0,0,0,0,0,9.15,-12.44,0.2331,0.0,2.2865,0.0,0.0732,0,90,0,0.0,0,False,False,False,False,False,False
1782461930.195,0,0,0,0,0,9.15,-12.45,0.2411,0.0,2.3648,0.0,0.0736,0,90,0,0.0,0,False,False,False,False,False,False
1782461930.219,0,0,0,0,0,9.15,-12.46,0.2548,0.0,2.4998,0.0,0.074,0,90,0,0.0,0,False,False,False,False,False,False
1782461930.244,0,0,0,0,0,9.14,-12.47,0.2725,0.0,2.6732,0.0,0.0745,0,90,0,0.0,0,False,False,False,False,False,False
1782461930.269,0,0,0,0,0,9.14,-12.48,0.2908,0.0,2.8524,0.0,0.075,0,90,0,0.0,0,False,False,False,False,False,False
1782461930.296,0,0,0,0,0,9.14,-12.5,0.3075,0.0,3.0166,0.0,0.0755,0,90,0,0.0,0,False,False,False,False,False,True
1782461930.312,0,0,0,0,0,9.14,-12.51,0.299,0.0,2.9333,0.0,0.0758,0,90,0,0.0,0,False,False,False,False,False,True
1782461930.336,0,0,0,0,0,9.14,-12.52,0.2429,0.0,2.3832,0.0,0.0757,0,90,0,0.0,0,False,False,False,False,False,True
1782461930.355,0,0,0,0,0,9.14,-12.53,0.1709,0.0,1.6762,0.0,0.0755,0,90,0,0.0,0,False,False,False,False,False,True
1782461930.38,0,0,0,0,0,9.14,-12.54,0.1161,0.0,1.1391,0.0,0.0754,0,90,0,0.0,0,False,False,False,False,False,True
1782461930.398,0,0,0,0,0,9.14,-12.55,0.0789,0.0,0.7742,0.0,0.0752,0,90,0,0.0,0,False,False,False,False,False,True
1782461930.422,0,0,0,0,0,9.13,-12.55,0.0536,0.0,0.5261,0.0,0.075,0,90,0,0.0,0,False,False,False,False,False,True
1782461930.442,0,0,0,0,0,9.13,-12.56,0.0364,0.0,0.3576,0.0,0.0749,0,90,0,0.0,0,False,False,False,False,False,True
1782461930.465,0,0,0,0,0,9.13,-12.57,0.0248,0.0,0.243,0.0,0.0747,0,90,0,0.0,0,False,False,False,False,False,True
1782461930.487,0,0,0,0,0,9.13,-12.58,0.0168,0.0,0.1651,0.0,0.0745,0,90,0,0.0,0,False,False,False,False,False,False
1782461930.509,0,0,0,0,0,9.12,-12.59,0.0114,0.0,0.1122,0.0,0.0744,1,90,0,0.0,0,False,False,False,False,False,False
1782461930.534,0,0,0,0,0,9.12,-12.59,0.0167,0.0,0.1643,0.0,0.0743,1,90,0,0.0,0,False,False,False,False,False,False
1782461930.56,0,0,0,0,0,9.12,-12.6,0.0437,0.0,0.4291,0.0,0.0745,1,90,0,0.0,0,False,False,False,False,False,False
1782461930.577,0,0,0,0,0,9.12,-12.61,0.0826,0.0,0.8102,0.0,0.0747,1,90,0,0.0,0,False,False,False,False,False,False
1782461930.603,0,0,0,0,0,9.12,-12.62,0.1188,0.0,1.1651,0.0,0.0749,1,90,0,0.0,0,False,False,False,False,False,False
1782461930.62,0,0,0,0,0,9.12,-12.63,0.1483,0.0,1.455,0.0,0.0752,1,90,0,0.0,0,False,False,False,False,False,False
1782461930.646,0,0,0,0,0,9.11,-12.64,0.1714,0.0,1.6819,0.0,0.0755,1,90,0,0.0,0,False,False,False,False,False,False
1782461930.67,0,0,0,0,0,9.11,-12.65,0.1904,0.0,1.8675,0.0,0.0758,1,90,0,0.0,0,False,False,False,False,False,False
1782461930.695,0,0,0,0,0,9.11,-12.66,0.205,0.0,2.0109,0.0,0.0761,1,90,0,0.0,0,False,False,False,False,False,False
1782461930.718,0,0,0,0,0,9.11,-12.67,0.2141,0.0,2.1005,0.0,0.0764,1,90,0,0.0,0,False,False,False,False,False,False
1782461930.738,0,0,0,0,0,9.11,-12.68,0.2194,0.0,2.152,0.0,0.0767,1,90,0,0.0,0,False,False,False,False,False,False
1782461930.763,0,0,0,0,0,9.11,-12.69,0.2245,0.0,2.2027,0.0,0.077,1,90,0,0.0,0,False,False,False,False,False,False
1782461930.782,0,0,0,0,0,9.11,-12.7,0.2305,0.0,2.2607,0.0,0.0773,1,90,0,0.0,0,False,False,False,False,False,False
1782461930.808,0,0,0,0,0,9.11,-12.7,0.2358,0.0,2.3128,0.0,0.0777,0,90,0,0.0,0,False,False,False,False,False,False
1782461930.825,0,0,0,0,0,9.11,-12.71,0.2394,0.0,2.3481,0.0,0.078,0,90,0,0.0,0,False,False,False,False,False,False
1782461930.851,0,0,0,0,0,9.11,-12.72,0.2412,0.0,2.3658,0.0,0.0783,0,90,0,0.0,0,False,False,False,False,False,False
1782461930.87,0,0,0,0,0,9.11,-12.72,0.2422,0.0,2.3763,0.0,0.0786,0,90,0,0.0,0,False,False,False,False,False,False
1782461930.895,0,0,0,0,0,9.11,-12.73,0.2439,0.0,2.3929,0.0,0.0789,0,90,0,0.0,0,False,False,False,False,False,False
1782461930.919,0,0,0,0,0,9.11,-12.74,0.246,0.0,2.4135,0.0,0.0793,0,90,0,0.0,0,False,False,False,False,False,False
1782461930.946,0,0,0,0,0,9.11,-12.74,0.2481,0.0,2.4339,0.0,0.0796,0,90,0,0.0,0,False,False,False,False,False,False
1782461930.963,0,0,0,0,0,9.11,-12.75,0.25,0.0,2.4524,0.0,0.0799,0,90,0,0.0,0,False,False,False,False,False,False
1782461930.987,0,0,0,0,0,9.11,-12.76,0.2513,0.0,2.465,0.0,0.0803,0,90,0,0.0,0,False,False,False,False,False,False
1782461931.013,0,0,0,0,0,9.11,-12.77,0.2517,0.0,2.4689,0.0,0.0806,0,90,0,0.0,0,False,False,False,False,False,False
1782461931.037,0,0,0,0,0,9.12,-12.78,0.251,0.0,2.4621,0.0,0.081,0,90,0,0.0,0,False,False,False,False,False,False
1782461931.063,0,0,0,0,0,9.12,-12.79,0.2486,0.0,2.4386,0.0,0.0813,0,90,0,0.0,0,False,False,False,False,False,False
1782461931.081,0,0,0,0,0,9.12,-12.79,0.2447,0.0,2.4006,0.0,0.0816,0,90,0,0.0,0,False,False,False,False,False,False
1782461931.105,0,0,0,0,0,9.12,-12.8,0.2405,0.0,2.3591,0.0,0.0819,0,90,0,0.0,0,False,False,False,False,False,False
1782461931.129,0,0,0,0,0,9.12,-12.81,0.236,0.0,2.3151,0.0,0.0821,0,90,0,0.0,0,False,False,False,False,False,False
1782461931.156,0,0,0,0,0,9.12,-12.82,0.2318,0.0,2.2743,0.0,0.0824,0,90,0,0.0,0,False,False,False,False,False,False
1782461931.18,0,0,0,0,0,9.12,-12.82,0.2287,0.0,2.2434,0.0,0.0827,0,90,0,0.0,0,False,False,False,False,False,False
1782461931.205,0,0,0,0,0,9.12,-12.83,0.2265,0.0,2.2224,0.0,0.083,0,90,0,0.0,0,False,False,False,False,False,False
1782461931.229,0,0,0,0,0,9.12,-12.84,0.2251,0.0,2.2081,0.0,0.0833,0,90,0,0.0,0,False,False,False,False,False,False
1782461931.252,0,0,0,0,0,9.12,-12.85,0.2241,0.0,2.1984,0.0,0.0835,0,90,0,0.0,0,False,False,False,False,False,False
1782461931.279,0,0,0,0,0,9.12,-12.86,0.2226,0.0,2.1839,0.0,0.0838,0,90,0,0.0,0,False,False,False,False,False,False
1782461931.297,0,0,0,0,0,9.12,-12.87,0.2207,0.0,2.1647,0.0,0.0841,0,90,0,0.0,0,False,False,False,False,False,False
1782461931.32,0,0,0,0,0,9.12,-12.87,0.2184,0.0,2.1422,0.0,0.0844,0,90,0,0.0,0,False,False,False,False,False,False
1782461931.347,0,0,0,0,0,9.12,-12.88,0.2144,0.0,2.1033,0.0,0.0846,0,90,0,0.0,0,False,False,False,False,False,False
1782461931.369,0,0,0,0,0,9.12,-12.89,0.2093,0.0,2.0533,0.0,0.0848,0,90,0,0.0,0,False,False,False,False,False,False
1782461931.396,0,0,0,0,0,9.12,-12.9,0.2063,0.0,2.0241,0.0,0.0851,0,90,0,0.0,0,False,False,False,False,False,False
1782461931.419,0,0,0,0,0,9.12,-12.9,0.2067,0.0,2.0278,0.0,0.0854,0,90,0,0.0,0,False,False,False,False,False,False
1782461931.44,0,0,0,0,0,9.12,-12.91,0.2084,0.0,2.0444,0.0,0.0856,0,90,0,0.0,0,False,False,False,False,False,False
1782461931.464,0,0,0,0,0,9.12,-12.92,0.21,0.0,2.0604,0.0,0.0859,0,90,0,0.0,0,False,False,False,False,False,False
1782461931.487,0,0,0,0,0,9.12,-12.93,0.2111,0.0,2.0713,0.0,0.0862,0,90,0,0.0,0,False,False,False,False,False,False
1782461931.512,0,0,0,0,0,9.12,-12.93,0.2114,0.0,2.074,0.0,0.0864,0,90,0,0.0,0,False,False,False,False,False,False
1782461931.537,0,0,0,0,0,9.12,-12.94,0.2111,0.0,2.0711,0.0,0.0867,0,90,0,0.0,0,False,False,False,False,False,False
1782461931.561,0,0,0,0,0,9.12,-12.95,0.2104,0.0,2.0645,0.0,0.087,0,90,0,0.0,0,False,False,False,False,False,False
1782461931.585,0,0,0,0,0,9.12,-12.96,0.2095,0.0,2.0552,0.0,0.0872,0,90,0,0.0,0,False,False,False,False,False,False
1782461931.612,0,0,0,0,0,9.12,-12.96,0.2097,0.0,2.0568,0.0,0.0875,0,90,0,0.0,0,False,False,False,False,False,False
1782461931.637,0,0,0,0,0,9.12,-12.97,0.2133,0.0,2.0924,0.0,0.0878,0,90,0,0.0,0,False,False,False,False,False,False
1782461931.662,0,0,0,0,0,9.13,-12.98,0.2198,0.0,2.1559,0.0,0.0881,0,90,0,0.0,0,False,False,False,False,False,False
1782461931.679,0,0,0,0,0,9.13,-12.99,0.2267,0.0,2.2242,0.0,0.0885,0,90,0,0.0,0,False,False,False,False,False,False
1782461931.705,0,0,0,0,0,9.13,-12.99,0.2419,0.0,2.3728,0.0,0.0889,0,90,0,0.0,0,False,False,False,False,False,False
1782461931.731,0,0,0,0,0,9.13,-13.0,0.2768,0.0,2.7158,0.0,0.0896,0,90,0,0.0,0,False,False,False,False,False,False
1782461931.755,0,0,0,0,0,9.13,-13.0,0.3291,0.0,3.2286,0.0,0.0904,0,90,0,0.0,0,False,False,False,False,False,False
1782461931.78,0,0,0,0,0,9.13,-13.01,0.3147,0.0,3.0868,0.0,0.0904,0,90,0,0.0,0,False,False,False,False,False,False
1782461931.803,0,0,0,0,0,9.13,-13.02,0.2305,0.0,2.2612,0.0,0.0903,0,90,0,0.0,0,False,False,False,False,False,False
1782461931.828,0,0,0,0,0,9.13,-13.03,0.1594,0.0,1.5635,0.0,0.0901,0,90,0,0.0,0,False,False,False,False,False,False
1782461931.851,0,0,0,0,0,9.14,-13.03,0.1083,0.0,1.0625,0.0,0.09,0,90,0,0.0,0,False,False,False,False,False,False
1782461931.879,0,0,0,0,0,9.14,-13.04,0.1013,0.0,0.994,0.0,0.0902,0,90,0,0.0,0,False,False,False,False,False,False
1782461931.898,0,0,0,0,0,9.14,-13.05,0.1107,0.0,1.0857,0.0,0.0902,0,90,0,0.0,0,False,False,True,False,False,False
1782461931.919,0,0,0,0,0,9.14,-13.05,0.092,0.0,0.9028,0.0,0.0901,0,90,0,0.0,0,False,False,True,False,False,False
1782461931.939,0,0,0,0,0,9.14,-13.06,0.0975,0.0,0.9562,0.0,0.0903,0,90,0,0.0,0,False,False,True,False,False,False
1782461931.963,0,0,0,0,0,9.14,-13.07,0.1704,0.0,1.6713,0.0,0.0911,0,90,0,0.0,0,False,False,True,False,False,False
1782461931.988,0,0,0,0,0,9.14,-13.07,0.2838,0.0,2.7844,0.0,0.0921,0,90,0,0.0,0,False,False,True,False,False,False
1782461932.014,0,0,0,0,0,9.14,-13.08,0.3951,0.0,3.8756,0.0,0.0933,0,90,0,0.0,0,False,False,True,False,False,False
1782461932.035,0,0,0,0,0,9.14,-13.09,0.484,0.0,4.7476,0.0,0.0945,0,90,0,0.0,0,False,False,True,False,False,False
1782461932.063,0,0,0,0,0,9.14,-13.09,0.5489,0.0,5.3842,0.0,0.0957,0,90,0,0.0,0,False,False,True,False,False,False
1782461932.085,0,0,0,0,0,9.15,-13.11,0.5946,0.0,5.8326,0.0,0.0969,0,90,0,0.0,0,False,False,True,False,False,False
1782461932.112,0,0,0,0,0,9.14,-13.14,0.6218,0.0,6.0996,0.0,0.0981,0,90,0,0.0,0,False,False,True,False,False,False
1782461932.136,0,0,0,0,0,9.15,-13.16,0.6217,0.0,6.0987,0.0,0.0991,0,90,0,0.0,0,False,False,True,False,False,False
1782461932.155,0,0,0,0,0,9.15,-13.18,0.5971,0.0,5.8577,0.0,0.1,0,90,0,0.0,0,False,False,True,False,False,False
1782461932.182,0,0,0,0,0,9.15,-13.2,0.5556,0.0,5.4503,0.0,0.1007,0,90,0,0.0,0,False,False,True,False,False,False
1782461932.204,0,0,0,0,0,9.15,-13.22,0.5053,0.0,4.9566,0.0,0.1013,0,90,0,0.0,0,False,False,True,False,False,False
1782461932.231,0,0,0,0,0,9.15,-13.24,0.4587,0.0,4.5,0.0,0.1018,0,90,0,0.0,0,False,False,True,False,False,False
1782461932.255,0,0,0,0,0,9.15,-13.27,0.4197,0.0,4.1174,0.0,0.1023,0,90,0,0.0,0,False,False,False,False,False,False
1782461932.279,0,0,0,0,0,9.16,-13.29,0.3897,0.0,3.8229,0.0,0.1028,0,90,0,0.0,0,False,False,False,False,False,False
1782461932.302,0,0,0,0,0,9.16,-13.31,0.3661,0.0,3.5912,0.0,0.1033,0,90,0,0.0,0,False,False,False,False,False,False
1782461932.331,0,0,0,0,0,9.16,-13.34,0.3428,0.0,3.3631,0.0,0.1037,0,90,0,0.0,0,False,False,True,False,False,False
1782461932.354,0,0,0,0,0,9.16,-13.36,0.3126,0.0,3.0666,0.0,0.104,0,90,0,0.0,0,False,False,False,False,False,False
1782461932.377,0,0,0,0,0,9.16,-13.39,0.2783,0.0,2.73,0.0,0.1042,0,90,0,0.0,0,False,False,False,False,False,False
1782461932.401,0,0,0,0,0,9.16,-13.41,0.2482,0.0,2.4352,0.0,0.1044,0,90,0,0.0,0,False,False,False,False,False,False
1782461932.419,0,0,0,0,0,9.16,-13.43,0.2257,0.0,2.2144,0.0,0.1046,0,90,0,0.0,0,False,False,False,False,False,False
1782461932.446,0,0,0,0,0,9.16,-13.45,0.2135,0.0,2.0943,0.0,0.1048,0,90,0,0.0,0,False,False,False,False,False,False
1782461932.468,0,0,0,0,0,9.16,-13.47,0.2068,0.0,2.0283,0.0,0.1051,0,90,0,0.0,0,False,False,False,False,False,False
1782461932.495,0,0,0,0,0,9.16,-13.49,0.1967,0.0,1.9301,0.0,0.1052,0,90,0,0.0,0,False,False,False,False,False,False
1782461932.519,0,0,0,0,0,9.16,-13.52,0.1834,0.0,1.7989,0.0,0.1054,0,90,0,0.0,0,False,False,False,False,False,False
1782461932.545,0,0,0,0,0,9.17,-13.54,0.1717,0.0,1.6845,0.0,0.1055,0,90,0,0.0,0,False,False,False,False,False,False
1782461932.566,0,0,0,0,0,9.17,-13.56,0.1649,0.0,1.6179,0.0,0.1056,0,90,0,0.0,0,False,False,False,False,False,False
1782461932.592,0,0,0,0,0,9.17,-13.59,0.1635,0.0,1.604,0.0,0.1058,0,90,0,0.0,0,False,False,False,False,False,False
1782461932.616,0,0,0,0,0,9.17,-13.61,0.1651,0.0,1.6197,0.0,0.106,0,90,0,0.0,0,False,False,False,False,False,False
1782461932.641,0,0,0,0,0,9.17,-13.63,0.1668,0.0,1.6366,0.0,0.1062,0,90,0,0.0,0,False,False,False,False,False,False
1782461932.665,0,0,0,0,0,9.17,-13.66,0.1674,0.0,1.6419,0.0,0.1064,0,90,0,0.0,0,False,False,False,False,False,False
1782461932.691,0,0,0,0,0,9.18,-13.68,0.1672,0.0,1.6407,0.0,0.1065,0,90,0,0.0,0,False,False,False,False,False,False
1782461932.716,0,0,0,0,0,9.18,-13.7,0.1681,0.0,1.6494,0.0,0.1067,0,90,0,0.0,0,False,False,False,False,False,False
1782461932.74,0,0,0,0,0,9.18,-13.73,0.1705,0.0,1.6725,0.0,0.1069,0,90,0,0.0,0,False,False,False,False,False,False
1782461932.764,0,0,0,0,0,9.18,-13.75,0.1753,0.0,1.7197,0.0,0.1071,0,90,0,0.0,0,False,False,False,False,False,False
1782461932.788,0,0,0,0,0,9.18,-13.77,0.1837,0.0,1.802,0.0,0.1074,0,90,0,0.0,0,False,False,False,False,False,False
1782461932.814,0,0,0,0,0,9.19,-13.8,0.1952,0.0,1.9146,0.0,0.1077,0,90,0,0.0,0,False,False,False,False,False,False
1782461932.837,0,0,0,0,0,9.19,-13.82,0.2092,0.0,2.0524,0.0,0.1081,0,90,0,0.0,0,False,False,False,False,False,False
1782461932.866,0,0,0,0,0,9.19,-13.84,0.2316,0.0,2.2717,0.0,0.1085,0,90,0,0.0,0,False,False,False,False,False,False
1782461932.887,0,0,0,0,0,9.2,-13.87,0.2655,0.0,2.6047,0.0,0.1091,0,90,0,0.0,0,False,False,False,False,False,False
1782461932.912,0,0,0,0,0,9.2,-13.89,0.3038,0.0,2.9802,0.0,0.1097,0,90,0,0.0,0,False,False,False,False,False,False
1782461932.938,0,0,0,0,0,9.2,-13.91,0.3417,0.0,3.3518,0.0,0.1105,0,90,0,0.0,0,False,False,False,False,False,False
1782461932.962,0,0,0,0,0,9.2,-13.94,0.3381,0.0,3.3167,0.0,0.1108,0,90,0,0.0,0,False,False,False,False,False,False
1782461932.984,0,0,0,0,0,9.2,-13.96,0.2711,0.0,2.6595,0.0,0.1107,0,90,0,0.0,0,False,False,False,False,False,False
1782461933.011,0,0,0,0,0,9.2,-13.99,0.1902,0.0,1.8655,0.0,0.1105,0,90,0,0.0,0,False,False,False,False,False,False
1782461933.035,0,0,0,0,0,9.21,-14.01,0.1292,0.0,1.2678,0.0,0.1103,0,90,0,0.0,0,False,False,False,False,False,False
1782461933.058,0,0,0,0,0,9.21,-14.03,0.0878,0.0,0.8616,0.0,0.1102,0,90,0,0.0,0,False,False,False,False,False,False
1782461933.083,0,0,0,0,0,9.21,-14.06,0.0597,0.0,0.5855,0.0,0.11,0,90,0,0.0,0,False,False,False,False,False,False
1782461933.108,0,0,0,0,0,9.22,-14.08,0.0406,0.0,0.3979,0.0,0.1099,0,90,0,0.0,0,False,False,False,False,False,False
1782461933.132,0,0,0,0,0,9.22,-14.11,0.0276,0.0,0.2704,0.0,0.1097,0,90,0,0.0,0,False,False,False,False,False,False
1782461933.155,0,0,0,0,0,9.22,-14.13,0.0187,0.0,0.1838,0.0,0.1095,0,90,0,0.0,0,False,False,False,False,False,False
1782461933.173,0,0,0,0,0,9.22,-14.15,0.0127,0.0,0.1249,0.0,0.1094,0,90,0,0.0,0,False,False,False,False,False,False
1782461933.2,0,0,0,0,0,9.22,-14.17,0.0087,0.0,0.0849,0.0,0.1092,0,90,0,0.0,0,False,False,False,False,False,False
1782461933.217,0,0,0,0,0,9.22,-14.19,0.0059,0.0,0.0577,0.0,0.1091,0,90,0,0.0,0,False,False,False,False,False,False
1782461933.241,0,0,0,0,0,9.22,-14.21,0.004,0.0,0.0392,0.0,0.1089,0,90,0,0.0,0,False,False,False,False,False,False
1782461933.261,0,0,0,0,0,9.23,-14.23,0.0027,0.0,0.0266,0.0,0.1088,0,90,0,0.0,0,False,False,False,False,False,False
1782461933.283,0,0,0,0,0,9.23,-14.25,0.0018,0.0,0.0181,0.0,0.1086,0,90,0,0.0,0,False,False,False,False,False,False
1782461933.308,0,0,0,0,0,9.23,-14.28,0.0013,0.0,0.0123,0.0,0.1085,0,90,0,0.0,0,False,False,False,False,False,False
1782461933.332,0,0,0,0,0,9.23,-14.3,0.0009,0.0,0.0084,0.0,0.1083,0,90,0,0.0,0,False,False,False,False,False,False
1782461933.355,0,0,0,0,0,9.23,-14.32,0.0006,0.0,0.0057,0.0,0.1082,0,90,0,0.0,0,False,False,False,False,False,False
1782461933.382,0,0,0,0,0,9.23,-14.34,0.0004,0.0,0.0039,0.0,0.108,0,90,0,0.0,0,False,False,False,False,False,False
1782461933.399,0,0,0,0,0,9.24,-14.36,0.0003,0.0,0.0026,0.0,0.1079,0,90,0,0.0,0,False,False,False,False,False,False
1782461933.423,0,0,0,0,0,9.24,-14.38,0.0002,0.0,0.0018,0.0,0.1077,0,90,0,0.0,0,False,False,False,False,False,False
1782461933.447,0,0,0,0,0,9.24,-14.41,0.0001,0.0,0.0012,0.0,0.1076,0,90,0,0.0,0,False,False,False,False,False,False
1782461933.47,0,0,0,0,0,9.24,-14.43,0.0001,0.0,0.0008,0.0,0.1074,0,90,0,0.0,0,False,False,False,False,False,False
1782461933.493,0,0,0,0,0,9.24,-14.45,0.0001,0.0,0.0006,0.0,0.1073,0,90,0,0.0,0,False,False,False,False,False,False
1782461933.513,0,0,0,0,0,9.25,-14.47,0.0,0.0,0.0004,0.0,0.1071,0,90,0,0.0,0,False,False,False,False,False,False
1782461933.537,0,0,0,0,0,9.25,-14.49,0.0,0.0,0.0003,0.0,0.107,0,90,0,0.0,0,False,False,False,False,False,False
1782461933.557,0,0,0,0,0,9.25,-14.51,0.0,0.0,0.0002,0.0,0.1068,0,90,0,0.0,0,False,False,False,False,False,False
1782461933.58,0,0,0,0,0,9.25,-14.54,0.0,0.0,0.0001,0.0,0.1067,0,90,0,0.0,0,False,False,False,False,False,False
1782461933.605,0,0,0,0,0,9.25,-14.56,0.0,0.0,0.0001,0.0,0.1065,0,90,0,0.0,0,False,False,False,False,False,False
1782461933.63,0,0,0,0,0,9.25,-14.58,0.0026,0.0,0.0252,0.0,0.1064,0,90,0,0.0,0,False,False,False,False,False,False
1782461933.648,0,0,0,0,0,9.25,-14.6,0.0155,0.0,0.1523,0.0,0.1064,0,90,0,0.0,0,False,False,False,False,False,False
1782461933.671,0,0,0,0,0,9.25,-14.62,0.0392,0.0,0.3848,0.0,0.1064,0,90,0,0.0,0,False,False,False,False,False,False
1782461933.697,0,0,0,0,0,9.25,-14.65,0.0643,0.0,0.6308,0.0,0.1065,0,90,0,0.0,0,False,False,False,False,False,False
1782461933.722,0,0,0,0,0,9.26,-14.67,0.0852,0.0,0.8357,0.0,0.1066,0,90,0,0.0,0,False,False,False,False,False,False
1782461933.747,0,0,0,0,0,9.26,-14.69,0.1013,0.0,0.9939,0.0,0.1067,0,90,0,0.0,0,False,False,False,False,False,False
1782461933.772,0,0,0,0,0,9.26,-14.72,0.1147,0.0,1.1249,0.0,0.1069,0,90,0,0.0,0,False,False,False,False,False,False
1782461933.797,0,0,0,0,0,9.27,-14.74,0.1271,0.0,1.247,0.0,0.107,0,90,0,0.0,0,False,False,False,False,False,False
1782461933.82,0,0,0,0,0,9.27,-14.77,0.1384,0.0,1.3582,0.0,0.1072,0,90,0,0.0,0,False,False,False,False,False,False
1782461933.843,0,0,0,0,0,9.27,-14.79,0.1476,0.0,1.4479,0.0,0.1074,0,90,0,0.0,0,False,False,False,False,False,False
1782461933.869,0,0,0,0,0,9.27,-14.81,0.1535,0.0,1.5058,0.0,0.1075,0,90,0,0.0,0,False,False,False,False,False,False
1782461933.894,0,0,0,0,0,9.28,-14.84,0.1556,0.0,1.5262,0.0,0.1077,0,90,0,0.0,0,False,False,False,False,False,False
1782461933.918,0,0,0,0,0,9.28,-14.87,0.1552,0.0,1.5228,0.0,0.1078,0,90,0,0.0,0,False,False,False,False,False,False
1782461933.942,0,0,0,0,0,9.28,-14.89,0.1548,0.0,1.519,0.0,0.108,0,90,0,0.0,0,False,False,False,False,False,False
1782461933.968,0,0,0,0,0,9.29,-14.92,0.1547,0.0,1.5179,0.0,0.1081,0,90,0,0.0,0,False,False,False,False,False,False
1782461933.991,0,0,0,0,0,9.29,-14.94,0.154,0.0,1.5109,0.0,0.1083,0,90,0,0.0,0,False,False,False,False,False,False
1782461934.016,0,0,0,0,0,9.29,-14.97,0.1534,0.0,1.5046,0.0,0.1084,0,90,0,0.0,0,False,False,False,False,False,False
1782461934.041,0,0,0,0,0,9.29,-14.99,0.1531,0.0,1.5018,0.0,0.1086,0,90,0,0.0,0,False,False,False,False,False,False
1782461934.067,0,0,0,0,0,9.3,-15.02,0.1527,0.0,1.4984,0.0,0.1087,0,90,0,0.0,0,False,False,False,False,False,False
1782461934.089,0,0,0,0,0,9.3,-15.04,0.1527,0.0,1.4976,0.0,0.1089,0,90,0,0.0,0,False,False,False,False,False,False
1782461934.116,0,0,0,0,0,9.3,-15.06,0.1528,0.0,1.4987,0.0,0.109,0,90,0,0.0,0,False,False,False,False,False,False
1782461934.139,0,0,0,0,0,9.3,-15.09,0.1528,0.0,1.4994,0.0,0.1091,0,90,0,0.0,0,False,False,False,False,False,False
1782461934.166,0,0,0,0,0,9.31,-15.11,0.1529,0.0,1.4999,0.0,0.1093,0,90,0,0.0,0,False,False,False,False,False,False
1782461934.188,0,0,0,0,0,9.31,-15.13,0.1526,0.0,1.4971,0.0,0.1094,0,90,0,0.0,0,False,False,False,False,False,False
1782461934.213,0,0,0,0,0,9.31,-15.16,0.1519,0.0,1.4905,0.0,0.1096,0,90,0,0.0,0,False,False,False,False,False,False
1782461934.237,0,0,0,0,0,9.31,-15.19,0.151,0.0,1.4812,0.0,0.1097,0,90,0,0.0,0,False,False,False,False,False,False
1782461934.263,0,0,0,0,0,9.32,-15.21,0.1499,0.0,1.4703,0.0,0.1098,0,90,0,0.0,0,False,False,False,False,False,False
1782461934.287,0,0,0,0,0,9.32,-15.24,0.1493,0.0,1.4644,0.0,0.11,0,90,0,0.0,0,False,False,False,False,False,False
1782461934.313,0,0,0,0,0,9.32,-15.26,0.149,0.0,1.4619,0.0,0.1101,0,90,0,0.0,0,False,False,False,False,False,False
1782461934.335,0,0,0,0,0,9.32,-15.28,0.1479,0.0,1.4509,0.0,0.1102,0,90,0,0.0,0,False,False,False,False,False,False
1782461934.362,0,0,0,0,0,9.32,-15.31,0.1452,0.0,1.4245,0.0,0.1104,0,90,0,0.0,0,False,False,False,False,False,False
1782461934.386,0,0,0,0,0,9.33,-15.33,0.1419,0.0,1.3924,0.0,0.1105,0,90,0,0.0,0,False,False,False,False,False,False
1782461934.411,0,0,0,0,0,9.33,-15.35,0.1392,0.0,1.3659,0.0,0.1106,0,90,0,0.0,0,False,False,False,False,False,False
1782461934.434,0,0,0,0,0,9.33,-15.38,0.1371,0.0,1.3447,0.0,0.1107,0,90,0,0.0,0,False,False,False,False,False,False
1782461934.459,0,0,0,0,0,9.33,-15.41,0.1354,0.0,1.3288,0.0,0.1108,0,90,0,0.0,0,False,False,False,False,False,False
1782461934.5,0,0,0,0,0,9.34,-15.43,0.1347,0.0,1.3211,0.0,0.1109,0,90,0,0.0,0,False,False,False,False,False,False
1782461934.53,0,0,0,0,0,9.34,-15.46,0.1346,0.0,1.3205,0.0,0.111,0,90,0,0.0,0,False,False,False,False,False,False
1782461934.535,0,0,0,0,0,9.34,-15.48,0.1347,0.0,1.3218,0.0,0.1112,0,90,0,0.0,0,False,False,False,False,False,False
1782461934.558,0,0,0,0,0,9.34,-15.51,0.1348,0.0,1.3226,0.0,0.1113,0,90,0,0.0,0,False,False,False,False,False,False
1782461934.582,0,0,0,0,0,9.34,-15.53,0.1349,0.0,1.3232,0.0,0.1114,0,90,0,0.0,0,False,False,False,False,False,False
1782461934.607,0,0,0,0,0,9.35,-15.56,0.1348,0.0,1.322,0.0,0.1116,0,90,0,0.0,0,False,False,False,False,False,False
1782461934.632,0,0,0,0,0,9.35,-15.58,0.1345,0.0,1.3196,0.0,0.1117,0,90,0,0.0,0,False,False,False,False,False,False
1782461934.655,0,0,0,0,0,9.35,-15.61,0.1343,0.0,1.318,0.0,0.1118,0,90,0,0.0,0,False,False,False,False,False,False
1782461934.68,0,0,0,0,0,9.36,-15.63,0.1336,0.0,1.3106,0.0,0.1119,0,90,0,0.0,0,False,False,False,False,False,False
1782461934.705,0,0,0,0,0,9.36,-15.65,0.1321,0.0,1.2961,0.0,0.1121,0,90,0,0.0,0,False,False,False,False,False,False
1782461934.724,0,0,0,0,0,9.37,-15.68,0.1308,0.0,1.2832,0.0,0.1122,0,90,0,0.0,0,False,False,False,False,False,False
1782461934.75,0,0,0,0,0,9.36,-15.7,0.1297,0.0,1.2728,0.0,0.1123,0,90,0,0.0,0,False,False,False,False,False,False
1782461934.773,0,0,0,0,0,9.36,-15.72,0.1282,0.0,1.2579,0.0,0.1124,0,90,0,0.0,0,False,False,False,False,False,False
1782461934.799,0,0,0,0,0,9.36,-15.74,0.1256,0.0,1.232,0.0,0.1124,0,90,0,0.0,0,False,False,False,False,False,False
1782461934.823,0,0,0,0,0,9.36,-15.77,0.1225,0.0,1.2019,0.0,0.1125,0,90,0,0.0,0,False,False,False,False,False,False
1782461934.848,0,0,0,0,0,9.37,-15.8,0.1199,0.0,1.1767,0.0,0.1126,0,90,0,0.0,0,False,False,False,False,False,False
1782461934.872,0,0,0,0,0,9.37,-15.82,0.1171,0.0,1.1486,0.0,0.1127,0,90,0,0.0,0,False,False,False,False,False,False
1782461934.898,0,0,0,0,0,9.37,-15.85,0.1139,0.0,1.1169,0.0,0.1127,0,90,0,0.0,0,False,False,False,False,False,False
1782461934.92,0,0,0,0,0,9.37,-15.87,0.1112,0.0,1.0906,0.0,0.1128,0,90,0,0.0,0,False,False,False,False,False,False
1782461934.947,0,0,0,0,0,9.38,-15.9,0.109,0.0,1.0696,0.0,0.1129,0,90,0,0.0,0,False,False,False,False,False,False
1782461934.969,0,0,0,0,0,9.38,-15.93,0.1074,0.0,1.0538,0.0,0.1129,0,90,0,0.0,0,False,False,False,False,False,False
1782461934.995,0,0,0,0,0,9.38,-15.95,0.1065,0.0,1.0446,0.0,0.113,0,90,0,0.0,0,False,False,False,False,False,False
1782461935.019,0,0,0,0,0,9.38,-15.98,0.1063,0.0,1.0431,0.0,0.1131,0,90,0,0.0,0,False,False,False,False,False,False
1782461935.043,0,0,0,0,0,9.38,-16.0,0.1065,0.0,1.0452,0.0,0.1131,0,90,0,0.0,0,False,False,False,False,False,False
1782461935.068,0,0,0,0,0,9.38,-16.03,0.1067,0.0,1.0466,0.0,0.1132,0,90,0,0.0,0,False,False,False,False,False,False
1782461935.093,0,0,0,0,0,9.39,-16.05,0.1071,0.0,1.0508,0.0,0.1133,0,90,0,0.0,0,False,False,False,False,False,False
1782461935.119,0,0,0,0,0,9.39,-16.08,0.1079,0.0,1.0583,0.0,0.1134,0,90,0,0.0,0,False,False,False,False,False,False
1782461935.143,0,0,0,0,0,9.39,-16.11,0.1086,0.0,1.0649,0.0,0.1135,0,90,0,0.0,0,False,False,False,False,False,False
1782461935.169,0,0,0,0,0,9.39,-16.13,0.1092,0.0,1.071,0.0,0.1135,0,90,0,0.0,0,False,False,False,False,False,False
1782461935.187,0,0,0,0,0,9.39,-16.15,0.1099,0.0,1.0783,0.0,0.1136,0,90,0,0.0,0,False,False,False,False,False,False
1782461935.209,0,0,0,0,0,9.4,-16.18,0.1106,0.0,1.0849,0.0,0.1137,0,90,0,0.0,0,False,False,False,False,False,False
1782461935.235,0,0,0,0,0,9.4,-16.2,0.1109,0.0,1.0877,0.0,0.1138,0,90,0,0.0,0,False,False,False,False,False,False
1782461935.26,0,0,0,0,0,9.4,-16.22,0.1104,0.0,1.0834,0.0,0.1139,0,90,0,0.0,0,False,False,False,False,False,False
1782461935.286,0,0,0,0,0,9.4,-16.25,0.1093,0.0,1.0726,0.0,0.1139,0,90,0,0.0,0,False,False,False,False,False,False
1782461935.31,0,0,0,0,0,9.4,-16.28,0.1081,0.0,1.0605,0.0,0.114,0,90,0,0.0,0,False,False,False,False,False,False
1782461935.333,0,0,0,0,0,9.4,-16.31,0.1068,0.0,1.0476,0.0,0.1141,0,90,0,0.0,0,False,False,False,False,False,False
1782461935.358,0,0,0,0,0,9.41,-16.33,0.1048,0.0,1.0278,0.0,0.1142,0,90,0,0.0,0,False,False,False,False,False,False
1782461935.382,0,0,0,0,0,9.41,-16.36,0.1024,0.0,1.005,0.0,0.1142,0,90,0,0.0,0,False,False,False,False,False,False
1782461935.408,0,0,0,0,0,9.41,-16.38,0.1015,0.0,0.9957,0.0,0.1143,0,90,0,0.0,0,False,False,False,False,False,False
1782461935.432,0,0,0,0,0,9.42,-16.41,0.1021,0.0,1.002,0.0,0.1143,0,90,0,0.0,0,False,False,False,False,False,False
1782461935.457,0,0,0,0,0,9.42,-16.43,0.1031,0.0,1.011,0.0,0.1144,0,90,0,0.0,0,False,False,False,False,False,False
1782461935.48,0,0,0,0,0,9.42,-16.46,0.1037,0.0,1.0171,0.0,0.1145,0,90,0,0.0,0,False,False,False,False,False,False
1782461935.506,0,0,0,0,0,9.43,-16.48,0.1043,0.0,1.0228,0.0,0.1145,0,90,0,0.0,0,False,False,False,False,False,False
1782461935.529,0,0,0,0,0,9.43,-16.51,0.1047,0.0,1.0267,0.0,0.1146,0,90,0,0.0,0,False,False,False,False,False,False
1782461935.555,0,0,0,0,0,9.43,-16.54,0.1043,0.0,1.0231,0.0,0.1147,0,90,0,0.0,0,False,False,False,False,False,False
1782461935.598,0,0,0,0,0,9.43,-16.56,0.1032,0.0,1.0127,0.0,0.1147,0,90,0,0.0,0,False,False,False,False,False,False
1782461935.62,0,0,0,0,0,9.43,-16.59,0.102,0.0,1.001,0.0,0.1148,0,90,0,0.0,0,False,False,False,False,False,False
1782461935.631,0,0,0,0,0,9.43,-16.62,0.1014,0.0,0.9946,0.0,0.1148,0,90,0,0.0,0,False,False,False,False,False,False
1782461935.649,0,0,0,0,0,9.43,-16.64,0.1013,0.0,0.9934,0.0,0.1149,0,90,0,0.0,0,False,False,False,False,False,False
1782461935.671,0,0,0,0,0,9.44,-16.66,0.101,0.0,0.991,0.0,0.1149,0,90,0,0.0,0,False,False,False,False,False,False
1782461935.692,0,0,0,0,0,9.44,-16.69,0.1001,0.0,0.9815,0.0,0.115,0,90,0,0.0,0,False,False,False,False,False,False
1782461935.717,0,0,0,0,0,9.44,-16.71,0.0978,0.0,0.9593,0.0,0.115,0,90,0,0.0,0,False,False,False,False,False,False
1782461935.737,0,0,0,0,0,9.44,-16.73,0.0951,0.0,0.9333,0.0,0.115,0,90,0,0.0,0,False,False,False,False,False,False
1782461935.76,0,0,0,0,0,9.44,-16.76,0.093,0.0,0.9124,0.0,0.1151,0,90,0,0.0,0,False,False,False,False,False,False
1782461935.785,0,0,0,0,0,9.44,-16.78,0.0914,0.0,0.8967,0.0,0.1151,0,90,0,0.0,0,False,False,False,False,False,False
1782461935.809,0,0,0,0,0,9.44,-16.8,0.0903,0.0,0.886,0.0,0.1151,0,90,0,0.0,0,False,False,False,False,False,False
1782461935.835,0,0,0,0,0,9.45,-16.83,0.0894,0.0,0.8771,0.0,0.1152,0,90,0,0.0,0,False,False,False,False,False,False
1782461935.858,0,0,0,0,0,9.45,-16.86,0.0885,0.0,0.868,0.0,0.1152,0,90,0,0.0,0,False,False,False,False,False,False
1782461935.884,0,0,0,0,0,9.45,-16.89,0.0878,0.0,0.8618,0.0,0.1152,0,90,0,0.0,0,False,False,False,False,False,False
1782461935.907,0,0,0,0,0,9.45,-16.91,0.0877,0.0,0.8607,0.0,0.1153,0,90,0,0.0,0,False,False,False,False,False,False
1782461935.933,0,0,0,0,0,9.46,-16.94,0.0878,0.0,0.8615,0.0,0.1153,0,90,0,0.0,0,False,False,False,False,False,False
1782461935.952,0,0,0,0,0,9.46,-16.96,0.0879,0.0,0.8621,0.0,0.1153,0,90,0,0.0,0,False,False,False,False,False,False
1782461935.977,0,0,0,0,0,9.46,-16.99,0.0879,0.0,0.8625,0.0,0.1154,0,90,0,0.0,0,False,False,False,False,False,False
1782461935.995,0,0,0,0,0,9.46,-17.01,0.0879,0.0,0.8627,0.0,0.1154,0,90,0,0.0,0,False,False,False,False,False,False
1782461936.02,0,0,0,0,0,9.47,-17.04,0.0878,0.0,0.8613,0.0,0.1155,0,90,0,0.0,0,False,False,False,False,False,False
1782461936.038,0,0,0,0,0,9.47,-17.06,0.0875,0.0,0.8588,0.0,0.1155,0,90,0,0.0,0,False,False,False,False,False,False
1782461936.063,0,0,0,0,0,9.47,-17.08,0.0874,0.0,0.8571,0.0,0.1155,0,90,0,0.0,0,False,False,False,False,False,False
1782461936.087,0,0,0,0,0,9.47,-17.11,0.0874,0.0,0.8575,0.0,0.1156,0,90,0,0.0,0,False,False,False,False,False,False
1782461936.112,0,0,0,0,0,9.47,-17.13,0.0874,0.0,0.8578,0.0,0.1156,0,90,0,0.0,0,False,False,False,False,False,False
1782461936.135,0,0,0,0,0,9.47,-17.16,0.0871,0.0,0.8548,0.0,0.1156,0,90,0,0.0,0,False,False,False,False,False,False
1782461936.161,0,0,0,0,0,9.47,-17.19,0.0868,0.0,0.8513,0.0,0.1157,0,90,0,0.0,0,False,False,False,False,False,False
1782461936.186,0,0,0,0,0,9.47,-17.21,0.0865,0.0,0.8488,0.0,0.1157,0,90,0,0.0,0,False,False,False,False,False,False
1782461936.211,0,0,0,0,0,9.48,-17.24,0.0864,0.0,0.8472,0.0,0.1157,0,90,0,0.0,0,False,False,False,False,False,False
1782461936.234,0,0,0,0,0,9.48,-17.27,0.0862,0.0,0.846,0.0,0.1158,0,90,0,0.0,0,False,False,False,False,False,False
1782461936.258,0,0,0,0,0,9.49,-17.29,0.0862,0.0,0.8453,0.0,0.1158,0,90,0,0.0,0,False,False,False,False,False,False
1782461936.284,0,0,0,0,0,9.49,-17.32,0.086,0.0,0.8432,0.0,0.1159,0,90,0,0.0,0,False,False,False,False,False,False
1782461936.309,0,0,0,0,0,9.49,-17.35,0.0855,0.0,0.8386,0.0,0.1159,0,90,0,0.0,0,False,False,False,False,False,False
1782461936.334,0,0,0,0,0,9.49,-17.37,0.085,0.0,0.834,0.0,0.1159,0,90,0,0.0,0,False,False,False,False,False,False
1782461936.357,0,0,0,0,0,9.5,-17.4,0.0847,0.0,0.8308,0.0,0.1159,0,90,0,0.0,0,False,False,False,False,False,False
1782461936.383,0,0,0,0,0,9.5,-17.43,0.0845,0.0,0.8286,0.0,0.116,0,90,0,0.0,0,False,False,False,False,False,False
1782461936.405,0,0,0,0,0,9.5,-17.45,0.0845,0.0,0.8287,0.0,0.116,0,90,0,0.0,0,False,False,False,False,False,False
1782461936.432,0,0,0,0,0,9.5,-17.48,0.0846,0.0,0.8304,0.0,0.116,0,90,0,0.0,0,False,False,False,False,False,False
1782461936.456,0,0,0,0,0,9.51,-17.5,0.0851,0.0,0.8346,0.0,0.1161,0,90,0,0.0,0,False,False,False,False,False,False
1782461936.482,0,0,0,0,0,9.51,-17.53,0.086,0.0,0.8438,0.0,0.1161,0,90,0,0.0,0,False,False,False,False,False,False
1782461936.506,0,0,0,0,0,9.51,-17.56,0.0875,0.0,0.8579,0.0,0.1162,0,90,0,0.0,0,False,False,False,False,False,False
1782461936.529,0,0,0,0,0,9.52,-17.58,0.0891,0.0,0.8738,0.0,0.1162,0,90,0,0.0,0,False,False,False,False,False,False
1782461936.555,0,0,0,0,0,9.52,-17.61,0.0903,0.0,0.8861,0.0,0.1163,0,90,0,0.0,0,False,False,False,False,False,False
1782461936.599,0,0,0,0,0,9.52,-17.64,0.0912,0.0,0.8945,0.0,0.1163,0,90,0,0.0,0,False,False,False,False,False,False
1782461936.617,0,0,0,0,0,9.52,-17.67,0.0919,0.0,0.9018,0.0,0.1164,0,90,0,0.0,0,False,False,False,False,False,False
1782461936.627,0,0,0,0,0,9.52,-17.69,0.0926,0.0,0.9083,0.0,0.1164,0,90,0,0.0,0,False,False,False,False,False,False
1782461936.652,0,0,0,0,0,9.52,-17.72,0.0932,0.0,0.9143,0.0,0.1165,0,90,0,0.0,0,False,False,False,False,False,False
1782461936.676,0,0,0,0,0,9.52,-17.75,0.0938,0.0,0.92,0.0,0.1165,0,90,0,0.0,0,False,False,False,False,False,False
1782461936.703,0,0,0,0,0,9.53,-17.77,0.0942,0.0,0.9238,0.0,0.1166,0,90,0,0.0,0,False,False,False,False,False,False
1782461936.725,0,0,0,0,0,9.53,-17.8,0.0944,0.0,0.9264,0.0,0.1167,0,90,0,0.0,0,False,False,False,False,False,False
1782461936.752,0,0,0,0,0,9.53,-17.83,0.0946,0.0,0.9282,0.0,0.1167,0,90,0,0.0,0,False,False,False,False,False,False
1782461936.776,0,0,0,0,0,9.53,-17.85,0.0946,0.0,0.9278,0.0,0.1168,0,90,0,0.0,0,False,False,False,False,False,False
1782461936.8,0,0,0,0,0,9.53,-17.88,0.0947,0.0,0.9291,0.0,0.1168,0,90,0,0.0,0,False,False,False,False,False,False
1782461936.824,0,0,0,0,0,9.53,-17.91,0.0951,0.0,0.9332,0.0,0.1169,0,90,0,0.0,0,False,False,False,False,False,False
1782461936.85,0,0,0,0,0,9.54,-17.94,0.0952,0.0,0.9344,0.0,0.1169,0,90,0,0.0,0,False,False,False,False,False,False
1782461936.873,0,0,0,0,0,9.54,-17.97,0.0952,0.0,0.9336,0.0,0.117,0,90,0,0.0,0,False,False,False,False,False,False
1782461936.899,0,0,0,0,0,9.54,-17.99,0.0953,0.0,0.9346,0.0,0.1171,0,90,0,0.0,0,False,False,False,False,False,False
1782461936.923,0,0,0,0,0,9.55,-18.02,0.0957,0.0,0.9385,0.0,0.1171,0,90,0,0.0,0,False,False,False,False,False,False
1782461936.947,0,0,0,0,0,9.55,-18.05,0.0961,0.0,0.9427,0.0,0.1172,0,90,0,0.0,0,False,False,False,False,False,False
1782461936.972,0,0,0,0,0,9.55,-18.07,0.0962,0.0,0.944,0.0,0.1172,0,90,0,0.0,0,False,False,False,False,False,False
1782461936.995,0,0,0,0,0,9.55,-18.1,0.0958,0.0,0.9401,0.0,0.1173,0,90,0,0.0,0,False,False,False,False,False,False
1782461937.016,0,0,0,0,0,9.55,-18.13,0.0952,0.0,0.9344,0.0,0.1173,0,90,0,0.0,0,False,False,False,False,False,False
1782461937.04,0,0,0,0,0,9.56,-18.15,0.0948,0.0,0.9304,0.0,0.1174,0,90,0,0.0,0,False,False,False,False,False,False
1782461937.059,0,0,0,0,0,9.56,-18.18,0.0947,0.0,0.9294,0.0,0.1174,0,90,0,0.0,0,False,False,False,False,False,False
1782461937.085,0,0,0,0,0,9.56,-18.2,0.0948,0.0,0.9302,0.0,0.1175,0,90,0,0.0,0,False,False,False,False,False,False
1782461937.103,0,0,0,0,0,9.56,-18.22,0.0949,0.0,0.9308,0.0,0.1175,0,90,0,0.0,0,False,False,False,False,False,False
1782461937.127,0,0,0,0,0,9.56,-18.25,0.0949,0.0,0.9311,0.0,0.1176,0,90,0,0.0,0,False,False,False,False,False,False
1782461937.153,0,0,0,0,0,9.56,-18.27,0.0949,0.0,0.9314,0.0,0.1176,0,90,0,0.0,0,False,False,False,False,False,False
1782461937.175,0,0,0,0,0,9.56,-18.3,0.095,0.0,0.9316,0.0,0.1177,0,90,0,0.0,0,False,False,False,False,False,False
1782461937.201,0,0,0,0,0,9.56,-18.33,0.095,0.0,0.9317,0.0,0.1177,0,90,0,0.0,0,False,False,False,False,False,False
1782461937.224,0,0,0,0,0,9.57,-18.35,0.0948,0.0,0.9302,0.0,0.1178,0,90,0,0.0,0,False,False,False,False,False,False
1782461937.253,0,0,0,0,0,9.57,-18.38,0.0946,0.0,0.9276,0.0,0.1178,0,90,0,0.0,0,False,False,False,False,False,False
1782461937.275,0,0,0,0,0,9.57,-18.41,0.0944,0.0,0.9259,0.0,0.1178,0,90,0,0.0,0,False,False,False,False,False,False
1782461937.3,0,0,0,0,0,9.57,-18.44,0.0943,0.0,0.9247,0.0,0.1179,0,90,0,0.0,0,False,False,False,False,False,False
1782461937.32,0,0,0,0,0,9.57,-18.46,0.0943,0.0,0.9254,0.0,0.1179,0,90,0,0.0,0,False,False,False,False,False,False
1782461937.343,0,0,0,0,0,9.57,-18.49,0.0945,0.0,0.9275,0.0,0.118,0,90,0,0.0,0,False,False,False,False,False,False
1782461937.362,0,0,0,0,0,9.57,-18.51,0.0947,0.0,0.9289,0.0,0.118,0,90,0,0.0,0,False,False,False,False,False,False
1782461937.387,0,0,0,0,0,9.58,-18.54,0.0948,0.0,0.9299,0.0,0.1181,0,90,0,0.0,0,False,False,False,False,False,False
1782461937.411,0,0,0,0,0,9.58,-18.56,0.0949,0.0,0.9306,0.0,0.1181,0,90,0,0.0,0,False,False,False,False,False,False
1782461937.439,0,0,0,0,0,9.58,-18.59,0.0949,0.0,0.931,0.0,0.1181,0,90,0,0.0,0,False,False,False,False,False,False
1782461937.459,0,0,0,0,0,9.59,-18.62,0.0948,0.0,0.9297,0.0,0.1182,0,90,0,0.0,0,False,False,False,False,False,False
1782461937.486,0,0,0,0,0,9.59,-18.65,0.0944,0.0,0.9257,0.0,0.1182,0,90,0,0.0,0,False,False,False,False,False,False
1782461937.508,0,0,0,0,0,9.59,-18.68,0.0939,0.0,0.9214,0.0,0.1183,0,90,0,0.0,0,False,False,False,False,False,False
1782461937.534,0,0,0,0,0,9.59,-18.71,0.0936,0.0,0.9185,0.0,0.1183,0,90,0,0.0,0,False,False,False,False,False,False
1782461937.557,0,0,0,0,0,9.59,-18.73,0.0936,0.0,0.9181,0.0,0.1184,0,90,0,0.0,0,False,False,False,False,False,False
1782461937.584,0,0,0,0,0,9.59,-18.76,0.0937,0.0,0.9194,0.0,0.1184,0,90,0,0.0,0,False,False,False,False,False,False
1782461937.607,0,0,0,0,0,9.59,-18.79,0.0938,0.0,0.9203,0.0,0.1184,0,90,0,0.0,0,False,False,False,False,False,False
1782461937.632,0,0,0,0,0,9.59,-18.82,0.0939,0.0,0.9209,0.0,0.1185,0,90,0,0.0,0,False,False,False,False,False,False
1782461937.657,0,0,0,0,0,9.6,-18.85,0.0938,0.0,0.9197,0.0,0.1185,0,90,0,0.0,0,False,False,False,False,False,False
1782461937.674,0,0,0,0,0,9.6,-18.87,0.0935,0.0,0.9173,0.0,0.1186,0,90,0,0.0,0,False,False,False,False,False,False
1782461937.694,0,0,0,0,0,9.6,-18.9,0.0933,0.0,0.9157,0.0,0.1186,0,90,0,0.0,0,False,False,False,False,False,False
1782461937.721,0,0,0,0,0,9.6,-18.92,0.0932,0.0,0.9146,0.0,0.1187,0,90,0,0.0,0,False,False,False,False,False,False
1782461937.74,0,0,0,0,0,9.6,-18.95,0.0932,0.0,0.9139,0.0,0.1187,0,90,0,0.0,0,False,False,False,False,False,False
1782461937.763,0,0,0,0,0,9.6,-18.97,0.0931,0.0,0.9134,0.0,0.1187,0,90,0,0.0,0,False,False,False,False,False,False
1782461937.788,0,0,0,0,0,9.6,-19.0,0.0929,0.0,0.9115,0.0,0.1188,0,90,0,0.0,0,False,False,False,False,False,False
1782461937.811,0,0,0,0,0,9.6,-19.03,0.0928,0.0,0.9102,0.0,0.1188,0,90,0,0.0,0,False,False,False,False,False,False
1782461937.835,0,0,0,0,0,9.6,-19.05,0.0929,0.0,0.9109,0.0,0.1189,0,90,0,0.0,0,False,False,False,False,False,False
1782461937.861,0,0,0,0,0,9.61,-19.08,0.0929,0.0,0.9113,0.0,0.1189,0,90,0,0.0,0,False,False,False,False,False,False
1782461937.887,0,0,0,0,0,9.61,-19.11,0.0929,0.0,0.9117,0.0,0.1189,0,90,0,0.0,0,False,False,False,False,False,False
1782461937.91,0,0,0,0,0,9.61,-19.14,0.093,0.0,0.9119,0.0,0.119,0,90,0,0.0,0,False,False,False,False,False,False
1782461937.935,0,0,0,0,0,9.61,-19.17,0.0928,0.0,0.9104,0.0,0.119,0,90,0,0.0,0,False,False,False,False,False,False
1782461937.955,0,0,0,0,0,9.61,-19.2,0.0925,0.0,0.9079,0.0,0.1191,0,90,0,0.0,0,False,False,False,False,False,False
1782461937.978,0,0,0,0,0,9.61,-19.23,0.0924,0.0,0.9062,0.0,0.1191,0,90,0,0.0,0,False,False,False,False,False,False
1782461937.997,0,0,0,0,0,9.61,-19.25,0.0923,0.0,0.905,0.0,0.1191,0,90,0,0.0,0,False,False,False,False,False,False
1782461938.022,0,0,0,0,0,9.62,-19.28,0.0922,0.0,0.9042,0.0,0.1192,0,90,0,0.0,0,False,False,False,False,False,False
1782461938.041,0,0,0,0,0,9.62,-19.3,0.0921,0.0,0.9037,0.0,0.1192,0,90,0,0.0,0,False,False,False,False,False,False
1782461938.07,0,0,0,0,0,9.62,-19.33,0.0921,0.0,0.9033,0.0,0.1192,0,90,0,0.0,0,False,False,False,False,False,False
1782461938.094,0,0,0,0,0,9.62,-19.35,0.0921,0.0,0.9031,0.0,0.1193,0,90,0,0.0,0,False,False,False,False,False,False
1782461938.115,0,0,0,0,0,9.62,-19.38,0.092,0.0,0.9029,0.0,0.1193,0,90,0,0.0,0,False,False,False,False,False,False
1782461938.139,0,0,0,0,0,9.62,-19.41,0.092,0.0,0.9028,0.0,0.1194,0,90,0,0.0,0,False,False,False,False,False,False
1782461938.165,0,0,0,0,0,9.62,-19.44,0.0919,0.0,0.9011,0.0,0.1194,0,90,0,0.0,0,False,False,False,False,False,False
1782461938.19,0,0,0,0,0,9.63,-19.47,0.0916,0.0,0.8984,0.0,0.1194,0,90,0,0.0,0,False,False,False,False,False,False
1782461938.208,0,0,0,0,0,9.63,-19.5,0.0914,0.0,0.8966,0.0,0.1195,0,90,0,0.0,0,False,False,False,False,False,False
1782461938.233,0,0,0,0,0,9.63,-19.52,0.0913,0.0,0.8953,0.0,0.1195,0,90,0,0.0,0,False,False,False,False,False,False
1782461938.254,0,0,0,0,0,9.63,-19.55,0.0912,0.0,0.8945,0.0,0.1195,0,90,0,0.0,0,False,False,False,False,False,False
1782461938.276,0,0,0,0,0,9.63,-19.58,0.0911,0.0,0.8939,0.0,0.1196,0,90,0,0.0,0,False,False,False,False,False,False
1782461938.297,0,0,0,0,0,9.63,-19.6,0.0911,0.0,0.8935,0.0,0.1196,0,90,0,0.0,0,False,False,False,False,False,False
1782461938.322,0,0,0,0,0,9.63,-19.63,0.0909,0.0,0.8917,0.0,0.1197,0,90,0,0.0,0,False,False,False,False,False,False
1782461938.345,0,0,0,0,0,9.63,-19.65,0.0906,0.0,0.8889,0.0,0.1197,0,90,0,0.0,0,False,False,False,False,False,False
1782461938.37,0,0,0,0,0,9.64,-19.68,0.0903,0.0,0.8854,0.0,0.1197,0,90,0,0.0,0,False,False,False,False,False,False
1782461938.39,0,0,0,0,0,9.64,-19.71,0.0899,0.0,0.8815,0.0,0.1198,0,90,0,0.0,0,False,False,False,False,False,False
1782461938.412,0,0,0,0,0,9.64,-19.74,0.0896,0.0,0.8788,0.0,0.1198,0,90,0,0.0,0,False,False,False,False,False,False
1782461938.432,0,0,0,0,0,9.64,-19.76,0.0894,0.0,0.877,0.0,0.1198,0,90,0,0.0,0,False,False,False,False,False,False
1782461938.457,0,0,0,0,0,9.64,-19.79,0.0891,0.0,0.8741,0.0,0.1199,0,90,0,0.0,0,False,False,False,False,False,False
1782461938.475,0,0,0,0,0,9.64,-19.81,0.0888,0.0,0.8707,0.0,0.1199,0,90,0,0.0,0,False,False,False,False,False,False
1782461938.501,0,0,0,0,0,9.64,-19.84,0.0885,0.0,0.8683,0.0,0.12,0,90,0,0.0,0,False,False,False,False,False,False
1782461938.526,0,0,0,0,0,9.64,-19.86,0.0883,0.0,0.8667,0.0,0.12,0,90,0,0.0,0,False,False,False,False,False,False
1782461938.551,0,0,0,0,0,9.64,-19.89,0.0882,0.0,0.8656,0.0,0.12,0,90,0,0.0,0,False,False,False,False,False,False
1782461938.574,0,0,0,0,0,9.65,-19.92,0.0882,0.0,0.8649,0.0,0.1201,0,90,0,0.0,0,False,False,False,False,False,False
1782461938.592,0,0,0,0,0,9.65,-19.95,0.0881,0.0,0.8644,0.0,0.1201,0,90,0,0.0,0,False,False,False,False,False,False
1782461938.619,0,0,0,0,0,9.65,-19.98,0.0881,0.0,0.864,0.0,0.1201,0,90,0,0.0,0,False,False,False,False,False,False
1782461938.637,0,0,0,0,0,9.64,-20.0,0.0881,0.0,0.8638,0.0,0.1202,0,90,0,0.0,0,False,False,False,False,False,False
1782461938.662,0,0,0,0,0,9.64,-20.03,0.088,0.0,0.8636,0.0,0.1202,0,90,0,0.0,0,False,False,False,False,False,False
1782461938.687,0,0,0,0,0,9.65,-20.06,0.0879,0.0,0.8619,0.0,0.1203,0,90,0,0.0,0,False,False,False,False,False,False
1782461938.711,0,0,0,0,0,9.65,-20.09,0.0876,0.0,0.8592,0.0,0.1203,0,90,0,0.0,0,False,False,False,False,False,False
1782461938.737,0,0,0,0,0,9.65,-20.12,0.0869,0.0,0.8527,0.0,0.1203,0,90,0,0.0,0,False,False,False,False,False,False
1782461938.76,0,0,0,0,0,9.65,-20.15,0.0855,0.0,0.8388,0.0,0.1203,0,90,0,0.0,0,False,False,False,False,False,False
1782461938.786,0,0,0,0,0,9.65,-20.18,0.0839,0.0,0.8231,0.0,0.1204,0,90,0,0.0,0,False,False,False,False,False,False
1782461938.809,0,0,0,0,0,9.66,-20.21,0.0827,0.0,0.8108,0.0,0.1204,0,90,0,0.0,0,False,False,False,False,False,False
1782461938.833,0,0,0,0,0,9.66,-20.24,0.082,0.0,0.804,0.0,0.1204,0,90,0,0.0,0,False,False,False,False,False,False
1782461938.852,0,0,0,0,0,9.66,-20.27,0.0817,0.0,0.801,0.0,0.1204,0,90,0,0.0,0,False,False,False,False,False,False
1782461938.878,0,0,0,0,0,9.66,-20.3,0.0813,0.0,0.7974,0.0,0.1205,0,90,0,0.0,0,False,False,False,False,False,False
1782461938.894,0,0,0,0,0,9.66,-20.33,0.0809,0.0,0.7934,0.0,0.1205,0,90,0,0.0,0,False,False,False,False,False,False
1782461938.92,0,0,0,0,0,9.66,-20.36,0.0806,0.0,0.7906,0.0,0.1205,0,90,0,0.0,0,False,False,False,False,False,False
1782461938.944,0,0,0,0,0,9.66,-20.38,0.0802,0.0,0.7872,0.0,0.1205,0,90,0,0.0,0,False,False,False,False,False,False
1782461938.97,0,0,0,0,0,9.66,-20.41,0.0798,0.0,0.7833,0.0,0.1205,0,90,0,0.0,0,False,False,False,False,False,False
1782461938.993,0,0,0,0,0,9.66,-20.44,0.0796,0.0,0.7806,0.0,0.1205,0,90,0,0.0,0,False,False,False,False,False,False
1782461939.021,0,0,0,0,0,9.67,-20.47,0.0792,0.0,0.7772,0.0,0.1206,0,90,0,0.0,0,False,False,False,False,False,False
1782461939.042,0,0,0,0,0,9.67,-20.5,0.0788,0.0,0.7734,0.0,0.1206,0,90,0,0.0,0,False,False,False,False,False,False
1782461939.068,0,0,0,0,0,9.67,-20.53,0.0786,0.0,0.7708,0.0,0.1206,0,90,0,0.0,0,False,False,False,False,False,False
1782461939.091,0,0,0,0,0,9.67,-20.56,0.0784,0.0,0.769,0.0,0.1206,0,90,0,0.0,0,False,False,False,False,False,False
1782461939.118,0,0,0,0,0,9.68,-20.6,0.0781,0.0,0.7662,0.0,0.1206,0,90,0,0.0,0,False,False,False,False,False,False
1782461939.142,0,0,0,0,0,9.68,-20.63,0.0776,0.0,0.7611,0.0,0.1206,0,90,0,0.0,0,False,False,False,False,False,False
1782461939.166,0,0,0,0,0,9.68,-20.66,0.0769,0.0,0.7546,0.0,0.1206,0,90,0,0.0,0,False,False,False,False,False,False
1782461939.191,0,0,0,0,0,9.68,-20.69,0.076,0.0,0.7454,0.0,0.1206,0,90,0,0.0,0,False,False,False,False,False,False
1782461939.217,0,0,0,0,0,9.68,-20.72,0.075,0.0,0.736,0.0,0.1206,0,90,0,0.0,0,False,False,False,False,False,False
1782461939.24,0,0,0,0,0,9.68,-20.75,0.0742,0.0,0.7281,0.0,0.1206,0,90,0,0.0,0,False,False,False,False,False,False
1782461939.265,0,0,0,0,0,9.68,-20.78,0.0732,0.0,0.718,0.0,0.1207,0,90,0,0.0,0,False,False,False,False,False,False
1782461939.289,0,0,0,0,0,9.68,-20.81,0.0714,0.0,0.7001,0.0,0.1206,0,90,0,0.0,0,False,False,False,False,False,False
1782461939.314,0,0,0,0,0,9.68,-20.85,0.0685,0.0,0.6722,0.0,0.1206,0,90,0,0.0,0,False,False,False,False,False,False
1782461939.339,0,0,0,0,0,9.69,-20.88,0.0655,0.0,0.6423,0.0,0.1206,0,90,0,0.0,0,False,False,False,False,False,False
1782461939.363,0,0,0,0,0,9.69,-20.91,0.0629,0.0,0.6172,0.0,0.1206,0,90,0,0.0,0,False,False,False,False,False,False
1782461939.388,0,0,0,0,0,9.69,-20.94,0.061,0.0,0.5986,0.0,0.1206,0,90,0,0.0,0,False,False,False,False,False,False
1782461939.411,0,0,0,0,0,9.7,-20.97,0.0597,0.0,0.586,0.0,0.1205,0,90,0,0.0,0,False,False,False,False,False,False
1782461939.438,0,0,0,0,0,9.7,-21.0,0.0589,0.0,0.5774,0.0,0.1205,0,90,0,0.0,0,False,False,False,False,False,False
1782461939.461,0,0,0,0,0,9.7,-21.03,0.0581,0.0,0.57,0.0,0.1205,0,90,0,0.0,0,False,False,False,False,False,False
1782461939.487,0,0,0,0,0,9.7,-21.06,0.0573,0.0,0.5618,0.0,0.1205,0,90,0,0.0,0,False,False,False,False,False,False
1782461939.51,0,0,0,0,0,9.7,-21.1,0.0565,0.0,0.5547,0.0,0.1204,0,90,0,0.0,0,False,False,False,False,False,False
1782461939.536,0,0,0,0,0,9.7,-21.13,0.0559,0.0,0.5483,0.0,0.1204,0,90,0,0.0,0,False,False,False,False,False,False
1782461939.559,0,0,0,0,0,9.71,-21.16,0.0553,0.0,0.5423,0.0,0.1204,0,90,0,0.0,0,False,False,False,False,False,False
1782461939.582,0,0,0,0,0,9.71,-21.19,0.055,0.0,0.5399,0.0,0.1203,0,90,0,0.0,0,False,False,False,False,False,False
1782461939.609,0,0,0,0,0,9.71,-21.22,0.055,0.0,0.5398,0.0,0.1203,0,90,0,0.0,0,False,False,False,False,False,False
1782461939.627,0,0,0,0,0,9.71,-21.25,0.055,0.0,0.5397,0.0,0.1203,0,90,0,0.0,0,False,False,False,False,False,False
1782461939.653,0,0,0,0,0,9.71,-21.28,0.055,0.0,0.5396,0.0,0.1203,0,90,0,0.0,0,False,False,False,False,False,False
1782461939.676,0,0,0,0,0,9.71,-21.3,0.055,0.0,0.5396,0.0,0.1202,0,90,0,0.0,0,False,False,False,False,False,False
1782461939.701,0,0,0,0,0,9.71,-21.34,0.055,0.0,0.5396,0.0,0.1202,0,90,0,0.0,0,False,False,False,False,False,False
1782461939.727,0,0,0,0,0,9.71,-21.37,0.055,0.0,0.5396,0.0,0.1202,0,90,0,0.0,0,False,False,False,False,False,False
1782461939.751,0,0,0,0,0,9.71,-21.4,0.055,0.0,0.5396,0.0,0.1202,0,90,0,0.0,0,False,False,False,False,False,False
1782461939.775,0,0,0,0,0,9.71,-21.43,0.055,0.0,0.5396,0.0,0.1201,0,90,0,0.0,0,False,False,False,False,False,False
1782461939.801,0,0,0,0,0,9.72,-21.46,0.055,0.0,0.5396,0.0,0.1201,0,90,0,0.0,0,False,False,False,False,False,False
1782461939.825,0,0,0,0,0,9.72,-21.49,0.0548,0.0,0.538,0.0,0.1201,0,90,0,0.0,0,False,False,False,False,False,False
1782461939.849,0,0,0,0,0,9.72,-21.53,0.0547,0.0,0.5369,0.0,0.1201,0,90,0,0.0,0,False,False,False,False,False,False
1782461939.874,0,0,0,0,0,9.72,-21.56,0.0548,0.0,0.5378,0.0,0.12,0,90,0,0.0,0,False,False,False,False,False,False
1782461939.901,0,0,0,0,0,9.72,-21.59,0.0549,0.0,0.5383,0.0,0.12,0,90,0,0.0,0,False,False,False,False,False,False
1782461939.917,0,0,0,0,0,9.72,-21.62,0.0549,0.0,0.5387,0.0,0.12,0,90,0,0.0,0,False,False,False,False,False,False
1782461939.943,0,0,0,0,0,9.72,-21.65,0.0549,0.0,0.539,0.0,0.12,0,90,0,0.0,0,False,False,False,False,False,False
1782461939.967,0,0,0,0,0,9.72,-21.67,0.055,0.0,0.5392,0.0,0.1199,0,90,0,0.0,0,False,False,False,False,False,False
1782461939.99,0,0,0,0,0,9.73,-21.71,0.055,0.0,0.5393,0.0,0.1199,0,90,0,0.0,0,False,False,False,False,False,False
1782461940.015,0,0,0,0,0,9.73,-21.74,0.055,0.0,0.5394,0.0,0.1199,0,90,0,0.0,0,False,False,False,False,False,False
1782461940.04,0,0,0,0,0,9.73,-21.77,0.0548,0.0,0.5379,0.0,0.1198,0,90,0,0.0,0,False,False,False,False,False,False
1782461940.065,0,0,0,0,0,9.73,-21.8,0.0547,0.0,0.5368,0.0,0.1198,0,90,0,0.0,0,False,False,False,False,False,False
1782461940.09,0,0,0,0,0,9.73,-21.83,0.0548,0.0,0.5377,0.0,0.1198,0,90,0,0.0,0,False,False,False,False,False,False
1782461940.114,0,0,0,0,0,9.74,-21.86,0.0549,0.0,0.5383,0.0,0.1198,0,90,0,0.0,0,False,False,False,False,False,False
1782461940.133,0,0,0,0,0,9.74,-21.89,0.0551,0.0,0.5403,0.0,0.1198,0,90,0,0.0,0,False,False,False,False,False,False
1782461940.159,0,0,0,0,0,9.74,-21.92,0.0554,0.0,0.5432,0.0,0.1197,0,90,0,0.0,0,False,False,False,False,False,False
1782461940.184,0,0,0,0,0,9.74,-21.95,0.0556,0.0,0.5452,0.0,0.1197,0,90,0,0.0,0,False,False,False,False,False,False
1782461940.208,0,0,0,0,0,9.74,-21.98,0.0555,0.0,0.5449,0.0,0.1197,0,90,0,0.0,0,False,False,False,False,False,False
1782461940.233,0,0,0,0,0,9.75,-22.02,0.0552,0.0,0.5416,0.0,0.1197,0,90,0,0.0,0,False,False,False,False,False,False
1782461940.258,0,0,0,0,0,9.75,-22.05,0.0548,0.0,0.5378,0.0,0.1196,0,90,0,0.0,0,False,False,False,False,False,False
1782461940.282,0,0,0,0,0,9.75,-22.08,0.0546,0.0,0.5352,0.0,0.1196,0,90,0,0.0,0,False,False,False,False,False,False
1782461940.301,0,0,0,0,0,9.75,-22.11,0.0544,0.0,0.5335,0.0,0.1196,0,90,0,0.0,0,False,False,False,False,False,False
1782461940.326,0,0,0,0,0,9.75,-22.14,0.0544,0.0,0.5338,0.0,0.1196,0,90,0,0.0,0,False,False,False,False,False,False
1782461940.35,0,0,0,0,0,9.75,-22.17,0.0544,0.0,0.5341,0.0,0.1195,0,90,0,0.0,0,False,False,False,False,False,False
1782461940.374,0,0,0,0,0,9.75,-22.21,0.0543,0.0,0.5327,0.0,0.1195,0,90,0,0.0,0,False,False,False,False,False,False
1782461940.399,0,0,0,0,0,9.75,-22.24,0.0542,0.0,0.5318,0.0,0.1195,0,90,0,0.0,0,False,False,False,False,False,False
1782461940.422,0,0,0,0,0,9.75,-22.27,0.054,0.0,0.5295,0.0,0.1195,0,90,0,0.0,0,False,False,False,False,False,False
1782461940.449,0,0,0,0,0,9.75,-22.3,0.0537,0.0,0.5265,0.0,0.1194,0,90,0,0.0,0,False,False,False,False,False,False
1782461940.468,0,0,0,0,0,9.76,-22.34,0.0535,0.0,0.5244,0.0,0.1194,0,90,0,0.0,0,False,False,False,False,False,False
1782461940.491,0,0,0,0,0,9.76,-22.37,0.0533,0.0,0.5229,0.0,0.1194,0,90,0,0.0,0,False,False,False,False,False,False
1782461940.519,0,0,0,0,0,9.76,-22.39,0.0532,0.0,0.522,0.0,0.1193,0,90,0,0.0,0,False,False,False,False,False,False
1782461940.551,0,0,0,0,0,9.76,-22.43,0.0531,0.0,0.5213,0.0,0.1193,0,90,0,0.0,0,False,False,False,False,False,False
1782461940.572,0,0,0,0,0,9.76,-22.46,0.0529,0.0,0.5193,0.0,0.1193,0,90,0,0.0,0,False,False,False,False,False,False
1782461940.591,0,0,0,0,0,9.76,-22.49,0.0526,0.0,0.5164,0.0,0.1193,0,90,0,0.0,0,False,False,False,False,False,False
1782461940.615,0,0,0,0,0,9.77,-22.52,0.0524,0.0,0.5144,0.0,0.1192,0,90,0,0.0,0,False,False,False,False,False,False
1782461940.639,0,0,0,0,0,9.77,-22.55,0.0523,0.0,0.513,0.0,0.1192,0,90,0,0.0,0,False,False,False,False,False,False
1782461940.665,0,0,0,0,0,9.77,-22.59,0.0522,0.0,0.5121,0.0,0.1192,0,90,0,0.0,0,False,False,False,False,False,False
1782461940.689,0,0,0,0,0,9.77,-22.62,0.0521,0.0,0.5115,0.0,0.1192,0,90,0,0.0,0,False,False,False,False,False,False
1782461940.713,0,0,0,0,0,9.77,-22.65,0.0521,0.0,0.511,0.0,0.1191,0,90,0,0.0,0,False,False,False,False,False,False
1782461940.734,0,0,0,0,0,9.78,-22.69,0.0521,0.0,0.5107,0.0,0.1191,0,90,0,0.0,0,False,False,False,False,False,False
1782461940.759,0,0,0,0,0,9.78,-22.72,0.052,0.0,0.5105,0.0,0.1191,0,90,0,0.0,0,False,False,False,False,False,False
1782461940.782,0,0,0,0,0,9.78,-22.75,0.052,0.0,0.5104,0.0,0.119,0,90,0,0.0,0,False,False,False,False,False,False
1782461940.807,0,0,0,0,0,9.78,-22.78,0.052,0.0,0.5103,0.0,0.119,0,90,0,0.0,0,False,False,False,False,False,False
1782461940.831,0,0,0,0,0,9.78,-22.81,0.0519,0.0,0.5087,0.0,0.119,0,90,0,0.0,0,False,False,False,False,False,False
1782461940.856,0,0,0,0,0,9.78,-22.84,0.0514,0.0,0.5044,0.0,0.1189,0,90,0,0.0,0,False,False,False,False,False,False
1782461940.883,0,0,0,0,0,9.78,-22.88,0.051,0.0,0.5,0.0,0.1189,0,90,0,0.0,0,False,False,False,False,False,False
1782461940.906,0,0,0,0,0,9.78,-22.91,0.0507,0.0,0.4969,0.0,0.1189,0,90,0,0.0,0,False,False,False,False,False,False
1782461940.929,0,0,0,0,0,9.78,-22.94,0.0504,0.0,0.4949,0.0,0.1188,0,90,0,0.0,0,False,False,False,False,False,False
1782461940.948,0,0,0,0,0,9.78,-22.97,0.0503,0.0,0.4935,0.0,0.1188,0,90,0,0.0,0,False,False,False,False,False,False
1782461940.974,0,0,0,0,0,9.78,-23.0,0.05,0.0,0.4909,0.0,0.1187,0,90,0,0.0,0,False,False,False,False,False,False
1782461940.998,0,0,0,0,0,9.78,-23.03,0.0497,0.0,0.4877,0.0,0.1187,0,90,0,0.0,0,False,False,False,False,False,False
1782461941.023,0,0,0,0,0,9.79,-23.07,0.0496,0.0,0.487,0.0,0.1186,0,90,0,0.0,0,False,False,False,False,False,False
1782461941.046,0,0,0,0,0,9.79,-23.1,0.0498,0.0,0.4881,0.0,0.1186,0,90,0,0.0,0,False,False,False,False,False,False
1782461941.073,0,0,0,0,0,9.79,-23.14,0.0497,0.0,0.4873,0.0,0.1186,0,90,0,0.0,0,False,False,False,False,False,False
1782461941.096,0,0,0,0,0,9.79,-23.17,0.0495,0.0,0.4852,0.0,0.1186,0,90,0,0.0,0,False,False,False,False,False,False
1782461941.12,0,0,0,0,0,9.79,-23.2,0.0493,0.0,0.4837,0.0,0.1186,0,90,0,0.0,0,False,False,False,False,False,False
1782461941.145,0,0,0,0,0,9.79,-23.23,0.0491,0.0,0.4812,0.0,0.1186,0,90,0,0.0,0,False,False,False,False,False,False
1782461941.17,0,0,0,0,0,9.8,-23.27,0.0487,0.0,0.4779,0.0,0.1184,0,90,0,0.0,0,False,False,False,False,False,False
1782461941.194,0,0,0,0,0,9.8,-23.3,0.0485,0.0,0.4756,0.0,0.1179,0,90,0,0.0,0,False,False,False,False,False,False
1782461941.22,0,0,0,0,0,9.8,-23.33,0.0483,0.0,0.4741,0.0,0.1179,0,90,0,0.0,0,False,False,False,False,False,False
1782461941.242,0,0,0,0,0,9.8,-23.37,0.0482,0.0,0.4731,0.0,0.118,0,90,0,0.0,0,False,False,False,False,False,False
1782461941.268,0,0,0,0,0,9.81,-23.4,0.0482,0.0,0.4724,0.0,0.1181,0,90,0,0.0,0,False,False,False,False,False,False
1782461941.293,0,0,0,0,0,9.81,-23.43,0.0481,0.0,0.4719,0.0,0.1182,0,90,0,0.0,0,False,False,False,False,False,False
1782461941.315,0,0,0,0,0,9.81,-23.47,0.0481,0.0,0.4716,0.0,0.1183,0,90,0,0.0,0,False,False,False,False,False,False
1782461941.338,0,0,0,0,0,9.81,-23.5,0.0479,0.0,0.4698,0.0,0.1184,0,90,0,0.0,0,False,False,False,False,False,False
1782461941.361,0,0,0,0,0,9.81,-23.53,0.0476,0.0,0.467,0.0,0.1185,0,90,0,0.0,0,False,False,False,False,False,False
1782461941.387,0,0,0,0,0,9.81,-23.56,0.0472,0.0,0.4635,0.0,0.1185,0,90,0,0.0,0,False,False,False,False,False,False
1782461941.41,0,0,0,0,0,9.81,-23.6,0.0468,0.0,0.4596,0.0,0.1186,0,90,0,0.0,0,False,False,False,False,False,False
1782461941.435,0,0,0,0,0,9.81,-23.63,0.0466,0.0,0.4569,0.0,0.1187,0,90,0,0.0,0,False,False,False,False,False,False
1782461941.459,0,0,0,0,0,9.81,-23.67,0.0466,0.0,0.4567,0.0,0.1188,0,90,0,0.0,0,False,False,False,False,False,False
1782461941.483,0,0,0,0,0,9.82,-23.7,0.0467,0.0,0.4581,0.0,0.1189,0,90,0,0.0,0,False,False,False,False,False,False
1782461941.503,0,0,0,0,0,9.82,-23.74,0.0468,0.0,0.459,0.0,0.119,0,90,0,0.0,0,False,False,False,False,False,False
1782461941.528,0,0,0,0,0,9.82,-23.77,0.0469,0.0,0.4597,0.0,0.1191,0,90,0,0.0,0,False,False,False,False,False,False
1782461941.553,0,0,0,0,0,9.82,-23.8,0.0469,0.0,0.4601,0.0,0.1192,0,90,0,0.0,0,False,False,False,False,False,False
1782461941.576,0,0,0,0,0,9.82,-23.83,0.0468,0.0,0.4589,0.0,0.1193,0,90,0,0.0,0,False,False,False,False,False,False
1782461941.602,0,0,0,0,0,9.82,-23.86,0.0465,0.0,0.4564,0.0,0.1194,0,90,0,0.0,0,False,False,False,False,False,False
1782461941.622,0,0,0,0,0,9.82,-23.9,0.0464,0.0,0.4548,0.0,0.1195,0,90,0,0.0,0,False,False,False,False,False,False
1782461941.646,0,0,0,0,0,9.82,-23.93,0.0462,0.0,0.4536,0.0,0.1196,0,90,0,0.0,0,False,False,False,False,False,False
1782461941.671,0,0,0,0,0,9.82,-23.96,0.0462,0.0,0.4529,0.0,0.1197,0,90,0,0.0,0,False,False,False,False,False,False
1782461941.696,0,0,0,0,0,9.82,-24.0,0.0461,0.0,0.4524,0.0,0.1197,0,90,0,0.0,0,False,False,False,False,False,False
1782461941.72,0,0,0,0,0,9.82,-24.03,0.0461,0.0,0.452,0.0,0.1198,0,90,0,0.0,0,False,False,False,False,False,False
1782461941.744,0,0,0,0,0,9.82,-24.07,0.0461,0.0,0.4518,0.0,0.1199,0,90,0,0.0,0,False,False,False,False,False,False
1782461941.764,0,0,0,0,0,9.82,-24.1,0.046,0.0,0.4516,0.0,0.12,0,90,0,0.0,0,False,False,False,False,False,False
1782461941.789,0,0,0,0,0,9.82,-24.13,0.046,0.0,0.4515,0.0,0.1201,0,90,0,0.0,0,False,False,False,False,False,False
1782461941.812,0,0,0,0,0,9.82,-24.16,0.0462,0.0,0.453,0.0,0.1202,0,90,0,0.0,0,False,False,False,False,False,False
1782461941.832,0,0,0,0,0,9.82,-24.2,0.0464,0.0,0.4556,0.0,0.1202,0,90,0,0.0,0,False,False,False,False,False,False
1782461941.857,0,0,0,0,0,9.82,-24.23,0.0465,0.0,0.4558,0.0,0.1201,0,90,0,0.0,0,False,False,False,False,False,False
1782461941.88,0,0,0,0,0,9.82,-24.26,0.0463,0.0,0.4543,0.0,0.1197,0,90,0,0.0,0,False,False,False,False,False,False
1782461941.907,0,0,0,0,0,9.82,-24.3,0.0462,0.0,0.4533,0.0,0.1194,0,90,0,0.0,0,False,False,False,False,False,False
1782461941.931,0,0,0,0,0,9.82,-24.33,0.0461,0.0,0.4527,0.0,0.119,0,90,0,0.0,0,False,False,False,False,False,False
1782461941.957,0,0,0,0,0,9.83,-24.37,0.0463,0.0,0.4538,0.0,0.1186,0,90,0,0.0,0,False,False,False,False,False,False
1782461941.975,0,0,0,0,0,9.83,-24.4,0.0463,0.0,0.4546,0.0,0.1182,0,90,0,0.0,0,False,False,False,False,False,False
1782461942.0,0,0,0,0,0,9.83,-24.43,0.0462,0.0,0.4535,0.0,0.1179,0,90,0,0.0,0,False,False,False,False,False,False
1782461942.023,0,0,0,0,0,9.83,-24.47,0.0462,0.0,0.4528,0.0,0.1175,0,90,0,0.0,0,False,False,False,False,False,False
1782461942.049,0,0,0,0,0,9.83,-24.5,0.0461,0.0,0.4523,0.0,0.1171,0,90,0,0.0,0,False,False,False,False,False,False
1782461942.073,0,0,0,0,0,9.83,-24.54,0.0461,0.0,0.452,0.0,0.1167,0,90,0,0.0,0,False,False,False,False,False,False
1782461942.092,0,0,0,0,0,9.83,-24.57,0.046,0.0,0.4517,0.0,0.1162,0,90,0,0.0,0,False,False,False,False,False,False
1782461942.116,0,0,0,0,0,9.83,-24.61,0.046,0.0,0.4516,0.0,0.1157,0,90,0,0.0,0,False,False,False,False,False,False
1782461942.141,0,0,0,0,0,9.83,-24.64,0.046,0.0,0.4515,0.0,0.1152,0,90,0,0.0,0,False,False,False,False,False,False
1782461942.166,0,0,0,0,0,9.83,-24.68,0.0459,0.0,0.4498,0.0,0.1146,0,90,0,0.0,0,False,False,False,False,False,False
1782461942.19,0,0,0,0,0,9.84,-24.71,0.0457,0.0,0.4487,0.0,0.114,0,90,0,0.0,0,False,False,False,False,False,False
1782461942.215,0,0,0,0,0,9.84,-24.75,0.0458,0.0,0.4495,0.0,0.1136,0,90,0,0.0,0,False,False,False,False,False,False
1782461942.24,0,0,0,0,0,9.84,-24.79,0.0459,0.0,0.4501,0.0,0.1137,0,90,0,0.0,0,False,False,False,False,False,False
1782461942.258,0,0,0,0,0,9.84,-24.82,0.0459,0.0,0.4505,0.0,0.1138,0,90,0,0.0,0,False,False,False,False,False,False
1782461942.284,0,0,0,0,0,9.83,-24.85,0.0459,0.0,0.4507,0.0,0.1138,0,90,0,0.0,0,False,False,False,False,False,False
1782461942.308,0,0,0,0,0,9.83,-24.89,0.046,0.0,0.4509,0.0,0.1139,0,90,0,0.0,0,False,False,False,False,False,False
1782461942.333,0,0,0,0,0,9.83,-24.92,0.046,0.0,0.451,0.0,0.114,0,90,0,0.0,0,False,False,False,False,False,False
1782461942.352,0,0,0,0,0,9.84,-24.96,0.046,0.0,0.4511,0.0,0.1141,0,90,0,0.0,0,False,False,False,False,False,False
1782461942.377,0,0,0,0,0,9.84,-24.99,0.0458,0.0,0.4496,0.0,0.1142,0,90,0,0.0,0,False,False,False,False,False,False
1782461942.402,0,0,0,0,0,9.83,-25.02,0.0456,0.0,0.447,0.0,0.1143,0,90,0,0.0,0,False,False,False,False,False,False
1782461942.426,0,0,0,0,0,9.83,-25.06,0.0454,0.0,0.4452,0.0,0.1144,0,90,0,0.0,0,False,False,False,False,False,False
1782461942.451,0,0,0,0,0,9.84,-25.09,0.0453,0.0,0.444,0.0,0.1144,0,90,0,0.0,0,False,False,False,False,False,False
1782461942.476,0,0,0,0,0,9.84,-25.13,0.0452,0.0,0.4432,0.0,0.1142,0,90,0,0.0,0,False,False,False,False,False,False
1782461942.499,0,0,0,0,0,9.84,-25.17,0.0453,0.0,0.4442,0.0,0.1139,0,90,0,0.0,0,False,False,False,False,False,False
1782461942.518,0,0,0,0,0,9.84,-25.2,0.0455,0.0,0.4465,0.0,0.1136,0,90,0,0.0,0,False,False,False,False,False,False
1782461942.544,0,0,0,0,0,9.83,-25.23,0.0457,0.0,0.448,0.0,0.1132,0,90,0,0.0,0,False,False,False,False,False,False
1782461942.568,0,0,0,0,0,9.83,-25.27,0.0456,0.0,0.4475,0.0,0.1129,0,90,0,0.0,0,False,False,False,False,False,False
1782461942.593,0,0,0,0,0,9.83,-25.31,0.0454,0.0,0.4455,0.0,0.1125,0,90,0,0.0,0,False,False,False,False,False,False
1782461942.617,0,0,0,0,0,9.83,-25.34,0.0453,0.0,0.4442,0.0,0.1121,0,90,0,0.0,0,False,False,False,False,False,False
1782461942.641,0,0,0,0,0,9.82,-25.38,0.0452,0.0,0.4433,0.0,0.1117,0,90,0,0.0,0,False,False,False,False,False,False
1782461942.659,0,0,0,0,0,9.81,-25.4,0.0451,0.0,0.4427,0.0,0.1114,0,90,0,0.0,0,False,False,False,False,False,False
1782461942.688,0,0,0,0,0,9.79,-25.4,0.0451,0.0,0.4423,0.0,0.111,0,90,0,0.0,0,False,False,False,False,False,False
1782461942.709,0,0,0,0,0,9.78,-25.39,0.0451,0.0,0.442,0.0,0.1106,0,90,0,0.0,0,False,False,False,False,False,False
1782461942.734,0,0,0,0,0,9.74,-25.46,0.045,0.0,0.4419,0.0,0.1102,0,90,0,0.0,0,False,False,False,False,False,False
1782461942.759,0,0,0,0,0,9.62,-26.47,0.045,0.0,0.4417,0.0,0.1098,0,90,0,0.0,0,False,False,False,False,False,False
1782461942.779,0,0,0,0,0,8.85,-29.19,0.045,0.0,0.4416,0.0,0.1094,0,90,0,0.0,0,False,False,False,False,False,False
1782461942.802,0,0,0,0,0,6.92,-32.59,0.045,0.0,0.4416,0.0,0.109,0,90,0,0.01,0,False,False,False,False,False,False
1782461942.821,0,0,0,0,0,4.53,-35.53,0.045,0.0,0.4415,0.0,0.1086,0,90,0,0.02,0,False,False,False,False,False,False
1782461942.845,0,0,0,0,0,2.3,-38.0,0.045,0.0,0.4415,0.0,0.1081,0,90,0,0.02,0,False,False,False,False,False,False
1782461942.87,0,0,0,0,0,-0.07,-40.4,0.045,0.0,0.4415,0.0,0.1077,0,90,0,0.02,0,False,False,False,False,False,False
1782461942.894,0,0,0,0,0,-3.01,-42.91,0.045,0.0,0.4415,0.0,0.1073,0,90,0,0.03,0,False,False,False,False,False,False
1782461942.918,0,0,0,0,0,-6.63,-45.44,0.045,0.0,0.4415,0.0,0.1069,0,90,0,0.05,0,False,False,False,False,False,False
1782461942.943,0,0,0,0,0,-10.63,-47.8,0.0448,0.0,0.4399,0.0,0.1065,0,90,0,0.08,0,False,False,False,False,False,False
1782461942.967,0,0,0,0,0,-14.48,-49.74,0.0446,0.0,0.4372,0.0,0.1061,0,90,0,0.09,0,False,False,False,False,False,False
1782461942.991,0,0,0,0,0,-17.7,-51.09,0.0444,0.0,0.4355,0.0,0.1057,0,90,0,0.1,0,False,False,False,False,False,False
1782461943.015,0,0,0,0,0,-19.95,-51.81,0.0444,0.0,0.4358,0.0,0.1053,0,90,0,0.1,0,False,False,False,False,False,False
1782461943.036,0,0,0,0,0,-21.03,-51.96,0.0446,0.0,0.4376,0.0,0.1049,0,90,0,0.1,0,False,False,False,False,False,False
1782461943.059,0,0,0,0,0,-21.09,-51.77,0.0447,0.0,0.4388,0.0,0.1046,0,90,0,0.1,0,False,False,False,False,False,False
1782461943.077,0,0,0,0,0,-20.63,-51.44,0.0448,0.0,0.4397,0.0,0.1042,0,90,0,0.1,0,False,False,False,False,False,False
1782461943.102,0,0,0,0,0,-20.26,-51.04,0.0449,0.0,0.4402,0.0,0.1039,0,90,0,0.1,0,False,False,False,False,False,False
1782461943.119,0,0,0,0,0,-20.39,-50.58,0.0451,0.0,0.4422,0.0,0.1035,0,90,0,0.11,0,False,False,False,False,False,False
1782461943.143,0,0,0,0,0,-20.93,-50.24,0.0452,0.0,0.4435,0.0,0.1032,0,90,0,0.11,0,False,False,False,False,False,False
1782461943.163,0,0,0,0,0,-21.59,-50.3,0.0451,0.0,0.4429,0.0,0.1028,0,90,0,0.11,0,False,False,False,False,False,False
1782461943.188,0,0,0,0,0,-22.09,-50.83,0.0451,0.0,0.4424,0.0,0.1025,0,90,0,0.16,0,False,False,False,False,False,False
1782461943.211,0,0,0,0,0,-22.43,-51.65,0.0451,0.0,0.4421,0.0,0.1021,0,90,0,0.19,0,False,False,False,False,False,False
1782461943.235,0,0,0,0,0,-22.78,-52.39,0.045,0.0,0.4419,0.0,0.1018,0,90,0,0.2,0,False,False,False,False,False,False
1782461943.258,0,0,0,0,0,-23.32,-52.78,0.045,0.0,0.4418,0.0,0.1015,0,90,0,0.2,0,False,False,False,False,False,False
1782461943.284,0,0,0,0,0,-23.75,-52.89,0.045,0.0,0.4417,0.0,0.1012,0,90,0,0.21,0,False,False,False,False,False,False
1782461943.309,0,0,0,0,0,-23.65,-52.98,0.0452,0.0,0.4432,0.0,0.1009,0,90,0,0.24,0,False,False,False,False,False,False
1782461943.333,0,0,0,0,0,-24.5,-53.06,0.0454,0.0,0.4458,0.0,0.1005,0,90,0,0.26,0,False,False,False,False,False,False
1782461943.358,0,0,0,0,0,-27.59,-53.16,0.0456,0.0,0.4475,0.0,0.1002,0,90,0,0.27,0,False,False,False,False,False,False
1782461943.376,0,0,0,0,0,-31.13,-53.52,0.0457,0.0,0.4487,0.0,0.0999,0,90,0,0.27,0,False,False,False,False,False,False
1782461943.399,0,0,0,0,0,-33.5,-53.98,0.0458,0.0,0.4495,0.0,0.0995,0,90,0,0.29,0,False,False,False,False,False,False
1782461943.418,0,0,0,0,0,-35.09,-54.17,0.0457,0.0,0.4485,0.0,0.0992,0,90,1,0.31,0,False,False,False,False,False,False
1782461943.443,0,0,0,0,0,-36.62,-53.99,0.0455,0.0,0.4463,0.0,0.0989,0,90,1,0.32,0,False,False,False,False,False,False
1782461943.461,0,0,0,0,0,-38.47,-53.57,0.0455,0.0,0.4463,0.0,0.0985,0,90,1,0.32,0,False,False,False,False,False,False
1782461943.486,0,0,0,0,0,-40.71,-53.27,0.0457,0.0,0.4479,0.0,0.0982,0,90,1,0.34,0,False,False,False,False,False,False
1782461943.51,0,0,0,0,0,-43.32,-53.27,0.0458,0.0,0.449,0.0,0.0979,0,90,1,0.36,0,False,False,False,False,False,False
1782461943.534,0,0,0,0,0,-46.05,-53.43,0.0458,0.0,0.4497,0.0,0.0975,0,90,1,0.37,0,False,False,False,False,False,False
1782461943.559,0,0,0,0,0,-48.6,-53.46,0.0459,0.0,0.4502,0.0,0.0971,0,90,1,0.37,0,False,False,False,False,False,False
1782461943.582,0,0,0,0,0,-50.83,-53.22,0.0459,0.0,0.4505,0.0,0.0967,0,90,1,0.37,0,False,False,False,False,False,False
1782461943.609,0,0,0,0,0,-52.81,-52.84,0.046,0.0,0.4508,0.0,0.0962,0,90,1,0.38,0,False,False,False,False,False,False
1782461943.632,0,0,0,0,0,-54.65,-52.45,0.046,0.0,0.4509,0.0,0.0955,0,90,1,0.38,0,False,False,False,False,False,False
1782461943.656,0,0,0,0,0,-56.48,-52.1,0.046,0.0,0.451,0.0,0.0946,0,90,1,0.38,0,False,False,False,False,False,False
1782461943.679,0,0,0,0,0,-58.29,-51.81,0.046,0.0,0.4511,0.0,0.0946,0,90,1,0.39,0,False,False,False,False,False,False
1782461943.704,0,0,0,0,0,-60.07,-51.52,0.046,0.0,0.4512,0.0,0.0946,0,90,1,0.39,0,False,False,False,False,False,False
1782461943.723,0,0,0,0,0,-61.84,-51.19,0.046,0.0,0.4512,0.0,0.0947,0,90,1,0.39,0,False,False,False,False,False,False
1782461943.747,0,0,0,0,0,-63.47,-50.82,0.046,0.0,0.4512,0.0,0.0948,0,90,1,0.39,0,False,False,False,False,False,False
1782461943.765,0,0,0,0,0,-64.81,-50.47,0.046,0.0,0.4512,0.0,0.0946,0,90,1,0.39,0,False,False,False,False,False,False
1782461943.793,0,0,0,0,0,-65.85,-50.14,0.046,0.0,0.4512,0.0,0.0945,0,90,1,0.39,0,False,False,False,False,False,False
1782461943.813,0,0,0,0,0,-66.7,-49.84,0.046,0.0,0.4512,0.0,0.0945,0,90,1,0.39,0,False,False,False,False,False,False
1782461943.839,0,0,0,0,0,-67.38,-49.57,0.046,0.0,0.4512,0.0,0.0942,0,90,1,0.39,0,False,False,False,False,False,False
1782461943.862,0,0,0,0,0,-67.79,-49.38,0.046,0.0,0.4513,0.0,0.0934,0,90,1,0.39,0,False,False,False,False,False,False
1782461943.887,0,0,0,0,0,-67.92,-49.27,0.0458,0.0,0.4497,0.0,0.0923,0,90,1,0.39,0,False,False,False,False,False,False
1782461943.91,0,0,0,0,0,-67.86,-49.23,0.0456,0.0,0.447,0.0,0.0911,0,90,1,0.39,0,False,False,False,False,False,False
1782461943.935,0,0,0,0,0,-67.71,-49.3,0.0454,0.0,0.4453,0.0,0.0898,0,90,1,0.39,0,False,False,False,False,False,False
1782461943.959,0,0,0,0,0,-67.6,-49.48,0.0453,0.0,0.444,0.0,0.0885,0,90,1,0.39,0,False,False,False,False,False,False
1782461943.977,0,0,0,0,0,-67.58,-49.68,0.0452,0.0,0.4432,0.0,0.0872,0,90,1,0.39,0,False,False,False,False,False,False
1782461944.003,0,0,0,0,0,-67.03,-49.84,0.0451,0.0,0.4426,0.0,0.086,0,90,1,0.39,0,False,False,False,False,False,False
1782461944.023,0,0,0,0,0,-65.44,-49.98,0.0451,0.0,0.4423,0.0,0.0849,0,90,1,0.39,0,False,False,False,False,False,False
1782461944.046,0,0,0,0,0,-63.45,-50.15,0.0451,0.0,0.442,0.0,0.084,0,90,1,0.4,0,False,False,False,False,False,False
1782461944.064,0,0,0,0,0,-61.88,-50.31,0.045,0.0,0.4418,0.0,0.0832,0,90,1,0.4,0,False,False,False,False,False,False
1782461944.089,0,0,0,0,0,-60.95,-50.4,0.0449,0.0,0.4401,0.0,0.0825,0,90,1,0.4,0,False,False,False,False,False,False
1782461944.113,0,0,0,0,0,-60.62,-50.43,0.0446,0.0,0.4374,0.0,0.0819,0,90,1,0.4,0,False,False,False,False,False,False
1782461944.137,0,0,0,0,0,-60.74,-50.54,0.0446,0.0,0.4371,0.0,0.0814,0,90,1,0.4,0,False,False,False,False,False,False
1782461944.161,0,0,0,0,0,-61.32,-50.68,0.0447,0.0,0.4385,0.0,0.0808,0,90,1,0.41,0,False,False,False,False,False,False
1782461944.185,0,0,0,0,0,-62.33,-50.75,0.0448,0.0,0.4395,0.0,0.0803,0,90,1,0.43,0,False,False,False,False,False,False
1782461944.209,0,0,0,0,0,-63.5,-50.86,0.0449,0.0,0.4401,0.0,0.0798,0,90,1,0.43,0,False,False,False,False,False,False
1782461944.229,0,0,0,0,0,-64.26,-50.95,0.0449,0.0,0.4405,0.0,0.0795,0,90,1,0.43,0,False,False,False,False,False,False
1782461944.254,0,0,0,0,0,-64.2,-50.93,0.0449,0.0,0.4408,0.0,0.0792,0,90,1,0.43,0,False,False,False,False,False,False
1782461944.273,0,0,0,0,0,-63.42,-50.89,0.045,0.0,0.441,0.0,0.0789,0,90,1,0.45,0,False,False,False,False,False,False
1782461944.297,0,0,0,0,0,-62.4,-50.83,0.0451,0.0,0.4427,0.0,0.0787,0,90,1,0.49,0,False,False,False,False,False,False
1782461944.315,0,0,0,0,0,-61.49,-50.8,0.0454,0.0,0.4455,0.0,0.0784,0,90,1,0.52,0,False,False,False,False,False,False
1782461944.34,0,0,0,0,0,-60.79,-50.8,0.0456,0.0,0.4473,0.0,0.0781,0,90,1,0.53,0,False,False,False,False,False,False
1782461944.364,0,0,0,0,0,-60.22,-50.81,0.0457,0.0,0.4486,0.0,0.0778,0,90,1,0.52,0,False,False,False,False,False,False
1782461944.388,0,0,0,0,0,-59.65,-50.81,0.046,0.0,0.451,0.0,0.0776,0,90,1,0.53,0,False,False,False,False,False,False
1782461944.413,0,0,0,0,0,-59.04,-50.78,0.0463,0.0,0.4542,0.0,0.0774,0,90,1,0.56,0,False,False,False,False,False,False
1782461944.437,0,0,0,0,0,-58.34,-50.77,0.0465,0.0,0.4564,0.0,0.0772,0,90,1,0.58,0,False,False,False,False,False,False
1782461944.46,0,0,0,0,0,-57.33,-50.8,0.0467,0.0,0.4579,0.0,0.077,0,90,1,0.58,0,False,False,False,False,False,False
1782461944.48,0,0,0,0,0,-55.78,-50.84,0.0468,0.0,0.4589,0.0,0.0767,0,90,1,0.57,0,False,False,False,False,False,False
1782461944.505,0,0,0,0,0,-53.77,-50.86,0.0469,0.0,0.4596,0.0,0.0765,0,90,1,0.57,0,False,False,False,False,False,False
1782461944.522,0,0,0,0,0,-51.59,-51.18,0.0469,0.0,0.4601,0.0,0.0762,0,90,1,0.59,0,False,False,False,False,False,False
1782461944.548,0,0,0,0,0,-49.43,-51.98,0.0469,0.0,0.4604,0.0,0.076,0,90,1,0.58,0,False,False,False,False,False,False
1782461944.567,0,0,0,0,0,-47.36,-52.73,0.047,0.0,0.4606,0.0,0.0758,0,90,1,0.54,0,False,False,False,False,False,False
1782461944.591,0,0,0,0,0,-45.59,-52.98,0.047,0.0,0.4608,0.0,0.0755,0,90,1,0.5,0,False,False,False,False,False,False
1782461944.61,0,0,0,0,0,-44.41,-52.84,0.047,0.0,0.4609,0.0,0.0752,0,90,1,0.5,0,False,False,False,False,False,False
1782461944.635,0,0,0,0,0,-43.84,-52.53,0.047,0.0,0.4609,0.0,0.0749,0,90,1,0.52,0,False,False,False,False,False,False
1782461944.658,0,0,0,0,0,-43.68,-52.21,0.047,0.0,0.461,0.0,0.0745,0,90,1,0.53,0,False,False,False,False,False,False
1782461944.683,0,0,0,0,0,-43.68,-51.98,0.0468,0.0,0.4594,0.0,0.0741,0,90,1,0.53,0,False,False,False,False,False,False
1782461944.707,0,0,0,0,0,-43.72,-51.92,0.0466,0.0,0.4568,0.0,0.0736,0,90,1,0.51,0,False,False,False,False,False,False
1782461944.73,0,0,0,0,0,-43.76,-52.0,0.0464,0.0,0.455,0.0,0.0729,0,90,1,0.5,0,False,False,False,False,False,False
1782461944.749,0,0,0,0,0,-43.79,-52.14,0.0463,0.0,0.4538,0.0,0.0722,0,90,1,0.51,0,False,False,False,False,False,False
1782461944.774,0,0,0,0,0,-43.81,-52.26,0.0462,0.0,0.453,0.0,0.0714,0,90,1,0.51,0,False,False,False,False,False,False
1782461944.792,0,0,0,0,0,-43.82,-52.32,0.046,0.0,0.4509,0.0,0.0711,0,90,1,0.5,0,False,False,False,False,False,False
1782461944.817,0,0,0,0,0,-43.82,-52.3,0.0457,0.0,0.4479,0.0,0.0711,0,90,1,0.51,0,False,False,False,False,False,False
1782461944.843,0,0,0,0,0,-43.81,-52.21,0.0454,0.0,0.4458,0.0,0.0712,0,90,1,0.51,0,False,False,False,False,False,False
1782461944.86,0,0,0,0,0,-43.79,-52.09,0.0453,0.0,0.4444,0.0,0.0713,0,90,1,0.49,0,False,False,False,False,False,False
1782461944.885,0,0,0,0,0,-43.77,-51.98,0.0452,0.0,0.4435,0.0,0.0714,0,90,1,0.48,0,False,False,False,False,False,False
1782461944.903,0,0,0,0,0,-43.76,-51.89,0.0451,0.0,0.4428,0.0,0.0715,0,90,1,0.47,0,False,False,False,False,False,False
1782461944.928,0,0,0,0,0,-43.75,-51.83,0.0451,0.0,0.4424,0.0,0.0716,0,90,1,0.48,0,False,False,False,False,False,False
1782461944.952,0,0,0,0,0,-43.74,-51.8,0.0451,0.0,0.4421,0.0,0.0716,0,90,1,0.48,0,False,False,False,False,False,False
1782461944.977,0,0,0,0,0,-43.74,-51.79,0.045,0.0,0.4419,0.0,0.0717,0,90,1,0.47,0,False,False,False,False,False,False
1782461944.995,0,0,0,0,0,-43.74,-51.8,0.045,0.0,0.4417,0.0,0.0718,0,90,1,0.47,0,False,False,False,False,False,False
1782461945.018,0,0,0,0,0,-43.75,-51.82,0.0449,0.0,0.4401,0.0,0.0719,0,90,1,0.47,0,False,False,False,False,False,False
1782461945.039,0,0,0,0,0,-43.75,-51.84,0.0446,0.0,0.4374,0.0,0.072,0,90,1,0.47,0,False,False,False,False,False,False
1782461945.062,0,0,0,0,0,-43.76,-51.86,0.0444,0.0,0.4355,0.0,0.0721,0,90,1,0.46,0,False,False,False,False,False,False
1782461945.082,0,0,0,0,0,-43.76,-51.86,0.0443,0.0,0.4343,0.0,0.0722,0,90,1,0.46,0,False,False,False,False,False,False
1782461945.107,0,0,0,0,0,-43.76,-51.86,0.0442,0.0,0.4334,0.0,0.0723,0,90,1,0.46,0,False,False,False,False,False,False
1782461945.13,0,0,0,0,0,-43.76,-51.85,0.0441,0.0,0.4329,0.0,0.0723,0,90,1,0.46,0,False,False,False,False,False,False
1782461945.156,0,0,0,0,0,-43.75,-51.84,0.0442,0.0,0.434,0.0,0.0724,0,90,1,0.46,0,False,False,False,False,False,False
1782461945.174,0,0,0,0,0,-43.75,-51.83,0.0445,0.0,0.4364,0.0,0.0725,0,90,1,0.46,0,False,False,False,False,False,False
1782461945.198,0,0,0,0,0,-43.74,-51.79,0.0447,0.0,0.438,0.0,0.0726,0,90,1,0.46,0,False,False,False,False,False,False
1782461945.222,0,0,0,0,0,-43.74,-51.74,0.0446,0.0,0.4376,0.0,0.0727,0,90,1,0.46,0,False,False,False,False,False,False
1782461945.246,0,0,0,0,0,-43.74,-51.7,0.0444,0.0,0.4357,0.0,0.0728,0,90,1,0.46,0,False,False,False,False,False,False
1782461945.271,0,0,0,0,0,-43.74,-51.68,0.0443,0.0,0.4344,0.0,0.0729,0,90,1,0.46,0,False,False,False,False,False,False
1782461945.291,0,0,0,0,0,-43.73,-51.67,0.0442,0.0,0.4335,0.0,0.073,0,90,1,0.46,0,False,False,False,False,False,False
1782461945.315,0,0,0,0,0,-43.73,-51.66,0.0441,0.0,0.4329,0.0,0.0731,0,90,1,0.46,0,False,False,False,False,False,False
1782461945.339,0,0,0,0,0,-43.74,-51.65,0.0441,0.0,0.4325,0.0,0.0731,0,90,1,0.46,0,False,False,False,False,False,False
1782461945.363,0,0,0,0,0,-43.75,-51.63,0.0441,0.0,0.4322,0.0,0.0732,0,90,1,0.46,0,False,False,False,False,False,False
1782461945.382,0,0,0,0,0,-43.76,-51.61,0.044,0.0,0.432,0.0,0.0733,0,90,1,0.46,0,False,False,False,False,False,False
1782461945.408,0,0,0,0,0,-43.76,-51.59,0.044,0.0,0.4319,0.0,0.0734,0,90,1,0.46,0,False,False,False,False,False,False
1782461945.432,0,0,0,0,0,-43.77,-51.57,0.044,0.0,0.4318,0.0,0.0735,0,90,1,0.46,0,False,False,False,False,False,False
1782461945.455,0,0,0,0,0,-43.78,-51.55,0.044,0.0,0.4318,0.0,0.0736,0,90,1,0.45,0,False,False,False,False,False,False
1782461945.475,0,0,0,0,0,-43.79,-51.53,0.044,0.0,0.4317,0.0,0.0735,0,90,1,0.45,0,False,False,False,False,False,False
1782461945.499,0,0,0,0,0,-43.8,-51.51,0.044,0.0,0.4317,0.0,0.0734,0,90,1,0.45,0,False,False,False,False,False,False
1782461945.525,0,0,0,0,0,-43.8,-51.49,0.044,0.0,0.4317,0.0,0.0732,0,90,1,0.44,0,False,False,False,False,False,False
1782461945.548,0,0,0,0,0,-43.81,-51.47,0.044,0.0,0.4317,0.0,0.073,0,90,1,0.43,0,False,False,False,False,False,False
1782461945.572,0,0,0,0,0,-43.81,-51.45,0.044,0.0,0.4317,0.0,0.0728,0,90,1,0.41,0,False,False,False,False,False,False
1782461945.591,0,0,0,0,0,-43.82,-51.44,0.044,0.0,0.4317,0.0,0.0726,0,90,1,0.41,0,False,False,False,False,False,False
1782461945.616,0,0,0,0,0,-43.83,-51.43,0.044,0.0,0.4316,0.0,0.0724,0,90,1,0.41,0,False,False,False,False,False,False
1782461945.641,0,0,0,0,0,-43.84,-51.41,0.044,0.0,0.4316,0.0,0.0722,0,90,1,0.39,0,False,False,False,False,False,False
1782461945.664,0,0,0,0,0,-43.84,-51.39,0.044,0.0,0.4316,0.0,0.0719,0,90,1,0.35,0,False,False,False,False,False,False
1782461945.684,0,0,0,0,0,-43.85,-51.37,0.0442,0.0,0.4332,0.0,0.0717,0,90,1,0.32,0,False,False,False,False,False,False
1782461945.708,0,0,0,0,0,-43.85,-51.35,0.0444,0.0,0.4359,0.0,0.0715,0,90,1,0.3,0,False,False,False,False,False,False
1782461945.731,0,0,0,0,0,-43.86,-51.33,0.0446,0.0,0.4376,0.0,0.0712,0,90,1,0.3,0,False,False,False,False,False,False
1782461945.757,0,0,0,0,0,-43.86,-51.31,0.0447,0.0,0.4389,0.0,0.071,0,90,0,0.29,0,False,False,False,False,False,False
1782461945.782,0,0,0,0,0,-43.86,-51.29,0.0447,0.0,0.4381,0.0,0.0708,0,90,0,0.26,0,False,False,False,False,False,False
1782461945.8,0,0,0,0,0,-43.87,-51.27,0.0444,0.0,0.436,0.0,0.0706,0,90,0,0.23,0,False,False,False,False,False,False
1782461945.824,0,0,0,0,0,-43.87,-51.25,0.0445,0.0,0.4362,0.0,0.0704,0,90,0,0.21,0,False,False,False,False,False,False
1782461945.85,0,0,0,0,0,-43.88,-51.23,0.0446,0.0,0.4379,0.0,0.0702,0,90,0,0.21,0,False,False,False,False,False,False
1782461945.875,0,0,0,0,0,-43.88,-51.22,0.0448,0.0,0.439,0.0,0.0699,0,90,0,0.21,0,False,False,False,False,False,False
1782461945.898,0,0,0,0,0,-43.88,-51.2,0.0447,0.0,0.4382,0.0,0.0697,0,90,0,0.19,0,False,False,False,False,False,False
1782461945.922,0,0,0,0,0,-43.89,-51.17,0.0445,0.0,0.4361,0.0,0.0695,0,90,0,0.17,0,False,False,False,False,False,False
1782461945.943,0,0,0,0,0,-43.89,-51.15,0.0443,0.0,0.4347,0.0,0.0693,0,90,0,0.16,0,False,False,False,False,False,False
1782461945.965,0,0,0,0,0,-43.9,-51.13,0.0442,0.0,0.4337,0.0,0.0691,0,90,0,0.15,0,False,False,False,False,False,False
1782461945.991,0,0,0,0,0,-43.9,-51.11,0.0441,0.0,0.433,0.0,0.0689,0,90,0,0.15,0,False,False,False,False,False,False
1782461946.015,0,0,0,0,0,-43.9,-51.1,0.0441,0.0,0.4326,0.0,0.0686,0,90,0,0.13,0,False,False,False,False,False,False
1782461946.039,0,0,0,0,0,-43.91,-51.08,0.0441,0.0,0.4323,0.0,0.0684,0,90,0,0.11,0,False,False,False,False,False,False
1782461946.061,0,0,0,0,0,-43.91,-51.06,0.044,0.0,0.4321,0.0,0.0682,0,90,0,0.09,0,False,False,False,False,False,False
1782461946.082,0,0,0,0,0,-43.91,-51.04,0.0442,0.0,0.4335,0.0,0.068,0,90,0,0.08,0,False,False,False,False,False,False
1782461946.101,0,0,0,0,0,-43.91,-51.02,0.0445,0.0,0.4361,0.0,0.0678,0,90,0,0.08,0,False,False,False,False,False,False
1782461946.127,0,0,0,0,0,-43.92,-51.01,0.0446,0.0,0.4378,0.0,0.0676,0,90,0,0.07,0,False,False,False,False,False,False
1782461946.151,0,0,0,0,0,-43.92,-50.99,0.0447,0.0,0.439,0.0,0.0674,0,90,0,0.05,0,False,False,False,False,False,False
1782461946.175,0,0,0,0,0,-43.93,-50.98,0.0448,0.0,0.4398,0.0,0.0673,0,90,0,0.03,0,False,False,False,False,False,False
1782461946.199,0,0,0,0,0,-43.93,-50.96,0.0449,0.0,0.4403,0.0,0.0671,0,90,0,0.02,0,False,False,False,False,False,False
1782461946.223,0,0,0,0,0,-43.93,-50.94,0.0449,0.0,0.4407,0.0,0.0669,0,90,0,0.02,0,False,False,False,False,False,False
1782461946.242,0,0,0,0,0,-43.93,-50.92,0.0449,0.0,0.4409,0.0,0.0667,0,90,0,0.02,0,False,False,False,False,False,False
1782461946.269,0,0,0,0,0,-43.93,-50.9,0.045,0.0,0.4411,0.0,0.0666,0,90,0,0.02,0,False,False,False,False,False,False
1782461946.292,0,0,0,0,0,-43.94,-50.89,0.045,0.0,0.4412,0.0,0.0664,0,90,0,0.01,0,False,False,False,False,False,False
1782461946.315,0,0,0,0,0,-43.94,-50.87,0.045,0.0,0.4413,0.0,0.0662,0,90,0,0.01,0,False,False,False,False,False,False
1782461946.342,0,0,0,0,0,-43.94,-50.85,0.0448,0.0,0.4398,0.0,0.066,0,90,0,0.01,0,False,False,False,False,False,False
1782461946.36,0,0,0,0,0,-43.94,-50.83,0.0446,0.0,0.4372,0.0,0.0658,0,90,0,0.01,0,False,False,False,False,False,False
1782461946.383,0,0,0,0,0,-43.94,-50.82,0.0444,0.0,0.4354,0.0,0.0657,0,90,0,0.0,0,False,False,False,False,False,False
1782461946.409,0,0,0,0,0,-43.94,-50.8,0.0441,0.0,0.4326,0.0,0.0655,0,90,0,0.0,0,False,False,False,False,False,False
1782461946.433,0,0,0,0,0,-43.95,-50.78,0.0437,0.0,0.4292,0.0,0.0653,0,90,0,0.0,0,False,False,False,False,False,False
1782461946.451,0,0,0,0,0,-43.95,-50.76,0.0435,0.0,0.4268,0.0,0.0651,0,90,0,0.0,0,False,False,False,False,False,False
1782461946.476,0,0,0,0,0,-43.96,-50.75,0.0433,0.0,0.4252,0.0,0.0649,0,90,0,0.0,0,False,False,False,False,False,False
1782461946.5,0,0,0,0,0,-43.97,-50.75,0.0432,0.0,0.4241,0.0,0.0648,0,90,0,0.0,0,False,False,False,False,False,False
1782461946.525,0,0,0,0,0,-43.99,-50.76,0.0432,0.0,0.4234,0.0,0.0646,0,90,0,0.0,0,False,False,False,False,False,False
1782461946.55,0,0,0,0,0,-44.06,-50.66,0.0429,0.0,0.4213,0.0,0.0644,0,90,0,0.0,0,False,False,False,False,False,False
1782461946.574,0,0,0,0,0,-45.24,-50.38,0.0426,0.0,0.4183,0.0,0.0643,0,90,0,0.0,0,False,False,False,False,False,False
1782461946.597,0,0,0,0,0,-48.35,-50.04,0.0426,0.0,0.4179,0.0,0.0642,0,90,0,0.0,0,False,False,False,False,False,False
1782461946.621,0,0,0,0,0,-51.87,-49.75,0.0426,0.0,0.4176,0.0,0.064,0,90,0,0.01,0,False,False,False,False,False,False
1782461946.645,0,0,0,0,0,-54.45,-49.48,0.0424,0.0,0.4158,0.0,0.0639,0,90,0,0.02,0,False,False,False,False,False,False
1782461946.663,0,0,0,0,0,-56.27,-49.2,0.0423,0.0,0.4146,0.0,0.0637,0,90,0,0.02,0,False,False,False,False,False,False
1782461946.689,0,0,0,0,0,-57.74,-48.93,0.0422,0.0,0.4138,0.0,0.0636,0,90,0,0.02,0,False,False,False,False,False,False
1782461946.707,0,0,0,0,0,-59.06,-48.66,0.042,0.0,0.4116,0.0,0.0635,0,90,0,0.04,0,False,False,False,False,False,False
1782461946.731,0,0,0,0,0,-60.29,-48.44,0.0417,0.0,0.4086,0.0,0.0634,0,90,0,0.08,0,False,False,False,False,False,False
1782461946.755,0,0,0,0,0,-61.58,-48.36,0.0414,0.0,0.4066,0.0,0.0632,0,90,0,0.11,0,False,False,False,False,False,False
1782461946.781,0,0,0,0,0,-63.07,-48.48,0.0413,0.0,0.4052,0.0,0.0631,0,90,0,0.12,0,False,False,False,False,False,False
1782461946.805,0,0,0,0,0,-64.56,-48.67,0.0412,0.0,0.4042,0.0,0.063,0,90,0,0.12,0,False,False,False,False,False,False
1782461946.829,0,0,0,0,0,-65.44,-48.7,0.0411,0.0,0.4036,0.0,0.0628,0,90,0,0.13,0,False,False,False,False,False,False
1782461946.853,0,0,0,0,0,-65.39,-48.4,0.0411,0.0,0.4031,0.0,0.0627,0,90,0,0.16,0,False,False,False,False,False,False
1782461946.873,0,0,0,0,0,-64.61,-47.86,0.0411,0.0,0.4028,0.0,0.0626,0,90,0,0.17,0,False,False,False,False,False,False
1782461946.897,0,0,0,0,0,-63.58,-47.36,0.041,0.0,0.4026,0.0,0.0624,0,90,0,0.17,0,False,False,False,False,False,False
1782461946.916,0,0,0,0,0,-62.67,-47.08,0.041,0.0,0.4025,0.0,0.0623,0,90,0,0.17,0,False,False,False,False,False,False
1782461946.939,0,0,0,0,0,-62.09,-47.05,0.0409,0.0,0.4008,0.0,0.0621,0,90,0,0.18,0,False,False,False,False,False,False
1782461946.965,0,0,0,0,0,-61.86,-47.21,0.0406,0.0,0.3981,0.0,0.062,0,90,0,0.18,0,False,False,False,False,False,False
1782461946.988,0,0,0,0,0,-61.87,-47.43,0.0404,0.0,0.3963,0.0,0.0619,0,90,0,0.18,0,False,False,False,False,False,False
1782461947.013,0,0,0,0,0,-61.97,-47.6,0.0403,0.0,0.395,0.0,0.0617,0,90,0,0.19,0,False,False,False,False,False,False
1782461947.036,0,0,0,0,0,-62.03,-47.66,0.0402,0.0,0.3942,0.0,0.0616,0,90,0,0.2,0,False,False,False,False,False,False
1782461947.062,0,0,0,0,0,-62.02,-47.62,0.0401,0.0,0.3936,0.0,0.0615,0,90,0,0.21,0,False,False,False,False,False,False
1782461947.085,0,0,0,0,0,-61.94,-47.5,0.0401,0.0,0.3932,0.0,0.0613,0,90,0,0.21,0,False,False,False,False,False,False
1782461947.11,0,0,0,0,0,-61.85,-47.35,0.0401,0.0,0.393,0.0,0.0612,0,90,0,0.21,0,False,False,False,False,False,False
1782461947.129,0,0,0,0,0,-61.77,-47.23,0.04,0.0,0.3928,0.0,0.0611,0,90,0,0.22,0,False,False,False,False,False,False
1782461947.153,0,0,0,0,0,-61.7,-47.14,0.04,0.0,0.3927,0.0,0.061,0,90,0,0.23,0,False,False,False,False,False,False
1782461947.171,0,0,0,0,0,-61.67,-47.1,0.04,0.0,0.3926,0.0,0.0609,0,90,0,0.23,0,False,False,False,False,False,False
1782461947.195,0,0,0,0,0,-61.65,-47.08,0.04,0.0,0.3925,0.0,0.0607,0,90,0,0.23,0,False,False,False,False,False,False
1782461947.214,0,0,0,0,0,-61.64,-47.08,0.04,0.0,0.3925,0.0,0.0606,0,90,0,0.23,0,False,False,False,False,False,False
1782461947.24,0,0,0,0,0,-61.63,-47.09,0.0398,0.0,0.3909,0.0,0.0605,0,90,0,0.24,0,False,False,False,False,False,False
1782461947.258,0,0,0,0,0,-61.61,-47.09,0.0393,0.0,0.3851,0.0,0.0603,0,90,0,0.24,0,False,False,False,False,False,False
1782461947.282,0,0,0,0,0,-61.59,-47.07,0.0384,0.0,0.3764,0.0,0.0602,0,90,0,0.24,0,False,False,False,False,False,False
1782461947.307,0,0,0,0,0,-61.56,-47.04,0.0376,0.0,0.369,0.0,0.0601,0,90,0,0.24,0,False,False,False,False,False,False
1782461947.33,0,0,0,0,0,-61.52,-47.01,0.0371,0.0,0.3639,0.0,0.0599,0,90,0,0.24,0,False,False,False,False,False,False
1782461947.348,0,0,0,0,0,-61.48,-46.99,0.0367,0.0,0.3605,0.0,0.0598,0,90,0,0.24,0,False,False,False,False,False,False
1782461947.372,0,0,0,0,0,-61.44,-46.94,0.0365,0.0,0.3581,0.0,0.0597,0,90,0,0.24,0,False,False,False,False,False,False
1782461947.393,0,0,0,0,0,-61.4,-46.86,0.0363,0.0,0.3565,0.0,0.0595,0,90,0,0.25,0,False,False,False,False,False,False
1782461947.417,0,0,0,0,0,-61.37,-46.8,0.0362,0.0,0.3555,0.0,0.0594,0,90,0,0.25,0,False,False,False,False,False,False
1782461947.442,0,0,0,0,0,-61.34,-46.77,0.036,0.0,0.3531,0.0,0.0593,0,90,0,0.25,0,False,False,False,False,False,False
1782461947.465,0,0,0,0,0,-61.32,-46.75,0.0355,0.0,0.3484,0.0,0.0592,0,90,0,0.25,0,False,False,False,False,False,False
1782461947.49,0,0,0,0,0,-61.29,-46.73,0.0349,0.0,0.3421,0.0,0.0591,0,90,0,0.25,0,False,False,False,False,False,False
1782461947.514,0,0,0,0,0,-61.27,-46.72,0.0344,0.0,0.3378,0.0,0.059,0,90,0,0.25,0,False,False,False,False,False,False
1782461947.54,0,0,0,0,0,-61.25,-46.72,0.0343,0.0,0.3364,0.0,0.0589,0,90,0,0.25,0,False,False,False,False,False,False
1782461947.562,0,0,0,0,0,-61.22,-46.73,0.0342,0.0,0.3355,0.0,0.0588,0,90,0,0.25,0,False,False,False,False,False,False
1782461947.587,0,0,0,0,0,-61.2,-46.73,0.0341,0.0,0.3349,0.0,0.0587,0,90,0,0.25,0,False,False,False,False,False,False
1782461947.604,0,0,0,0,0,-61.2,-46.73,0.0341,0.0,0.3344,0.0,0.0586,0,90,0,0.25,0,False,False,False,False,False,False
1782461947.628,0,0,0,0,0,-61.22,-46.73,0.0342,0.0,0.3357,0.0,0.0585,0,90,0,0.25,0,False,False,False,False,False,False
1782461947.648,0,0,0,0,0,-61.19,-46.73,0.0345,0.0,0.3382,0.0,0.0584,0,90,0,0.25,0,False,False,False,False,False,False
1782461947.672,0,0,0,0,0,-61.07,-46.75,0.0348,0.0,0.3414,0.0,0.0583,0,90,0,0.25,0,False,False,False,False,False,False
1782461947.69,0,0,0,0,0,-60.1,-47.05,0.0352,0.0,0.3452,0.0,0.0581,0,90,0,0.25,0,False,False,False,False,False,False
1782461947.715,0,0,0,0,0,-57.71,-47.81,0.0354,0.0,0.3477,0.0,0.058,0,90,0,0.25,0,False,False,False,False,False,False
1782461947.733,0,0,0,0,0,-54.98,-48.56,0.0356,0.0,0.3495,0.0,0.0579,0,90,0,0.25,0,False,False,False,False,False,False
1782461947.759,0,0,0,0,0,-52.95,-48.94,0.0359,0.0,0.3522,0.0,0.0578,0,90,0,0.26,0,False,False,False,False,False,False
1782461947.783,0,0,0,0,0,-51.46,-49.07,0.0363,0.0,0.3557,0.0,0.0577,0,90,0,0.26,0,False,False,False,False,False,False
1782461947.807,0,0,0,0,0,-50.23,-49.12,0.0363,0.0,0.3564,0.0,0.0576,0,90,0,0.26,0,False,False,False,False,False,False
1782461947.829,0,0,0,0,0,-49.15,-49.15,0.0362,0.0,0.3554,0.0,0.0575,0,90,0,0.27,0,False,False,False,False,False,False
1782461947.854,0,0,0,0,0,-48.31,-49.18,0.0363,0.0,0.3562,0.0,0.0574,0,90,0,0.29,0,False,False,False,False,False,False
1782461947.881,0,0,0,0,0,-47.78,-49.18,0.0365,0.0,0.3584,0.0,0.0573,0,90,1,0.31,0,False,False,False,False,False,False
1782461947.903,0,0,0,0,0,-47.56,-49.17,0.0367,0.0,0.3599,0.0,0.0572,0,90,1,0.32,0,False,False,False,False,False,False
1782461947.931,0,0,0,0,0,-47.51,-49.15,0.0368,0.0,0.3609,0.0,0.0571,0,90,1,0.32,0,False,False,False,False,False,False
1782461947.948,0,0,0,0,0,-47.52,-49.13,0.0369,0.0,0.3615,0.0,0.057,0,90,1,0.33,0,False,False,False,False,False,False
1782461947.973,0,0,0,0,0,-47.54,-49.11,0.0369,0.0,0.362,0.0,0.0569,0,90,1,0.34,0,False,False,False,False,False,False
1782461947.998,0,0,0,0,0,-47.53,-49.09,0.0369,0.0,0.3623,0.0,0.0569,0,90,1,0.34,0,False,False,False,False,False,False
1782461948.021,0,0,0,0,0,-47.51,-49.07,0.037,0.0,0.3625,0.0,0.0568,0,90,1,0.34,0,False,False,False,False,False,False
1782461948.045,0,0,0,0,0,-47.49,-49.05,0.037,0.0,0.3627,0.0,0.0567,0,90,1,0.34,0,False,False,False,False,False,False
1782461948.067,0,0,0,0,0,-47.47,-49.03,0.037,0.0,0.3628,0.0,0.0566,0,90,1,0.34,0,False,False,False,False,False,False
1782461948.091,0,0,0,0,0,-47.45,-49.01,0.037,0.0,0.3628,0.0,0.0565,0,90,1,0.33,0,False,False,False,False,False,False
1782461948.114,0,0,0,0,0,-47.44,-48.99,0.037,0.0,0.3629,0.0,0.0564,0,90,0,0.29,0,False,False,False,False,False,False
1782461948.138,0,0,0,0,0,-47.42,-48.97,0.0372,0.0,0.3645,0.0,0.0563,0,90,0,0.26,0,False,False,False,False,False,False
1782461948.158,0,0,0,0,0,-47.4,-48.95,0.0374,0.0,0.3671,0.0,0.0562,0,90,0,0.25,0,False,False,False,False,False,False
1782461948.18,0,0,0,0,0,-47.38,-48.93,0.0376,0.0,0.3689,0.0,0.0561,0,90,0,0.25,0,False,False,False,False,False,False
1782461948.207,0,0,0,0,0,-47.37,-48.9,0.0377,0.0,0.3702,0.0,0.056,0,90,0,0.24,0,False,False,False,False,False,False
1782461948.231,0,0,0,0,0,-47.35,-48.88,0.0377,0.0,0.3694,0.0,0.0559,0,90,0,0.22,0,False,False,False,False,False,False
1782461948.255,0,0,0,0,0,-47.33,-48.86,0.0374,0.0,0.3674,0.0,0.0558,0,90,0,0.21,0,False,False,False,False,False,False
1782461948.279,0,0,0,0,0,-47.34,-48.84,0.0373,0.0,0.366,0.0,0.0556,0,90,0,0.21,0,False,False,False,False,False,False
1782461948.303,0,0,0,0,0,-47.35,-48.79,0.037,0.0,0.3634,0.0,0.0555,0,90,0,0.2,0,False,False,False,False,False,False
1782461948.328,0,0,0,0,0,-47.32,-48.75,0.0367,0.0,0.3601,0.0,0.0554,0,90,0,0.2,0,False,False,False,False,False,False
1782461948.351,0,0,0,0,0,-47.31,-48.75,0.0366,0.0,0.3595,0.0,0.0553,0,90,0,0.19,0,False,False,False,False,False,False
1782461948.37,0,0,0,0,0,-47.3,-48.77,0.0368,0.0,0.3606,0.0,0.0552,0,90,0,0.19,0,False,False,False,False,False,False
1782461948.395,0,0,0,0,0,-47.07,-48.24,0.0368,0.0,0.3614,0.0,0.0551,0,90,0,0.19,0,False,False,False,False,False,False
1782461948.414,0,0,0,0,0,-46.57,-46.76,0.0369,0.0,0.3619,0.0,0.0549,0,90,0,0.18,0,False,False,False,False,False,False
1782461948.439,0,0,0,0,0,-46.26,-44.91,0.0369,0.0,0.3622,0.0,0.0548,0,90,0,0.17,0,False,False,False,False,False,False
1782461948.456,0,0,0,0,0,-46.42,-43.33,0.0369,0.0,0.3625,0.0,0.0547,0,90,0,0.17,0,False,False,False,False,False,False
1782461948.48,0,0,0,0,0,-46.77,-42.01,0.037,0.0,0.3626,0.0,0.0546,0,90,0,0.17,0,False,False,False,False,False,False
1782461948.499,0,0,0,0,0,-47.06,-40.85,0.037,0.0,0.3627,0.0,0.0545,0,90,0,0.16,0,False,False,False,False,False,False
1782461948.524,0,0,0,0,0,-47.22,-39.79,0.037,0.0,0.3628,0.0,0.0544,0,90,0,0.15,0,False,False,False,False,False,False
1782461948.543,0,0,0,0,0,-47.32,-38.88,0.037,0.0,0.3629,0.0,0.0542,0,90,0,0.15,0,False,False,False,False,False,False
1782461948.568,0,0,0,0,0,-47.41,-38.15,0.037,0.0,0.3629,0.0,0.0541,0,90,0,0.14,0,False,False,False,False,False,False
1782461948.591,0,0,0,0,0,-47.5,-37.61,0.037,0.0,0.3629,0.0,0.054,0,90,0,0.15,0,False,False,False,False,False,False
1782461948.616,0,0,0,0,0,-47.58,-37.28,0.0368,0.0,0.3614,0.0,0.0539,0,90,0,0.14,0,False,False,False,False,False,False
1782461948.64,0,0,0,0,0,-47.63,-37.12,0.0366,0.0,0.3587,0.0,0.0538,0,90,0,0.14,0,False,False,False,False,False,False
1782461948.664,0,0,0,0,0,-47.69,-37.06,0.0364,0.0,0.3569,0.0,0.0537,0,90,0,0.14,0,False,False,False,False,False,False
1782461948.688,0,0,0,0,0,-47.76,-37.05,0.0363,0.0,0.3557,0.0,0.0535,0,90,0,0.14,0,False,False,False,False,False,False
1782461948.706,0,0,0,0,0,-47.85,-37.07,0.0362,0.0,0.3549,0.0,0.0534,0,90,0,0.14,0,False,False,False,False,False,False
1782461948.731,0,0,0,0,0,-47.92,-37.08,0.0363,0.0,0.3559,0.0,0.0533,0,90,0,0.14,0,False,False,False,False,False,False
1782461948.75,0,0,0,0,0,-47.94,-37.08,0.0365,0.0,0.3582,0.0,0.0532,0,90,0,0.14,0,False,False,False,False,False,False
1782461948.775,0,0,0,0,0,-47.94,-37.08,0.0367,0.0,0.3597,0.0,0.0531,0,90,0,0.14,0,False,False,False,False,False,False
1782461948.795,0,0,0,0,0,-47.93,-37.07,0.0368,0.0,0.3608,0.0,0.053,0,90,0,0.14,0,False,False,False,False,False,False
1782461948.818,0,0,0,0,0,-47.93,-37.03,0.0368,0.0,0.3615,0.0,0.0528,0,90,0,0.14,0,False,False,False,False,False,False
1782461948.842,0,0,0,0,0,-47.94,-36.72,0.0369,0.0,0.3619,0.0,0.0527,0,90,0,0.14,0,False,False,False,False,False,False
1782461948.867,0,0,0,0,0,-48.07,-35.91,0.0369,0.0,0.3623,0.0,0.0526,0,90,0,0.14,0,False,False,False,False,False,False
1782461948.89,0,0,0,0,0,-48.29,-34.99,0.037,0.0,0.3625,0.0,0.0525,0,90,0,0.14,0,False,False,False,False,False,False
1782461948.915,0,0,0,0,0,-48.31,-34.45,0.037,0.0,0.3626,0.0,0.0524,0,90,0,0.14,0,False,False,False,False,False,False
1782461948.939,0,0,0,0,0,-48.01,-34.39,0.037,0.0,0.3628,0.0,0.0523,0,90,0,0.14,0,False,False,False,False,False,False
1782461948.963,0,0,0,0,0,-47.55,-34.76,0.0368,0.0,0.3613,0.0,0.0522,0,90,0,0.14,0,False,False,False,False,False,False
1782461948.987,0,0,0,0,0,-47.08,-35.23,0.0366,0.0,0.3587,0.0,0.052,0,90,0,0.14,0,False,False,False,False,False,False
1782461949.006,0,0,0,0,0,-46.7,-35.32,0.0364,0.0,0.3569,0.0,0.0519,0,90,0,0.14,0,False,False,False,False,False,False
1782461949.03,0,0,0,0,0,-46.36,-36.0,0.0363,0.0,0.3557,0.0,0.0518,0,90,0,0.14,0,False,False,False,False,False,False
1782461949.048,0,0,0,0,0,-45.91,-38.47,0.0362,0.0,0.3549,0.0,0.0517,0,90,0,0.14,0,False,False,False,False,False,False
1782461949.073,0,0,0,0,0,-45.25,-41.72,0.0361,0.0,0.3543,0.0,0.0516,0,90,0,0.14,0,False,False,False,False,False,False
1782461949.092,0,0,0,0,0,-44.45,-44.42,0.0361,0.0,0.354,0.0,0.0514,0,90,0,0.14,0,False,False,False,False,False,False
1782461949.116,0,0,0,0,0,-43.68,-46.39,0.0361,0.0,0.3537,0.0,0.0513,0,90,0,0.14,0,False,False,False,False,False,False
1782461949.141,0,0,0,0,0,-42.79,-47.87,0.036,0.0,0.3535,0.0,0.0512,0,90,0,0.13,0,False,False,False,False,False,False
1782461949.165,0,0,0,0,0,-41.48,-49.18,0.0359,0.0,0.3518,0.0,0.0511,0,90,0,0.13,0,False,False,False,False,False,False
1782461949.184,0,0,0,0,0,-39.75,-50.38,0.0354,0.0,0.3475,0.0,0.051,0,90,0,0.13,0,False,False,False,False,False,False
1782461949.209,0,0,0,0,0,-37.91,-51.45,0.035,0.0,0.3431,0.0,0.0509,0,90,0,0.13,0,False,False,False,False,False,False
1782461949.23,0,0,0,0,0,-36.23,-52.41,0.0347,0.0,0.34,0.0,0.0507,0,90,0,0.13,0,False,False,False,False,False,False
1782461949.251,0,0,0,0,0,-34.94,-53.3,0.0344,0.0,0.3379,0.0,0.0506,0,90,0,0.13,0,False,False,False,False,False,False
1782461949.271,0,0,0,0,0,-34.15,-54.07,0.0343,0.0,0.3365,0.0,0.0505,0,90,0,0.13,0,False,False,False,False,False,False
1782461949.297,0,0,0,0,0,-33.67,-54.66,0.0342,0.0,0.3356,0.0,0.0504,0,90,0,0.15,0,False,False,False,False,False,False
1782461949.32,0,0,0,0,0,-33.28,-55.01,0.0341,0.0,0.3349,0.0,0.0503,0,90,0,0.16,0,False,False,False,False,False,False
1782461949.344,0,0,0,0,0,-32.86,-55.17,0.0341,0.0,0.3345,0.0,0.0501,0,90,0,0.17,0,False,False,False,False,False,False
1782461949.368,0,0,0,0,0,-32.45,-55.17,0.0339,0.0,0.3326,0.0,0.05,0,90,0,0.17,0,False,False,False,False,False,False
1782461949.387,0,0,0,0,0,-32.12,-55.06,0.0335,0.0,0.3282,0.0,0.0499,0,90,0,0.17,0,False,False,False,False,False,False
1782461949.412,0,0,0,0,0,-31.94,-54.9,0.033,0.0,0.3236,0.0,0.0498,0,90,0,0.17,0,False,False,False,False,False,False
1782461949.435,0,0,0,0,0,-31.95,-54.71,0.0327,0.0,0.3205,0.0,0.0497,0,90,0,0.17,0,False,False,False,False,False,False
1782461949.461,0,0,0,0,0,-32.12,-54.54,0.0326,0.0,0.32,0.0,0.0495,0,90,0,0.18,0,False,False,False,False,False,False
1782461949.479,0,0,0,0,0,-32.3,-54.42,0.0327,0.0,0.3212,0.0,0.0494,0,90,0,0.17,0,False,False,False,False,False,False
1782461949.504,0,0,0,0,0,-32.4,-54.36,0.0331,0.0,0.3251,0.0,0.0493,0,90,0,0.18,0,False,False,False,False,False,False
1782461949.529,0,0,0,0,0,-32.42,-54.35,0.0337,0.0,0.331,0.0,0.0492,0,90,0,0.18,0,False,False,False,False,False,False
1782461949.553,0,0,0,0,0,-32.4,-54.4,0.0341,0.0,0.3349,0.0,0.0491,0,90,0,0.18,0,False,False,False,False,False,False
1782461949.571,0,0,0,0,0,-32.39,-54.48,0.0344,0.0,0.3376,0.0,0.049,0,90,0,0.18,0,False,False,False,False,False,False
1782461949.597,0,0,0,0,0,-32.38,-54.58,0.0346,0.0,0.3395,0.0,0.0488,0,90,0,0.18,0,False,False,False,False,False,False
1782461949.621,0,0,0,0,0,-32.33,-54.7,0.0347,0.0,0.3407,0.0,0.0487,0,90,0,0.18,0,False,False,False,False,False,False
1782461949.64,0,0,0,0,0,-31.82,-54.8,0.0348,0.0,0.3416,0.0,0.0486,0,90,0,0.18,0,False,False,False,False,False,False
1782461949.663,0,0,0,0,0,-30.59,-54.84,0.0349,0.0,0.3421,0.0,0.0485,0,90,0,0.18,0,False,False,False,False,False,False
1782461949.688,0,0,0,0,0,-29.32,-54.76,0.0349,0.0,0.3425,0.0,0.0484,0,90,0,0.18,0,False,False,False,False,False,False
1782461949.712,0,0,0,0,0,-28.58,-54.62,0.0349,0.0,0.3428,0.0,0.0483,0,90,0,0.18,0,False,False,False,False,False,False
1782461949.73,0,0,0,0,0,-28.23,-54.47,0.035,0.0,0.343,0.0,0.0482,0,90,0,0.18,0,False,False,False,False,False,False
1782461949.755,0,0,0,0,0,-27.98,-54.38,0.0348,0.0,0.3415,0.0,0.048,0,90,0,0.18,0,False,False,False,False,False,False
1782461949.774,0,0,0,0,0,-27.61,-54.4,0.0346,0.0,0.339,0.0,0.0479,0,90,0,0.18,0,False,False,False,False,False,False
1782461949.799,0,0,0,0,0,-27.16,-54.55,0.0342,0.0,0.3357,0.0,0.0478,0,90,0,0.18,0,False,False,False,False,False,False
1782461949.823,0,0,0,0,0,-26.73,-54.72,0.0337,0.0,0.3303,0.0,0.0477,0,90,0,0.18,0,False,False,False,False,False,False
1782461949.848,0,0,0,0,0,-26.34,-54.9,0.0331,0.0,0.325,0.0,0.0476,0,90,0,0.18,0,False,False,False,False,False,False
1782461949.866,0,0,0,0,0,-25.93,-55.33,0.0328,0.0,0.3215,0.0,0.0475,0,90,0,0.18,0,False,False,False,False,False,False
1782461949.89,0,0,0,0,0,-25.39,-55.91,0.0325,0.0,0.319,0.0,0.0473,0,90,0,0.18,0,False,False,False,False,False,False
1782461949.909,0,0,0,0,0,-24.62,-56.46,0.0324,0.0,0.3174,0.0,0.0472,0,90,0,0.17,0,False,False,False,False,False,False
1782461949.932,0,0,0,0,0,-23.68,-57.0,0.0321,0.0,0.3147,0.0,0.0471,0,90,0,0.16,0,False,False,False,False,False,False
1782461949.958,0,0,0,0,0,-22.6,-57.57,0.0316,0.0,0.3097,0.0,0.047,0,90,0,0.15,0,False,False,False,False,False,False
1782461949.983,0,0,0,0,0,-21.38,-58.15,0.0311,0.0,0.3048,0.0,0.0469,0,90,0,0.15,0,False,False,False,False,False,False
1782461950.007,0,0,0,0,0,-20.15,-58.68,0.0306,0.0,0.2999,0.0,0.0467,0,90,0,0.15,0,False,False,False,False,False,False
1782461950.026,0,0,0,0,0,-19.14,-59.11,0.0301,0.0,0.2949,0.0,0.0466,0,90,0,0.15,0,False,False,False,False,False,False
1782461950.05,0,0,0,0,0,-18.53,-59.44,0.0294,0.0,0.2884,0.0,0.0465,0,90,0,0.15,0,False,False,False,False,False,False
1782461950.07,0,0,0,0,0,-18.26,-59.65,0.0286,0.0,0.2809,0.0,0.0464,0,90,0,0.14,0,False,False,False,False,False,False
1782461950.094,0,0,0,0,0,-18.2,-59.81,0.0281,0.0,0.2758,0.0,0.0463,0,90,0,0.14,0,False,False,False,False,False,False
1782461950.118,0,0,0,0,0,-18.35,-59.94,0.0279,0.0,0.2738,0.0,0.0461,0,90,0,0.14,0,False,False,False,False,False,False
1782461950.142,0,0,0,0,0,-18.58,-60.05,0.0281,0.0,0.2757,0.0,0.046,0,90,0,0.14,0,False,False,False,False,False,False
1782461950.162,0,0,0,0,0,-18.65,-60.11,0.0287,0.0,0.2816,0.0,0.0459,0,90,0,0.14,0,False,False,False,False,False,False
1782461950.184,0,0,0,0,0,-18.64,-60.06,0.0294,0.0,0.2888,0.0,0.0458,0,90,0,0.14,0,False,False,False,False,False,False
1782461950.205,0,0,0,0,0,-19.4,-59.87,0.0301,0.0,0.2953,0.0,0.0457,0,90,0,0.14,0,False,False,False,False,False,False
1782461950.23,0,0,0,0,0,-21.53,-59.69,0.0307,0.0,0.3013,0.0,0.0456,0,90,0,0.14,0,False,False,False,False,False,False
1782461950.253,0,0,0,0,0,-24.2,-59.7,0.0311,0.0,0.3053,0.0,0.0455,0,90,0,0.14,0,False,False,False,False,False,False
1782461950.277,0,0,0,0,0,-26.66,-59.3,0.0314,0.0,0.3081,0.0,0.0453,0,90,0,0.14,0,False,False,False,False,False,False
1782461950.296,0,0,0,0,0,-29.03,-57.91,0.0316,0.0,0.3099,0.0,0.0452,0,90,0,0.14,0,False,False,False,False,False,False
1782461950.319,0,0,0,0,0,-31.4,-56.23,0.0317,0.0,0.3112,0.0,0.0451,0,90,0,0.14,0,False,False,False,False,False,False
1782461950.339,0,0,0,0,0,-33.58,-55.01,0.032,0.0,0.3137,0.0,0.045,0,90,0,0.14,0,False,False,False,False,False,False
1782461950.364,0,0,0,0,0,-35.48,-54.21,0.0323,0.0,0.3169,0.0,0.0449,0,90,0,0.14,0,False,False,False,False,False,False
1782461950.389,0,0,0,0,0,-37.56,-53.54,0.0324,0.0,0.3175,0.0,0.0448,0,90,0,0.13,0,False,False,False,False,False,False
1782461950.412,0,0,0,0,0,-40.41,-52.65,0.0322,0.0,0.3164,0.0,0.0447,0,90,0,0.13,0,False,False,False,False,False,False
1782461950.437,0,0,0,0,0,-43.94,-51.29,0.0322,0.0,0.3156,0.0,0.0446,0,90,0,0.14,0,False,False,False,False,False,False
1782461950.454,0,0,0,0,0,-47.16,-49.5,0.0321,0.0,0.315,0.0,0.0445,0,90,0,0.14,0,False,False,False,False,False,False
1782461950.48,0,0,0,0,0,-49.24,-47.54,0.0321,0.0,0.3147,0.0,0.0444,0,90,0,0.14,0,False,False,False,False,False,False
1782461950.498,0,0,0,0,0,-50.27,-45.59,0.0321,0.0,0.3144,0.0,0.0443,0,90,0,0.14,0,False,False,False,False,False,False
1782461950.523,0,0,0,0,0,-50.72,-43.68,0.032,0.0,0.3143,0.0,0.0442,0,90,0,0.14,0,False,False,False,False,False,False
1782461950.542,0,0,0,0,0,-50.99,-41.92,0.0322,0.0,0.3157,0.0,0.0441,0,90,0,0.15,0,False,False,False,False,False,False
1782461950.565,0,0,0,0,0,-51.31,-40.3,0.0324,0.0,0.3183,0.0,0.044,0,90,0,0.16,0,False,False,False,False,False,False
1782461950.585,0,0,0,0,0,-51.55,-38.58,0.0326,0.0,0.32,0.0,0.044,0,90,0,0.17,0,False,False,False,False,False,False
1782461950.609,0,0,0,0,0,-51.29,-36.57,0.0326,0.0,0.3196,0.0,0.0439,0,90,0,0.17,0,False,False,False,False,False,False
1782461950.635,0,0,0,0,0,-50.69,-34.3,0.0322,0.0,0.3162,0.0,0.0438,0,90,0,0.17,0,False,False,False,False,False,False
1782461950.66,0,0,0,0,0,-50.0,-31.9,0.0318,0.0,0.3124,0.0,0.0437,0,90,0,0.18,0,False,False,False,False,False,False
1782461950.684,0,0,0,0,0,-48.77,-29.44,0.0317,0.0,0.3113,0.0,0.0436,0,90,0,0.18,0,False,False,False,False,False,False
1782461950.707,0,0,0,0,0,-47.38,-26.98,0.0318,0.0,0.3121,0.0,0.0435,0,90,0,0.18,0,False,False,False,False,False,False
1782461950.731,0,0,0,0,0,-46.44,-24.7,0.032,0.0,0.3143,0.0,0.0434,0,90,0,0.18,0,False,False,False,False,False,False
1782461950.75,0,0,0,0,0,-45.84,-22.77,0.0323,0.0,0.3173,0.0,0.0433,0,90,0,0.18,0,False,False,False,False,False,False
1782461950.773,0,0,0,0,0,-45.41,-21.29,0.0324,0.0,0.3178,0.0,0.0432,0,90,0,0.18,0,False,False,False,False,False,False
1782461950.793,0,0,0,0,0,-45.05,-20.21,0.0324,0.0,0.3181,0.0,0.0431,0,90,0,0.17,0,False,False,False,False,False,False
1782461950.816,0,0,0,0,0,-44.7,-19.49,0.0326,0.0,0.3199,0.0,0.0431,0,90,0,0.17,0,False,False,False,False,False,False
1782461950.836,0,0,0,0,0,-44.35,-19.07,0.0327,0.0,0.3211,0.0,0.043,0,90,0,0.16,0,False,False,False,False,False,False
1782461950.86,0,0,0,0,0,-44.03,-18.86,0.0328,0.0,0.322,0.0,0.0429,0,90,0,0.16,0,False,False,False,False,False,False
1782461950.88,0,0,0,0,0,-43.74,-18.79,0.0329,0.0,0.3225,0.0,0.0428,0,90,0,0.16,0,False,False,False,False,False,False
1782461950.903,0,0,0,0,0,-43.48,-18.84,0.0331,0.0,0.3245,0.0,0.0428,0,90,0,0.16,0,False,False,False,False,False,False
1782461950.922,0,0,0,0,0,-43.26,-18.97,0.0334,0.0,0.3274,0.0,0.0427,0,90,0,0.16,0,False,False,False,False,False,False
1782461950.946,0,0,0,0,0,-43.12,-19.15,0.0334,0.0,0.3278,0.0,0.0427,0,90,0,0.17,0,False,False,False,False,False,False
1782461950.97,0,0,0,0,0,-43.01,-19.36,0.0333,0.0,0.3265,0.0,0.0427,0,90,0,0.17,0,False,False,False,False,False,False
1782461950.995,0,0,0,0,0,-42.92,-19.52,0.0332,0.0,0.3256,0.0,0.0426,0,90,0,0.17,0,False,False,False,False,False,False
1782461951.019,0,0,0,0,0,-42.8,-19.61,0.0331,0.0,0.325,0.0,0.0426,0,90,0,0.16,0,False,False,False,False,False,False
1782461951.044,0,0,0,0,0,-42.65,-19.62,0.0331,0.0,0.3246,0.0,0.0425,0,90,0,0.16,0,False,False,False,False,False,False
1782461951.064,0,0,0,0,0,-42.47,-19.58,0.0331,0.0,0.3243,0.0,0.0425,0,90,0,0.16,0,False,False,False,False,False,False
1782461951.086,0,0,0,0,0,-42.29,-19.52,0.033,0.0,0.3241,0.0,0.0424,0,90,0,0.16,0,False,False,False,False,False,False
1782461951.105,0,0,0,0,0,-42.11,-19.44,0.033,0.0,0.324,0.0,0.0424,0,90,0,0.16,0,False,False,False,False,False,False
1782461951.131,0,0,0,0,0,-41.95,-19.37,0.033,0.0,0.3239,0.0,0.0423,0,90,0,0.16,0,False,False,False,False,False,False
1782461951.149,0,0,0,0,0,-41.8,-19.32,0.0329,0.0,0.3223,0.0,0.0423,0,90,0,0.15,0,False,False,False,False,False,False
1782461951.173,0,0,0,0,0,-41.65,-19.3,0.0326,0.0,0.3196,0.0,0.0422,0,90,0,0.15,0,False,False,False,False,False,False
1782461951.192,0,0,0,0,0,-41.51,-19.28,0.0324,0.0,0.3178,0.0,0.0422,0,90,0,0.15,0,False,False,False,False,False,False
1782461951.217,0,0,0,0,0,-41.37,-19.24,0.0323,0.0,0.3165,0.0,0.0422,0,90,0,0.15,0,False,False,False,False,False,False
1782461951.24,0,0,0,0,0,-41.24,-19.18,0.0323,0.0,0.3173,0.0,0.0421,0,90,0,0.15,0,False,False,False,False,False,False
1782461951.265,0,0,0,0,0,-41.14,-19.1,0.0326,0.0,0.3193,0.0,0.0421,0,90,0,0.14,0,False,False,False,False,False,False
1782461951.287,0,0,0,0,0,-41.08,-19.02,0.0329,0.0,0.3223,0.0,0.042,0,90,0,0.14,0,False,False,False,False,False,False
1782461951.313,0,0,0,0,0,-41.03,-18.93,0.0331,0.0,0.3243,0.0,0.042,0,90,0,0.14,0,False,False,False,False,False,False
1782461951.338,0,0,0,0,0,-40.97,-18.81,0.033,0.0,0.3241,0.0,0.0419,0,90,0,0.14,0,False,False,False,False,False,False
1782461951.356,0,0,0,0,0,-40.91,-18.67,0.033,0.0,0.324,0.0,0.0419,0,90,0,0.14,0,False,False,False,False,False,False
1782461951.38,0,0,0,0,0,-40.88,-18.55,0.0329,0.0,0.3224,0.0,0.0418,0,90,0,0.14,0,False,False,False,False,False,False
1782461951.4,0,0,0,0,0,-40.86,-18.42,0.0326,0.0,0.3196,0.0,0.0418,0,90,0,0.13,0,False,False,False,False,False,False
1782461951.424,0,0,0,0,0,-40.88,-18.29,0.0321,0.0,0.3147,0.0,0.0418,0,90,0,0.13,0,False,False,False,False,False,False
1782461951.442,0,0,0,0,0,-40.92,-18.13,0.0314,0.0,0.3081,0.0,0.0417,0,90,0,0.13,0,False,False,False,False,False,False
1782461951.467,0,0,0,0,0,-40.96,-17.96,0.0308,0.0,0.3021,0.0,0.0416,0,90,0,0.12,0,False,False,False,False,False,False
1782461951.491,0,0,0,0,0,-40.98,-17.79,0.0302,0.0,0.2965,0.0,0.0416,0,90,0,0.12,0,False,False,False,False,False,False
1782461951.516,0,0,0,0,0,-40.98,-17.7,0.0298,0.0,0.2926,0.0,0.0415,0,90,0,0.12,0,False,False,False,False,False,False
1782461951.54,0,0,0,0,0,-40.99,-17.71,0.0296,0.0,0.29,0.0,0.0415,0,90,0,0.12,0,False,False,False,False,False,False
1782461951.564,0,0,0,0,0,-40.99,-17.78,0.0292,0.0,0.2867,0.0,0.0414,0,90,0,0.12,0,False,False,False,False,False,False
1782461951.587,0,0,0,0,0,-40.99,-17.81,0.0288,0.0,0.2828,0.0,0.0414,0,90,0,0.11,0,False,False,False,False,False,False
1782461951.607,0,0,0,0,0,-41.0,-17.76,0.0286,0.0,0.2802,0.0,0.0413,0,90,0,0.11,0,False,False,False,False,False,False
1782461951.631,0,0,0,0,0,-40.92,-17.65,0.0284,0.0,0.2784,0.0,0.0413,0,90,0,0.11,0,False,False,False,False,False,False
1782461951.651,0,0,0,0,0,-40.64,-17.56,0.0284,0.0,0.2788,0.0,0.0412,0,90,0,0.11,0,False,False,False,False,False,False
1782461951.674,0,0,0,0,0,-40.23,-17.47,0.0286,0.0,0.2806,0.0,0.0412,0,90,0,0.1,0,False,False,False,False,False,False
1782461951.692,0,0,0,0,0,-39.85,-17.19,0.0287,0.0,0.2819,0.0,0.0411,0,90,0,0.1,0,False,False,False,False,False,False
1782461951.717,0,0,0,0,0,-39.55,-16.75,0.0288,0.0,0.2827,0.0,0.0411,0,90,0,0.1,0,False,False,False,False,False,False
1782461951.735,0,0,0,0,0,-39.36,-16.32,0.0287,0.0,0.2817,0.0,0.041,0,90,0,0.09,0,False,False,False,False,False,False
1782461951.761,0,0,0,0,0,-39.22,-15.89,0.0285,0.0,0.2795,0.0,0.041,0,90,0,0.08,0,False,False,False,False,False,False
1782461951.784,0,0,0,0,0,-39.04,-15.46,0.0283,0.0,0.2779,0.0,0.0409,0,90,0,0.08,0,False,False,False,False,False,False
1782461951.809,0,0,0,0,0,-38.83,-15.03,0.0282,0.0,0.2769,0.0,0.0409,0,90,0,0.08,0,False,False,False,False,False,False
1782461951.828,0,0,0,0,0,-38.63,-14.62,0.028,0.0,0.2746,0.0,0.0408,0,90,0,0.07,0,False,False,False,False,False,False
1782461951.852,0,0,0,0,0,-38.49,-14.26,0.0275,0.0,0.2699,0.0,0.0407,0,90,0,0.06,0,False,False,False,False,False,False
1782461951.871,0,0,0,0,0,-38.42,-13.95,0.027,0.0,0.2652,0.0,0.0407,0,90,0,0.06,0,False,False,False,False,False,False
1782461951.897,0,0,0,0,0,-38.4,-13.72,0.0267,0.0,0.2619,0.0,0.0406,0,90,0,0.06,0,False,False,False,False,False,False
1782461951.916,0,0,0,0,0,-38.46,-13.6,0.0265,0.0,0.2597,0.0,0.0406,0,90,0,0.05,0,False,False,False,False,False,False
1782461951.939,0,0,0,0,0,-38.55,-13.66,0.0263,0.0,0.2582,0.0,0.0405,0,90,0,0.05,0,False,False,False,False,False,False
1782461951.964,0,0,0,0,0,-38.56,-13.97,0.0262,0.0,0.2572,0.0,0.0405,0,90,0,0.05,0,False,False,False,False,False,False
1782461951.987,0,0,0,0,0,-38.55,-14.29,0.0261,0.0,0.2565,0.0,0.0404,0,90,0,0.04,0,False,False,False,False,False,False
1782461952.014,0,0,0,0,0,-38.65,-14.29,0.0261,0.0,0.2561,0.0,0.0404,0,90,0,0.04,0,False,False,False,False,False,False
1782461952.035,0,0,0,0,0,-38.95,-14.89,0.0261,0.0,0.2557,0.0,0.0403,0,90,0,0.04,0,False,False,False,False,False,False
1782461952.059,0,0,0,0,0,-40.36,-17.2,0.0262,0.0,0.2571,0.0,0.0403,0,90,0,0.04,0,False,False,False,False,False,False
1782461952.085,0,0,0,0,0,-43.63,-20.67,0.0265,0.0,0.2596,0.0,0.0402,0,90,0,0.04,0,False,False,False,False,False,False
1782461952.108,0,0,0,0,0,-47.44,-24.42,0.0266,0.0,0.2613,0.0,0.0402,0,90,0,0.05,0,False,False,False,False,False,False
1782461952.127,0,0,0,0,0,-50.46,-28.07,0.0268,0.0,0.2624,0.0,0.0401,0,90,0,0.05,0,False,False,False,False,False,False
1782461952.151,0,0,0,0,0,-52.9,-31.43,0.0268,0.0,0.2632,0.0,0.0401,0,90,0,0.05,0,False,False,False,False,False,False
1782461952.17,0,0,0,0,0,-55.03,-34.45,0.0267,0.0,0.2622,0.0,0.04,0,90,0,0.05,0,False,False,False,False,False,False
1782461952.195,0,0,0,0,0,-56.37,-37.01,0.0265,0.0,0.2599,0.0,0.0399,0,90,0,0.06,0,False,False,False,False,False,False
1782461952.214,0,0,0,0,0,-56.18,-39.09,0.0263,0.0,0.2583,0.0,0.0399,0,90,0,0.09,0,False,False,False,False,False,False
1782461952.237,0,0,0,0,0,-54.29,-40.74,0.0262,0.0,0.2573,0.0,0.0398,0,90,0,0.16,0,False,False,False,False,False,False
1782461952.257,0,0,0,0,0,-51.25,-42.11,0.0262,0.0,0.2566,0.0,0.0398,0,90,0,0.21,0,False,False,False,False,False,False
1782461952.28,0,0,0,0,0,-47.72,-43.54,0.0261,0.0,0.2561,0.0,0.0397,0,90,0,0.23,0,False,False,False,False,False,False
1782461952.301,0,0,0,0,0,-44.01,-45.34,0.0261,0.0,0.2558,0.0,0.0397,0,90,0,0.23,0,False,False,False,False,False,False
1782461952.324,0,0,0,0,0,-39.69,-47.54,0.026,0.0,0.2555,0.0,0.0396,0,90,0,0.24,0,False,False,False,False,False,False
1782461952.348,0,0,0,0,0,-33.84,-50.01,0.0259,0.0,0.2538,0.0,0.0396,0,90,0,0.29,0,False,False,False,False,False,False
1782461952.372,0,0,0,0,0,-25.97,-52.36,0.0258,0.0,0.2526,0.0,0.0395,0,90,1,0.34,0,False,False,False,False,False,False
1782461952.397,0,0,0,0,0,-16.9,-54.13,0.0258,0.0,0.2534,0.0,0.0395,0,90,1,0.36,0,False,False,False,False,False,False
1782461952.42,0,0,0,0,0,-8.57,-55.08,0.0259,0.0,0.2539,0.0,0.0394,0,90,1,0.36,0,False,False,False,False,False,False
1782461952.443,0,0,0,0,0,-2.44,-55.44,0.0258,0.0,0.2527,0.0,0.0394,0,90,1,0.36,0,False,False,False,False,False,False
1782461952.468,0,0,0,0,0,1.64,-55.57,0.0255,0.0,0.2503,0.0,0.0393,0,90,1,0.36,0,False,False,False,False,False,False
1782461952.492,0,0,0,0,0,4.94,-55.67,0.0254,0.0,0.2487,0.0,0.0393,0,90,1,0.37,0,False,False,False,False,False,False
1782461952.517,0,0,0,0,0,8.72,-55.82,0.0251,0.0,0.246,0.0,0.0392,0,90,1,0.41,0,False,False,False,False,False,False
1782461952.542,0,0,0,0,0,13.37,-56.09,0.0246,0.0,0.2411,0.0,0.0392,0,90,1,0.44,0,False,False,False,False,False,False
1782461952.565,0,0,0,0,0,18.38,-56.47,0.0241,0.0,0.2361,0.0,0.0391,0,90,1,0.45,0,False,False,False,False,False,False
1782461952.589,0,0,0,0,0,23.04,-56.76,0.0236,0.0,0.2312,0.0,0.0391,0,90,1,0.46,0,False,False,False,False,False,False
1782461952.614,0,0,0,0,0,26.75,-56.79,0.0229,0.0,0.2247,0.0,0.039,0,90,1,0.51,0,False,False,False,False,False,False
1782461952.638,0,0,0,0,0,29.05,-56.49,0.0223,0.0,0.2187,0.0,0.039,0,90,1,0.59,0,False,False,False,False,False,False
1782461952.662,0,0,0,0,0,29.91,-56.1,0.022,0.0,0.2162,0.0,0.0389,0,90,1,0.61,0,False,False,False,False,False,False
1782461952.683,0,0,0,0,0,29.65,-55.69,0.022,0.0,0.2161,0.0,0.0389,0,90,1,0.61,0,False,False,False,False,False,False
1782461952.706,0,0,0,0,0,28.49,-54.86,0.0219,0.0,0.2144,0.0,0.0388,0,90,1,0.64,0,False,False,False,False,False,False
1782461952.724,0,0,0,0,0,26.57,-53.9,0.0216,0.0,0.2117,0.0,0.0388,0,90,1,0.71,0,False,False,False,False,False,False
1782461952.748,0,0,0,0,0,25.22,-53.28,0.0214,0.0,0.2099,0.0,0.0387,0,90,1,0.77,0,False,False,False,False,False,False
1782461952.767,0,0,0,0,0,24.24,-52.96,0.0213,0.0,0.2087,0.0,0.0387,0,90,1,0.78,0,False,False,False,False,False,False
1782461952.792,0,0,0,0,0,20.85,-52.72,0.0213,0.0,0.2094,0.0,0.0386,0,90,1,0.78,0,False,False,False,False,False,False
1782461952.81,0,0,0,0,0,15.51,-52.36,0.0216,0.0,0.2114,0.0,0.0386,0,90,1,0.81,0,False,False,False,False,False,False
1782461952.834,0,0,0,0,0,10.34,-51.77,0.0217,0.0,0.2128,0.0,0.0385,0,90,1,0.85,0,False,False,False,False,False,False
1782461952.853,0,0,0,0,0,5.47,-50.96,0.0218,0.0,0.2138,0.0,0.0385,0,90,1,0.86,0,False,False,False,False,False,False
1782461952.878,0,0,0,0,0,0.6,-49.92,0.022,0.0,0.216,0.0,0.0384,0,90,1,0.86,0,False,False,False,False,False,False
1782461952.902,0,0,0,0,0,-4.17,-48.73,0.0222,0.0,0.2175,0.0,0.0384,0,90,1,0.86,0,False,False,False,False,False,False
1782461952.927,0,0,0,0,0,-8.3,-47.59,0.0221,0.0,0.217,0.0,0.0383,0,90,1,0.86,0,False,False,False,False,False,False
1782461952.95,0,0,0,0,0,-11.24,-46.73,0.0222,0.0,0.2182,0.0,0.0383,0,90,1,0.86,0,False,False,False,False,False,False
1782461952.975,0,0,0,0,0,-12.94,-46.28,0.0223,0.0,0.219,0.0,0.0382,0,90,1,0.87,0,False,False,False,False,False,False
1782461953.001,0,0,0,0,0,-13.82,-46.17,0.0221,0.0,0.2164,0.0,0.0382,0,90,1,0.89,0,False,False,False,False,False,False
1782461953.023,0,0,0,0,0,-14.36,-46.18,0.0217,0.0,0.2131,0.0,0.0381,0,90,1,0.9,0,False,False,False,False,False,False
1782461953.048,0,0,0,0,0,-14.66,-46.22,0.0215,0.0,0.2108,0.0,0.0381,0,90,1,0.91,0,False,False,False,False,False,False
1782461953.067,0,0,0,0,0,-14.63,-46.31,0.0212,0.0,0.2077,0.0,0.038,0,90,1,0.91,0,False,False,False,False,False,False
1782461953.089,0,0,0,0,0,-14.31,-46.41,0.0206,0.0,0.2024,0.0,0.038,0,90,1,0.92,0,False,False,False,False,False,False
1782461953.109,0,0,0,0,0,-13.89,-46.49,0.0201,0.0,0.1973,0.0,0.0379,0,90,1,0.95,0,False,False,False,False,False,False
1782461953.133,0,0,0,0,0,-13.53,-46.64,0.0196,0.0,0.1922,0.0,0.0378,0,90,1,0.98,0,False,False,False,False,False,False
1782461953.158,0,0,0,0,0,-13.28,-46.79,0.0191,0.0,0.1872,0.0,0.0378,0,90,1,1.0,0,False,False,False,False,False,False
1782461953.182,0,0,0,0,0,-13.14,-46.85,0.0186,0.0,0.1822,0.0,0.0377,0,90,1,1.01,0,False,False,False,False,False,False
1782461953.206,0,0,0,0,0,-13.07,-46.85,0.0181,0.0,0.1773,0.0,0.0377,0,90,1,1.01,0,False,False,False,False,False,False
1782461953.225,0,0,0,0,0,-13.17,-46.84,0.0177,0.0,0.1739,0.0,0.0376,0,90,1,1.01,0,False,False,False,False,False,False
1782461953.249,0,0,0,0,0,-13.35,-47.02,0.0173,0.0,0.1701,0.0,0.0376,0,90,1,1.01,0,False,False,False,False,False,False
1782461953.273,0,0,0,0,0,-13.4,-47.53,0.0167,0.0,0.1643,0.0,0.0375,0,90,1,1.02,0,False,False,False,False,False,False
1782461953.298,0,0,0,0,0,-13.39,-48.15,0.0159,0.0,0.1557,0.0,0.0374,0,90,1,1.02,0,False,False,False,False,False,False
1782461953.322,0,0,0,0,0,-14.03,-48.6,0.0146,0.0,0.1435,0.0,0.0374,0,90,1,1.02,0,False,False,False,False,False,False
1782461953.345,0,0,0,0,0,-15.62,-48.78,0.0135,0.0,0.1321,0.0,0.0373,0,90,1,1.02,0,False,False,False,False,False,False
1782461953.366,0,0,0,0,0,-17.07,-48.73,0.0127,0.0,0.1243,0.0,0.0372,0,90,1,1.03,0,False,False,False,False,False,False
1782461953.391,0,0,0,0,0,-17.9,-48.58,0.0123,0.0,0.1207,0.0,0.0371,0,90,1,1.03,0,False,False,False,False,False,False
1782461953.408,0,0,0,0,0,-18.32,-48.37,0.0103,0.0,0.1009,0.0,0.0371,0,90,1,1.03,0,False,False,False,False,False,False
1782461953.434,0,0,0,0,0,-18.15,-48.1,0.007,0.0,0.0685,0.0,0.037,0,90,1,1.03,0,False,False,False,False,False,False
1782461953.456,0,0,0,0,0,-18.84,-47.92,0.0047,0.0,0.0466,0.0,0.0369,0,90,1,1.03,0,False,False,False,False,False,False
1782461953.479,0,0,0,0,0,-21.88,-47.66,0.0032,0.0,0.0317,0.0,0.0368,0,90,1,1.03,0,False,False,False,False,False,False
1782461953.504,0,0,0,0,0,-25.52,-46.89,0.0022,0.0,0.0215,0.0,0.0367,0,90,1,1.02,0,False,False,False,False,False,False
1782461953.528,0,0,0,0,0,-27.61,-45.88,0.0015,0.0,0.0146,0.0,0.0366,0,90,1,1.02,0,False,False,False,False,False,False
1782461953.551,0,0,0,0,0,-27.95,-45.21,0.001,0.0,0.0099,0.0,0.0365,0,90,1,1.03,0,False,False,False,False,False,False
1782461953.575,0,0,0,0,0,-27.24,-44.98,0.0007,0.0,0.0068,0.0,0.0364,0,90,1,1.01,0,False,False,False,False,False,False
1782461953.602,0,0,0,0,0,-26.11,-45.08,0.0005,0.0,0.0046,0.0,0.0363,0,90,1,0.97,0,False,False,False,False,False,False
1782461953.623,0,0,0,0,0,-25.3,-45.41,0.0003,0.0,0.0031,0.0,0.0362,0,90,1,0.94,0,False,False,False,False,False,False
1782461953.648,0,0,0,0,0,-24.61,-45.74,0.0002,0.0,0.0021,0.0,0.0361,0,90,1,0.92,0,False,False,False,False,False,False
1782461953.671,0,0,0,0,0,-22.54,-45.75,0.0001,0.0,0.0014,0.0,0.036,0,90,1,0.9,0,False,False,False,False,False,False
1782461953.695,0,0,0,0,0,-19.12,-45.7,0.0001,0.0,0.001,0.0,0.036,0,90,1,0.9,0,False,False,False,False,False,False
1782461953.718,0,0,0,0,0,-15.29,-46.77,0.0001,0.0,0.0007,0.0,0.0359,0,90,1,0.9,0,False,False,False,False,False,False
1782461953.742,0,0,0,0,0,-11.61,-49.5,0.0,0.0,0.0005,0.0,0.0358,0,90,1,0.87,0,False,False,False,False,False,False
1782461953.767,0,0,0,0,0,-9.0,-52.33,0.0,0.0,0.0003,0.0,0.0357,0,90,1,0.84,0,False,False,False,False,False,False
1782461953.789,0,0,0,0,0,-7.77,-53.89,0.0,0.0,0.0002,0.0,0.0356,0,90,1,0.84,0,False,False,False,False,False,False
1782461953.813,0,0,0,0,0,-7.21,-54.3,0.0,0.0,0.0001,0.0,0.0355,0,90,1,0.86,0,False,False,False,False,False,False
1782461953.837,0,0,0,0,0,-6.5,-54.11,0.0,0.0,0.0001,0.0,0.0354,0,90,1,0.87,0,False,False,False,False,False,False
1782461953.861,0,0,0,0,0,-5.42,-53.8,0.0,0.0,0.0001,0.0,0.0353,0,90,1,0.88,0,False,False,False,False,False,False
1782461953.885,0,0,0,0,0,-4.2,-53.6,0.0,0.0,0.0,0.0,0.0352,0,90,1,0.87,0,False,False,False,False,False,False
1782461953.907,0,0,0,0,0,-3.28,-53.48,0.0,0.0,0.0,0.0,0.0351,0,90,1,0.84,0,False,False,False,False,False,False
1782461953.932,0,0,0,0,0,-3.02,-53.41,0.0,0.0,0.0,0.0,0.035,0,90,1,0.83,0,False,False,False,False,False,False
1782461953.955,0,0,0,0,0,-3.42,-53.45,0.0,0.0,0.0,0.0,0.0349,0,90,1,0.85,0,False,False,False,False,False,False
1782461953.98,0,0,0,0,0,-4.1,-53.47,0.0,0.0,0.0,0.0,0.0349,0,90,1,0.85,0,False,False,False,False,False,False
1782461954.003,0,0,0,0,0,-4.78,-52.91,0.0,0.0,0.0,0.0,0.0348,0,90,1,0.8,0,False,False,False,False,False,False
1782461954.027,0,0,0,0,0,-5.69,-51.36,0.0,0.0,0.0,0.0,0.0347,0,90,1,0.74,0,False,False,False,False,False,False
1782461954.052,0,0,0,0,0,-6.43,-49.55,0.0,0.0,0.0,0.0,0.0346,0,90,1,0.72,0,False,False,False,False,False,False
1782461954.074,0,0,0,0,0,-7.48,-48.07,0.0,0.0,0.0,0.0,0.0345,0,90,1,0.72,0,False,False,False,False,False,False
1782461954.101,0,0,0,0,0,-10.77,-46.68,0.0,0.0,0.0,0.0,0.0344,0,90,1,0.7,0,False,False,False,False,False,False
1782461954.122,0,0,0,0,0,-15.1,-45.09,0.0,0.0,0.0,0.0,0.0343,0,90,1,0.63,0,False,False,False,False,False,False
1782461954.147,0,0,0,0,0,-17.56,-43.39,0.0,0.0,0.0,0.0,0.0342,0,90,1,0.57,0,False,False,False,False,False,False
1782461954.165,0,0,0,0,0,-17.58,-41.99,0.0,0.0,0.0,0.0,0.0341,0,90,1,0.56,0,False,False,False,False,False,False
1782461954.188,0,0,0,0,0,-16.44,-41.18,0.0,0.0,0.0,0.0,0.034,0,90,1,0.57,0,False,False,False,False,False,False
1782461954.213,0,0,0,0,0,-15.42,-40.89,0.0,0.0,0.0,0.0,0.034,0,90,1,0.59,0,False,False,False,False,False,False
1782461954.235,0,0,0,0,0,-14.92,-40.85,0.0,0.0,0.0,0.0,0.0339,0,90,1,0.61,0,False,False,False,False,False,False
1782461954.255,0,0,0,0,0,-14.79,-40.9,0.0,0.0,0.0,0.0,0.0338,0,90,1,0.62,0,False,False,False,False,False,False
1782461954.278,0,0,0,0,0,-14.81,-40.96,0.0,0.0,0.0,0.0,0.0337,0,90,1,0.62,0,False,False,False,False,False,False
1782461954.302,0,0,0,0,0,-14.82,-41.05,0.0,0.0,0.0,0.0,0.0336,0,90,1,0.65,0,False,False,False,False,False,False
1782461954.326,0,0,0,0,0,-14.78,-41.14,0.0,0.0,0.0,0.0,0.0335,0,90,1,0.72,0,False,False,False,False,False,False
1782461954.351,0,0,0,0,0,-14.72,-41.25,0.0,0.0,0.0,0.0,0.0334,0,90,1,0.79,0,False,False,False,False,False,False
1782461954.374,0,0,0,0,0,-14.65,-41.35,0.0,0.0,0.0,0.0,0.0333,0,90,1,0.81,0,False,False,False,False,False,False
1782461954.397,0,0,0,0,0,-14.59,-41.44,0.0,0.0,0.0,0.0,0.0332,0,90,1,0.8,0,False,False,False,False,False,False
1782461954.421,0,0,0,0,0,-14.54,-41.52,0.0,0.0,0.0,0.0,0.0331,0,90,1,0.79,0,False,False,False,False,False,False
1782461954.445,0,0,0,0,0,-14.5,-41.58,0.0,0.0,0.0,0.0,0.0331,0,90,1,0.81,0,False,False,False,False,False,False
1782461954.464,0,0,0,0,0,-14.46,-41.62,0.0,0.0,0.0,0.0,0.033,0,90,1,0.84,0,False,False,False,False,False,False
1782461954.487,0,0,0,0,0,-14.44,-41.63,0.0,0.0,0.0,0.0,0.0329,0,90,1,0.85,0,False,False,False,False,False,False
1782461954.51,0,0,0,0,0,-14.42,-41.62,0.0,0.0,0.0,0.0,0.0328,0,90,1,0.83,0,False,False,False,False,False,False
1782461954.533,0,0,0,0,0,-14.4,-41.6,0.0,0.0,0.0,0.0,0.0327,0,90,1,0.8,0,False,False,False,False,False,False
1782461954.552,0,0,0,0,0,-14.39,-41.59,0.0,0.0,0.0,0.0,0.0326,0,90,1,0.78,0,False,False,False,False,False,False
1782461954.577,0,0,0,0,0,-14.37,-41.58,0.0,0.0,0.0,0.0,0.0325,0,90,1,0.78,0,False,False,False,False,False,False
1782461954.602,0,0,0,0,0,-14.35,-41.59,0.0,0.0,0.0,0.0,0.0324,0,90,1,0.79,0,False,False,False,False,False,False
1782461954.626,0,0,0,0,0,-14.32,-41.6,0.0,0.0,0.0,0.0,0.0323,0,90,1,0.79,0,False,False,False,False,False,False
1782461954.649,0,0,0,0,0,-14.29,-41.61,0.0,0.0,0.0,0.0,0.0322,0,90,1,0.78,0,False,False,False,False,False,False
1782461954.674,0,0,0,0,0,-14.25,-41.62,0.0,0.0,0.0,0.0,0.0322,0,90,1,0.78,0,False,False,False,False,False,False
1782461954.693,0,0,0,0,0,-14.22,-41.64,0.0,0.0,0.0,0.0,0.0321,0,90,1,0.78,0,False,False,False,False,False,False
1782461954.717,0,0,0,0,0,-14.2,-41.67,0.0,0.0,0.0,0.0,0.032,0,90,1,0.78,0,False,False,False,False,False,False
1782461954.74,0,0,0,0,0,-14.18,-41.68,0.0,0.0,0.0,0.0,0.0319,0,90,1,0.78,0,False,False,False,False,False,False
1782461954.76,0,0,0,0,0,-14.16,-41.68,0.0,0.0,0.0,0.0,0.0318,0,90,1,0.77,0,False,False,False,False,False,False
1782461954.784,0,0,0,0,0,-14.14,-41.68,0.0,0.0,0.0,0.0,0.0317,0,90,1,0.77,0,False,False,False,False,False,False
1782461954.807,0,0,0,0,0,-14.12,-41.69,0.0,0.0,0.0,0.0,0.0316,0,90,1,0.77,0,False,False,False,False,False,False
1782461954.831,0,0,0,0,0,-14.09,-41.7,0.0,0.0,0.0,0.0,0.0315,0,90,1,0.77,0,False,False,False,False,False,False
1782461954.855,0,0,0,0,0,-14.07,-41.71,0.0,0.0,0.0,0.0,0.0314,0,90,1,0.76,0,False,False,False,False,False,False
1782461954.879,0,0,0,0,0,-14.04,-41.71,0.0,0.0,0.0,0.0,0.0313,0,90,1,0.76,0,False,False,False,False,False,False
1782461954.903,0,0,0,0,0,-14.02,-41.72,0.0,0.0,0.0,0.0,0.0312,0,90,1,0.76,0,False,False,False,False,False,False
1782461954.927,0,0,0,0,0,-14.0,-41.73,0.0,0.0,0.0,0.0,0.0312,0,90,1,0.76,0,False,False,False,False,False,False
1782461954.953,0,0,0,0,0,-13.99,-41.73,0.0,0.0,0.0,0.0,0.0311,0,90,1,0.75,0,False,False,False,False,False,False
1782461954.975,0,0,0,0,0,-13.98,-41.74,0.0,0.0,0.0,0.0,0.031,0,90,1,0.75,0,False,False,False,False,False,False
1782461955.0,0,0,0,0,0,-13.97,-41.75,0.0,0.0,0.0,0.0,0.0309,0,90,1,0.74,0,False,False,False,False,False,False
1782461955.023,0,0,0,0,0,-13.95,-41.75,0.0,0.0,0.0,0.0,0.0308,0,90,1,0.71,0,False,False,False,False,False,False
1782461955.046,0,0,0,0,0,-13.94,-41.75,0.0,0.0,0.0,0.0,0.0307,0,90,1,0.67,0,False,False,False,False,False,False
1782461955.071,0,0,0,0,0,-13.93,-41.75,0.0,0.0,0.0,0.0,0.0306,0,90,1,0.66,0,False,False,False,False,False,False
1782461955.116,0,0,0,0,0,-13.92,-41.76,0.0,0.0,0.0,0.0,0.0305,0,90,1,0.66,0,False,False,False,False,False,False
1782461955.123,0,0,0,0,0,-13.91,-41.77,0.0,0.0,0.0,0.0,0.0304,0,90,1,0.66,0,False,False,False,False,False,False
1782461955.141,0,0,0,0,0,-13.9,-41.78,0.0,0.0,0.0,0.0,0.0303,0,90,1,0.65,0,False,False,False,False,False,False
1782461955.168,0,0,0,0,0,-13.89,-41.79,0.0,0.0,0.0,0.0,0.0302,0,90,1,0.63,0,False,False,False,False,False,False
1782461955.184,0,0,0,0,0,-13.88,-41.8,0.0,0.0,0.0,0.0,0.0301,0,90,1,0.61,0,False,False,False,False,False,False
1782461955.209,0,0,0,0,0,-13.87,-41.81,0.0,0.0,0.0,0.0,0.0301,0,90,1,0.59,0,False,False,False,False,False,False
1782461955.235,0,0,0,0,0,-13.86,-41.81,0.0,0.0,0.0,0.0,0.03,0,90,1,0.57,0,False,False,False,False,False,False
1782461955.257,0,0,0,0,0,-13.85,-41.81,0.0,0.0,0.0,0.0,0.0299,0,90,1,0.56,0,False,False,False,False,False,False
1782461955.277,0,0,0,0,0,-13.83,-41.82,0.0,0.0,0.0,0.0,0.0298,0,90,1,0.56,0,False,False,False,False,False,False
1782461955.301,0,0,0,0,0,-13.8,-41.83,0.0,0.0,0.0,0.0,0.0297,0,90,1,0.55,0,False,False,False,False,False,False
1782461955.324,0,0,0,0,0,-13.78,-41.84,0.0,0.0,0.0,0.0,0.0296,0,90,1,0.53,0,False,False,False,False,False,False
1782461955.348,0,0,0,0,0,-13.76,-41.85,0.0,0.0,0.0,0.0,0.0295,0,90,1,0.5,0,False,False,False,False,False,False
1782461955.373,0,0,0,0,0,-13.73,-41.85,0.0,0.0,0.0,0.0,0.0294,0,90,1,0.48,0,False,False,False,False,False,False
1782461955.397,0,0,0,0,0,-13.71,-41.86,0.0,0.0,0.0,0.0,0.0293,0,90,1,0.48,0,False,False,False,False,False,False
1782461955.42,0,0,0,0,0,-13.69,-41.87,0.0,0.0,0.0,0.0,0.0292,0,90,1,0.48,0,False,False,False,False,False,False
1782461955.444,0,0,0,0,0,-13.66,-41.88,0.0,0.0,0.0,0.0,0.0291,0,90,1,0.47,0,False,False,False,False,False,False
1782461955.468,0,0,0,0,0,-13.64,-41.88,0.0,0.0,0.0,0.0,0.0291,0,90,1,0.46,0,False,False,False,False,False,False
1782461955.493,0,0,0,0,0,-13.62,-41.89,0.0,0.0,0.0,0.0,0.029,0,90,1,0.46,0,False,False,False,False,False,False
1782461955.518,0,0,0,0,0,-13.6,-41.9,0.0,0.0,0.0,0.0,0.0289,0,90,1,0.46,0,False,False,False,False,False,False
1782461955.54,0,0,0,0,0,-13.57,-41.91,0.0,0.0,0.0,0.0,0.0288,0,90,1,0.46,0,False,False,False,False,False,False
1782461955.564,0,0,0,0,0,-13.55,-41.91,0.0,0.0,0.0,0.0,0.0287,0,90,1,0.46,0,False,False,False,False,False,False
1782461955.587,0,0,0,0,0,-13.53,-41.92,0.0,0.0,0.0,0.0,0.0286,0,90,1,0.44,0,False,False,False,False,False,False
1782461955.612,0,0,0,0,0,-13.51,-41.93,0.0,0.0,0.0,0.0,0.0285,0,90,1,0.4,0,False,False,False,False,False,False
1782461955.637,0,0,0,0,0,-13.49,-41.94,0.0,0.0,0.0,0.0,0.0284,0,90,1,0.34,0,False,False,False,False,False,False
1782461955.654,0,0,0,0,0,-13.47,-41.94,0.0,0.0,0.0,0.0,0.0283,0,90,1,0.31,0,False,False,False,False,False,False
1782461955.678,0,0,0,0,0,-13.45,-41.95,0.0,0.0,0.0,0.0,0.0282,0,90,1,0.31,0,False,False,False,False,False,False
1782461955.703,0,0,0,0,0,-13.42,-41.96,0.0,0.0,0.0,0.0,0.0282,0,90,0,0.29,0,False,False,False,False,False,False
1782461955.727,0,0,0,0,0,-13.4,-41.97,0.0,0.0,0.0,0.0,0.0281,0,90,0,0.22,0,False,False,False,False,False,False
1782461955.753,0,0,0,0,0,-13.38,-41.97,0.0,0.0,0.0,0.0,0.028,0,90,0,0.15,0,False,False,False,False,False,False
1782461955.775,0,0,0,0,0,-13.36,-41.98,0.0,0.0,0.0,0.0,0.0279,0,90,0,0.11,0,False,False,False,False,False,False
1782461955.8,0,0,0,0,0,-13.34,-41.99,0.0,0.0,0.0,0.0,0.0278,0,90,0,0.11,0,False,False,False,False,False,False
1782461955.823,0,0,0,0,0,-13.31,-42.0,0.0,0.0,0.0,0.0,0.0277,0,90,0,0.1,0,False,False,False,False,False,False
1782461955.848,0,0,0,0,0,-13.29,-42.0,0.0,0.0,0.0,0.0,0.0276,0,90,0,0.08,0,False,False,False,False,False,False
1782461955.871,0,0,0,0,0,-13.27,-42.01,0.0,0.0,0.0,0.0,0.0275,0,90,0,0.05,0,False,False,False,False,False,False
1782461955.895,0,0,0,0,0,-13.25,-42.02,0.0,0.0,0.0,0.0,0.0274,0,90,0,0.03,0,False,False,False,False,False,False
1782461955.915,0,0,0,0,0,-13.23,-42.03,0.0,0.0,0.0,0.0,0.0273,0,90,0,0.02,0,False,False,False,False,False,False
1782461955.937,0,0,0,0,0,-13.21,-42.04,0.0,0.0,0.0,0.0,0.0272,0,90,0,0.02,0,False,False,False,False,False,False
1782461955.964,0,0,0,0,0,-13.19,-42.04,0.0,0.0,0.0,0.0,0.0271,0,90,0,0.02,0,False,False,False,False,False,False
1782461955.987,0,0,0,0,0,-13.17,-42.05,0.0,0.0,0.0,0.0,0.027,0,90,0,0.01,0,False,False,False,False,False,False
1782461956.01,0,0,0,0,0,-13.14,-42.06,0.0,0.0,0.0,0.0,0.0269,0,90,0,0.01,0,False,False,False,False,False,False
1782461956.037,0,0,0,0,0,-13.12,-42.07,0.0,0.0,0.0,0.0,0.0269,0,90,0,0.0,0,False,False,False,False,False,False
1782461956.059,0,0,0,0,0,-13.1,-42.08,0.0,0.0,0.0,0.0,0.0268,0,90,0,0.0,0,False,False,False,False,False,False
1782461956.083,0,0,0,0,0,-13.08,-42.08,0.0,0.0,0.0,0.0,0.0267,0,90,0,0.0,0,False,False,False,False,False,False
1782461956.106,0,0,0,0,0,-13.05,-42.09,0.0,0.0,0.0,0.0,0.0266,0,90,0,0.0,0,False,False,False,False,False,False
1782461956.13,0,0,0,0,0,-13.03,-42.1,0.0,0.0,0.0,0.0,0.0265,0,90,0,0.0,0,False,False,False,False,False,False
1782461956.155,0,0,0,0,0,-13.01,-42.11,0.0,0.0,0.0,0.0,0.0264,0,90,0,0.0,0,False,False,False,False,False,False
1782461956.174,0,0,0,0,0,-12.99,-42.12,0.0,0.0,0.0,0.0,0.0263,0,90,0,0.0,0,False,False,False,False,False,False
1782461956.199,0,0,0,0,0,-12.97,-42.12,0.0,0.0,0.0,0.0,0.0262,0,90,0,0.0,0,False,False,False,False,False,False
1782461956.215,0,0,0,0,0,-12.95,-42.13,0.0,0.0,0.0,0.0,0.0261,0,90,0,0.0,0,False,False,False,False,False,False
1782461956.24,0,0,0,0,0,-12.93,-42.14,0.0,0.0,0.0,0.0,0.026,0,90,0,0.0,0,False,False,False,False,False,False
1782461956.263,0,0,0,0,0,-12.91,-42.15,0.0,0.0,0.0,0.0,0.0259,0,90,0,0.0,0,False,False,False,False,False,False
1782461956.288,0,0,0,0,0,-12.89,-42.16,0.0,0.0,0.0,0.0,0.0258,0,90,0,0.0,0,False,False,False,False,False,False
1782461956.311,0,0,0,0,0,-12.87,-42.17,0.0,0.0,0.0,0.0,0.0257,0,90,0,0.0,0,False,False,False,False,False,False
1782461956.337,0,0,0,0,0,-12.85,-42.17,0.0,0.0,0.0,0.0,0.0257,0,90,0,0.0,0,False,False,False,False,False,False
1782461956.361,0,0,0,0,0,-12.83,-42.18,0.0,0.0,0.0,0.0,0.0256,0,90,0,0.0,0,False,False,False,False,False,False
1782461956.38,0,0,0,0,0,-12.81,-42.19,0.0,0.0,0.0,0.0,0.0255,0,90,0,0.0,0,False,False,False,False,False,False
1782461956.404,0,0,0,0,0,-12.79,-42.2,0.0,0.0,0.0,0.0,0.0254,0,90,0,0.0,0,False,False,False,False,False,False
1782461956.427,0,0,0,0,0,-12.77,-42.21,0.0,0.0,0.0,0.0,0.0253,0,90,0,0.0,0,False,False,False,False,False,False
1782461956.453,0,0,0,0,0,-12.75,-42.22,0.0,0.0,0.0,0.0,0.0252,0,90,0,0.0,0,False,False,False,False,False,False
1782461956.476,0,0,0,0,0,-12.73,-42.23,0.0,0.0,0.0,0.0,0.0251,0,90,0,0.0,0,False,False,False,False,False,False
1782461956.5,0,0,0,0,0,-12.71,-42.24,0.0,0.0,0.0,0.0,0.025,0,90,0,0.0,0,False,False,False,False,False,False
1782461956.524,0,0,0,0,0,-12.69,-42.25,0.0,0.0,0.0,0.0,0.0249,0,90,0,0.0,0,False,False,False,False,False,False
1782461956.547,0,0,0,0,0,-12.67,-42.25,0.0,0.0,0.0,0.0,0.0249,0,90,0,0.0,0,False,False,False,False,False,False
1782461956.572,0,0,0,0,0,-12.65,-42.26,0.0,0.0,0.0,0.0,0.0248,0,90,0,0.0,0,False,False,False,False,False,False
1782461956.596,0,0,0,0,0,-12.63,-42.27,0.0,0.0,0.0,0.0,0.0247,0,90,0,0.0,0,False,False,False,False,False,False
1782461956.62,0,0,0,0,0,-12.61,-42.28,0.0,0.0,0.0,0.0,0.0246,0,90,0,0.0,0,False,False,False,False,False,False
1782461956.644,0,0,0,0,0,-12.59,-42.29,0.0,0.0,0.0,0.0,0.0245,0,90,0,0.0,0,False,False,False,False,False,False
1782461956.669,0,0,0,0,0,-12.57,-42.3,0.0,0.0,0.0,0.0,0.0244,0,90,0,0.0,0,False,False,False,False,False,False
1782461956.692,0,0,0,0,0,-12.54,-42.31,0.0,0.0,0.0,0.0,0.0243,0,90,0,0.0,0,False,False,False,False,False,False
1782461956.715,0,0,0,0,0,-12.52,-42.32,0.0,0.0,0.0,0.0,0.0242,0,90,0,0.0,0,False,False,False,False,False,False
1782461956.74,0,0,0,0,0,-12.5,-42.33,0.0,0.0,0.0,0.0,0.0241,0,90,0,0.0,0,False,False,False,False,False,False
1782461956.764,0,0,0,0,0,-12.48,-42.34,0.0,0.0,0.0,0.0,0.0241,0,90,0,0.0,0,False,False,False,False,False,False
1782461956.788,0,0,0,0,0,-12.46,-42.35,0.0,0.0,0.0,0.0,0.024,0,90,0,0.0,0,False,False,False,False,False,False
1782461956.805,0,0,0,0,0,-12.44,-42.36,0.0,0.0,0.0,0.0,0.0239,0,90,0,0.0,0,False,False,False,False,False,False
1782461956.829,0,0,0,0,0,-12.42,-42.37,0.0,0.0,0.0,0.0,0.0238,0,90,0,0.0,0,False,False,False,False,False,False
1782461956.855,0,0,0,0,0,-12.4,-42.38,0.0,0.0,0.0,0.0,0.0237,0,90,0,0.0,0,False,False,False,False,False,False
1782461956.879,0,0,0,0,0,-12.39,-42.39,0.0,0.0,0.0,0.0,0.0236,0,90,0,0.0,0,False,False,False,False,False,False
1782461956.904,0,0,0,0,0,-12.37,-42.4,0.0,0.0,0.0,0.0,0.0235,0,90,0,0.0,0,False,False,False,False,False,False
1782461956.926,0,0,0,0,0,-12.35,-42.41,0.0,0.0,0.0,0.0,0.0234,0,90,0,0.0,0,False,False,False,False,False,False
1782461956.95,0,0,0,0,0,-12.33,-42.42,0.0,0.0,0.0,0.0,0.0233,0,90,0,0.0,0,False,False,False,False,False,False
1782461956.973,0,0,0,0,0,-12.31,-42.43,0.0,0.0,0.0,0.0,0.0233,0,90,0,0.0,0,False,False,False,False,False,False
1782461956.998,0,0,0,0,0,-12.29,-42.44,0.0,0.0,0.0,0.0,0.0232,0,90,0,0.0,0,False,False,False,False,False,False
1782461957.023,0,0,0,0,0,-12.27,-42.45,0.0,0.0,0.0,0.0,0.0231,0,90,0,0.0,0,False,False,False,False,False,False
1782461957.046,0,0,0,0,0,-12.26,-42.46,0.0,0.0,0.0,0.0,0.023,0,90,0,0.0,0,False,False,False,False,False,False
1782461957.071,0,0,0,0,0,-12.24,-42.47,0.0,0.0,0.0,0.0,0.0229,0,90,0,0.0,0,False,False,False,False,False,False
1782461957.094,0,0,0,0,0,-12.22,-42.48,0.0,0.0,0.0,0.0,0.0228,0,90,0,0.0,0,False,False,False,False,False,False
1782461957.121,0,0,0,0,0,-12.2,-42.49,0.0,0.0,0.0,0.0,0.0227,0,90,0,0.0,0,False,False,False,False,False,False
1782461957.143,0,0,0,0,0,-12.18,-42.5,0.0,0.0,0.0,0.0,0.0226,0,90,0,0.0,0,False,False,False,False,False,False
1782461957.168,0,0,0,0,0,-12.16,-42.51,0.0,0.0,0.0,0.0,0.0226,0,90,0,0.0,0,False,False,False,False,False,False
1782461957.191,0,0,0,0,0,-12.14,-42.52,0.0,0.0,0.0,0.0,0.0225,0,90,0,0.0,0,False,False,False,False,False,False
1782461957.215,0,0,0,0,0,-12.12,-42.53,0.0,0.0,0.0,0.0,0.0224,0,90,0,0.0,0,False,False,False,False,False,False
1782461957.24,0,0,0,0,0,-12.1,-42.54,0.0,0.0,0.0,0.0,0.0223,0,90,0,0.0,0,False,False,False,False,False,False
1782461957.263,0,0,0,0,0,-12.08,-42.55,0.0,0.0,0.0,0.0,0.0222,0,90,0,0.0,0,False,False,False,False,False,False
1782461957.289,0,0,0,0,0,-12.07,-42.56,0.0,0.0,0.0,0.0,0.0221,0,90,0,0.0,0,False,False,False,False,False,False
1782461957.312,0,0,0,0,0,-12.05,-42.57,0.0,0.0,0.0,0.0,0.022,0,90,0,0.0,0,False,False,False,False,False,False
1782461957.337,0,0,0,0,0,-12.03,-42.58,0.0,0.0,0.0,0.0,0.0219,0,90,0,0.0,0,False,False,False,False,False,False
1782461957.36,0,0,0,0,0,-12.01,-42.59,0.0,0.0,0.0,0.0,0.0218,0,90,0,0.0,0,False,False,False,False,False,False
1782461957.384,0,0,0,0,0,-11.99,-42.6,0.0,0.0,0.0,0.0,0.0218,0,90,0,0.0,0,False,False,False,False,False,False
1782461957.408,0,0,0,0,0,-11.98,-42.61,0.0,0.0,0.0,0.0,0.0217,0,90,0,0.0,0,False,False,False,False,False,False
1782461957.431,0,0,0,0,0,-11.96,-42.63,0.0,0.0,0.0,0.0,0.0216,0,90,0,0.0,0,False,False,False,False,False,False
1782461957.45,0,0,0,0,0,-11.94,-42.64,0.0,0.0,0.0,0.0,0.0215,0,90,0,0.0,0,False,False,False,False,False,False
1782461957.475,0,0,0,0,0,-11.92,-42.65,0.0,0.0,0.0,0.0,0.0214,0,90,0,0.0,0,False,False,False,False,False,False
1782461957.499,0,0,0,0,0,-11.9,-42.65,0.0,0.0,0.0,0.0,0.0213,0,90,0,0.0,0,False,False,False,False,False,False
1782461957.522,0,0,0,0,0,-11.88,-42.66,0.0,0.0,0.0,0.0,0.0212,0,90,0,0.0,0,False,False,False,False,False,False
1782461957.547,0,0,0,0,0,-11.87,-42.68,0.0,0.0,0.0,0.0,0.0211,0,90,0,0.0,0,False,False,False,False,False,False
1782461957.571,0,0,0,0,0,-11.85,-42.69,0.0,0.0,0.0,0.0,0.021,0,90,0,0.0,0,False,False,False,False,False,False
1782461957.594,0,0,0,0,0,-11.83,-42.7,0.0,0.0,0.0,0.0,0.021,0,90,0,0.0,0,False,False,False,False,False,False
1782461957.62,0,0,0,0,0,-11.81,-42.71,0.0,0.0,0.0,0.0,0.0209,0,90,0,0.0,0,False,False,False,False,False,False
1782461957.643,0,0,0,0,0,-11.79,-42.72,0.0,0.0,0.0,0.0,0.0208,0,90,0,0.0,0,False,False,False,False,False,False
1782461957.661,0,0,0,0,0,-11.77,-42.73,0.0,0.0,0.0,0.0,0.0207,0,90,0,0.0,0,False,False,False,False,False,False
1782461957.685,0,0,0,0,0,-11.75,-42.74,0.0,0.0,0.0,0.0,0.0206,0,90,0,0.0,0,False,False,False,False,False,False
1782461957.709,0,0,0,0,0,-11.74,-42.75,0.0,0.0,0.0,0.0,0.0205,0,90,0,0.0,0,False,False,False,False,False,False
1782461957.733,0,0,0,0,0,-11.72,-42.76,0.0,0.0,0.0,0.0,0.0204,0,90,0,0.0,0,False,False,False,False,False,False
1782461957.757,0,0,0,0,0,-11.7,-42.77,0.0,0.0,0.0,0.0,0.0203,0,90,0,0.0,0,False,False,False,False,False,False
1782461957.781,0,0,0,0,0,-11.68,-42.78,0.0,0.0,0.0,0.0,0.0202,0,90,0,0.0,0,False,False,False,False,False,False
1782461957.805,0,0,0,0,0,-11.67,-42.8,0.0,0.0,0.0,0.0,0.0201,0,90,0,0.0,0,False,False,False,False,False,False
1782461957.829,0,0,0,0,0,-11.65,-42.81,0.0,0.0,0.0,0.0,0.0201,0,90,0,0.0,0,False,False,False,False,False,False
1782461957.854,0,0,0,0,0,-11.64,-42.82,0.0,0.0,0.0,0.0,0.02,0,90,0,0.0,0,False,False,False,False,False,False
1782461957.878,0,0,0,0,0,-11.62,-42.83,0.0,0.0,0.0,0.0,0.0199,0,90,0,0.0,0,False,False,False,False,False,False
1782461957.902,0,0,0,0,0,-11.6,-42.84,0.0,0.0,0.0,0.0,0.0198,0,90,0,0.0,0,False,False,False,False,False,False
1782461957.926,0,0,0,0,0,-11.58,-42.86,0.0,0.0,0.0,0.0,0.0197,0,90,0,0.0,0,False,False,False,False,False,False
1782461957.948,0,0,0,0,0,-11.56,-42.87,0.0,0.0,0.0,0.0,0.0196,0,90,0,0.0,0,False,False,False,False,False,False
1782461957.972,0,0,0,0,0,-11.55,-42.88,0.0,0.0,0.0,0.0,0.0195,0,90,0,0.0,0,False,False,False,False,False,False
1782461958.003,0,0,0,0,0,-11.53,-42.89,0.0,0.0,0.0,0.0,0.0194,0,90,0,0.0,0,False,False,False,False,False,False
1782461958.024,0,0,0,0,0,-11.52,-42.9,0.0,0.0,0.0,0.0,0.0194,0,90,0,0.0,0,False,False,False,False,False,False
1782461958.046,0,0,0,0,0,-11.5,-42.91,0.0,0.0,0.0,0.0,0.0193,0,90,0,0.0,0,False,False,False,False,False,False
1782461958.068,0,0,0,0,0,-11.49,-42.93,0.0,0.0,0.0,0.0,0.0192,0,90,0,0.0,0,False,False,False,False,False,False
1782461958.093,0,0,0,0,0,-11.47,-42.94,0.0,0.0,0.0,0.0,0.0191,0,90,0,0.0,0,False,False,False,False,False,False
1782461958.116,0,0,0,0,0,-11.46,-42.95,0.0,0.0,0.0,0.0,0.019,0,90,0,0.0,0,False,False,False,False,False,False
1782461958.14,0,0,0,0,0,-11.44,-42.96,0.0,0.0,0.0,0.0,0.0189,0,90,0,0.0,0,False,False,False,False,False,False
1782461958.165,0,0,0,0,0,-11.43,-42.98,0.0,0.0,0.0,0.0,0.0189,0,90,0,0.0,0,False,False,False,False,False,False
1782461958.188,0,0,0,0,0,-11.41,-42.99,0.0,0.0,0.0,0.0,0.0188,0,90,0,0.0,0,False,False,False,False,False,False
1782461958.214,0,0,0,0,0,-11.39,-43.0,0.0,0.0,0.0,0.0,0.0187,0,90,0,0.0,0,False,False,False,False,False,False
1782461958.231,0,0,0,0,0,-11.38,-43.01,0.0,0.0,0.0,0.0,0.0186,0,90,0,0.0,0,False,False,False,False,False,False
1782461958.256,0,0,0,0,0,-11.36,-43.02,0.0,0.0,0.0,0.0,0.0185,0,90,0,0.0,0,False,False,False,False,False,False
1782461958.28,0,0,0,0,0,-11.35,-43.03,0.0,0.0,0.0,0.0,0.0184,0,90,0,0.0,0,False,False,False,False,False,False
1782461958.306,0,0,0,0,0,-11.33,-43.04,0.0,0.0,0.0,0.0,0.0184,0,90,0,0.0,0,False,False,False,False,False,False
1782461958.329,0,0,0,0,0,-11.31,-43.06,0.0,0.0,0.0,0.0,0.0183,0,90,0,0.0,0,False,False,False,False,False,False
1782461958.345,0,0,0,0,0,-11.3,-43.07,0.0,0.0,0.0,0.0,0.0182,0,90,0,0.0,0,False,False,False,False,False,False
1782461958.371,0,0,0,0,0,-11.28,-43.08,0.0,0.0,0.0,0.0,0.0181,0,90,0,0.0,0,False,False,False,False,False,False
1782461958.392,0,0,0,0,0,-11.27,-43.09,0.0,0.0,0.0,0.0,0.018,0,90,0,0.0,0,False,False,False,False,False,False
1782461958.418,0,0,0,0,0,-11.26,-43.11,0.0,0.0,0.0,0.0,0.0179,0,90,0,0.0,0,False,False,False,False,False,False
1782461958.442,0,0,0,0,0,-11.24,-43.12,0.0,0.0,0.0,0.0,0.0179,0,90,0,0.0,0,False,False,False,False,False,False
1782461958.467,0,0,0,0,0,-11.22,-43.13,0.0,0.0,0.0,0.0,0.0178,0,90,0,0.0,0,False,False,False,False,False,False
1782461958.49,0,0,0,0,0,-11.2,-43.14,0.0,0.0,0.0,0.0,0.0177,0,90,0,0.0,0,False,False,False,False,False,False
1782461958.514,0,0,0,0,0,-11.18,-43.16,0.0,0.0,0.0,0.0,0.0176,0,90,0,0.0,0,False,False,False,False,False,False
1782461958.538,0,0,0,0,0,-11.16,-43.17,0.0,0.0,0.0,0.0,0.0175,0,90,0,0.0,0,False,False,False,False,False,False
1782461958.562,0,0,0,0,0,-11.15,-43.18,0.0,0.0,0.0,0.0,0.0175,0,90,0,0.0,0,False,False,False,False,False,False
1782461958.587,0,0,0,0,0,-11.13,-43.19,0.0,0.0,0.0,0.0,0.0174,0,90,0,0.0,0,False,False,False,False,False,False
1782461958.61,0,0,0,0,0,-11.12,-43.21,0.0,0.0,0.0,0.0,0.0173,0,90,0,0.0,0,False,False,False,False,False,False
1782461958.635,0,0,0,0,0,-11.1,-43.22,0.0,0.0,0.0,0.0,0.0172,0,90,0,0.0,0,False,False,False,False,False,False
1782461958.658,0,0,0,0,0,-11.08,-43.23,0.0,0.0,0.0,0.0,0.0171,0,90,0,0.0,0,False,False,False,False,False,False
1782461958.682,0,0,0,0,0,-11.07,-43.25,0.0,0.0,0.0,0.0,0.0171,0,90,0,0.0,0,False,False,False,False,False,False
1782461958.707,0,0,0,0,0,-11.05,-43.26,0.0,0.0,0.0,0.0,0.017,0,90,0,0.0,0,False,False,False,False,False,False
1782461958.73,0,0,0,0,0,-11.04,-43.27,0.0,0.0,0.0,0.0,0.0169,0,90,0,0.0,0,False,False,False,False,False,False
1782461958.755,0,0,0,0,0,-11.02,-43.29,0.0,0.0,0.0,0.0,0.0168,0,90,0,0.0,0,False,False,False,False,False,False
1782461958.774,0,0,0,0,0,-11.01,-43.3,0.0,0.0,0.0,0.0,0.0167,0,90,0,0.0,0,False,False,False,False,False,False
1782461958.798,0,0,0,0,0,-10.99,-43.31,0.0,0.0,0.0,0.0,0.0167,0,90,0,0.0,0,False,False,False,False,False,False
1782461958.817,0,0,0,0,0,-10.98,-43.32,0.0,0.0,0.0,0.0,0.0166,0,90,0,0.0,0,False,False,False,False,False,False
1782461958.84,0,0,0,0,0,-10.96,-43.34,0.0,0.0,0.0,0.0,0.0165,0,90,0,0.0,0,False,False,False,False,False,False
1782461958.863,0,0,0,0,0,-10.95,-43.35,0.0,0.0,0.0,0.0,0.0164,0,90,0,0.0,0,False,False,False,False,False,False
1782461958.889,0,0,0,0,0,-10.93,-43.36,0.0,0.0,0.0,0.0,0.0164,0,90,0,0.0,0,False,False,False,False,False,False
1782461958.913,0,0,0,0,0,-10.92,-43.37,0.0,0.0,0.0,0.0,0.0163,0,90,0,0.0,0,False,False,False,False,False,False
1782461958.937,0,0,0,0,0,-10.9,-43.39,0.0,0.0,0.0,0.0,0.0162,0,90,0,0.0,0,False,False,False,False,False,False
1782461958.959,0,0,0,0,0,-10.89,-43.4,0.0,0.0,0.0,0.0,0.0162,0,90,0,0.0,0,False,False,False,False,False,False
1782461958.983,0,0,0,0,0,-10.87,-43.41,0.0,0.0,0.0,0.0,0.0161,0,90,0,0.0,0,False,False,False,False,False,False
1782461959.008,0,0,0,0,0,-10.86,-43.43,0.0,0.0,0.0,0.0,0.016,0,90,0,0.0,0,False,False,False,False,False,False
1782461959.027,0,0,0,0,0,-10.84,-43.44,0.0,0.0,0.0,0.0,0.0159,0,90,0,0.0,0,False,False,False,False,False,False
1782461959.052,0,0,0,0,0,-10.83,-43.46,0.0,0.0,0.0,0.0,0.0159,0,90,0,0.0,0,False,False,False,False,False,False
1782461959.07,0,0,0,0,0,-10.81,-43.47,0.0,0.0,0.0,0.0,0.0158,0,90,0,0.0,0,False,False,False,False,False,False
1782461959.094,0,0,0,0,0,-10.8,-43.48,0.0,0.0,0.0,0.0,0.0157,0,90,0,0.0,0,False,False,False,False,False,False
1782461959.118,0,0,0,0,0,-10.79,-43.49,0.0,0.0,0.0,0.0,0.0157,0,90,0,0.0,0,False,False,False,False,False,False
1782461959.141,0,0,0,0,0,-10.77,-43.51,0.0,0.0,0.0,0.0,0.0156,0,90,0,0.0,0,False,False,False,False,False,False
1782461959.165,0,0,0,0,0,-10.76,-43.52,0.0,0.0,0.0,0.0,0.0155,0,90,0,0.0,0,False,False,False,False,False,False
1782461959.19,0,0,0,0,0,-10.74,-43.54,0.0,0.0,0.0,0.0,0.0155,0,90,0,0.0,0,False,False,False,False,False,False
1782461959.214,0,0,0,0,0,-10.73,-43.55,0.0,0.0,0.0,0.0,0.0154,0,90,0,0.0,0,False,False,False,False,False,False
1782461959.24,0,0,0,0,0,-10.73,-43.55,0.0,0.0,0.0,0.0,0.0153,0,90,0,0.0,0,False,False,False,False,False,False
1782461959.262,0,0,0,0,0,-10.73,-43.54,0.0,0.0,0.0,0.0,0.0153,0,90,0,0.0,0,False,False,False,False,False,False
1782461959.287,0,0,0,0,0,-10.72,-43.53,0.0,0.0,0.0,0.0,0.0152,0,90,0,0.0,0,False,False,False,False,False,False
1782461959.309,0,0,0,0,0,-10.72,-43.52,0.0,0.0,0.0,0.0,0.0151,0,90,0,0.0,0,False,False,False,False,False,False
1782461959.333,0,0,0,0,0,-10.71,-43.52,0.0,0.0,0.0,0.0,0.015,0,90,0,0.0,0,False,False,False,False,False,False
1782461959.359,0,0,0,0,0,-10.71,-43.51,0.0,0.0,0.0,0.0,0.015,0,90,0,0.0,0,False,False,False,False,False,False
1782461959.382,0,0,0,0,0,-10.71,-43.5,0.0,0.0,0.0,0.0,0.0149,0,90,0,0.0,0,False,False,False,False,False,False
1782461959.405,0,0,0,0,0,-10.71,-43.49,0.0,0.0,0.0,0.0,0.0148,0,90,0,0.0,0,False,False,False,False,False,False
1782461959.424,0,0,0,0,0,-10.71,-43.48,0.0,0.0,0.0,0.0,0.0147,0,90,0,0.0,0,False,False,False,False,False,False
1782461959.447,0,0,0,0,0,-10.7,-43.48,0.0,0.0,0.0,0.0,0.0147,0,90,0,0.0,0,False,False,False,False,False,False
1782461959.472,0,0,0,0,0,-10.69,-43.47,0.0,0.0,0.0,0.0,0.0146,0,90,0,0.0,0,False,False,False,False,False,False
1782461959.494,0,0,0,0,0,-10.69,-43.48,0.0,0.0,0.0,0.0,0.0145,0,90,0,0.0,0,False,False,False,False,False,False
1782461959.519,0,0,0,0,0,-10.68,-43.48,0.0,0.0,0.0,0.0,0.0144,0,90,0,0.0,0,False,False,False,False,False,False
1782461959.542,0,0,0,0,0,-10.68,-43.47,0.0,0.0,0.0,0.0,0.0144,0,90,0,0.0,0,False,False,False,False,False,False
1782461959.565,0,0,0,0,0,-10.69,-43.46,0.0,0.0,0.0,0.0,0.0143,0,90,0,0.0,0,False,False,False,False,False,False
1782461959.589,0,0,0,0,0,-10.7,-43.46,0.0,0.0,0.0,0.0,0.0142,0,90,0,0.0,0,False,False,False,False,False,False
1782461959.614,0,0,0,0,0,-10.7,-43.44,0.0,0.0,0.0,0.0,0.0142,0,90,0,0.0,0,False,False,False,False,False,False
1782461959.64,0,0,0,0,0,-10.71,-43.37,0.0,0.0,0.0,0.0,0.0141,0,90,0,0.0,0,False,False,False,False,False,False
1782461959.661,0,0,0,0,0,-10.76,-43.29,0.0,0.0,0.0,0.0,0.014,0,90,0,0.0,0,False,False,False,False,False,False
1782461959.686,0,0,0,0,0,-10.81,-43.26,0.0,0.0,0.0,0.0,0.0139,0,90,0,0.0,0,False,False,False,False,False,False
1782461959.709,0,0,0,0,0,-10.82,-43.27,0.0,0.0,0.0,0.0,0.0139,0,90,0,0.0,0,False,False,False,False,False,False
1782461959.736,0,0,0,0,0,-10.82,-43.29,0.0,0.0,0.0,0.0,0.0138,0,90,0,0.0,0,False,False,False,False,False,False
1782461959.753,0,0,0,0,0,-10.8,-43.31,0.0,0.0,0.0,0.0,0.0137,0,90,0,0.0,0,False,False,False,False,False,False
1782461959.778,0,0,0,0,0,-10.78,-43.33,0.0,0.0,0.0,0.0,0.0136,0,90,0,0.0,0,False,False,False,False,False,False
1782461959.8,0,0,0,0,0,-10.77,-43.34,0.0,0.0,0.0,0.0,0.0136,0,90,0,0.0,0,False,False,False,False,False,False
1782461959.825,0,0,0,0,0,-10.75,-43.35,0.0,0.0,0.0,0.0,0.0135,0,90,0,0.0,0,False,False,False,False,False,False
1782461959.85,0,0,0,0,0,-10.75,-43.36,0.0,0.0,0.0,0.0,0.0134,0,90,0,0.0,0,False,False,False,False,False,False
1782461959.872,0,0,0,0,0,-10.73,-43.38,0.0,0.0,0.0,0.0,0.0133,0,90,0,0.0,0,False,False,False,False,False,False
1782461959.896,0,0,0,0,0,-10.72,-43.39,0.0,0.0,0.0,0.0,0.0133,0,90,0,0.0,0,False,False,False,False,False,False
1782461959.918,0,0,0,0,0,-10.73,-43.44,0.0,0.0,0.0,0.0,0.0132,0,90,0,0.0,0,False,False,False,False,False,False
1782461959.943,0,0,0,0,0,-10.71,-43.53,0.0,0.0,0.0,0.0,0.0131,0,90,0,0.0,0,False,False,False,False,False,False
1782461959.967,0,0,0,0,0,-10.64,-43.61,0.0,0.0,0.0,0.0,0.013,0,90,0,0.0,0,False,False,False,False,False,False
1782461959.99,0,0,0,0,0,-10.56,-43.67,0.0,0.0,0.0,0.0,0.013,0,90,0,0.0,0,False,False,False,False,False,False
1782461960.014,0,0,0,0,0,-10.51,-43.71,0.0,0.0,0.0,0.0,0.0129,0,90,0,0.0,0,False,False,False,False,False,False
1782461960.04,0,0,0,0,0,-10.48,-43.74,0.0,0.0,0.0,0.0,0.0128,0,90,0,0.0,0,False,False,False,False,False,False
1782461960.062,0,0,0,0,0,-10.47,-43.76,0.0,0.0,0.0,0.0,0.0127,0,90,0,0.0,0,False,False,False,False,False,False
1782461960.088,0,0,0,0,0,-10.47,-43.76,0.0,0.0,0.0,0.0,0.0127,0,90,0,0.0,0,False,False,False,False,False,False
1782461960.11,0,0,0,0,0,-10.47,-43.75,0.0,0.0,0.0,0.0,0.0126,0,90,0,0.0,0,False,False,False,False,False,False
1782461960.133,0,0,0,0,0,-10.47,-43.74,0.0,0.0,0.0,0.0,0.0125,0,90,0,0.0,0,False,False,False,False,False,False
1782461960.158,0,0,0,0,0,-10.47,-43.73,0.0,0.0,0.0,0.0,0.0124,0,90,0,0.0,0,False,False,False,False,False,False
1782461960.182,0,0,0,0,0,-10.48,-43.72,0.0,0.0,0.0,0.0,0.0124,0,90,0,0.0,0,False,False,False,False,False,False
1782461960.205,0,0,0,0,0,-10.48,-43.7,0.0,0.0,0.0,0.0,0.0123,0,90,0,0.0,0,False,False,False,False,False,False
1782461960.228,0,0,0,0,0,-10.48,-43.67,0.0,0.0,0.0,0.0,0.0122,0,90,0,0.0,0,False,False,False,False,False,False
1782461960.253,0,0,0,0,0,-10.48,-43.65,0.0,0.0,0.0,0.0,0.0122,0,90,0,0.0,0,False,False,False,False,False,False
1782461960.271,0,0,0,0,0,-10.47,-43.65,0.0,0.0,0.0,0.0,0.0121,0,90,0,0.0,0,False,False,False,False,False,False
1782461960.296,0,0,0,0,0,-10.46,-43.67,0.0,0.0,0.0,0.0,0.012,0,90,0,0.0,0,False,False,False,False,False,False
1782461960.321,0,0,0,0,0,-10.45,-43.68,0.0,0.0,0.0,0.0,0.0119,0,90,0,0.0,0,False,False,False,False,False,False
1782461960.344,0,0,0,0,0,-10.45,-43.68,0.0,0.0,0.0,0.0,0.0119,0,90,0,0.0,0,False,False,False,False,False,False
1782461960.362,0,0,0,0,0,-10.42,-43.69,0.0,0.0,0.0,0.0,0.0118,0,90,0,0.0,0,False,False,False,False,False,False
1782461960.385,0,0,0,0,0,-10.39,-43.74,0.0,0.0,0.0,0.0,0.0117,0,90,0,0.0,0,False,False,False,False,False,False
1782461960.41,0,0,0,0,0,-10.36,-43.81,0.0,0.0,0.0,0.0,0.0116,0,90,0,0.0,0,False,False,False,False,False,False
1782461960.434,0,0,0,0,0,-10.33,-43.86,0.0,0.0,0.0,0.0,0.0116,0,90,0,0.0,0,False,False,False,False,False,False
1782461960.457,0,0,0,0,0,-10.31,-43.9,0.0,0.0,0.0,0.0,0.0115,0,90,0,0.0,0,False,False,False,False,False,False
1782461960.481,0,0,0,0,0,-10.29,-43.92,0.0,0.0,0.0,0.0,0.0114,0,90,0,0.0,0,False,False,False,False,False,False
1782461960.505,0,0,0,0,0,-10.28,-43.94,0.0,0.0,0.0,0.0,0.0113,0,90,0,0.0,0,False,False,False,False,False,False
1782461960.524,0,0,0,0,0,-10.26,-43.95,0.0,0.0,0.0,0.0,0.0113,0,90,0,0.0,0,False,False,False,False,False,False
1782461960.548,0,0,0,0,0,-10.26,-43.96,0.0,0.0,0.0,0.0,0.0112,0,90,0,0.0,0,False,False,False,False,False,False
1782461960.571,0,0,0,0,0,-10.26,-43.96,0.0,0.0,0.0,0.0,0.0111,0,90,0,0.0,0,False,False,False,False,False,False
1782461960.596,0,0,0,0,0,-10.25,-43.96,0.0,0.0,0.0,0.0,0.0111,0,90,0,0.0,0,False,False,False,False,False,False
1782461960.62,0,0,0,0,0,-10.25,-43.96,0.0,0.0,0.0,0.0,0.011,0,90,0,0.0,0,False,False,False,False,False,False
1782461960.643,0,0,0,0,0,-10.25,-43.98,0.0,0.0,0.0,0.0,0.0109,0,90,0,0.0,0,False,False,False,False,False,False
1782461960.667,0,0,0,0,0,-10.25,-44.03,0.0,0.0,0.0,0.0,0.0108,0,90,0,0.0,0,False,False,False,False,False,False
1782461960.69,0,0,0,0,0,-10.25,-44.07,0.0,0.0,0.0,0.0,0.0108,0,90,0,0.0,0,False,False,False,False,False,False
1782461960.723,0,0,0,0,0,-10.24,-44.11,0.0,0.0,0.0,0.0,0.0107,0,90,0,0.0,0,False,False,False,False,False,False
1782461960.732,0,0,0,0,0,-10.09,-44.18,0.0,0.0,0.0,0.0,0.0106,0,90,0,0.0,0,False,False,False,False,False,False
1782461960.756,0,0,0,0,0,-9.73,-44.21,0.0,0.0,0.0,0.0,0.0106,0,90,0,0.0,0,False,False,False,False,False,False
1782461960.781,0,0,0,0,0,-9.27,-44.06,0.0,0.0,0.0,0.0,0.0105,0,90,0,0.0,0,False,False,False,False,False,False
1782461960.804,0,0,0,0,0,-8.86,-43.89,0.0,0.0,0.0,0.0,0.0104,0,90,0,0.0,0,False,False,False,False,False,False
1782461960.825,0,0,0,0,0,-8.54,-43.77,0.0,0.0,0.0,0.0,0.0103,0,90,0,0.0,0,False,False,False,False,False,False
1782461960.847,0,0,0,0,0,-8.32,-43.43,0.0,0.0,0.0,0.0,0.0103,0,90,0,0.0,0,False,False,False,False,False,False
1782461960.871,0,0,0,0,0,-8.11,-42.94,0.0,0.0,0.0,0.0,0.0102,0,90,0,0.0,0,False,False,False,False,False,False
1782461960.894,0,0,0,0,0,-7.79,-42.52,0.0,0.0,0.0,0.0,0.0101,0,90,0,0.0,0,False,False,False,False,False,False
1782461960.914,0,0,0,0,0,-7.34,-42.19,0.0,0.0,0.0,0.0,0.0101,0,90,0,0.0,0,False,False,False,False,False,False
1782461960.937,0,0,0,0,0,-6.94,-41.92,0.0,0.0,0.0,0.0,0.01,0,90,0,0.0,0,False,False,False,False,False,False
1782461960.961,0,0,0,0,0,-6.7,-41.65,0.0,0.0,0.0,0.0,0.0099,0,90,0,0.0,0,False,False,False,False,False,False
1782461960.986,0,0,0,0,0,-6.59,-41.41,0.0,0.0,0.0,0.0,0.0099,0,90,0,0.0,0,False,False,False,False,False,False
1782461961.01,0,0,0,0,0,-6.53,-41.28,0.0,0.0,0.0,0.0,0.0098,0,90,0,0.0,0,False,False,False,False,False,False
1782461961.033,0,0,0,0,0,-6.48,-41.26,0.0,0.0,0.0,0.0,0.0098,0,90,0,0.0,0,False,False,False,False,False,False
1782461961.057,0,0,0,0,0,-6.44,-41.31,0.0,0.0,0.0,0.0,0.0097,0,90,0,0.0,0,False,False,False,False,False,False
1782461961.08,0,0,0,0,0,-6.41,-41.38,0.0,0.0,0.0,0.0,0.0096,0,90,0,0.0,0,False,False,False,False,False,False
1782461961.106,0,0,0,0,0,-6.37,-41.44,0.0,0.0,0.0,0.0,0.0096,0,90,0,0.0,0,False,False,False,False,False,False
1782461961.125,0,0,0,0,0,-6.35,-41.48,0.0,0.0,0.0,0.0,0.0095,0,90,0,0.0,0,False,False,False,False,False,False
1782461961.145,0,0,0,0,0,-6.33,-41.5,0.0,0.0,0.0,0.0,0.0094,0,90,0,0.0,0,False,False,False,False,False,False
1782461961.169,0,0,0,0,0,-6.32,-41.51,0.0,0.0,0.0,0.0,0.0093,0,90,0,0.0,0,False,False,False,False,False,False
1782461961.195,0,0,0,0,0,-6.32,-41.51,0.0,0.0,0.0,0.0,0.0093,0,90,0,0.0,0,False,False,False,False,False,False
1782461961.217,0,0,0,0,0,-6.31,-41.52,0.0,0.0,0.0,0.0,0.0092,0,90,0,0.0,0,False,False,False,False,False,False
1782461961.243,0,0,0,0,0,-6.3,-41.53,0.0,0.0,0.0,0.0,0.0091,0,90,0,0.0,0,False,False,False,False,False,False
1782461961.26,0,0,0,0,0,-6.3,-41.53,0.0,0.0,0.0,0.0,0.0091,0,90,0,0.0,0,False,False,False,False,False,False
1782461961.285,0,0,0,0,0,-6.28,-41.56,0.0,0.0,0.0,0.0,0.009,0,90,0,0.0,0,False,False,False,False,False,False
1782461961.309,0,0,0,0,0,-6.25,-41.6,0.0,0.0,0.0,0.0,0.0089,0,90,0,0.0,0,False,False,False,False,False,False
1782461961.333,0,0,0,0,0,-6.23,-41.62,0.0,0.0,0.0,0.0,0.0089,0,90,0,0.0,0,False,False,False,False,False,False
1782461961.357,0,0,0,0,0,-6.21,-41.64,0.0,0.0,0.0,0.0,0.0088,0,90,0,0.0,0,False,False,False,False,False,False
1782461961.375,0,0,0,0,0,-6.2,-41.65,0.0,0.0,0.0,0.0,0.0087,0,90,0,0.0,0,False,False,False,False,False,False
1782461961.399,0,0,0,0,0,-6.19,-41.67,0.0,0.0,0.0,0.0,0.0086,0,90,0,0.0,0,False,False,False,False,False,False
1782461961.419,0,0,0,0,0,-6.18,-41.68,0.0,0.0,0.0,0.0,0.0086,0,90,0,0.0,0,False,False,False,False,False,False
1782461961.443,0,0,0,0,0,-6.16,-41.7,0.0,0.0,0.0,0.0,0.0085,0,90,0,0.0,0,False,False,False,False,False,False
1782461961.467,0,0,0,0,0,-6.15,-41.72,0.0,0.0,0.0,0.0,0.0085,0,90,0,0.0,0,False,False,False,False,False,False
1782461961.49,0,0,0,0,0,-6.13,-41.74,0.0,0.0,0.0,0.0,0.0084,0,90,0,0.0,0,False,False,False,False,False,False
1782461961.514,0,0,0,0,0,-6.12,-41.76,0.0,0.0,0.0,0.0,0.0083,0,90,0,0.0,0,False,False,False,False,False,False
1782461961.538,0,0,0,0,0,-6.11,-41.78,0.0,0.0,0.0,0.0,0.0083,0,90,0,0.0,0,False,False,False,False,False,False
1782461961.562,0,0,0,0,0,-6.09,-41.8,0.0,0.0,0.0,0.0,0.0082,0,90,0,0.0,0,False,False,False,False,False,False
1782461961.585,0,0,0,0,0,-6.08,-41.82,0.0,0.0,0.0,0.0,0.0081,0,90,0,0.0,0,False,False,False,False,False,False
1782461961.611,0,0,0,0,0,-6.06,-41.84,0.0,0.0,0.0,0.0,0.0081,0,90,0,0.0,0,False,False,False,False,False,False
1782461961.633,0,0,0,0,0,-6.05,-41.86,0.0,0.0,0.0,0.0,0.008,0,90,0,0.0,0,False,False,False,False,False,False
1782461961.657,0,0,0,0,0,-6.04,-41.88,0.0,0.0,0.0,0.0,0.008,0,90,0,0.0,0,False,False,False,False,False,False
1782461961.681,0,0,0,0,0,-6.03,-41.9,0.0,0.0,0.0,0.0,0.0079,0,90,0,0.0,0,False,False,False,False,False,False
1782461961.705,0,0,0,0,0,-6.02,-41.92,0.0,0.0,0.0,0.0,0.0079,0,90,0,0.0,0,False,False,False,False,False,False
1782461961.729,0,0,0,0,0,-6.01,-41.93,0.0,0.0,0.0,0.0,0.0078,0,90,0,0.0,0,False,False,False,False,False,False
1782461961.753,0,0,0,0,0,-6.01,-41.93,0.0,0.0,0.0,0.0,0.0078,0,90,0,0.0,0,False,False,False,False,False,False
1782461961.777,0,0,0,0,0,-6.01,-41.93,0.0,0.0,0.0,0.0,0.0077,0,90,0,0.0,0,False,False,False,False,False,False
1782461961.802,0,0,0,0,0,-6.0,-42.11,0.0,0.0,0.0,0.0,0.0076,0,90,0,0.0,0,False,False,False,False,False,False
1782461961.827,0,0,0,0,0,-6.11,-42.54,0.0,0.0,0.0,0.0,0.0076,0,90,0,0.0,0,False,False,False,False,False,False
1782461961.848,0,0,0,0,0,-6.4,-42.85,0.0,0.0,0.0,0.0,0.0075,0,90,0,0.0,0,False,False,False,False,False,False
1782461961.871,0,0,0,0,0,-6.6,-42.8,0.0,0.0,0.0,0.0,0.0074,0,90,0,0.0,0,False,False,False,False,False,False
1782461961.894,0,0,0,0,0,-6.52,-42.63,0.0,0.0,0.0,0.0,0.0074,0,90,0,0.0,0,False,False,False,False,False,False
1782461961.919,0,0,0,0,0,-6.1,-42.61,0.0,0.0,0.0,0.0,0.0073,0,90,0,0.0,0,False,False,False,False,False,False
1782461961.943,0,0,0,0,0,-5.7,-42.85,0.0,0.0,0.0,0.0,0.0072,0,90,0,0.0,0,False,False,False,False,False,False
1782461961.967,0,0,0,0,0,-5.28,-43.19,0.0,0.0,0.0,0.0,0.0072,0,90,0,0.0,0,False,False,False,False,False,False
1782461961.99,0,0,0,0,0,-4.07,-43.48,0.0,0.0,0.0,0.0,0.0071,0,90,0,0.0,0,False,False,False,False,False,False
1782461962.014,0,0,0,0,0,-2.25,-43.69,0.0,0.0,0.0,0.0,0.007,0,90,0,0.01,0,False,False,False,False,False,False
1782461962.038,0,0,0,0,0,-0.48,-43.88,0.0,0.0,0.0,0.0,0.007,0,90,0,0.01,0,False,False,False,False,False,False
1782461962.057,0,0,0,0,0,1.09,-44.06,0.0,0.0,0.0,0.0,0.0069,0,90,0,0.01,0,False,False,False,False,False,False
1782461962.08,0,0,0,0,0,2.47,-44.26,0.0,0.0,0.0,0.0,0.0069,0,90,0,0.01,0,False,False,False,False,False,False
1782461962.104,0,0,0,0,0,3.78,-44.49,0.0,0.0,0.0,0.0,0.0068,0,90,0,0.01,0,False,False,False,False,False,False
1782461962.128,0,0,0,0,0,5.1,-44.7,0.0,0.0,0.0,0.0,0.0067,0,90,0,0.01,0,False,False,False,False,False,False
1782461962.151,0,0,0,0,0,6.4,-44.86,0.0,0.0,0.0,0.0,0.0067,0,90,0,0.02,0,False,False,False,False,False,False
1782461962.177,0,0,0,0,0,7.65,-45.01,0.0,0.0,0.0,0.0,0.0066,0,90,0,0.02,0,False,False,False,False,False,False
1782461962.198,0,0,0,0,0,8.84,-45.2,0.0,0.0,0.0,0.0,0.0065,0,90,0,0.02,0,False,False,False,False,False,False
1782461962.224,0,0,0,0,0,10.01,-45.43,0.0,0.0,0.0,0.0,0.0065,0,90,0,0.02,0,False,False,False,False,False,False
1782461962.247,0,0,0,0,0,11.17,-45.63,0.0,0.0,0.0,0.0,0.0064,0,90,0,0.03,0,False,False,False,False,False,False
1782461962.27,0,0,0,0,0,12.32,-45.78,0.0,0.0,0.0,0.0,0.0063,0,90,0,0.03,0,False,False,False,False,False,False
1782461962.294,0,0,0,0,0,13.47,-45.9,0.0,0.0,0.0,0.0,0.0063,0,90,0,0.03,0,False,False,False,False,False,False
1782461962.318,0,0,0,0,0,14.58,-46.0,0.0,0.0,0.0,0.0,0.0062,0,90,0,0.03,0,False,False,False,False,False,False
1782461962.343,0,0,0,0,0,15.65,-46.12,0.0,0.0,0.0,0.0,0.0062,0,90,0,0.03,0,False,False,False,False,False,False
1782461962.365,0,0,0,0,0,16.73,-46.24,0.0,0.0,0.0,0.0,0.0061,0,90,0,0.03,0,False,False,False,False,False,False
1782461962.389,0,0,0,0,0,17.88,-46.33,0.0,0.0,0.0,0.0,0.006,0,90,0,0.03,0,False,False,False,False,False,False
1782461962.413,0,0,0,0,0,19.11,-46.4,0.0,0.0,0.0,0.0,0.006,0,90,0,0.03,0,False,False,False,False,False,False
1782461962.437,0,0,0,0,0,20.33,-46.45,0.0,0.0,0.0,0.0,0.0059,0,90,0,0.03,0,False,False,False,False,False,False
1782461962.461,0,0,0,0,0,21.42,-46.47,0.0,0.0,0.0,0.0,0.0058,0,90,0,0.03,0,False,False,False,False,False,False
1782461962.485,0,0,0,0,0,22.28,-46.39,0.0,0.0,0.0,0.0,0.0058,0,90,0,0.03,0,False,False,False,False,False,False
1782461962.51,0,0,0,0,0,22.86,-46.23,0.0,0.0,0.0,0.0,0.0057,0,90,0,0.03,0,False,False,False,False,False,False
1782461962.534,0,0,0,0,0,23.27,-46.04,0.0,0.0,0.0,0.0,0.0056,0,90,0,0.03,0,False,False,False,False,False,False
1782461962.557,0,0,0,0,0,23.74,-45.88,0.0,0.0,0.0,0.0,0.0056,0,90,0,0.03,0,False,False,False,False,False,False
1782461962.584,0,0,0,0,0,24.39,-45.79,0.0,0.0,0.0,0.0,0.0055,0,90,0,0.03,0,False,False,False,False,False,False
1782461962.604,0,0,0,0,0,25.07,-45.8,0.0,0.0,0.0,0.0,0.0054,0,90,0,0.03,0,False,False,False,False,False,False
1782461962.629,0,0,0,0,0,25.58,-45.87,0.0,0.0,0.0,0.0,0.0054,0,90,0,0.03,0,False,False,False,False,False,False
1782461962.653,0,0,0,0,0,25.8,-45.94,0.0,0.0,0.0,0.0,0.0053,0,90,0,0.03,0,False,False,False,False,False,False
1782461962.677,0,0,0,0,0,25.76,-45.98,0.0,0.0,0.0,0.0,0.0052,0,90,0,0.03,0,False,False,False,False,False,False
1782461962.699,0,0,0,0,0,25.54,-46.05,0.0,0.0,0.0,0.0,0.0052,0,90,0,0.03,0,False,False,False,False,False,False
1782461962.722,0,0,0,0,0,25.14,-46.11,0.0,0.0,0.0,0.0,0.0051,0,90,0,0.03,0,False,False,False,False,False,False
1782461962.745,0,0,0,0,0,24.82,-46.1,0.0,0.0,0.0,0.0,0.005,0,90,0,0.04,0,False,False,False,False,False,False
1782461962.77,0,0,0,0,0,24.56,-46.2,0.0,0.0,0.0,0.0,0.005,0,90,0,0.04,0,False,False,False,False,False,False
1782461962.794,0,0,0,0,0,23.78,-46.61,0.0,0.0,0.0,0.0,0.0049,0,90,0,0.04,0,False,False,False,False,False,False
1782461962.817,0,0,0,0,0,22.73,-47.13,0.0,0.0,0.0,0.0,0.0048,0,90,0,0.04,0,False,False,False,False,False,False
1782461962.841,0,0,0,0,0,21.99,-47.55,0.0,0.0,0.0,0.0,0.0048,0,90,0,0.04,0,False,False,False,False,False,False
1782461962.866,0,0,0,0,0,21.64,-47.82,0.0,0.0,0.0,0.0,0.0047,0,90,0,0.04,0,False,False,False,False,False,False
1782461962.888,0,0,0,0,0,21.64,-47.98,0.0,0.0,0.0,0.0,0.0046,0,90,0,0.04,0,False,False,False,False,False,False
1782461962.912,0,0,0,0,0,21.91,-48.03,0.0,0.0,0.0,0.0,0.0046,0,90,0,0.04,0,False,False,False,False,False,False
1782461962.936,0,0,0,0,0,22.24,-48.05,0.0,0.0,0.0,0.0,0.0045,0,90,0,0.04,0,False,False,False,False,False,False
1782461962.959,0,0,0,0,0,22.43,-48.07,0.0,0.0,0.0,0.0,0.0044,0,90,0,0.04,0,False,False,False,False,False,False
1782461962.982,0,0,0,0,0,22.42,-48.08,0.0,0.0,0.0,0.0,0.0044,0,90,0,0.04,0,False,False,False,False,False,False
1782461963.007,0,0,0,0,0,22.28,-48.06,0.0,0.0,0.0,0.0,0.0043,0,90,0,0.05,0,False,False,False,False,False,False
1782461963.031,0,0,0,0,0,22.0,-48.0,0.0,0.0,0.0,0.0,0.0042,0,90,0,0.05,0,False,False,False,False,False,False
1782461963.055,0,0,0,0,0,21.79,-47.97,0.0,0.0,0.0,0.0,0.0042,0,90,0,0.06,0,False,False,False,False,False,False
1782461963.08,0,0,0,0,0,21.54,-48.02,0.0,0.0,0.0,0.0,0.0041,0,90,0,0.06,0,False,False,False,False,False,False
1782461963.103,0,0,0,0,0,20.79,-48.09,0.0,0.0,0.0,0.0,0.0041,0,90,0,0.06,0,False,False,False,False,False,False
1782461963.127,0,0,0,0,0,19.64,-48.1,0.0,0.0,0.0,0.0,0.004,0,90,0,0.06,0,False,False,False,False,False,False
1782461963.151,0,0,0,0,0,18.47,-48.21,0.0,0.0,0.0,0.0,0.0039,0,90,0,0.06,0,False,False,False,False,False,False
1782461963.172,0,0,0,0,0,17.39,-48.6,0.0,0.0,0.0,0.0,0.0039,0,90,0,0.06,0,False,False,False,False,False,False
1782461963.199,0,0,0,0,0,16.5,-49.07,0.0,0.0,0.0,0.0,0.0038,0,90,0,0.07,0,False,False,False,False,False,False
1782461963.222,0,0,0,0,0,15.78,-49.42,0.0,0.0,0.0,0.0,0.0038,0,90,0,0.07,0,False,False,False,False,False,False
1782461963.247,0,0,0,0,0,15.09,-49.67,0.0,0.0,0.0,0.0,0.0037,0,90,0,0.07,0,False,False,False,False,False,False
1782461963.269,0,0,0,0,0,14.29,-49.9,0.0,0.0,0.0,0.0,0.0037,0,90,0,0.07,0,False,False,False,False,False,False
1782461963.294,0,0,0,0,0,13.33,-50.11,0.0,0.0,0.0,0.0,0.0036,0,90,0,0.07,0,False,False,False,False,False,False
1782461963.317,0,0,0,0,0,12.25,-50.29,0.0,0.0,0.0,0.0,0.0035,0,90,0,0.07,0,False,False,False,False,False,False
1782461963.341,0,0,0,0,0,11.06,-50.44,0.0,0.0,0.0,0.0,0.0035,0,90,0,0.07,0,False,False,False,False,False,False
1782461963.365,0,0,0,0,0,9.7,-50.57,0.0,0.0,0.0,0.0,0.0034,0,90,0,0.07,0,False,False,False,False,False,False
1782461963.385,0,0,0,0,0,8.09,-50.67,0.0,0.0,0.0,0.0,0.0034,0,90,0,0.08,0,False,False,False,False,False,False
1782461963.411,0,0,0,0,0,6.21,-50.69,0.0,0.0,0.0,0.0,0.0033,0,90,0,0.08,0,False,False,False,False,False,False
1782461963.436,0,0,0,0,0,4.16,-50.57,0.0,0.0,0.0,0.0,0.0032,0,90,0,0.08,0,False,False,False,False,False,False
1782461963.46,0,0,0,0,0,2.03,-50.31,0.0,0.0,0.0,0.0,0.0032,0,90,0,0.07,0,False,False,False,False,False,False
1782461963.484,0,0,0,0,0,-0.08,-50.12,0.0,0.0,0.0,0.0,0.0031,0,90,0,0.07,0,False,False,False,False,False,False
1782461963.506,0,0,0,0,0,-2.21,-49.98,0.0,0.0,0.0,0.0,0.0031,0,90,0,0.08,0,False,False,False,False,False,False
1782461963.529,0,0,0,0,0,-4.53,-49.53,0.0,0.0,0.0,0.0,0.003,0,90,0,0.08,0,False,False,False,False,False,False
1782461963.554,0,0,0,0,0,-7.21,-48.89,0.0,0.0,0.0,0.0,0.003,0,90,0,0.07,0,False,False,False,False,False,False
1782461963.577,0,0,0,0,0,-9.99,-48.54,0.0,0.0,0.0,0.0,0.0029,0,90,0,0.07,0,False,False,False,False,False,False
1782461963.601,0,0,0,0,0,-12.11,-48.66,0.0,0.0,0.0,0.0,0.0029,0,90,0,0.06,0,False,False,False,False,False,False
1782461963.625,0,0,0,0,0,-13.03,-49.18,0.0,0.0,0.0,0.0,0.0028,0,90,0,0.06,0,False,False,False,False,False,False
1782461963.648,0,0,0,0,0,-13.22,-49.64,0.0,0.0,0.0,0.0,0.0028,0,90,0,0.06,0,False,False,False,False,False,False
1782461963.672,0,0,0,0,0,-13.39,-49.95,0.0,0.0,0.0,0.0,0.0027,0,90,0,0.07,0,False,False,False,False,False,False
1782461963.698,0,0,0,0,0,-13.78,-50.64,0.0,0.0,0.0,0.0,0.0027,0,90,0,0.07,0,False,False,False,False,False,False
1782461963.719,0,0,0,0,0,-14.22,-51.47,0.0,0.0,0.0,0.0,0.0026,0,90,0,0.07,0,False,False,False,False,False,False
1782461963.745,0,0,0,0,0,-14.51,-51.9,0.0,0.0,0.0,0.0,0.0026,0,90,0,0.07,0,False,False,False,False,False,False
1782461963.767,0,0,0,0,0,-14.64,-51.98,0.0,0.0,0.0,0.0,0.0025,0,90,0,0.07,0,False,False,False,False,False,False
1782461963.793,0,0,0,0,0,-14.67,-51.93,0.0,0.0,0.0,0.0,0.0025,0,90,0,0.08,0,False,False,False,False,False,False
1782461963.817,0,0,0,0,0,-14.68,-51.88,0.0,0.0,0.0,0.0,0.0024,0,90,0,0.09,0,False,False,False,False,False,False
1782461963.84,0,0,0,0,0,-14.69,-51.86,0.0,0.0,0.0,0.0,0.0023,0,90,0,0.1,0,False,False,False,False,False,False
1782461963.863,0,0,0,0,0,-14.7,-51.86,0.0,0.0,0.0,0.0,0.0023,0,90,0,0.1,0,False,False,False,False,False,False
1782461963.888,0,0,0,0,0,-14.72,-51.89,0.0,0.0,0.0,0.0,0.0022,0,90,0,0.1,0,False,False,False,False,False,False
1782461963.907,0,0,0,0,0,-14.74,-51.91,0.0,0.0,0.0,0.0,0.0022,0,90,0,0.1,0,False,False,False,False,False,False
1782461963.93,0,0,0,0,0,-14.75,-51.94,0.0,0.0,0.0,0.0,0.0021,0,90,0,0.1,0,False,False,False,False,False,False
1782461963.955,0,0,0,0,0,-14.75,-51.96,0.0,0.0,0.0,0.0,0.0021,0,90,0,0.11,0,False,False,False,False,False,False
1782461963.979,0,0,0,0,0,-14.76,-52.0,0.0,0.0,0.0,0.0,0.002,0,90,0,0.11,0,False,False,False,False,False,False
1782461964.002,0,0,0,0,0,-14.77,-52.03,0.0,0.0,0.0,0.0,0.002,0,90,0,0.11,0,False,False,False,False,False,False
1782461964.027,0,0,0,0,0,-14.78,-52.04,0.0,0.0,0.0,0.0,0.0019,0,90,0,0.11,0,False,False,False,False,False,False
1782461964.049,0,0,0,0,0,-14.77,-52.04,0.0,0.0,0.0,0.0,0.0019,0,90,0,0.11,0,False,False,False,False,False,False
1782461964.074,0,0,0,0,0,-14.79,-52.02,0.0,0.0,0.0,0.0,0.0018,0,90,0,0.11,0,False,False,False,False,False,False
1782461964.098,0,0,0,0,0,-14.82,-52.0,0.0,0.0,0.0,0.0,0.0018,0,90,0,0.11,0,False,False,False,False,False,False
1782461964.12,0,0,0,0,0,-14.82,-52.0,0.0,0.0,0.0,0.0,0.0017,0,90,0,0.11,0,False,False,False,False,False,False
1782461964.145,0,0,0,0,0,-14.81,-52.0,0.0,0.0,0.0,0.0,0.0017,0,90,0,0.11,0,False,False,False,False,False,False
1782461964.17,0,0,0,0,0,-14.77,-51.97,0.0,0.0,0.0,0.0,0.0016,0,90,0,0.11,0,False,False,False,False,False,False
1782461964.192,0,0,0,0,0,-14.32,-51.52,0.0,0.0,0.0,0.0,0.0016,0,90,0,0.1,0,False,False,False,False,False,False
1782461964.215,0,0,0,0,0,-13.32,-50.35,0.0,0.0,0.0,0.0,0.0015,0,90,0,0.1,0,False,False,False,False,False,False
1782461964.24,0,0,0,0,0,-12.55,-49.02,0.0,0.0,0.0,0.0,0.0015,0,90,0,0.11,0,False,False,False,False,False,False
1782461964.264,0,0,0,0,0,-12.47,-48.0,0.0,0.0,0.0,0.0,0.0014,0,90,0,0.11,0,False,False,False,False,False,False
1782461964.287,0,0,0,0,0,-12.76,-47.16,0.0,0.0,0.0,0.0,0.0014,0,90,0,0.1,0,False,False,False,False,False,False
1782461964.312,0,0,0,0,0,-13.1,-46.36,0.0,0.0,0.0,0.0,0.0013,0,90,0,0.11,0,False,False,False,False,False,False
1782461964.335,0,0,0,0,0,-13.33,-45.58,0.0,0.0,0.0,0.0,0.0013,0,90,0,0.11,0,False,False,False,False,False,False
1782461964.364,0,0,0,0,0,-13.5,-44.87,0.0,0.0,0.0,0.0,0.0013,0,90,0,0.11,0,False,False,False,False,False,False
1782461964.383,0,0,0,0,0,-13.62,-44.27,0.0,0.0,0.0,0.0,0.0012,0,90,0,0.11,0,False,False,False,False,False,False
1782461964.407,0,0,0,0,0,-13.61,-43.8,0.0,0.0,0.0,0.0,0.0012,0,90,0,0.11,0,False,False,False,False,False,False
1782461964.43,0,0,0,0,0,-13.43,-43.4,0.0,0.0,0.0,0.0,0.0011,0,90,0,0.11,0,False,False,False,False,False,False
1782461964.453,0,0,0,0,0,-13.09,-43.0,0.0,0.0,0.0,0.0,0.0011,0,90,0,0.11,0,False,False,False,False,False,False
1782461964.477,0,0,0,0,0,-12.63,-42.48,0.0,0.0,0.0,0.0,0.001,0,90,0,0.11,0,False,False,False,False,False,False
1782461964.501,0,0,0,0,0,-12.18,-41.78,0.0,0.0,0.0,0.0,0.001,0,90,0,0.11,0,False,False,False,False,False,False
1782461964.525,0,0,0,0,0,-11.81,-40.98,0.0,0.0,0.0,0.0,0.0009,0,90,0,0.11,0,False,False,False,False,False,False
1782461964.548,0,0,0,0,0,-11.53,-40.16,0.0,0.0,0.0,0.0,0.0009,0,90,0,0.11,0,False,False,False,False,False,False
1782461964.572,0,0,0,0,0,-11.32,-39.36,0.0,0.0,0.0,0.0,0.0009,0,90,0,0.11,0,False,False,False,False,False,False
1782461964.594,0,0,0,0,0,-11.08,-38.53,0.0,0.0,0.0,0.0,0.0008,0,90,0,0.12,0,False,False,False,False,False,False
1782461964.617,0,0,0,0,0,-10.77,-37.66,0.0,0.0,0.0,0.0,0.0008,0,90,0,0.12,0,False,False,False,False,False,False
1782461964.643,0,0,0,0,0,-10.45,-36.79,0.0,0.0,0.0,0.0,0.0007,0,90,0,0.12,0,False,False,False,False,False,False
1782461964.667,0,0,0,0,0,-10.19,-35.98,0.0,0.0,0.0,0.0,0.0007,0,90,0,0.12,0,False,False,False,False,False,False
1782461964.689,0,0,0,0,0,-10.01,-35.26,0.0,0.0,0.0,0.0,0.0006,0,90,0,0.12,0,False,False,False,False,False,False
1782461964.714,0,0,0,0,0,-9.94,-34.64,0.0,0.0,0.0,0.0,0.0006,0,90,0,0.12,0,False,False,False,False,False,False
1782461964.737,0,0,0,0,0,-10.04,-34.1,0.0,0.0,0.0,0.0,0.0006,0,90,0,0.12,0,False,False,False,False,False,False
1782461964.763,0,0,0,0,0,-10.21,-33.59,0.0,0.0,0.0,0.0,0.0005,0,90,0,0.12,0,False,False,False,False,False,False
1782461964.786,0,0,0,0,0,-10.35,-33.11,0.0,0.0,0.0,0.0,0.0005,0,90,0,0.11,0,False,False,False,False,False,False
1782461964.81,0,0,0,0,0,-10.38,-32.67,0.0,0.0,0.0,0.0,0.0004,0,90,0,0.11,0,False,False,False,False,False,False
1782461964.831,0,0,0,0,0,-10.36,-32.24,0.0,0.0,0.0,0.0,0.0004,0,90,0,0.11,0,False,False,False,False,False,False
1782461964.855,0,0,0,0,0,-10.38,-31.81,0.0,0.0,0.0,0.0,0.0004,0,90,0,0.11,0,False,False,False,False,False,False
1782461964.879,0,0,0,0,0,-10.46,-31.37,0.0,0.0,0.0,0.0,0.0003,0,90,0,0.11,0,False,False,False,False,False,False
1782461964.903,0,0,0,0,0,-10.56,-30.91,0.0,0.0,0.0,0.0,0.0003,0,90,0,0.11,0,False,False,False,False,False,False
1782461964.921,0,0,0,0,0,-10.66,-30.48,0.0,0.0,0.0,0.0,0.0002,0,90,0,0.11,0,False,False,False,False,False,False
1782461964.945,0,0,0,0,0,-10.75,-30.12,0.0,0.0,0.0,0.0,0.0002,0,90,0,0.11,0,False,False,False,False,False,False
1782461964.97,0,0,0,0,0,-10.79,-29.83,0.0,0.0,0.0,0.0,0.0002,0,90,0,0.1,0,False,False,False,False,False,False
1782461964.993,0,0,0,0,0,-10.75,-29.57,0.0,0.0,0.0,0.0,0.0001,0,90,0,0.1,0,False,False,False,False,False,False
1782461965.017,0,0,0,0,0,-10.64,-29.3,0.0,0.0,0.0,0.0,0.0001,0,90,0,0.1,0,False,False,False,False,False,False
1782461965.041,0,0,0,0,0,-10.53,-29.02,0.0,0.0,0.0,0.0,0.0001,0,90,0,0.1,0,False,False,False,False,False,False
1782461965.064,0,0,0,0,0,-10.49,-28.73,0.0,0.0,0.0,0.0,0.0001,0,90,0,0.1,0,False,False,False,False,False,False
1782461965.088,0,0,0,0,0,-10.49,-28.45,0.0,0.0,0.0,0.0,0.0,0,90,0,0.1,0,False,False,False,False,False,False
1782461965.111,0,0,0,0,0,-10.46,-28.13,0.0,0.0,0.0,0.0,0.0,0,90,0,0.09,0,False,False,False,False,False,False
1782461965.134,0,0,0,0,0,-10.34,-27.74,0.0,0.0,0.0,0.0,0.0,0,90,0,0.09,0,False,False,False,False,False,False
1782461965.159,0,0,0,0,0,-10.24,-27.23,0.0,0.0,0.0,0.0,0.0,0,90,0,0.09,0,False,False,False,False,False,False
1782461965.182,0,0,0,0,0,-10.21,-26.64,0.0,0.0,0.0,0.0,0.0,0,90,0,0.09,0,False,False,False,False,False,False
1782461965.207,0,0,0,0,0,-10.09,-26.0,0.0,0.0,0.0,0.0,0.0,0,90,0,0.08,0,False,False,False,False,False,False
1782461965.23,0,0,0,0,0,-9.91,-25.31,0.0,0.0,0.0,0.0,0.0,0,90,0,0.06,0,False,False,False,False,False,False
1782461965.254,0,0,0,0,0,-9.76,-24.61,0.0,0.0,0.0,0.0,0.0,0,90,0,0.06,0,False,False,False,False,False,False
1782461965.28,0,0,0,0,0,-9.63,-23.95,0.0,0.0,0.0,0.0,0.0,0,90,0,0.06,0,False,False,False,False,False,False
1782461965.302,0,0,0,0,0,-9.5,-23.35,0.0,0.0,0.0,0.0,0.0,0,90,0,0.06,0,False,False,False,False,False,False
1782461965.324,0,0,0,0,0,-9.4,-22.81,0.0,0.0,0.0,0.0,0.0,0,90,0,0.06,0,False,False,False,False,False,False
1782461965.344,0,0,0,0,0,-9.42,-22.29,0.0,0.0,0.0,0.0,0.0,0,90,0,0.05,0,False,False,False,False,False,False
1782461965.368,0,0,0,0,0,-9.57,-21.75,0.0,0.0,0.0,0.0,0.0,0,90,0,0.05,0,False,False,False,False,False,False
1782461965.391,0,0,0,0,0,-9.79,-21.17,0.0,0.0,0.0,0.0,0.0,0,90,0,0.05,0,False,False,False,False,False,False
1782461965.415,0,0,0,0,0,-9.98,-20.6,0.0,0.0,0.0,0.0,0.0,0,90,0,0.05,0,False,False,False,False,False,False
1782461965.437,0,0,0,0,0,-10.12,-20.15,0.0,0.0,0.0,0.0,0.0,0,90,0,0.05,0,False,False,False,False,False,False
1782461965.462,0,0,0,0,0,-10.23,-19.83,0.0,0.0,0.0,0.0,0.0,0,90,0,0.05,0,False,False,False,False,False,False
1782461965.485,0,0,0,0,0,-10.33,-19.56,0.0,0.0,0.0,0.0,0.0,0,90,0,0.05,0,False,False,False,False,False,False
1782461965.51,0,0,0,0,0,-10.43,-19.24,0.0,0.0,0.0,0.0,0.0,0,90,0,0.05,0,False,False,False,False,False,False
1782461965.533,0,0,0,0,0,-10.49,-18.85,0.0,0.0,0.0,0.0,0.0,0,90,0,0.05,0,False,False,False,False,False,False
1782461965.557,0,0,0,0,0,-10.51,-18.4,0.0,0.0,0.0,0.0,0.0,0,90,0,0.05,0,False,False,False,False,False,False
1782461965.581,0,0,0,0,0,-10.57,-17.95,0.0,0.0,0.0,0.0,0.0,0,90,0,0.05,0,False,False,False,False,False,False
1782461965.605,0,0,0,0,0,-10.64,-17.54,0.0,0.0,0.0,0.0,0.0,0,90,0,0.05,0,False,False,False,False,False,False
1782461965.629,0,0,0,0,0,-10.66,-17.21,0.0,0.0,0.0,0.0,0.0,0,90,0,0.05,0,False,False,False,False,False,False
1782461965.652,0,0,0,0,0,-10.64,-17.01,0.0,0.0,0.0,0.0,0.0,0,90,0,0.05,0,False,False,False,False,False,False
1782461965.677,0,0,0,0,0,-10.55,-17.0,0.0,0.0,0.0,0.0,0.0,0,90,0,0.05,0,False,False,False,False,False,False
1782461965.699,0,0,0,0,0,-10.33,-17.18,0.0,0.0,0.0,0.0,0.0,0,90,0,0.05,0,False,False,False,False,False,False
1782461965.723,0,0,0,0,0,-10.09,-17.52,0.0,0.0,0.0,0.0,0.0,0,90,0,0.05,0,False,False,False,False,False,False
1782461965.748,0,0,0,0,0,-9.94,-17.9,0.0,0.0,0.0,0.0,0.0,0,90,0,0.04,0,False,False,False,False,False,False
1782461965.769,0,0,0,0,0,-9.88,-18.24,0.0,0.0,0.0,0.0,0.0,0,90,0,0.04,0,False,False,False,False,False,False
1782461965.795,0,0,0,0,0,-9.86,-18.49,0.0,0.0,0.0,0.0,0.0,0,90,0,0.04,0,False,False,False,False,False,False
1782461965.818,0,0,0,0,0,-9.81,-18.68,0.0,0.0,0.0,0.0,0.0,0,90,0,0.04,0,False,False,False,False,False,False
1782461965.842,0,0,0,0,0,-9.74,-18.89,0.0,0.0,0.0,0.0,0.0,0,90,0,0.04,0,False,False,False,False,False,False
1782461965.866,0,0,0,0,0,-9.71,-19.16,0.0,0.0,0.0,0.0,0.0,0,90,0,0.03,0,False,False,False,False,False,False
1782461965.889,0,0,0,0,0,-9.75,-19.41,0.0,0.0,0.0,0.0,0.0,0,90,0,0.02,0,False,False,False,False,False,False
1782461965.914,0,0,0,0,0,-9.81,-19.56,0.0,0.0,0.0,0.0,0.0,0,90,0,0.02,0,False,False,False,False,False,False
1782461965.937,0,0,0,0,0,-9.91,-19.58,0.0,0.0,0.0,0.0,0.0,0,90,0,0.02,0,False,False,False,False,False,False
1782461965.955,0,0,0,0,0,-10.05,-19.58,0.0,0.0,0.0,0.0,0.0,0,90,0,0.02,0,False,False,False,False,False,False
1782461965.98,0,0,0,0,0,-10.2,-19.63,0.0,0.0,0.0,0.0,0.0,0,90,0,0.02,0,False,False,False,False,False,False
1782461966.045,0,0,0,0,0,-10.37,-19.69,0.0,0.0,0.0,0.0,0.0,0,90,0,0.01,0,False,False,False,False,False,False
1782461966.05,0,0,0,0,0,-10.56,-19.64,0.0,0.0,0.0,0.0,0.0,0,90,0,0.01,0,False,False,False,False,False,False
1782461966.054,0,0,0,0,0,-10.84,-19.53,0.0,0.0,0.0,0.0,0.0,0,90,0,0.01,0,False,False,False,False,False,False
1782461966.074,0,0,0,0,0,-11.26,-19.48,0.0,0.0,0.0,0.0,0.0,0,90,0,0.01,0,False,False,False,False,False,False
1782461966.099,0,0,0,0,0,-11.83,-19.32,0.0,0.0,0.0,0.0,0.0,0,90,0,0.01,0,False,False,False,False,False,False
1782461966.123,0,0,0,0,0,-12.46,-18.83,0.0,0.0,0.0,0.0,0.0,0,90,0,0.01,0,False,False,False,False,False,False
1782461966.147,0,0,0,0,0,-13.0,-18.32,0.0,0.0,0.0,0.0,0.0,0,90,0,0.01,0,False,False,False,False,False,False
1782461966.17,0,0,0,0,0,-13.3,-18.1,0.0,0.0,0.0,0.0,0.0,0,90,0,0.01,0,False,False,False,False,False,False
1782461966.193,0,0,0,0,0,-13.21,-18.2,0.0,0.0,0.0,0.0,0.0,0,90,0,0.01,0,False,False,False,False,False,False
1782461966.217,0,0,0,0,0,-12.6,-18.41,0.0,0.0,0.0,0.0,0.0,0,90,0,0.01,0,False,False,False,False,False,False
1782461966.243,0,0,0,0,0,-11.96,-18.46,0.0,0.0,0.0,0.0,0.0,0,90,0,0.01,0,False,False,False,False,False,False
1782461966.268,0,0,0,0,0,-11.93,-18.52,0.0,0.0,0.0,0.0,0.0,0,90,0,0.01,0,False,False,False,False,False,False
1782461966.283,0,0,0,0,0,-11.3,-18.79,0.0,0.0,0.0,0.0,0.0,0,90,0,0.01,0,False,False,False,False,False,False
1782461966.307,0,0,0,0,0,-8.76,-19.01,0.0,0.0,0.0,0.0,0.0,0,90,0,0.01,0,False,False,False,False,False,False
1782461966.332,0,0,0,0,0,-5.58,-19.0,0.0,0.0,0.0,0.0,0.0,0,90,0,0.01,0,False,False,False,False,False,False
1782461966.356,0,0,0,0,0,-3.18,-18.93,0.0,0.0,0.0,0.0,0.0,0,90,0,0.02,0,False,False,False,False,False,False
1782461966.38,0,0,0,0,0,-1.53,-18.97,0.0,0.0,0.0,0.0,0.0,0,90,0,0.02,0,False,False,False,False,False,False
1782461966.404,0,0,0,0,0,-0.25,-19.05,0.0,0.0,0.0,0.0,0.0,0,90,0,0.02,0,False,False,False,False,False,False
1782461966.426,0,0,0,0,0,0.91,-19.02,0.0,0.0,0.0,0.0,0.0,0,90,0,0.02,0,False,False,False,False,False,False
1782461966.449,0,0,0,0,0,2.07,-18.73,0.0,0.0,0.0,0.0,0.0,0,90,0,0.03,0,False,False,False,False,False,False
1782461966.474,0,0,0,0,0,3.31,-18.42,0.0,0.0,0.0,0.0,0.0,0,90,0,0.05,0,False,False,False,False,False,False
1782461966.498,0,0,0,0,0,4.61,-18.11,0.0,0.0,0.0,0.0,0.0,0,90,0,0.05,0,False,False,False,False,False,False
1782461966.521,0,0,0,0,0,5.86,-17.42,0.0,0.0,0.0,0.0,0.0,0,90,0,0.05,0,False,False,False,False,False,False
1782461966.547,0,0,0,0,0,6.98,-16.65,0.0,0.0,0.0,0.0,0.0,0,90,0,0.06,0,False,False,False,False,False,False
1782461966.57,0,0,0,0,0,7.98,-16.37,0.0,0.0,0.0,0.0,0.0,0,90,0,0.07,0,False,False,False,False,False,False
1782461966.592,0,0,0,0,0,8.98,-16.6,0.0,0.0,0.0,0.0,0.0,0,90,0,0.08,0,False,False,False,False,False,False
1782461966.617,0,0,0,0,0,10.1,-17.13,0.0,0.0,0.0,0.0,0.0,0,90,0,0.08,0,False,False,False,False,False,False
1782461966.64,0,0,0,0,0,11.33,-17.86,0.0,0.0,0.0,0.0,0.0,0,90,0,0.08,0,False,False,False,False,False,False
1782461966.664,0,0,0,0,0,12.55,-18.79,0.0,0.0,0.0,0.0,0.0,0,90,0,0.08,0,False,False,False,False,False,False
1782461966.688,0,0,0,0,0,13.67,-19.94,0.0,0.0,0.0,0.0,0.0,0,90,0,0.09,0,False,False,False,False,False,False
1782461966.712,0,0,0,0,0,14.75,-21.3,0.0,0.0,0.0,0.0,0.0,0,90,0,0.09,0,False,False,False,False,False,False
1782461966.735,0,0,0,0,0,15.76,-22.73,0.0,0.0,0.0,0.0,0.0,0,90,0,0.09,0,False,False,False,False,False,False
1782461966.76,0,0,0,0,0,16.4,-23.92,0.0,0.0,0.0,0.0,0.0,0,90,0,0.09,0,False,False,False,False,False,False
1782461966.784,0,0,0,0,0,16.56,-24.53,0.0,0.0,0.0,0.0,0.0,0,90,0,0.09,0,False,False,False,False,False,False
1782461966.807,0,0,0,0,0,16.49,-24.56,0.0,0.0,0.0,0.0,0.0,0,90,0,0.09,0,False,False,False,False,False,False
1782461966.833,0,0,0,0,0,16.42,-24.35,0.0,0.0,0.0,0.0,0.0,0,90,0,0.09,0,False,False,False,False,False,False
1782461966.851,0,0,0,0,0,16.39,-24.19,0.0,0.0,0.0,0.0,0.0,0,90,0,0.09,0,False,False,False,False,False,False
1782461966.873,0,0,0,0,0,16.4,-24.16,0.0,0.0,0.0,0.0,0.0,0,90,0,0.09,0,False,False,False,False,False,False
1782461966.898,0,0,0,0,0,16.43,-24.22,0.0,0.0,0.0,0.0,0.0,0,90,0,0.09,0,False,False,False,False,False,False
1782461966.921,0,0,0,0,0,16.46,-24.32,0.0,0.0,0.0,0.0,0.0,0,90,0,0.09,0,False,False,False,False,False,False
1782461966.947,0,0,0,0,0,16.48,-24.4,0.0,0.0,0.0,0.0,0.0,0,90,0,0.1,0,False,False,False,False,False,False
1782461966.969,0,0,0,0,0,16.49,-24.48,0.0,0.0,0.0,0.0,0.0,0,90,0,0.1,0,False,False,False,False,False,False
1782461966.992,0,0,0,0,0,16.5,-24.54,0.0,0.0,0.0,0.0,0.0,0,90,0,0.1,0,False,False,False,False,False,False
1782461967.018,0,0,0,0,0,16.52,-24.6,0.0,0.0,0.0,0.0,0.0,0,90,0,0.1,0,False,False,False,False,False,False
1782461967.041,0,0,0,0,0,16.53,-24.66,0.0,0.0,0.0,0.0,0.0,0,90,0,0.1,0,False,False,False,False,False,False
1782461967.067,0,0,0,0,0,16.54,-24.72,0.0,0.0,0.0,0.0,0.0,0,90,0,0.1,0,False,False,False,False,False,False
1782461967.089,0,0,0,0,0,16.55,-24.78,0.0,0.0,0.0,0.0,0.0,0,90,0,0.1,0,False,False,False,False,False,False
1782461967.117,0,0,0,0,0,16.56,-24.84,0.0,0.0,0.0,0.0,0.0,0,90,0,0.1,0,False,False,False,False,False,False
1782461967.133,0,0,0,0,0,16.57,-24.9,0.0,0.0,0.0,0.0,0.0,0,90,0,0.1,0,False,False,False,False,False,False
1782461967.179,0,0,0,0,0,16.58,-24.96,0.0,0.0,0.0,0.0,0.0,0,90,0,0.1,0,False,False,False,False,False,False
1782461967.188,0,0,0,0,0,16.59,-25.01,0.0,0.0,0.0,0.0,0.0,0,90,0,0.1,0,False,False,False,False,False,False
1782461967.201,0,0,0,0,0,16.61,-25.06,0.0,0.0,0.0,0.0,0.0,0,90,0,0.1,0,False,False,False,False,False,False
1782461967.223,0,0,0,0,0,16.62,-25.11,0.0,0.0,0.0,0.0,0.0,0,90,0,0.1,0,False,False,False,False,False,False
1782461967.249,0,0,0,0,0,16.63,-25.17,0.0,0.0,0.0,0.0,0.0,0,90,0,0.1,0,False,False,False,False,False,False
1782461967.27,0,0,0,0,0,16.64,-25.23,0.0,0.0,0.0,0.0,0.0,0,90,0,0.1,0,False,False,False,False,False,False
1782461967.296,0,0,0,0,0,16.65,-25.29,0.0,0.0,0.0,0.0,0.0,0,90,0,0.1,0,False,False,False,False,False,False
1782461967.318,0,0,0,0,0,16.66,-25.35,0.0,0.0,0.0,0.0,0.0,0,90,0,0.1,0,False,False,False,False,False,False
1782461967.345,0,0,0,0,0,16.67,-25.41,0.0,0.0,0.0,0.0,0.0,0,90,0,0.1,0,False,False,False,False,False,False
1782461967.368,0,0,0,0,0,16.69,-25.47,0.0,0.0,0.0,0.0,0.0,0,90,0,0.1,0,False,False,False,False,False,False
1782461967.392,0,0,0,0,0,16.7,-25.53,0.0,0.0,0.0,0.0,0.0,0,90,0,0.1,0,False,False,False,False,False,False
1782461967.417,0,0,0,0,0,16.71,-25.59,0.0,0.0,0.0,0.0,0.0,0,90,0,0.1,0,False,False,False,False,False,False
1782461967.435,0,0,0,0,0,16.72,-25.65,0.0,0.0,0.0,0.0,0.0,0,90,0,0.1,0,False,False,False,False,False,False
1782461967.46,0,0,0,0,0,16.74,-25.71,0.0,0.0,0.0,0.0,0.0,0,90,0,0.1,0,False,False,False,False,False,False
1782461967.482,0,0,0,0,0,16.75,-25.76,0.0,0.0,0.0,0.0,0.0,0,90,0,0.1,0,False,False,False,False,False,False
1782461967.506,0,0,0,0,0,16.76,-25.82,0.0,0.0,0.0,0.0,0.0,0,90,0,0.1,0,False,False,False,False,False,False
1782461967.531,0,0,0,0,0,16.77,-25.88,0.0,0.0,0.0,0.0,0.0,0,90,0,0.1,0,False,False,False,False,False,False
1782461967.554,0,0,0,0,0,16.78,-25.94,0.0,0.0,0.0,0.0,0.0,0,90,0,0.1,0,False,False,False,False,False,False
1782461967.58,0,0,0,0,0,16.79,-26.0,0.0,0.0,0.0,0.0,0.0,0,90,0,0.1,0,False,False,False,False,False,False
1782461967.604,0,0,0,0,0,16.8,-26.06,0.0,0.0,0.0,0.0,0.0,0,90,0,0.1,0,False,False,False,False,False,False
1782461967.628,0,0,0,0,0,16.81,-26.12,0.0,0.0,0.0,0.0,0.0,0,90,0,0.1,0,False,False,False,False,False,False
1782461967.651,0,0,0,0,0,16.82,-26.18,0.0,0.0,0.0,0.0,0.0,0,90,0,0.1,0,False,False,False,False,False,False
1782461967.675,0,0,0,0,0,16.84,-26.24,0.0,0.0,0.0,0.0,0.0,0,90,0,0.09,0,False,False,False,False,False,False
1782461967.699,0,0,0,0,0,16.85,-26.3,0.0,0.0,0.0,0.0,0.0,0,90,0,0.09,0,False,False,False,False,False,False
1782461967.723,0,0,0,0,0,16.86,-26.36,0.0,0.0,0.0,0.0,0.0,0,90,0,0.09,0,False,False,False,False,False,False
1782461967.742,0,0,0,0,0,16.88,-26.42,0.0,0.0,0.0,0.0,0.0,0,90,0,0.09,0,False,False,False,False,False,False
1782461967.767,0,0,0,0,0,16.89,-26.48,0.0,0.0,0.0,0.0,0.0,0,90,0,0.09,0,False,False,False,False,False,False
1782461967.785,0,0,0,0,0,16.9,-26.53,0.0,0.0,0.0,0.0,0.0,0,90,0,0.09,0,False,False,False,False,False,False
1782461967.808,0,0,0,0,0,16.91,-26.59,0.0,0.0,0.0,0.0,0.0,0,90,0,0.09,0,False,False,False,False,False,False
1782461967.833,0,0,0,0,0,16.92,-26.64,0.0,0.0,0.0,0.0,0.0,0,90,0,0.09,0,False,False,False,False,False,False
1782461967.857,0,0,0,0,0,16.93,-26.69,0.0,0.0,0.0,0.0,0.0,0,90,0,0.08,0,False,False,False,False,False,False
1782461967.882,0,0,0,0,0,16.95,-26.75,0.0,0.0,0.0,0.0,0.0,0,90,0,0.08,0,False,False,False,False,False,False
1782461967.906,0,0,0,0,0,16.96,-26.81,0.0,0.0,0.0,0.0,0.0,0,90,0,0.08,0,False,False,False,False,False,False
1782461967.932,0,0,0,0,0,16.97,-26.87,0.0,0.0,0.0,0.0,0.0,0,90,0,0.08,0,False,False,False,False,False,False
1782461967.954,0,0,0,0,0,16.99,-26.93,0.0,0.0,0.0,0.0,0.0,0,90,0,0.08,0,False,False,False,False,False,False
1782461967.979,0,0,0,0,0,17.0,-26.99,0.0,0.0,0.0,0.0,0.0,0,90,0,0.08,0,False,False,False,False,False,False
1782461968.002,0,0,0,0,0,17.01,-27.05,0.0,0.0,0.0,0.0,0.0,0,90,0,0.08,0,False,False,False,False,False,False
1782461968.025,0,0,0,0,0,17.02,-27.11,0.0,0.0,0.0,0.0,0.0,0,90,0,0.08,0,False,False,False,False,False,False
1782461968.05,0,0,0,0,0,17.04,-27.17,0.0,0.0,0.0,0.0,0.0,0,90,0,0.08,0,False,False,False,False,False,False
1782461968.073,0,0,0,0,0,17.05,-27.24,0.0,0.0,0.0,0.0,0.0,0,90,0,0.08,0,False,False,False,False,False,False
1782461968.098,0,0,0,0,0,17.06,-27.3,0.0,0.0,0.0,0.0,0.0,0,90,0,0.08,0,False,False,False,False,False,False
1782461968.121,0,0,0,0,0,17.07,-27.36,0.0,0.0,0.0,0.0,0.0,0,90,0,0.08,0,False,False,False,False,False,False
1782461968.147,0,0,0,0,0,17.09,-27.42,0.0,0.0,0.0,0.0,0.0,0,90,0,0.08,0,False,False,False,False,False,False
1782461968.169,0,0,0,0,0,17.1,-27.48,0.0,0.0,0.0,0.0,0.0,0,90,0,0.07,0,False,False,False,False,False,False
1782461968.193,0,0,0,0,0,17.11,-27.54,0.0,0.0,0.0,0.0,0.0,0,90,0,0.07,0,False,False,False,False,False,False
1782461968.219,0,0,0,0,0,17.13,-27.6,0.0,0.0,0.0,0.0,0.0,0,90,0,0.06,0,False,False,False,False,False,False
1782461968.241,0,0,0,0,0,17.14,-27.66,0.0,0.0,0.0,0.0,0.0,0,90,0,0.05,0,False,False,False,False,False,False
1782461968.266,0,0,0,0,0,17.15,-27.72,0.0,0.0,0.0,0.0,0.0,0,90,0,0.05,0,False,False,False,False,False,False
1782461968.288,0,0,0,0,0,17.16,-27.78,0.0,0.0,0.0,0.0,0.0,0,90,0,0.05,0,False,False,False,False,False,False
1782461968.315,0,0,0,0,0,17.17,-27.84,0.0,0.0,0.0,0.0,0.0,0,90,0,0.05,0,False,False,False,False,False,False
1782461968.338,0,0,0,0,0,17.19,-27.91,0.0,0.0,0.0,0.0,0.0,0,90,0,0.04,0,False,False,False,False,False,False
1782461968.363,0,0,0,0,0,17.2,-27.97,0.0,0.0,0.0,0.0,0.0,0,90,0,0.03,0,False,False,False,False,False,False
1782461968.386,0,0,0,0,0,17.21,-28.03,0.0,0.0,0.0,0.0,0.0,0,90,0,0.02,0,False,False,False,False,False,False
1782461968.41,0,0,0,0,0,17.22,-28.09,0.0,0.0,0.0,0.0,0.0,0,90,0,0.02,0,False,False,False,False,False,False
1782461968.434,0,0,0,0,0,17.23,-28.15,0.0,0.0,0.0,0.0,0.0,0,90,0,0.02,0,False,False,False,False,False,False
1782461968.459,0,0,0,0,0,17.25,-28.21,0.0,0.0,0.0,0.0,0.0,0,90,0,0.02,0,False,False,False,False,False,False
1782461968.482,0,0,0,0,0,17.26,-28.27,0.0,0.0,0.0,0.0,0.0,0,90,0,0.01,0,False,False,False,False,False,False
1782461968.506,0,0,0,0,0,17.27,-28.33,0.0,0.0,0.0,0.0,0.0,0,90,0,0.01,0,False,False,False,False,False,False
1782461968.531,0,0,0,0,0,17.28,-28.39,0.0,0.0,0.0,0.0,0.0,0,90,0,0.0,0,False,False,False,False,False,False
1782461968.554,0,0,0,0,0,17.3,-28.45,0.0,0.0,0.0,0.0,0.0,0,90,0,0.0,0,False,False,False,False,False,False
1782461968.579,0,0,0,0,0,17.31,-28.52,0.0,0.0,0.0,0.0,0.0,0,90,0,0.0,0,False,False,False,False,False,False
1782461968.602,0,0,0,0,0,17.32,-28.58,0.0,0.0,0.0,0.0,0.0,0,90,0,0.0,0,False,False,False,False,False,False
1782461968.625,0,0,0,0,0,17.33,-28.64,0.0,0.0,0.0,0.0,0.0,0,90,0,0.0,0,False,False,False,False,False,False
1782461968.649,0,0,0,0,0,17.35,-28.7,0.0,0.0,0.0,0.0,0.0,0,90,0,0.0,0,False,False,False,False,False,False
1782461968.676,0,0,0,0,0,17.36,-28.76,0.0,0.0,0.0,0.0,0.0,0,90,0,0.0,0,False,False,False,False,False,False
1782461968.7,0,0,0,0,0,17.37,-28.82,0.0,0.0,0.0,0.0,0.0,0,90,0,0.0,0,False,False,False,False,False,False
1782461968.723,0,0,0,0,0,17.39,-28.88,0.0,0.0,0.0,0.0,0.0,0,90,0,0.0,0,False,False,False,False,False,False
1782461968.747,0,0,0,0,0,17.4,-28.95,0.0,0.0,0.0,0.0,0.0,0,90,0,0.0,0,False,False,False,False,False,False
1782461968.771,0,0,0,0,0,17.41,-29.01,0.0,0.0,0.0,0.0,0.0,0,90,0,0.0,0,False,False,False,False,False,False
1782461968.795,0,0,0,0,0,17.42,-29.07,0.0,0.0,0.0,0.0,0.0,0,90,0,0.0,0,False,False,False,False,False,False
1782461968.82,0,0,0,0,0,17.44,-29.13,0.0,0.0,0.0,0.0,0.0,0,90,0,0.0,0,False,False,False,False,False,False
1782461968.843,0,0,0,0,0,17.45,-29.19,0.0,0.0,0.0,0.0,0.0,0,90,0,0.0,0,False,False,False,False,False,False
1782461968.868,0,0,0,0,0,17.46,-29.26,0.0,0.0,0.0,0.0,0.0,0,90,0,0.0,0,False,False,False,False,False,False
1782461968.891,0,0,0,0,0,17.48,-29.32,0.0,0.0,0.0,0.0,0.0,0,90,0,0.0,0,False,False,False,False,False,False
1782461968.918,0,0,0,0,0,17.49,-29.38,0.0,0.0,0.0,0.0,0.0,0,90,0,0.0,0,False,False,False,False,False,False
1782461968.941,0,0,0,0,0,17.5,-29.44,0.0,0.0,0.0,0.0,0.0,0,90,0,0.0,0,False,False,False,False,False,False
1782461968.965,0,0,0,0,0,17.52,-29.5,0.0,0.0,0.0,0.0,0.0,0,90,0,0.0,0,False,False,False,False,False,False
1782461968.987,0,0,0,0,0,17.53,-29.57,0.0,0.0,0.0,0.0,0.0,0,90,0,0.0,0,False,False,False,False,False,False
1782461969.011,0,0,0,0,0,17.54,-29.63,0.0,0.0,0.0,0.0,0.0,0,90,0,0.0,0,False,False,False,False,False,False
1782461969.035,0,0,0,0,0,17.55,-29.69,0.0,0.0,0.0,0.0,0.0,0,90,0,0.0,0,False,False,False,False,False,False
1782461969.059,0,0,0,0,0,17.57,-29.75,0.0,0.0,0.0,0.0,0.0,0,90,0,0.0,0,False,False,False,False,False,False
1782461969.085,0,0,0,0,0,17.58,-29.82,0.0,0.0,0.0,0.0,0.0,0,90,0,0.0,0,False,False,False,False,False,False
1782461969.108,0,0,0,0,0,17.59,-29.88,0.0,0.0,0.0,0.0,0.0,0,90,0,0.0,0,False,False,False,False,False,False
1782461969.133,0,0,0,0,0,17.61,-29.94,0.0,0.0,0.0,0.0,0.0,0,90,0,0.0,0,False,False,False,False,False,False
1782461969.155,0,0,0,0,0,17.62,-29.99,0.0,0.0,0.0,0.0,0.0,0,90,0,0.0,0,False,False,False,False,False,False
1782461969.178,0,0,0,0,0,17.62,-29.98,0.0,0.0,0.0,0.0,0.0,0,90,0,0.0,0,False,False,False,False,False,False
1782461969.204,0,0,0,0,0,17.61,-29.94,0.0,0.0,0.0,0.0,0.0,0,90,0,0.0,0,False,False,False,False,False,False
1782461969.226,0,0,0,0,0,17.6,-29.93,0.0,0.0,0.0,0.0,0.0,0,90,0,0.0,0,False,False,False,False,False,False
1782461969.251,0,0,0,0,0,17.58,-29.98,0.0,0.0,0.0,0.0,0.0,0,90,0,0.0,0,False,False,False,False,False,False
1782461969.273,0,0,0,0,0,17.58,-30.02,0.0,0.0,0.0,0.0,0.0,0,90,0,0.0,0,False,False,False,False,False,False
1782461969.299,0,0,0,0,0,17.62,-30.04,0.0,0.0,0.0,0.0,0.0,0,90,0,0.0,0,False,False,False,False,False,False
1782461969.321,0,0,0,0,0,17.64,-30.04,0.0,0.0,0.0,0.0,0.0,0,90,0,0.0,0,False,False,False,False,False,False
1782461969.347,0,0,0,0,0,17.6,-30.04,0.0,0.0,0.0,0.0,0.0,0,90,0,0.0,0,False,False,False,False,False,False
1782461969.368,0,0,0,0,0,17.54,-30.16,0.0,0.0,0.0,0.0,0.0,0,90,0,0.0,0,False,False,False,False,False,False
1782461969.392,0,0,0,0,0,17.25,-31.02,0.0,0.0,0.0,0.0,0.0,0,90,0,0.0,0,False,False,False,False,False,False
1782461969.418,0,0,0,0,0,16.71,-32.75,0.0,0.0,0.0,0.0,0.0,0,90,0,0.0,0,False,False,False,False,False,False
1782461969.441,0,0,0,0,0,16.35,-33.99,0.0,0.0,0.0,0.0,0.0,0,90,0,0.0,0,False,False,False,False,False,False
1782461969.465,0,0,0,0,0,16.41,-33.78,0.0,0.0,0.0,0.0,0.0,0,90,0,0.0,0,False,False,False,False,False,False
1782461969.488,0,0,0,0,0,16.81,-32.93,0.0,0.0,0.0,0.0,0.0,0,90,0,0.0,0,False,False,False,False,False,False
1782461969.513,0,0,0,0,0,17.55,-32.7,0.0,0.0,0.0,0.0,0.0,0,90,0,0.01,0,False,False,False,False,False,False
1782461969.537,0,0,0,0,0,18.48,-31.4,0.0,0.0,0.0,0.0,0.0,0,90,0,0.02,0,False,False,False,False,False,False
1782461969.561,0,0,0,0,0,19.23,-27.06,0.0,0.0,0.0,0.0,0.0,0,90,0,0.04,0,False,False,False,False,False,False
1782461969.584,0,0,0,0,0,19.53,-21.96,0.0,0.0,0.0,0.0,0.0,0,90,0,0.06,0,False,False,False,False,False,False
1782461969.608,0,0,0,0,0,19.44,-18.65,0.0,0.0,0.0,0.0,0.0,0,90,0,0.07,0,False,False,False,False,False,False
1782461969.633,0,0,0,0,0,19.27,-17.14,0.0,0.0,0.0,0.0,0.0,0,90,0,0.07,0,False,False,False,False,False,False
1782461969.656,0,0,0,0,0,19.25,-16.75,0.0,0.0,0.0,0.0,0.0,0,90,0,0.09,0,False,False,False,False,False,False
1782461969.68,0,0,0,0,0,19.45,-16.82,0.0,0.0,0.0,0.0,0.0,0,90,0,0.19,0,False,False,False,False,False,False
1782461969.704,0,0,0,0,0,19.82,-16.83,0.0,0.0,0.0,0.0,0.0,0,90,1,0.31,0,False,False,False,False,False,False
1782461969.727,0,0,0,0,0,20.25,-16.73,0.0,0.0,0.0,0.0,0.0,0,90,1,0.38,0,False,False,False,False,False,False
1782461969.751,0,0,0,0,0,20.69,-16.52,0.0,0.0,0.0,0.0,0.0,0,90,1,0.38,0,False,False,False,False,False,False
1782461969.775,0,0,0,0,0,21.14,-16.0,0.0,0.0,0.0,0.0,0.0,0,90,1,0.4,0,False,False,False,False,False,False
1782461969.799,0,0,0,0,0,21.56,-15.45,0.0,0.0,0.0,0.0,0.0,0,90,1,0.48,0,False,False,False,False,False,False
1782461969.823,0,0,0,0,0,21.86,-15.33,0.0,0.0,0.0,0.0,0.0,0,90,1,0.6,0,False,False,False,False,False,False
1782461969.847,0,0,0,0,0,21.99,-15.53,0.0,0.0,0.0,0.0,0.0,0,90,1,0.68,0,False,False,False,False,False,False
1782461969.871,0,0,0,0,0,22.02,-15.78,0.0,0.0,0.0,0.0,0.0,0,90,1,0.69,0,False,False,False,False,False,False
1782461969.894,0,0,0,0,0,22.01,-15.94,0.0,0.0,0.0,0.0,0.0,0,90,1,0.69,0,False,False,False,False,False,False
1782461969.919,0,0,0,0,0,22.02,-16.03,0.0,0.0,0.0,0.0,0.0,0,90,1,0.72,0,False,False,False,False,False,False
1782461969.942,0,0,0,0,0,22.02,-16.09,0.0,0.0,0.0,0.0,0.0,0,90,1,0.76,0,False,False,False,False,False,False
1782461969.961,0,0,0,0,0,22.04,-16.16,0.0,0.0,0.0,0.0,0.0,0,90,1,0.79,0,False,False,False,False,False,False
1782461969.985,0,0,0,0,0,22.05,-16.23,0.0,0.0,0.0,0.0,0.0,0,90,1,0.8,0,False,False,False,False,False,False
1782461970.004,0,0,0,0,0,22.06,-16.31,0.0,0.0,0.0,0.0,0.0,0,90,1,0.8,0,False,False,False,False,False,False
1782461970.028,0,0,0,0,0,22.07,-16.43,0.0,0.0,0.0,0.0,0.0,0,90,1,0.8,0,False,False,False,False,False,False
1782461970.051,0,0,0,0,0,22.06,-16.51,0.0,0.0,0.0,0.0,0.0,0,90,1,0.81,0,False,False,False,False,False,False
1782461970.076,0,0,0,0,0,22.04,-16.49,0.0,0.0,0.0,0.0,0.0,0,90,1,0.82,0,False,False,False,False,False,False
1782461970.101,0,0,0,0,0,22.04,-16.48,0.0,0.0,0.0,0.0,0.0,0,90,1,0.82,0,False,False,False,False,False,False
1782461970.123,0,0,0,0,0,22.01,-16.63,0.0,0.0,0.0,0.0,0.0,0,90,1,0.82,0,False,False,False,False,False,False
1782461970.148,0,0,0,0,0,21.38,-18.38,0.0,0.0,0.0,0.0,0.0,0,90,1,0.82,0,False,False,False,False,False,False
1782461970.167,0,0,0,0,0,19.53,-22.89,0.0,0.0,0.0,0.0,0.0,0,90,1,0.83,0,False,False,False,False,False,False
1782461970.19,0,0,0,0,0,17.06,-28.18,0.0,0.0,0.0,0.0,0.0,0,90,1,0.86,0,False,False,False,False,False,False
1782461970.214,0,0,0,0,0,14.84,-32.24,0.0,0.0,0.0,0.0,0.0,0,90,1,0.89,0,False,False,False,False,False,False
1782461970.237,0,0,0,0,0,13.17,-35.13,0.0,0.0,0.0,0.0,0.0,0,90,1,0.9,0,False,False,False,False,False,False
1782461970.256,0,0,0,0,0,12.03,-37.4,0.0,0.0,0.0,0.0,0.0,0,90,1,0.9,0,False,False,False,False,False,False
1782461970.28,0,0,0,0,0,11.25,-39.39,0.0,0.0,0.0,0.0,0.0,0,90,1,0.95,0,False,False,False,False,False,False
1782461970.304,0,0,0,0,0,10.58,-41.11,0.0,0.0,0.0,0.0,0.0,0,90,1,1.04,0,False,False,False,False,False,False
1782461970.328,0,0,0,0,0,9.8,-42.42,0.0,0.0,0.0,0.0,0.0,0,90,1,1.13,0,False,False,False,False,False,False
1782461970.353,0,0,0,0,0,8.73,-43.25,0.0,0.0,0.0,0.0,0.0,0,90,1,1.17,0,False,False,False,False,False,False
1782461970.375,0,0,0,0,0,7.28,-43.67,0.0,0.0,0.0,0.0,0.0,0,90,1,1.17,0,False,False,False,False,False,False
1782461970.402,0,0,0,0,0,5.67,-43.76,0.0,0.0,0.0,0.0,0.0,0,90,1,1.18,0,False,False,False,False,False,False
1782461970.422,0,0,0,0,0,4.09,-43.62,0.0,0.0,0.0,0.0,0.0,0,90,1,1.23,0,False,False,False,False,False,False
1782461970.447,0,0,0,0,0,2.6,-43.33,0.0,0.0,0.0,0.0,0.0,0,90,1,1.28,0,False,False,False,False,False,False
1782461970.47,0,0,0,0,0,1.21,-42.91,0.0,0.0,0.0,0.0,0.0,0,90,1,1.31,0,False,False,False,False,False,False
1782461970.493,0,0,0,0,0,-0.03,-42.33,0.0,0.0,0.0,0.0,0.0,0,90,1,1.31,0,False,False,False,False,False,False
1782461970.518,0,0,0,0,0,-1.18,-41.61,0.0,0.0,0.0,0.0,0.0,0,90,1,1.31,0,False,False,False,False,False,False
1782461970.542,0,0,0,0,0,-2.38,-40.8,0.0,0.0,0.0,0.0,0.0,0,90,1,1.32,0,False,False,False,False,False,False
1782461970.567,0,0,0,0,0,-3.75,-39.88,0.0,0.0,0.0,0.0,0.0,0,90,1,1.33,0,False,False,False,False,False,False
1782461970.589,0,0,0,0,0,-5.27,-38.81,0.0,0.0,0.0,0.0,0.0,0,90,1,1.33,0,False,False,False,False,False,False
1782461970.613,0,0,0,0,0,-6.98,-37.55,0.0,0.0,0.0,0.0,0.0,0,90,1,1.34,0,False,False,False,False,False,False
1782461970.637,0,0,0,0,0,-8.9,-36.14,0.0,0.0,0.0,0.0,0.0,0,90,1,1.34,0,False,False,False,False,False,False
1782461970.66,0,0,0,0,0,-10.8,-34.65,0.0,0.0,0.0,0.0,0.0,0,90,1,1.34,0,False,False,False,False,False,False
1782461970.684,0,0,0,0,0,-12.42,-33.22,0.0,0.0,0.0,0.0,0.0,0,90,1,1.34,0,False,False,False,False,False,False
1782461970.708,0,0,0,0,0,-13.75,-31.95,0.0,0.0,0.0,0.0,0.0,0,90,1,1.34,0,False,False,False,False,False,False
1782461970.725,0,0,0,0,0,-14.89,-30.91,0.0,0.0,0.0,0.0,0.0,0,90,1,1.34,0,False,False,False,False,False,False
1782461970.751,0,0,0,0,0,-15.86,-30.09,0.0,0.0,0.0,0.0,0.0,0,90,1,1.34,0,False,False,False,False,False,False
1782461970.774,0,0,0,0,0,-16.64,-29.46,0.0,0.0,0.0,0.0,0.0,0,90,1,1.35,0,False,False,False,False,False,False
1782461970.798,0,0,0,0,0,-17.21,-28.96,0.0,0.0,0.0,0.0,0.0,0,90,1,1.35,0,False,False,False,False,False,False
1782461970.821,0,0,0,0,0,-17.53,-28.61,0.0,0.0,0.0,0.0,0.0,0,90,1,1.35,0,False,False,False,False,False,False
1782461970.845,0,0,0,0,0,-17.6,-28.44,0.0,0.0,0.0,0.0,0.0,0,90,1,1.34,0,False,False,False,False,False,False
1782461970.869,0,0,0,0,0,-17.47,-28.43,0.0,0.0,0.0,0.0,0.0,0,90,1,1.34,0,False,False,False,False,False,False
1782461970.892,0,0,0,0,0,-17.26,-28.48,0.0,0.0,0.0,0.0,0.0,0,90,1,1.34,0,False,False,False,False,False,False
1782461970.918,0,0,0,0,0,-17.06,-28.49,0.0,0.0,0.0,0.0,0.0,0,90,1,1.34,0,False,False,False,False,False,False
1782461970.939,0,0,0,0,0,-16.93,-28.42,0.0,0.0,0.0,0.0,0.0,0,90,1,1.33,0,False,False,False,False,False,False
1782461970.964,0,0,0,0,0,-16.85,-28.31,0.0,0.0,0.0,0.0,0.0,0,90,1,1.31,0,False,False,False,False,False,False
1782461970.987,0,0,0,0,0,-16.78,-28.22,0.0,0.0,0.0,0.0,0.0,0,90,1,1.29,0,False,False,False,False,False,False
1782461971.011,0,0,0,0,0,-16.71,-28.14,0.0,0.0,0.0,0.0,0.0,0,90,1,1.28,0,False,False,False,False,False,False
1782461971.035,0,0,0,0,0,-16.67,-28.07,0.0,0.0,0.0,0.0,0.0,0,90,1,1.28,0,False,False,False,False,False,False
1782461971.059,0,0,0,0,0,-16.67,-27.96,0.0,0.0,0.0,0.0,0.0,0,90,1,1.25,0,False,False,False,False,False,False
1782461971.082,0,0,0,0,0,-16.7,-27.88,0.0,0.0,0.0,0.0,0.0,0,90,1,1.17,0,False,False,False,False,False,False
1782461971.104,0,0,0,0,0,-16.69,-27.77,0.0,0.0,0.0,0.0,0.0,0,90,1,1.04,0,False,False,False,False,False,False
1782461971.129,0,0,0,0,0,-16.67,-27.44,0.0,0.0,0.0,0.0,0.0,0,90,1,0.96,0,False,False,False,False,False,False
1782461971.154,0,0,0,0,0,-16.67,-26.94,0.0,0.0,0.0,0.0,0.0,0,90,1,0.95,0,False,False,False,False,False,False
1782461971.177,0,0,0,0,0,-16.71,-26.5,0.0,0.0,0.0,0.0,0.0,0,90,1,0.94,0,False,False,False,False,False,False
1782461971.201,0,0,0,0,0,-16.77,-26.21,0.0,0.0,0.0,0.0,0.0,0,90,1,0.87,0,False,False,False,False,False,False
1782461971.224,0,0,0,0,0,-16.81,-26.07,0.0,0.0,0.0,0.0,0.0,0,90,1,0.75,0,False,False,False,False,False,False
1782461971.248,0,0,0,0,0,-16.83,-26.0,0.0,0.0,0.0,0.0,0.0,0,90,1,0.67,0,False,False,False,False,False,False
1782461971.272,0,0,0,0,0,-16.86,-25.98,0.0,0.0,0.0,0.0,0.0,0,90,1,0.65,0,False,False,False,False,False,False
1782461971.297,0,0,0,0,0,-16.86,-25.98,0.0,0.0,0.0,0.0,0.0,0,90,1,0.65,0,False,False,False,False,False,False
1782461971.321,0,0,0,0,0,-16.83,-26.01,0.0,0.0,0.0,0.0,0.0,0,90,1,0.63,0,False,False,False,False,False,False
1782461971.343,0,0,0,0,0,-16.8,-26.05,0.0,0.0,0.0,0.0,0.0,0,90,1,0.59,0,False,False,False,False,False,False
1782461971.368,0,0,0,0,0,-16.8,-26.08,0.0,0.0,0.0,0.0,0.0,0,90,1,0.56,0,False,False,False,False,False,False
1782461971.391,0,0,0,0,0,-16.81,-26.1,0.0,0.0,0.0,0.0,0.0,0,90,1,0.56,0,False,False,False,False,False,False
1782461971.416,0,0,0,0,0,-16.8,-26.1,0.0,0.0,0.0,0.0,0.0,0,90,1,0.56,0,False,False,False,False,False,False
1782461971.44,0,0,0,0,0,-16.75,-26.09,0.0,0.0,0.0,0.0,0.0,0,90,1,0.55,0,False,False,False,False,False,False
1782461971.463,0,0,0,0,0,-15.81,-26.16,0.0,0.0,0.0,0.0,0.0,0,90,1,0.54,0,False,False,False,False,False,False
1782461971.485,0,0,0,0,0,-13.09,-26.4,0.0,0.0,0.0,0.0,0.0,0,90,1,0.54,0,False,False,False,False,False,False
1782461971.509,0,0,0,0,0,-9.51,-27.88,0.0,0.0,0.0,0.0,0.0,0,90,1,0.53,0,False,False,False,False,False,False
1782461971.534,0,0,0,0,0,-6.15,-31.47,0.0,0.0,0.0,0.0,0.0,0,90,1,0.54,0,False,False,False,False,False,False
1782461971.558,0,0,0,0,0,-3.02,-35.67,0.0,0.0,0.0,0.0,0.0,0,90,1,0.55,0,False,False,False,False,False,False
1782461971.581,0,0,0,0,0,-0.02,-38.94,0.0,0.0,0.0,0.0,0.0,0,90,1,0.56,0,False,False,False,False,False,False
1782461971.604,0,0,0,0,0,2.7,-41.43,0.0,0.0,0.0,0.0,0.0,0,90,1,0.54,0,False,False,False,False,False,False
1782461971.629,0,0,0,0,0,5.11,-43.73,0.0,0.0,0.0,0.0,0.0,0,90,1,0.5,0,False,False,False,False,False,False
1782461971.651,0,0,0,0,0,7.57,-46.14,0.0,0.0,0.0,0.0,0.0,0,90,1,0.51,0,False,False,False,False,False,False
1782461971.677,0,0,0,0,0,10.2,-48.61,0.0,0.0,0.0,0.0,0.0,0,90,1,0.55,0,False,False,False,False,False,False
1782461971.701,0,0,0,0,0,12.2,-50.88,0.0,0.0,0.0,0.0,0.0,0,90,1,0.55,0,False,False,False,False,False,False
1782461971.723,0,0,0,0,0,12.67,-52.5,0.0,0.0,0.0,0.0,0.0,0,90,1,0.48,0,False,False,False,False,False,False
1782461971.75,0,0,0,0,0,11.75,-53.19,0.0,0.0,0.0,0.0,0.0,0,90,1,0.39,0,False,False,False,False,False,False
1782461971.772,0,0,0,0,0,10.37,-53.19,0.0,0.0,0.0,0.0,0.0,0,90,1,0.35,0,False,False,False,False,False,False
1782461971.796,0,0,0,0,0,9.29,-52.98,0.0,0.0,0.0,0.0,0.0,0,90,1,0.36,0,False,False,False,False,False,False
1782461971.821,0,0,0,0,0,8.68,-52.88,0.0,0.0,0.0,0.0,0.0,0,90,1,0.35,0,False,False,False,False,False,False
1782461971.843,0,0,0,0,0,8.37,-52.92,0.0,0.0,0.0,0.0,0.0,0,90,1,0.32,0,False,False,False,False,False,False
1782461971.867,0,0,0,0,0,8.06,-53.01,0.0,0.0,0.0,0.0,0.0,0,90,0,0.28,0,False,False,False,False,False,False
1782461971.891,0,0,0,0,0,7.57,-53.09,0.0,0.0,0.0,0.0,0.0,0,90,0,0.25,0,False,False,False,False,False,False
1782461971.916,0,0,0,0,0,7.12,-53.09,0.0,0.0,0.0,0.0,0.0,0,90,0,0.24,0,False,False,False,False,False,False
1782461971.94,0,0,0,0,0,6.94,-52.98,0.0,0.0,0.0,0.0,0.0,0,90,0,0.24,0,False,False,False,False,False,False
1782461971.957,0,0,0,0,0,7.03,-52.88,0.0,0.0,0.0,0.0,0.0,0,90,0,0.24,0,False,False,False,False,False,False
1782461971.983,0,0,0,0,0,7.26,-52.83,0.0,0.0,0.0,0.0,0.0,0,90,0,0.23,0,False,False,False,False,False,False
1782461972.004,0,0,0,0,0,7.38,-52.76,0.0,0.0,0.0,0.0,0.0,0,90,0,0.23,0,False,False,False,False,False,False
1782461972.029,0,0,0,0,0,7.24,-52.71,0.0,0.0,0.0,0.0,0.0,0,90,0,0.23,0,False,False,False,False,False,False
1782461972.053,0,0,0,0,0,7.03,-52.75,0.0,0.0,0.0,0.0,0.0,0,90,0,0.23,0,False,False,False,False,False,False
1782461972.077,0,0,0,0,0,6.58,-52.83,0.0,0.0,0.0,0.0,0.0,0,90,0,0.23,0,False,False,False,False,False,False
1782461972.103,0,0,0,0,0,5.62,-52.93,0.0,0.0,0.0,0.0,0.0,0,90,0,0.22,0,False,False,False,False,False,False
1782461972.124,0,0,0,0,0,4.81,-53.08,0.0,0.0,0.0,0.0,0.0,0,90,0,0.22,0,False,False,False,False,False,False
1782461972.148,0,0,0,0,0,4.69,-53.28,0.0,0.0,0.0,0.0,0.0,0,90,0,0.22,0,False,False,False,False,False,False
1782461972.173,0,0,0,0,0,4.97,-53.52,0.0,0.0,0.0,0.0,0.0,0,90,0,0.22,0,False,False,False,False,False,False
1782461972.195,0,0,0,0,0,5.28,-53.72,0.0,0.0,0.0,0.0,0.0,0,90,0,0.22,0,False,False,False,False,False,False
1782461972.215,0,0,0,0,0,5.42,-53.85,0.0,0.0,0.0,0.0,0.0,0,90,0,0.22,0,False,False,False,False,False,False
1782461972.238,0,0,0,0,0,5.4,-53.89,0.0,0.0,0.0,0.0,0.0,0,90,0,0.22,0,False,False,False,False,False,False
1782461972.263,0,0,0,0,0,5.28,-53.88,0.0,0.0,0.0,0.0,0.0,0,90,0,0.22,0,False,False,False,False,False,False
1782461972.287,0,0,0,0,0,5.14,-53.84,0.0,0.0,0.0,0.0,0.0,0,90,0,0.22,0,False,False,False,False,False,False
1782461972.305,0,0,0,0,0,5.0,-53.81,0.0,0.0,0.0,0.0,0.0,0,90,0,0.23,0,False,False,False,False,False,False
1782461972.33,0,0,0,0,0,4.89,-53.79,0.0,0.0,0.0,0.0,0.0,0,90,0,0.23,0,False,False,False,False,False,False
1782461972.353,0,0,0,0,0,4.83,-53.81,0.0,0.0,0.0,0.0,0.0,0,90,0,0.24,0,False,False,False,False,False,False
1782461972.376,0,0,0,0,0,4.82,-53.84,0.0,0.0,0.0,0.0,0.0,0,90,0,0.23,0,False,False,False,False,False,False
1782461972.4,0,0,0,0,0,4.86,-53.85,0.0,0.0,0.0,0.0,0.0,0,90,0,0.23,0,False,False,False,False,False,False
1782461972.424,0,0,0,0,0,4.91,-53.9,0.0,0.0,0.0,0.0,0.0,0,90,0,0.24,0,False,False,False,False,False,False
1782461972.449,0,0,0,0,0,4.96,-54.04,0.0,0.0,0.0,0.0,0.0,0,90,0,0.24,0,False,False,False,False,False,False
1782461972.472,0,0,0,0,0,5.01,-54.23,0.0,0.0,0.0,0.0,0.0,0,90,0,0.24,0,False,False,False,False,False,False
1782461972.495,0,0,0,0,0,5.05,-54.37,0.0,0.0,0.0,0.0,0.0,0,90,0,0.24,0,False,False,False,False,False,False
1782461972.521,0,0,0,0,0,5.06,-54.45,0.0,0.0,0.0,0.0,0.0,0,90,0,0.24,0,False,False,False,False,False,False
1782461972.542,0,0,0,0,0,5.03,-54.49,0.0,0.0,0.0,0.0,0.0,0,90,0,0.24,0,False,False,False,False,False,False
1782461972.568,0,0,0,0,0,4.96,-54.5,0.0,0.0,0.0,0.0,0.0,0,90,0,0.24,0,False,False,False,False,False,False
1782461972.59,0,0,0,0,0,4.88,-54.51,0.0,0.0,0.0,0.0,0.0,0,90,0,0.25,0,False,False,False,False,False,False
1782461972.614,0,0,0,0,0,4.8,-54.52,0.0,0.0,0.0,0.0,0.0,0,90,0,0.25,0,False,False,False,False,False,False
1782461972.639,0,0,0,0,0,4.74,-54.54,0.0,0.0,0.0,0.0,0.0,0,90,0,0.25,0,False,False,False,False,False,False
1782461972.662,0,0,0,0,0,4.68,-54.57,0.0,0.0,0.0,0.0,0.0,0,90,0,0.25,0,False,False,False,False,False,False
1782461972.682,0,0,0,0,0,4.64,-54.61,0.0,0.0,0.0,0.0,0.0,0,90,0,0.25,0,False,False,False,False,False,False
1782461972.705,0,0,0,0,0,4.6,-54.64,0.0,0.0,0.0,0.0,0.0,0,90,0,0.25,0,False,False,False,False,False,False
1782461972.724,0,0,0,0,0,4.57,-54.68,0.0,0.0,0.0,0.0,0.0,0,90,0,0.25,0,False,False,False,False,False,False
1782461972.75,0,0,0,0,0,4.54,-54.72,0.0,0.0,0.0,0.0,0.0,0,90,0,0.25,0,False,False,False,False,False,False
1782461972.772,0,0,0,0,0,4.53,-54.77,0.0,0.0,0.0,0.0,0.0,0,90,0,0.25,0,False,False,False,False,False,False
1782461972.8,0,0,0,0,0,4.51,-54.82,0.0,0.0,0.0,0.0,0.0,0,90,0,0.25,0,False,False,False,False,False,False
1782461972.82,0,0,0,0,0,4.5,-54.88,0.0,0.0,0.0,0.0,0.0,0,90,0,0.25,0,False,False,False,False,False,False
1782461972.843,0,0,0,0,0,4.51,-54.96,0.0,0.0,0.0,0.0,0.0,0,90,0,0.25,0,False,False,False,False,False,False
1782461972.862,0,0,0,0,0,4.52,-55.03,0.0,0.0,0.0,0.0,0.0,0,90,0,0.25,0,False,False,False,False,False,False
1782461972.886,0,0,0,0,0,4.54,-55.11,0.0,0.0,0.0,0.0,0.0,0,90,0,0.25,0,False,False,False,False,False,False
1782461972.909,0,0,0,0,0,4.54,-55.18,0.0,0.0,0.0,0.0,0.0,0,90,0,0.24,0,False,False,False,False,False,False
1782461972.934,0,0,0,0,0,4.51,-55.22,0.0,0.0,0.0,0.0,0.0,0,90,0,0.23,0,False,False,False,False,False,False
1782461972.958,0,0,0,0,0,4.44,-55.25,0.0,0.0,0.0,0.0,0.0,0,90,0,0.22,0,False,False,False,False,False,False
1782461972.984,0,0,0,0,0,4.37,-55.28,0.0,0.0,0.0,0.0,0.0,0,90,0,0.22,0,False,False,False,False,False,False
1782461973.005,0,0,0,0,0,4.31,-55.32,0.0,0.0,0.0,0.0,0.0,0,90,0,0.22,0,False,False,False,False,False,False
1782461973.029,0,0,0,0,0,4.27,-55.38,0.0,0.0,0.0,0.0,0.0,0,90,0,0.19,0,False,False,False,False,False,False
1782461973.054,0,0,0,0,0,4.26,-55.45,0.0,0.0,0.0,0.0,0.0,0,90,0,0.16,0,False,False,False,False,False,False
1782461973.078,0,0,0,0,0,4.25,-55.52,0.0,0.0,0.0,0.0,0.0,0,90,0,0.13,0,False,False,False,False,False,False
1782461973.102,0,0,0,0,0,4.22,-55.58,0.0,0.0,0.0,0.0,0.0,0,90,0,0.12,0,False,False,False,False,False,False
1782461973.126,0,0,0,0,0,4.2,-55.61,0.0,0.0,0.0,0.0,0.0,0,90,0,0.12,0,False,False,False,False,False,False
1782461973.15,0,0,0,0,0,4.18,-55.65,0.0,0.0,0.0,0.0,0.0,0,90,0,0.12,0,False,False,False,False,False,False
1782461973.172,0,0,0,0,0,4.15,-55.69,0.0,0.0,0.0,0.0,0.0,0,90,0,0.12,0,False,False,False,False,False,False
1782461973.191,0,0,0,0,0,4.09,-55.75,0.0,0.0,0.0,0.0,0.0,0,90,0,0.12,0,False,False,False,False,False,False
1782461973.215,0,0,0,0,0,4.05,-55.8,0.0,0.0,0.0,0.0,0.0,0,90,0,0.12,0,False,False,False,False,False,False
1782461973.239,0,0,0,0,0,4.01,-55.85,0.0,0.0,0.0,0.0,0.0,0,90,0,0.12,0,False,False,False,False,False,False
1782461973.264,0,0,0,0,0,3.97,-55.88,0.0,0.0,0.0,0.0,0.0,0,90,0,0.11,0,False,False,False,False,False,False
1782461973.288,0,0,0,0,0,3.94,-55.93,0.0,0.0,0.0,0.0,0.0,0,90,0,0.1,0,False,False,False,False,False,False
1782461973.311,0,0,0,0,0,3.91,-55.98,0.0,0.0,0.0,0.0,0.0,0,90,0,0.08,0,False,False,False,False,False,False
1782461973.33,0,0,0,0,0,3.87,-56.02,0.0,0.0,0.0,0.0,0.0,0,90,0,0.08,0,False,False,False,False,False,False
1782461973.353,0,0,0,0,0,3.83,-56.06,0.0,0.0,0.0,0.0,0.0,0,90,0,0.08,0,False,False,False,False,False,False
1782461973.373,0,0,0,0,0,3.8,-56.11,0.0,0.0,0.0,0.0,0.0,0,90,0,0.08,0,False,False,False,False,False,False
1782461973.397,0,0,0,0,0,3.76,-56.15,0.0,0.0,0.0,0.0,0.0,0,90,0,0.07,0,False,False,False,False,False,False
1782461973.422,0,0,0,0,0,3.72,-56.19,0.0,0.0,0.0,0.0,0.0,0,90,0,0.06,0,False,False,False,False,False,False
1782461973.444,0,0,0,0,0,3.69,-56.23,0.0,0.0,0.0,0.0,0.0,0,90,0,0.05,0,False,False,False,False,False,False
1782461973.468,0,0,0,0,0,3.65,-56.28,0.0,0.0,0.0,0.0,0.0,0,90,0,0.05,0,False,False,False,False,False,False
1782461973.492,0,0,0,0,0,3.6,-56.33,0.0,0.0,0.0,0.0,0.0,0,90,0,0.05,0,False,False,False,False,False,False
1782461973.518,0,0,0,0,0,3.56,-56.37,0.0,0.0,0.0,0.0,0.0,0,90,0,0.05,0,False,False,False,False,False,False
1782461973.54,0,0,0,0,0,3.52,-56.42,0.0,0.0,0.0,0.0,0.0,0,90,0,0.05,0,False,False,False,False,False,False
1782461973.565,0,0,0,0,0,3.48,-56.47,0.0,0.0,0.0,0.0,0.0,0,90,0,0.05,0,False,False,False,False,False,False
1782461973.59,0,0,0,0,0,3.43,-56.51,0.0,0.0,0.0,0.0,0.0,0,90,0,0.04,0,False,False,False,False,False,False
1782461973.614,0,0,0,0,0,3.39,-56.55,0.0,0.0,0.0,0.0,0.0,0,90,0,0.04,0,False,False,False,False,False,False
1782461973.639,0,0,0,0,0,3.34,-56.59,0.0,0.0,0.0,0.0,0.0,0,90,0,0.03,0,False,False,False,False,False,False
1782461973.663,0,0,0,0,0,3.3,-56.64,0.0,0.0,0.0,0.0,0.0,0,90,0,0.03,0,False,False,False,False,False,False
1782461973.687,0,0,0,0,0,3.26,-56.68,0.0,0.0,0.0,0.0,0.0,0,90,0,0.03,0,False,False,False,False,False,False
1782461973.704,0,0,0,0,0,3.22,-56.73,0.0,0.0,0.0,0.0,0.0,0,90,0,0.03,0,False,False,False,False,False,False
1782461973.727,0,0,0,0,0,3.18,-56.77,0.0,0.0,0.0,0.0,0.0,0,90,0,0.02,0,False,False,False,False,False,False
1782461973.747,0,0,0,0,0,3.13,-56.81,0.0,0.0,0.0,0.0,0.0,0,90,0,0.01,0,False,False,False,False,False,False
1782461973.77,0,0,0,0,0,3.09,-56.85,0.0,0.0,0.0,0.0,0.0,0,90,0,0.01,0,False,False,False,False,False,False
1782461973.79,0,0,0,0,0,3.05,-56.89,0.0,0.0,0.0,0.0,0.0,0,90,0,0.01,0,False,False,False,False,False,False
1782461973.814,0,0,0,0,0,3.01,-56.93,0.0,0.0,0.0,0.0,0.0,0,90,0,0.01,0,False,False,False,False,False,False
1782461973.835,0,0,0,0,0,2.98,-56.98,0.0,0.0,0.0,0.0,0.0,0,90,0,0.01,0,False,False,False,False,False,False
1782461973.858,0,0,0,0,0,2.94,-57.02,0.0,0.0,0.0,0.0,0.0,0,90,0,0.01,0,False,False,False,False,False,False
1782461973.878,0,0,0,0,0,2.9,-57.06,0.0,0.0,0.0,0.0,0.0,0,90,0,0.01,0,False,False,False,False,False,False
1782461973.903,0,0,0,0,0,2.86,-57.1,0.0,0.0,0.0,0.0,0.0,0,90,0,0.01,0,False,False,False,False,False,False
1782461973.925,0,0,0,0,0,2.82,-57.14,0.0,0.0,0.0,0.0,0.0,0,90,0,0.0,0,False,False,False,False,False,False
1782461973.948,0,0,0,0,0,2.78,-57.18,0.0,0.0,0.0,0.0,0.0,0,90,0,0.0,0,False,False,False,False,False,False
1782461973.969,0,0,0,0,0,2.74,-57.22,0.0,0.0,0.0,0.0,0.0,0,90,0,0.0,0,False,False,False,False,False,False
1782461973.991,0,0,0,0,0,2.7,-57.26,0.0,0.0,0.0,0.0,0.0,0,90,0,0.0,0,False,False,False,False,False,False
1782461974.011,0,0,0,0,0,2.67,-57.3,0.0,0.0,0.0,0.0,0.0,0,90,0,0.0,0,False,False,False,False,False,False
1782461974.036,0,0,0,0,0,2.63,-57.34,0.0,0.0,0.0,0.0,0.0,0,90,0,0.0,0,False,False,False,False,False,False
1782461974.058,0,0,0,0,0,2.59,-57.38,0.0,0.0,0.0,0.0,0.0,0,90,0,0.0,0,False,False,False,False,False,False
1782461974.084,0,0,0,0,0,2.55,-57.42,0.0,0.0,0.0,0.0,0.0,0,90,0,0.0,0,False,False,False,False,False,False
1782461974.103,0,0,0,0,0,2.51,-57.47,0.0,0.0,0.0,0.0,0.0,0,90,0,0.0,0,False,False,False,False,False,False
1782461974.125,0,0,0,0,0,2.47,-57.51,0.0,0.0,0.0,0.0,0.0,0,90,0,0.0,0,False,False,False,False,False,False
1782461974.146,0,0,0,0,0,2.44,-57.55,0.0,0.0,0.0,0.0,0.0,0,90,0,0.0,0,False,False,False,False,False,False
1782461974.171,0,0,0,0,0,2.4,-57.59,0.0,0.0,0.0,0.0,0.0,0,90,0,0.0,0,False,False,False,False,False,False
1782461974.192,0,0,0,0,0,2.37,-57.63,0.0,0.0,0.0,0.0,0.0,0,90,0,0.0,0,False,False,False,False,False,False
1782461974.219,0,0,0,0,0,2.33,-57.67,0.0,0.0,0.0,0.0,0.0,0,90,0,0.0,0,False,False,False,False,False,False
1782461974.241,0,0,0,0,0,2.28,-57.72,0.0,0.0,0.0,0.0,0.0,0,90,0,0.0,0,False,False,False,False,False,False
1782461974.265,0,0,0,0,0,2.24,-57.76,0.0,0.0,0.0,0.0,0.0,0,90,0,0.0,0,False,False,False,False,False,False
1782461974.29,0,0,0,0,0,2.19,-57.8,0.0,0.0,0.0,0.0,0.0,0,90,0,0.0,0,False,False,False,False,False,False
1782461974.314,0,0,0,0,0,2.16,-57.84,0.0,0.0,0.0,0.0,0.0,0,90,0,0.0,0,False,False,False,False,False,False
1782461974.338,0,0,0,0,0,2.12,-57.89,0.0,0.0,0.0,0.0,0.0,0,90,0,0.0,0,False,False,False,False,False,False
1782461974.361,0,0,0,0,0,2.08,-57.93,0.0,0.0,0.0,0.0,0.0,0,90,0,0.0,0,False,False,False,False,False,False
1782461974.388,0,0,0,0,0,2.03,-57.98,0.0,0.0,0.0,0.0,0.0,0,90,0,0.0,0,False,False,False,False,False,False
1782461974.409,0,0,0,0,0,1.99,-58.02,0.0,0.0,0.0,0.0,0.0,0,90,0,0.0,0,False,False,False,False,False,False
1782461974.434,0,0,0,0,0,1.94,-58.07,0.0,0.0,0.0,0.0,0.0,0,90,0,0.0,0,False,False,False,False,False,False
1782461974.458,0,0,0,0,0,1.9,-58.11,0.0,0.0,0.0,0.0,0.0,0,90,0,0.0,0,False,False,False,False,False,False
1782461974.482,0,0,0,0,0,1.85,-58.16,0.0,0.0,0.0,0.0,0.0,0,90,0,0.0,0,False,False,False,False,False,False
1782461974.506,0,0,0,0,0,1.81,-58.2,0.0,0.0,0.0,0.0,0.0,0,90,0,0.0,0,False,False,False,False,False,False
1782461974.531,0,0,0,0,0,1.77,-58.25,0.0,0.0,0.0,0.0,0.0,0,90,0,0.0,0,False,False,False,False,False,False
1782461974.554,0,0,0,0,0,1.73,-58.29,0.0,0.0,0.0,0.0,0.0,0,90,0,0.0,0,False,False,False,False,False,False
1782461974.578,0,0,0,0,0,1.69,-58.33,0.0,0.0,0.0,0.0,0.0,0,90,0,0.0,0,False,False,False,False,False,False
1782461974.604,0,0,0,0,0,1.65,-58.38,0.0,0.0,0.0,0.0,0.0,0,90,0,0.0,0,False,False,False,False,False,False
1782461974.627,0,0,0,0,0,1.61,-58.42,0.0,0.0,0.0,0.0,0.0,0,90,0,0.0,0,False,False,False,False,False,False
1782461974.645,0,0,0,0,0,1.57,-58.47,0.0,0.0,0.0,0.0,0.0,0,90,0,0.0,0,False,False,False,False,False,False
1782461974.669,0,0,0,0,0,1.53,-58.51,0.0,0.0,0.0,0.0,0.0,0,90,0,0.0,0,False,False,False,False,False,False
1782461974.693,0,0,0,0,0,1.49,-58.55,0.0,0.0,0.0,0.0,0.0,0,90,0,0.0,0,False,False,False,False,False,False
1782461974.719,0,0,0,0,0,1.45,-58.59,0.0,0.0,0.0,0.0,0.0,0,90,0,0.0,0,False,False,False,False,False,False
1782461974.741,0,0,0,0,0,1.41,-58.63,0.0,0.0,0.0,0.0,0.0,0,90,0,0.0,0,False,False,False,False,False,False
1782461974.763,0,0,0,0,0,1.37,-58.68,0.0,0.0,0.0,0.0,0.0,0,90,0,0.0,0,False,False,False,False,False,False
1782461974.789,0,0,0,0,0,1.29,-58.73,0.0,0.0,0.0,0.0,0.0,0,90,0,0.0,0,False,False,False,False,False,False
1782461974.811,0,0,0,0,0,1.22,-58.76,0.0,0.0,0.0,0.0,0.0,0,90,0,0.0,0,False,False,False,False,False,False
1782461974.838,0,0,0,0,0,1.25,-58.75,0.0,0.0,0.0,0.0,0.0,0,90,0,0.0,0,False,False,False,False,False,False
1782461974.86,0,0,0,0,0,1.29,-58.75,0.0,0.0,0.0,0.0,0.0,0,90,0,0.0,0,False,False,False,False,False,False
1782461974.884,0,0,0,0,0,0.71,-58.96,0.0,0.0,0.0,0.0,0.0,0,90,0,0.0,0,False,False,False,False,False,False
1782461974.907,0,0,0,0,0,-0.69,-59.51,0.0,0.0,0.0,0.0,0.0,0,90,0,0.0,0,False,False,False,False,False,False
1782461974.932,0,0,0,0,0,-1.96,-60.08,0.0,0.0,0.0,0.0,0.0,0,90,0,0.0,0,False,False,False,False,False,False
1782461974.955,0,0,0,0,0,-2.48,-60.36,0.0,0.0,0.0,0.0,0.0,0,90,0,0.0,0,False,False,False,False,False,False
1782461974.979,0,0,0,0,0,-2.52,-60.42,0.0,0.0,0.0,0.0,0.0,0,90,0,0.0,0,False,False,False,False,False,False
1782461975.003,0,0,0,0,0,-2.41,-60.38,0.0,0.0,0.0,0.0,0.0,0,90,0,0.0,0,False,False,False,False,False,False
1782461975.025,0,0,0,0,0,-2.4,-60.33,0.0,0.0,0.0,0.0,0.0,0,90,0,0.01,0,False,False,False,False,False,False
1782461975.049,0,0,0,0,0,-2.59,-60.3,0.0,0.0,0.0,0.0,0.0,0,90,0,0.02,0,False,False,False,False,False,False
1782461975.07,0,0,0,0,0,-2.84,-60.29,0.0,0.0,0.0,0.0,0.0,0,90,0,0.02,0,False,False,False,False,False,False
1782461975.093,0,0,0,0,0,-3.02,-60.3,0.0,0.0,0.0,0.0,0.0,0,90,0,0.02,0,False,False,False,False,False,False
1782461975.116,0,0,0,0,0,-3.12,-60.32,0.0,0.0,0.0,0.0,0.0,0,90,0,0.02,0,False,False,False,False,False,False
1782461975.139,0,0,0,0,0,-3.19,-60.32,0.0,0.0,0.0,0.0,0.0,0,90,0,0.03,0,False,False,False,False,False,False
1782461975.159,0,0,0,0,0,-3.24,-60.33,0.0,0.0,0.0,0.0,0.0,0,90,0,0.03,0,False,False,False,False,False,False
1782461975.182,0,0,0,0,0,-3.29,-60.39,0.0,0.0,0.0,0.0,0.0,0,90,0,0.03,0,False,False,False,False,False,False
1782461975.205,0,0,0,0,0,-3.32,-60.46,0.0,0.0,0.0,0.0,0.0,0,90,0,0.03,0,False,False,False,False,False,False
1782461975.231,0,0,0,0,0,-3.36,-60.54,0.0,0.0,0.0,0.0,0.0,0,90,0,0.04,0,False,False,False,False,False,False
1782461975.254,0,0,0,0,0,-3.38,-60.61,0.0,0.0,0.0,0.0,0.0,0,90,0,0.04,0,False,False,False,False,False,False
1782461975.278,0,0,0,0,0,-3.39,-60.69,0.0,0.0,0.0,0.0,0.0,0,90,0,0.04,0,False,False,False,False,False,False
1782461975.295,0,0,0,0,0,-3.39,-60.77,0.0,0.0,0.0,0.0,0.0,0,90,0,0.04,0,False,False,False,False,False,False
1782461975.321,0,0,0,0,0,-3.38,-60.86,0.0,0.0,0.0,0.0,0.0,0,90,0,0.04,0,False,False,False,False,False,False
1782461975.344,0,0,0,0,0,-3.38,-60.94,0.0,0.0,0.0,0.0,0.0,0,90,0,0.04,0,False,False,False,False,False,False
1782461975.368,0,0,0,0,0,-3.4,-60.99,0.0,0.0,0.0,0.0,0.0,0,90,0,0.04,0,False,False,False,False,False,False
1782461975.39,0,0,0,0,0,-3.41,-61.01,0.0,0.0,0.0,0.0,0.0,0,90,0,0.04,0,False,False,False,False,False,False
1782461975.409,0,0,0,0,0,-3.46,-61.02,0.0,0.0,0.0,0.0,0.0,0,90,0,0.04,0,False,False,False,False,False,False
1782461975.433,0,0,0,0,0,-3.61,-61.02,0.0,0.0,0.0,0.0,0.0,0,90,0,0.04,0,False,False,False,False,False,False
1782461975.457,0,0,0,0,0,-3.8,-61.03,0.0,0.0,0.0,0.0,0.0,0,90,0,0.04,0,False,False,False,False,False,False
1782461975.482,0,0,0,0,0,-3.93,-61.03,0.0,0.0,0.0,0.0,0.0,0,90,0,0.04,0,False,False,False,False,False,False
1782461975.505,0,0,0,0,0,-3.99,-61.05,0.0,0.0,0.0,0.0,0.0,0,90,0,0.04,0,False,False,False,False,False,False
1782461975.53,0,0,0,0,0,-4.03,-61.13,0.0,0.0,0.0,0.0,0.0,0,90,0,0.04,0,False,False,False,False,False,False
1782461975.553,0,0,0,0,0,-4.05,-61.23,0.0,0.0,0.0,0.0,0.0,0,90,0,0.04,0,False,False,False,False,False,False
1782461975.577,0,0,0,0,0,-4.08,-61.32,0.0,0.0,0.0,0.0,0.0,0,90,0,0.04,0,False,False,False,False,False,False
1782461975.6,0,0,0,0,0,-4.11,-61.37,0.0,0.0,0.0,0.0,0.0,0,90,0,0.04,0,False,False,False,False,False,False
1782461975.624,0,0,0,0,0,-4.15,-61.39,0.0,0.0,0.0,0.0,0.0,0,90,0,0.04,0,False,False,False,False,False,False
1782461975.649,0,0,0,0,0,-4.24,-61.41,0.0,0.0,0.0,0.0,0.0,0,90,0,0.04,0,False,False,False,False,False,False
1782461975.671,0,0,0,0,0,-4.37,-61.43,0.0,0.0,0.0,0.0,0.0,0,90,0,0.04,0,False,False,False,False,False,False
1782461975.694,0,0,0,0,0,-4.46,-61.48,0.0,0.0,0.0,0.0,0.0,0,90,0,0.04,0,False,False,False,False,False,False
1782461975.719,0,0,0,0,0,-4.5,-61.54,0.0,0.0,0.0,0.0,0.0,0,90,0,0.04,0,False,False,False,False,False,False
1782461975.743,0,0,0,0,0,-4.53,-61.59,0.0,0.0,0.0,0.0,0.0,0,90,0,0.04,0,False,False,False,False,False,False
1782461975.767,0,0,0,0,0,-4.59,-61.63,0.0,0.0,0.0,0.0,0.0,0,90,0,0.04,0,False,False,False,False,False,False
1782461975.791,0,0,0,0,0,-4.66,-61.66,0.0,0.0,0.0,0.0,0.0,0,90,0,0.04,0,False,False,False,False,False,False
1782461975.814,0,0,0,0,0,-4.73,-61.69,0.0,0.0,0.0,0.0,0.0,0,90,0,0.04,0,False,False,False,False,False,False
1782461975.839,0,0,0,0,0,-4.78,-61.74,0.0,0.0,0.0,0.0,0.0,0,90,0,0.04,0,False,False,False,False,False,False
1782461975.862,0,0,0,0,0,-4.83,-61.79,0.0,0.0,0.0,0.0,0.0,0,90,0,0.04,0,False,False,False,False,False,False
1782461975.887,0,0,0,0,0,-4.89,-61.83,0.0,0.0,0.0,0.0,0.0,0,90,0,0.04,0,False,False,False,False,False,False
1782461975.91,0,0,0,0,0,-4.95,-61.87,0.0,0.0,0.0,0.0,0.0,0,90,0,0.04,0,False,False,False,False,False,False
1782461975.939,0,0,0,0,0,-5.01,-61.9,0.0,0.0,0.0,0.0,0.0,0,90,0,0.04,0,False,False,False,False,False,False
1782461975.959,0,0,0,0,0,-5.07,-61.94,0.0,0.0,0.0,0.0,0.0,0,90,0,0.04,0,False,False,False,False,False,False
1782461975.977,0,0,0,0,0,-5.13,-61.98,0.0,0.0,0.0,0.0,0.0,0,90,0,0.04,0,False,False,False,False,False,False
1782461976.003,0,0,0,0,0,-5.18,-62.01,0.0,0.0,0.0,0.0,0.0,0,90,0,0.04,0,False,False,False,False,False,False
1782461976.021,0,0,0,0,0,-5.23,-62.05,0.0,0.0,0.0,0.0,0.0,0,90,0,0.04,0,False,False,False,False,False,False
1782461976.044,0,0,0,0,0,-5.28,-62.08,0.0,0.0,0.0,0.0,0.0,0,90,0,0.04,0,False,False,False,False,False,False
1782461976.07,0,0,0,0,0,-5.33,-62.11,0.0,0.0,0.0,0.0,0.0,0,90,0,0.04,0,False,False,False,False,False,False
1782461976.093,0,0,0,0,0,-5.38,-62.15,0.0,0.0,0.0,0.0,0.0,0,90,0,0.04,0,False,False,False,False,False,False
1782461976.117,0,0,0,0,0,-5.44,-62.18,0.0,0.0,0.0,0.0,0.0,0,90,0,0.04,0,False,False,False,False,False,False
1782461976.141,0,0,0,0,0,-5.5,-62.22,0.0,0.0,0.0,0.0,0.0,0,90,0,0.04,0,False,False,False,False,False,False
1782461976.164,0,0,0,0,0,-5.56,-62.26,0.0,0.0,0.0,0.0,0.0,0,90,0,0.04,0,False,False,False,False,False,False
1782461976.184,0,0,0,0,0,-5.62,-62.29,0.0,0.0,0.0,0.0,0.0,0,90,0,0.04,0,False,False,False,False,False,False
1782461976.209,0,0,0,0,0,-5.67,-62.32,0.0,0.0,0.0,0.0,0.0,0,90,0,0.04,0,False,False,False,False,False,False
1782461976.227,0,0,0,0,0,-5.72,-62.35,0.0,0.0,0.0,0.0,0.0,0,90,0,0.04,0,False,False,False,False,False,False
1782461976.251,0,0,0,0,0,-5.77,-62.38,0.0,0.0,0.0,0.0,0.0,0,90,0,0.04,0,False,False,False,False,False,False
1782461976.274,0,0,0,0,0,-5.82,-62.41,0.0,0.0,0.0,0.0,0.0,0,90,0,0.04,0,False,False,False,False,False,False
1782461976.299,0,0,0,0,0,-5.88,-62.45,0.0,0.0,0.0,0.0,0.0,0,90,0,0.04,0,False,False,False,False,False,False
1782461976.323,0,0,0,0,0,-5.94,-62.49,0.0,0.0,0.0,0.0,0.0,0,90,0,0.04,0,False,False,False,False,False,False
1782461976.348,0,0,0,0,0,-6.0,-62.52,0.0,0.0,0.0,0.0,0.0,0,90,0,0.04,0,False,False,False,False,False,False
1782461976.372,0,0,0,0,0,-6.06,-62.56,0.0,0.0,0.0,0.0,0.0,0,90,0,0.04,0,False,False,False,False,False,False
1782461976.395,0,0,0,0,0,-6.11,-62.6,0.0,0.0,0.0,0.0,0.0,0,90,0,0.04,0,False,False,False,False,False,False
1782461976.418,0,0,0,0,0,-6.17,-62.64,0.0,0.0,0.0,0.0,0.0,0,90,0,0.03,0,False,False,False,False,False,False
1782461976.442,0,0,0,0,0,-6.22,-62.68,0.0,0.0,0.0,0.0,0.0,0,90,0,0.03,0,False,False,False,False,False,False
1782461976.467,0,0,0,0,0,-6.28,-62.72,0.0,0.0,0.0,0.0,0.0,0,90,0,0.02,0,False,False,False,False,False,False
1782461976.489,0,0,0,0,0,-6.34,-62.75,0.0,0.0,0.0,0.0,0.0,0,90,0,0.02,0,False,False,False,False,False,False
1782461976.515,0,0,0,0,0,-6.4,-62.79,0.0,0.0,0.0,0.0,0.0,0,90,0,0.02,0,False,False,False,False,False,False
1782461976.538,0,0,0,0,0,-6.45,-62.82,0.0,0.0,0.0,0.0,0.0,0,90,0,0.01,0,False,False,False,False,False,False
1782461976.563,0,0,0,0,0,-6.51,-62.86,0.0,0.0,0.0,0.0,0.0,0,90,0,0.01,0,False,False,False,False,False,False
1782461976.589,0,0,0,0,0,-6.57,-62.89,0.0,0.0,0.0,0.0,0.0,0,90,0,0.01,0,False,False,False,False,False,False
1782461976.605,0,0,0,0,0,-6.63,-62.92,0.0,0.0,0.0,0.0,0.0,0,90,0,0.01,0,False,False,False,False,False,False
1782461976.631,0,0,0,0,0,-6.68,-62.95,0.0,0.0,0.0,0.0,0.0,0,90,0,0.01,0,False,False,False,False,False,False
1782461976.654,0,0,0,0,0,-6.73,-62.98,0.0,0.0,0.0,0.0,0.0,0,90,0,0.01,0,False,False,False,False,False,False
1782461976.677,0,0,0,0,0,-6.79,-63.01,0.0,0.0,0.0,0.0,0.0,0,90,0,0.0,0,False,False,False,False,False,False
1782461976.701,0,0,0,0,0,-6.85,-63.04,0.0,0.0,0.0,0.0,0.0,0,90,0,0.0,0,False,False,False,False,False,False
1782461976.725,0,0,0,0,0,-6.9,-63.06,0.0,0.0,0.0,0.0,0.0,0,90,0,0.0,0,False,False,False,False,False,False
1782461976.749,0,0,0,0,0,-6.96,-63.09,0.0,0.0,0.0,0.0,0.0,0,90,0,0.0,0,False,False,False,False,False,False
1782461976.774,0,0,0,0,0,-7.02,-63.12,0.0,0.0,0.0,0.0,0.0,0,90,0,0.0,0,False,False,False,False,False,False
1782461976.799,0,0,0,0,0,-7.08,-63.16,0.0,0.0,0.0,0.0,0.0,0,90,0,0.0,0,False,False,False,False,False,False
1782461976.817,0,0,0,0,0,-7.14,-63.19,0.0,0.0,0.0,0.0,0.0,0,90,0,0.0,0,False,False,False,False,False,False
1782461976.841,0,0,0,0,0,-7.19,-63.22,0.0,0.0,0.0,0.0,0.0,0,90,0,0.0,0,False,False,False,False,False,False
1782461976.861,0,0,0,0,0,-7.24,-63.25,0.0,0.0,0.0,0.0,0.0,0,90,0,0.0,0,False,False,False,False,False,False
1782461976.884,0,0,0,0,0,-7.29,-63.28,0.0,0.0,0.0,0.0,0.0,0,90,0,0.0,0,False,False,False,False,False,False
1782461976.908,0,0,0,0,0,-7.34,-63.31,0.0,0.0,0.0,0.0,0.0,0,90,0,0.0,0,False,False,False,False,False,False
1782461976.932,0,0,0,0,0,-7.4,-63.35,0.0,0.0,0.0,0.0,0.0,0,90,0,0.0,0,False,False,False,False,False,False
1782461976.957,0,0,0,0,0,-7.46,-63.38,0.0,0.0,0.0,0.0,0.0,0,90,0,0.0,0,False,False,False,False,False,False
1782461976.979,0,0,0,0,0,-7.51,-63.41,0.0,0.0,0.0,0.0,0.0,0,90,0,0.0,0,False,False,False,False,False,False
1782461977.004,0,0,0,0,0,-7.57,-63.44,0.0,0.0,0.0,0.0,0.0,0,90,0,0.0,0,False,False,False,False,False,False
1782461977.028,0,0,0,0,0,-7.62,-63.47,0.0,0.0,0.0,0.0,0.0,0,90,0,0.0,0,False,False,False,False,False,False
1782461977.052,0,0,0,0,0,-7.68,-63.51,0.0,0.0,0.0,0.0,0.0,0,90,0,0.0,0,False,False,False,False,False,False
1782461977.076,0,0,0,0,0,-7.75,-63.54,0.0,0.0,0.0,0.0,0.0,0,90,0,0.0,0,False,False,False,False,False,False
1782461977.1,0,0,0,0,0,-7.81,-63.57,0.0,0.0,0.0,0.0,0.0,0,90,0,0.0,0,False,False,False,False,False,False
1782461977.123,0,0,0,0,0,-7.87,-63.61,0.0,0.0,0.0,0.0,0.0,0,90,0,0.0,0,False,False,False,False,False,False
1782461977.147,0,0,0,0,0,-7.92,-63.64,0.0,0.0,0.0,0.0,0.0,0,90,0,0.0,0,False,False,False,False,False,False
1782461977.172,0,0,0,0,0,-7.97,-63.67,0.0,0.0,0.0,0.0,0.0,0,90,0,0.0,0,False,False,False,False,False,False
1782461977.196,0,0,0,0,0,-8.03,-63.7,0.0,0.0,0.0,0.0,0.0,0,90,0,0.0,0,False,False,False,False,False,False
1782461977.221,0,0,0,0,0,-8.09,-63.73,0.0,0.0,0.0,0.0,0.0,0,90,0,0.0,0,False,False,False,False,False,False
1782461977.244,0,0,0,0,0,-8.15,-63.76,0.0,0.0,0.0,0.0,0.0,0,90,0,0.0,0,False,False,False,False,False,False
1782461977.269,0,0,0,0,0,-8.2,-63.8,0.0,0.0,0.0,0.0,0.0,0,90,0,0.0,0,False,False,False,False,False,False
1782461977.288,0,0,0,0,0,-8.25,-63.83,0.0,0.0,0.0,0.0,0.0,0,90,0,0.0,0,False,False,False,False,False,False
1782461977.311,0,0,0,0,0,-8.29,-63.86,0.0,0.0,0.0,0.0,0.0,0,90,0,0.0,0,False,False,False,False,False,False
1782461977.337,0,0,0,0,0,-8.33,-63.88,0.0,0.0,0.0,0.0,0.0,0,90,0,0.0,0,False,False,False,False,False,False
1782461977.36,0,0,0,0,0,-8.37,-63.91,0.0,0.0,0.0,0.0,0.0,0,90,0,0.0,0,False,False,False,False,False,False
1782461977.378,0,0,0,0,0,-8.41,-63.94,0.0,0.0,0.0,0.0,0.0,0,90,0,0.0,0,False,False,False,False,False,False
1782461977.402,0,0,0,0,0,-8.45,-63.97,0.0,0.0,0.0,0.0,0.0,0,90,0,0.0,0,False,False,False,False,False,False
1782461977.426,0,0,0,0,0,-8.49,-63.99,0.0,0.0,0.0,0.0,0.0,0,90,0,0.0,0,False,False,False,False,False,False
1782461977.449,0,0,0,0,0,-8.54,-64.02,0.0,0.0,0.0,0.0,0.0,0,90,0,0.0,0,False,False,False,False,False,False
1782461977.472,0,0,0,0,0,-8.59,-64.05,0.0,0.0,0.0,0.0,0.0,0,90,0,0.0,0,False,False,False,False,False,False
1782461977.497,0,0,0,0,0,-8.65,-64.08,0.0,0.0,0.0,0.0,0.0,0,90,0,0.0,0,False,False,False,False,False,False
1782461977.522,0,0,0,0,0,-8.7,-64.11,0.0,0.0,0.0,0.0,0.0,0,90,0,0.0,0,False,False,False,False,False,False
1782461977.545,0,0,0,0,0,-8.76,-64.14,0.0,0.0,0.0,0.0,0.0,0,90,0,0.0,0,False,False,False,False,False,False
1782461977.569,0,0,0,0,0,-8.82,-64.17,0.0,0.0,0.0,0.0,0.0,0,90,0,0.0,0,False,False,False,False,False,False
1782461977.589,0,0,0,0,0,-8.87,-64.2,0.0,0.0,0.0,0.0,0.0,0,90,0,0.0,0,False,False,False,False,False,False
1782461977.612,0,0,0,0,0,-8.92,-64.23,0.0,0.0,0.0,0.0,0.0,0,90,0,0.0,0,False,False,False,False,False,False
1782461977.635,0,0,0,0,0,-8.97,-64.25,0.0,0.0,0.0,0.0,0.0,0,90,0,0.0,0,False,False,False,False,False,False
1782461977.661,0,0,0,0,0,-9.01,-64.28,0.0,0.0,0.0,0.0,0.0,0,90,0,0.0,0,False,False,False,False,False,False
1782461977.684,0,0,0,0,0,-9.07,-64.31,0.0,0.0,0.0,0.0,0.0,0,90,0,0.0,0,False,False,False,False,False,False
1782461977.707,0,0,0,0,0,-9.12,-64.34,0.0,0.0,0.0,0.0,0.0,0,90,0,0.0,0,False,False,False,False,False,False
1782461977.732,0,0,0,0,0,-9.18,-64.37,0.0,0.0,0.0,0.0,0.0,0,90,0,0.0,0,False,False,False,False,False,False
1782461977.756,0,0,0,0,0,-9.23,-64.39,0.0,0.0,0.0,0.0,0.0,0,90,0,0.0,0,False,False,False,False,False,False
1782461977.779,0,0,0,0,0,-9.28,-64.39,0.0,0.0,0.0,0.0,0.0,0,90,0,0.0,0,False,False,False,False,False,False
1782461977.803,0,0,0,0,0,-9.34,-64.38,0.0,0.0,0.0,0.0,0.0,0,90,0,0.0,0,False,False,False,False,False,False
1782461977.827,0,0,0,0,0,-9.4,-64.39,0.0,0.0,0.0,0.0,0.0,0,90,0,0.0,0,False,False,False,False,False,False
1782461977.852,0,0,0,0,0,-9.45,-64.4,0.0,0.0,0.0,0.0,0.0,0,90,0,0.0,0,False,False,False,False,False,False
1782461977.875,0,0,0,0,0,-9.51,-64.41,0.0,0.0,0.0,0.0,0.0,0,90,0,0.0,0,False,False,False,False,False,False
1782461977.898,0,0,0,0,0,-9.56,-64.44,0.0,0.0,0.0,0.0,0.0,0,90,0,0.0,0,False,False,False,False,False,False
1782461977.924,0,0,0,0,0,-9.62,-64.49,0.0,0.0,0.0,0.0,0.0,0,90,0,0.0,0,False,False,False,False,False,False
1782461977.948,0,0,0,0,0,-9.67,-64.52,0.0,0.0,0.0,0.0,0.0,0,90,0,0.0,0,False,False,False,False,False,False
1782461977.971,0,0,0,0,0,-9.72,-64.56,0.0,0.0,0.0,0.0,0.0,0,90,0,0.0,0,False,False,False,False,False,False
1782461977.993,0,0,0,0,0,-9.76,-64.59,0.0,0.0,0.0,0.0,0.0,0,90,0,0.0,0,False,False,False,False,False,False
1782461978.017,0,0,0,0,0,-9.8,-64.61,0.0,0.0,0.0,0.0,0.0,0,90,0,0.0,0,False,False,False,False,False,False
1782461978.044,0,0,0,0,0,-9.86,-64.64,0.0,0.0,0.0,0.0,0.0,0,90,0,0.0,0,False,False,False,False,False,False
1782461978.068,0,0,0,0,0,-9.92,-64.66,0.0,0.0,0.0,0.0,0.0,0,90,0,0.0,0,False,False,False,False,False,False
1782461978.091,0,0,0,0,0,-9.97,-64.69,0.0,0.0,0.0,0.0,0.0,0,90,0,0.0,0,False,False,False,False,False,False
1782461978.114,0,0,0,0,0,-10.05,-64.73,0.0,0.0,0.0,0.0,0.0,0,90,0,0.0,0,False,False,False,False,False,False
1782461978.14,0,0,0,0,0,-10.08,-64.76,0.0,0.0,0.0,0.0,0.0,0,90,0,0.0,0,False,False,False,False,False,False
1782461978.159,0,0,0,0,0,-9.99,-64.8,0.0,0.0,0.0,0.0,0.0,0,90,0,0.0,0,False,False,False,False,False,False
1782461978.181,0,0,0,0,0,-9.91,-64.87,0.0,0.0,0.0,0.0,0.0,0,90,0,0.0,0,False,False,False,False,False,False
1782461978.205,0,0,0,0,0,-10.55,-64.92,0.0,0.0,0.0,0.0,0.0,0,90,0,0.0,0,False,False,False,False,False,False
1782461978.229,0,0,0,0,0,-12.34,-64.89,0.0,0.0,0.0,0.0,0.0,0,90,0,0.0,0,False,False,False,False,False,False
1782461978.254,0,0,0,0,0,-14.45,-64.91,0.0,0.0,0.0,0.0,0.0,0,90,0,0.0,0,False,False,False,False,False,False
1782461978.277,0,0,0,0,0,-15.9,-64.97,0.0,0.0,0.0,0.0,0.0,0,90,0,0.01,0,False,False,False,False,False,False
1782461978.301,0,0,0,0,0,-16.49,-65.0,0.0,0.0,0.0,0.0,0.0,0,90,0,0.01,0,False,False,False,False,False,False
1782461978.324,0,0,0,0,0,-16.32,-64.94,0.0,0.0,0.0,0.0,0.0,0,90,0,0.01,0,False,False,False,False,False,False
1782461978.349,0,0,0,0,0,-15.72,-64.84,0.0,0.0,0.0,0.0,0.0,0,90,0,0.02,0,False,False,False,False,False,False
1782461978.374,0,0,0,0,0,-15.19,-64.82,0.0,0.0,0.0,0.0,0.0,0,90,0,0.04,0,False,False,False,False,False,False
1782461978.395,0,0,0,0,0,-15.07,-64.62,0.0,0.0,0.0,0.0,0.0,0,90,0,0.06,0,False,False,False,False,False,False
1782461978.42,0,0,0,0,0,-15.35,-63.86,0.0,0.0,0.0,0.0,0.0,0,90,0,0.06,0,False,False,False,False,False,False
1782461978.443,0,0,0,0,0,-15.86,-62.83,0.0,0.0,0.0,0.0,0.0,0,90,0,0.07,0,False,False,False,False,False,False
1782461978.467,0,0,0,0,0,-16.46,-61.91,0.0,0.0,0.0,0.0,0.0,0,90,0,0.09,0,False,False,False,False,False,False
1782461978.49,0,0,0,0,0,-17.08,-61.12,0.0,0.0,0.0,0.0,0.0,0,90,0,0.12,0,False,False,False,False,False,False
1782461978.515,0,0,0,0,0,-17.72,-60.48,0.0,0.0,0.0,0.0,0.0,0,90,0,0.14,0,False,False,False,False,False,False
1782461978.54,0,0,0,0,0,-18.35,-60.0,0.0,0.0,0.0,0.0,0.0,0,90,0,0.15,0,False,False,False,False,False,False
1782461978.562,0,0,0,0,0,-18.99,-59.66,0.0,0.0,0.0,0.0,0.0,0,90,0,0.15,0,False,False,False,False,False,False
1782461978.588,0,0,0,0,0,-19.64,-59.35,0.0,0.0,0.0,0.0,0.0,0,90,0,0.16,0,False,False,False,False,False,False
1782461978.611,0,0,0,0,0,-20.28,-58.99,0.0,0.0,0.0,0.0,0.0,0,90,0,0.17,0,False,False,False,False,False,False
1782461978.635,0,0,0,0,0,-20.92,-58.53,0.0,0.0,0.0,0.0,0.0,0,90,0,0.19,0,False,False,False,False,False,False
1782461978.659,0,0,0,0,0,-21.62,-58.05,0.0,0.0,0.0,0.0,0.0,0,90,0,0.19,0,False,False,False,False,False,False
1782461978.683,0,0,0,0,0,-22.4,-57.63,0.0,0.0,0.0,0.0,0.0,0,90,0,0.19,0,False,False,False,False,False,False
1782461978.707,0,0,0,0,0,-23.19,-57.31,0.0,0.0,0.0,0.0,0.0,0,90,0,0.2,0,False,False,False,False,False,False
1782461978.731,0,0,0,0,0,-23.89,-57.04,0.0,0.0,0.0,0.0,0.0,0,90,0,0.2,0,False,False,False,False,False,False
1782461978.755,0,0,0,0,0,-24.5,-56.73,0.0,0.0,0.0,0.0,0.0,0,90,0,0.2,0,False,False,False,False,False,False
1782461978.78,0,0,0,0,0,-25.04,-56.28,0.0,0.0,0.0,0.0,0.0,0,90,0,0.21,0,False,False,False,False,False,False
1782461978.802,0,0,0,0,0,-25.54,-55.69,0.0,0.0,0.0,0.0,0.0,0,90,0,0.21,0,False,False,False,False,False,False
1782461978.826,0,0,0,0,0,-26.04,-54.98,0.0,0.0,0.0,0.0,0.0,0,90,0,0.21,0,False,False,False,False,False,False
1782461978.85,0,0,0,0,0,-26.55,-54.2,0.0,0.0,0.0,0.0,0.0,0,90,0,0.21,0,False,False,False,False,False,False
1782461978.874,0,0,0,0,0,-27.05,-53.42,0.0,0.0,0.0,0.0,0.0,0,90,0,0.21,0,False,False,False,False,False,False
1782461978.897,0,0,0,0,0,-27.48,-52.76,0.0,0.0,0.0,0.0,0.0,0,90,0,0.21,0,False,False,False,False,False,False
1782461978.915,0,0,0,0,0,-27.8,-52.34,0.0,0.0,0.0,0.0,0.0,0,90,0,0.21,0,False,False,False,False,False,False
1782461978.939,0,0,0,0,0,-28.07,-52.18,0.0,0.0,0.0,0.0,0.0,0,90,0,0.21,0,False,False,False,False,False,False
1782461978.963,0,0,0,0,0,-28.4,-52.21,0.0,0.0,0.0,0.0,0.0,0,90,0,0.21,0,False,False,False,False,False,False
1782461978.987,0,0,0,0,0,-28.76,-52.32,0.0,0.0,0.0,0.0,0.0,0,90,0,0.21,0,False,False,False,False,False,False
1782461979.007,0,0,0,0,0,-29.04,-52.43,0.0,0.0,0.0,0.0,0.0,0,90,0,0.21,0,False,False,False,False,False,False
1782461979.031,0,0,0,0,0,-29.17,-52.52,0.0,0.0,0.0,0.0,0.0,0,90,0,0.21,0,False,False,False,False,False,False
1782461979.054,0,0,0,0,0,-29.21,-52.61,0.0,0.0,0.0,0.0,0.0,0,90,0,0.21,0,False,False,False,False,False,False
1782461979.078,0,0,0,0,0,-29.23,-52.74,0.0,0.0,0.0,0.0,0.0,0,90,0,0.21,0,False,False,False,False,False,False
1782461979.101,0,0,0,0,0,-29.29,-52.86,0.0,0.0,0.0,0.0,0.0,0,90,0,0.21,0,False,False,False,False,False,False
1782461979.125,0,0,0,0,0,-29.37,-52.99,0.0,0.0,0.0,0.0,0.0,0,90,0,0.21,0,False,False,False,False,False,False
1782461979.149,0,0,0,0,0,-29.37,-53.46,0.0,0.0,0.0,0.0,0.0,0,90,0,0.21,0,False,False,False,False,False,False
1782461979.172,0,0,0,0,0,-29.27,-54.29,0.0,0.0,0.0,0.0,0.0,0,90,0,0.21,0,False,False,False,False,False,False
1782461979.197,0,0,0,0,0,-29.2,-55.4,0.0,0.0,0.0,0.0,0.0,0,90,0,0.21,0,False,False,False,False,False,False
1782461979.219,0,0,0,0,0,-29.17,-56.88,0.0,0.0,0.0,0.0,0.0,0,90,0,0.21,0,False,False,False,False,False,False
1782461979.244,0,0,0,0,0,-28.96,-58.76,0.0,0.0,0.0,0.0,0.0,0,90,0,0.21,0,False,False,False,False,False,False
1782461979.267,0,0,0,0,0,-26.46,-60.97,0.0,0.0,0.0,0.0,0.0,0,90,0,0.21,0,False,False,False,False,False,False
1782461979.292,0,0,0,0,0,-20.34,-63.28,0.0,0.0,0.0,0.0,0.0,0,90,0,0.22,0,False,False,False,False,False,False
1782461979.314,0,0,0,0,0,-14.1,-65.27,0.0,0.0,0.0,0.0,0.0,0,90,0,0.24,0,False,False,False,False,False,False
1782461979.337,0,0,0,0,0,-10.63,-66.6,0.0,0.0,0.0,0.0,0.0,0,90,0,0.27,0,False,False,False,False,False,False
1782461979.363,0,0,0,0,0,-8.82,-67.44,0.0,0.0,0.0,0.0,0.0,0,90,0,0.28,0,False,False,False,False,False,False
1782461979.385,0,0,0,0,0,-6.8,-68.21,0.0,0.0,0.0,0.0,0.0,0,90,0,0.29,0,False,False,False,False,False,False
1782461979.41,0,0,0,0,0,-3.58,-69.15,0.0,0.0,0.0,0.0,0.0,0,90,1,0.37,0,False,False,False,False,False,False
1782461979.433,0,0,0,0,0,0.8,-70.26,0.0,0.0,0.0,0.0,0.0,0,90,1,0.47,0,False,False,False,False,False,False
1782461979.458,0,0,0,0,0,5.87,-71.43,0.0,0.0,0.0,0.0,0.0,0,90,1,0.51,0,False,False,False,False,False,False
1782461979.477,0,0,0,0,0,11.1,-72.53,0.0,0.0,0.0,0.0,0.0,0,90,1,0.51,0,False,False,False,False,False,False
1782461979.5,0,0,0,0,0,16.18,-73.49,0.0,0.0,0.0,0.0,0.0,0,90,1,0.54,0,False,False,False,False,False,False
1782461979.524,0,0,0,0,0,21.36,-74.31,0.0,0.0,0.0,0.0,0.0,0,90,1,0.61,0,False,False,False,False,False,False
1782461979.547,0,0,0,0,0,27.23,-74.99,0.0,0.0,0.0,0.0,0.0,0,90,1,0.67,0,False,False,False,False,False,False
1782461979.571,0,0,0,0,0,34.54,-75.5,0.0,0.0,0.0,0.0,0.0,0,90,1,0.69,0,False,False,False,False,False,False
1782461979.595,0,0,0,0,0,43.96,-75.84,0.0,0.0,0.0,0.0,0.0,0,90,1,0.69,0,False,False,False,False,False,False
1782461979.619,0,0,0,0,0,55.32,-76.03,0.0,0.0,0.0,0.0,0.0,0,90,1,0.69,0,False,False,False,False,False,False
1782461979.645,0,0,0,0,0,65.81,-76.0,0.0,0.0,0.0,0.0,0.0,0,90,1,0.69,0,False,False,False,False,False,False
1782461979.669,0,0,0,0,0,71.72,-75.59,0.0,0.0,0.0,0.0,0.0,0,90,1,0.7,0,False,False,False,False,False,False
1782461979.691,0,0,0,0,0,73.03,-75.11,0.0,0.0,0.0,0.0,0.0,0,90,1,0.74,0,False,False,False,False,False,False
1782461979.716,0,0,0,0,0,72.42,-75.07,0.0,0.0,0.0,0.0,0.0,0,90,1,0.88,0,False,False,False,False,False,False
1782461979.74,0,0,0,0,0,71.68,-74.67,0.0,0.0,0.0,0.0,0.0,0,90,1,1.13,0,False,False,False,False,False,False
1782461979.763,0,0,0,0,0,71.34,-73.0,0.0,0.0,0.0,0.0,0.0,0,90,1,1.29,0,False,False,False,False,False,False
1782461979.787,0,0,0,0,0,71.29,-70.94,0.0,0.0,0.0,0.0,0.0,0,90,1,1.28,0,False,False,False,False,False,False
1782461979.81,0,0,0,0,0,71.35,-69.5,0.0,0.0,0.0,0.0,0.0,0,90,1,1.3,0,False,False,False,False,False,False
1782461979.835,0,0,0,0,0,71.4,-68.68,0.0,0.0,0.0,0.0,0.0,0,90,1,1.56,0,False,False,False,False,False,False
1782461979.854,0,0,0,0,0,71.42,-68.26,0.0,0.0,0.0,0.0,0.0,0,90,1,2.0,0,False,False,False,False,False,False
1782461979.878,0,0,0,0,0,71.42,-68.04,0.0,0.0,0.0,0.0,0.0,0,90,1,2.31,0,False,False,False,False,False,False
1782461979.9,0,0,0,0,0,71.42,-67.95,0.0,0.0,0.0,0.0,0.0,0,90,1,2.37,0,False,False,False,False,False,False
1782461979.926,0,0,0,0,0,71.41,-68.0,0.0,0.0,0.0,0.0,0.0,0,90,1,2.34,0,False,False,False,False,False,False
1782461979.949,0,0,0,0,0,71.41,-68.26,0.0,0.0,0.0,0.0,0.0,0,90,1,2.41,0,False,False,False,False,False,False
1782461979.973,0,0,0,0,0,71.41,-68.55,0.0,0.0,0.0,0.0,0.0,0,90,1,2.57,0,False,False,False,False,False,False
1782461979.991,0,0,0,0,0,71.41,-68.57,0.0,0.0,0.0,0.0,0.0,0,90,1,2.72,0,False,False,False,False,False,False
1782461980.015,0,0,0,0,0,71.41,-68.8,0.0,0.0,0.0,0.0,0.0,0,90,1,2.77,0,False,False,False,False,False,False
1782461980.039,0,0,0,0,0,71.41,-69.77,0.0,0.0,0.0,0.0,0.0,0,90,1,2.76,0,False,False,False,False,False,False
1782461980.064,0,0,0,0,0,71.41,-70.88,0.0,0.0,0.0,0.0,0.0,0,90,1,2.76,0,False,False,False,False,False,False
1782461980.086,0,0,0,0,0,71.41,-71.51,0.0,0.0,0.0,0.0,0.0,0,90,1,2.8,0,False,False,False,False,False,False
1782461980.112,0,0,0,0,0,71.41,-71.64,0.0,0.0,0.0,0.0,0.0,0,90,1,2.83,0,False,False,False,False,False,False
1782461980.135,0,0,0,0,0,71.41,-71.44,0.0,0.0,0.0,0.0,0.0,0,90,1,2.85,0,False,False,False,False,False,False
1782461980.16,0,0,0,0,0,71.41,-71.07,0.0,0.0,0.0,0.0,0.0,0,90,1,2.85,0,False,False,False,False,False,False
1782461980.181,0,0,0,0,0,71.41,-70.81,0.0,0.0,0.0,0.0,0.0,0,90,1,2.85,0,False,False,False,False,False,False
1782461980.203,0,0,0,0,0,71.41,-70.64,0.0,0.0,0.0,0.0,0.0,0,90,1,2.86,0,False,False,False,False,False,False
1782461980.228,0,0,0,0,0,71.41,-70.12,0.0,0.0,0.0,0.0,0.0,0,90,1,2.86,0,False,False,False,False,False,False
1782461980.249,0,0,0,0,0,71.41,-69.32,0.0,0.0,0.0,0.0,0.0,0,90,1,2.87,0,False,False,False,False,False,False
1782461980.273,0,0,0,0,0,71.41,-68.61,0.0,0.0,0.0,0.0,0.0,0,90,1,2.87,0,False,False,False,False,False,False
1782461980.296,0,0,0,0,0,71.41,-68.09,0.0,0.0,0.0,0.0,0.0,0,90,1,2.87,0,False,False,False,False,False,False
1782461980.32,0,0,0,0,0,71.41,-67.73,0.0,0.0,0.0,0.0,0.0,0,90,1,2.87,0,False,False,False,False,False,False
1782461980.343,0,0,0,0,0,71.41,-67.49,0.0,0.0,0.0,0.0,0.0,0,90,1,2.87,0,False,False,False,False,False,False
1782461980.368,0,0,0,0,0,71.41,-67.37,0.0,0.0,0.0,0.0,0.0,0,90,1,2.87,0,False,False,False,False,False,False
1782461980.393,0,0,0,0,0,71.41,-67.4,0.0,0.0,0.0,0.0,0.0,0,90,1,2.87,0,False,False,False,False,False,False
1782461980.416,0,0,0,0,0,71.41,-67.66,0.0,0.0,0.0,0.0,0.0,0,90,1,2.87,0,False,False,False,False,False,False
1782461980.44,0,0,0,0,0,71.41,-67.96,0.0,0.0,0.0,0.0,0.0,0,90,1,2.87,0,False,False,False,False,False,False
1782461980.465,0,0,0,0,0,71.41,-67.99,0.0,0.0,0.0,0.0,0.0,0,90,1,2.87,0,False,False,False,False,False,False
1782461980.488,0,0,0,0,0,71.41,-67.94,0.0,0.0,0.0,0.0,0.0,0,90,1,2.87,0,False,False,False,False,False,False
1782461980.511,0,0,0,0,0,71.41,-69.27,0.0,0.0,0.0,0.0,0.0,0,90,1,2.87,0,False,False,False,False,False,False
1782461980.536,0,0,0,0,0,71.41,-73.08,0.0,0.0,0.0,0.0,0.0,0,90,1,2.87,0,False,False,False,False,False,False
1782461980.558,0,0,0,0,0,71.41,-77.94,0.0,0.0,0.0,0.0,0.0,0,90,1,2.87,0,False,False,False,False,False,False
1782461980.583,0,0,0,0,0,62.46,-81.84,0.0,0.0,0.0,0.0,0.0,0,90,1,2.87,0,False,False,False,False,False,False
1782461980.607,0,0,0,0,0,33.86,-83.42,0.0,0.0,0.0,0.0,0.0,0,90,1,2.97,0,False,False,False,False,False,False
1782461980.627,0,0,0,0,0,-2.36,-81.92,0.0,0.0,0.0,0.0,0.0,0,90,1,3.56,0,False,False,False,False,False,False
1782461980.649,0,0,0,0,0,-26.51,-78.12,0.0,0.0,0.0,0.0,0.0,0,90,1,4.55,0,False,False,False,False,False,False
1782461980.672,0,0,0,0,0,-35.63,-73.42,0.0,0.0,0.0,0.0,0.0,0,90,1,4.9,0,False,False,False,False,False,False
1782461980.698,0,0,0,0,0,-36.52,-68.88,0.0,0.0,0.0,0.0,0.0,0,90,1,5.08,0,False,False,False,False,False,False
1782461980.721,0,0,0,0,0,-34.98,-65.12,0.0,0.0,0.0,0.0,0.0,0,90,1,7.65,0,False,False,False,False,False,False
1782461980.746,0,0,0,0,0,-33.33,-62.41,0.0,0.0,0.0,0.0,0.0,0,90,1,12.88,0,False,False,False,False,False,False
1782461980.77,0,0,0,0,0,-31.91,-60.83,0.0,0.0,0.0,0.0,0.0,0,90,1,17.2,0,False,False,False,False,False,False
1782461980.788,0,0,0,0,0,-30.76,-60.23,0.0,0.0,0.0,0.0,0.0,0,90,1,18.24,0,False,False,False,False,False,False
1782461980.812,0,0,0,0,0,-29.77,-60.26,0.0,0.0,0.0,0.0,0.0,0,90,1,18.29,0,False,False,False,False,False,False
1782461980.835,0,0,0,0,0,-28.81,-60.53,0.0,0.0,0.0,0.0,0.0,0,90,1,20.88,0,False,False,False,False,False,False
1782461980.862,0,0,0,0,0,-28.21,-60.7,0.0,0.0,0.0,0.0,0.0,0,90,1,25.88,0,False,False,False,False,False,False
1782461980.883,0,0,0,0,0,-28.46,-60.64,0.0,0.0,0.0,0.0,0.0,0,90,1,30.11,0,False,False,False,False,False,False
1782461980.908,0,0,0,0,0,-29.5,-60.51,0.0,0.0,0.0,0.0,0.0,0,90,1,31.64,0,False,False,False,False,False,False
1782461980.932,0,0,0,0,0,-30.91,-60.42,0.0,0.0,0.0,0.0,0.0,0,90,1,31.58,0,False,False,False,False,False,False
1782461980.957,0,0,0,0,0,-32.3,-59.22,0.0,0.0,0.0,0.0,0.0,0,90,1,32.0,0,False,False,False,False,False,False
1782461980.98,0,0,0,0,0,-33.29,-55.74,0.0,0.0,0.0,0.0,0.0,0,90,1,33.49,0,False,False,False,False,False,False
1782461981.002,0,0,0,0,0,-33.74,-51.45,0.0,0.0,0.0,0.0,0.0,0,90,1,35.13,0,False,False,False,False,False,False
1782461981.026,0,0,0,0,0,-33.9,-48.17,0.0,0.0,0.0,0.0,0.0,0,90,1,36.06,0,False,False,False,False,False,False
1782461981.051,0,0,0,0,0,-34.04,-46.08,0.0,0.0,0.0,0.0,0.0,0,90,1,36.26,0,False,False,False,False,False,False
1782461981.075,0,0,0,0,0,-34.27,-44.88,0.0,0.0,0.0,0.0,0.0,0,90,1,36.25,0,False,False,False,False,False,False
1782461981.099,0,0,0,0,0,-34.55,-44.3,0.0,0.0,0.0,0.0,0.0,0,90,1,36.4,0,False,False,False,False,False,False
1782461981.122,0,0,0,0,0,-34.74,-44.24,0.0,0.0,0.0,0.0,0.0,0,90,1,36.6,0,False,False,False,False,False,False
1782461981.147,0,0,0,0,0,-34.65,-44.66,0.0,0.0,0.0,0.0,0.0,0,90,1,36.64,0,False,False,False,False,False,False
1782461981.169,0,0,0,0,0,-34.19,-45.55,0.0,0.0,0.0,0.0,0.0,0,90,1,36.57,0,False,False,False,False,False,False
1782461981.193,0,0,0,0,0,-33.73,-46.24,0.0,0.0,0.0,0.0,0.0,0,90,1,36.55,0,False,False,False,False,False,False
1782461981.217,0,0,0,0,0,-33.42,-46.73,0.0,0.0,0.0,0.0,0.0,0,90,1,36.53,0,False,False,False,False,False,False
1782461981.241,0,0,0,0,0,-32.69,-48.25,0.0,0.0,0.0,0.0,0.0,0,90,1,36.33,0,False,False,False,False,False,False
1782461981.266,0,0,0,0,0,-31.47,-50.57,0.0,0.0,0.0,0.0,0.0,0,90,1,35.98,0,False,False,False,False,False,False
1782461981.287,0,0,0,0,0,-30.1,-52.68,0.0,0.0,0.0,0.0,0.0,0,90,1,35.68,0,False,False,False,False,False,False
1782461981.312,0,0,0,0,0,-28.56,-54.58,0.0,0.0,0.0,0.0,0.0,0,90,1,35.57,0,False,False,False,False,False,False
1782461981.334,0,0,0,0,0,-26.67,-56.51,0.0,0.0,0.0,0.0,0.0,0,90,1,35.57,0,False,False,False,False,False,False
1782461981.358,0,0,0,0,0,-23.98,-58.67,0.0,0.0,0.0,0.0,0.0,0,90,1,35.52,0,False,False,False,False,False,False
1782461981.384,0,0,0,0,0,-20.13,-61.13,0.0,0.0,0.0,0.0,0.0,0,90,1,35.37,0,False,False,False,False,False,False
1782461981.408,0,0,0,0,0,-16.16,-63.63,0.0,0.0,0.0,0.0,0.0,0,90,1,35.22,0,False,False,False,False,False,False
1782461981.43,0,0,0,0,0,-13.94,-65.56,0.0,0.0,0.0,0.0,0.0,0,90,1,35.15,0,False,False,False,False,False,False
1782461981.456,0,0,0,0,0,-13.63,-66.53,0.0,0.0,0.0,0.0,0.0,0,90,1,35.14,0,False,False,False,False,False,False
1782461981.479,0,0,0,0,0,-13.98,-66.72,0.0,0.0,0.0,0.0,0.0,0,90,1,35.15,0,False,False,False,False,False,False
1782461981.503,0,0,0,0,0,-14.26,-66.56,0.0,0.0,0.0,0.0,0.0,0,90,1,35.15,0,False,False,False,False,False,False
1782461981.527,0,0,0,0,0,-14.41,-66.34,0.0,0.0,0.0,0.0,0.0,0,90,1,35.14,0,False,False,False,False,False,False
1782461981.55,0,0,0,0,0,-14.34,-66.14,0.0,0.0,0.0,0.0,0.0,0,90,1,35.12,0,False,False,False,False,False,False
1782461981.576,0,0,0,0,0,-14.09,-65.93,0.0,0.0,0.0,0.0,0.0,0,90,1,35.11,0,False,False,False,False,False,False
1782461981.598,0,0,0,0,0,-14.02,-65.69,0.0,0.0,0.0,0.0,0.0,0,90,1,35.15,0,False,False,False,False,False,False
1782461981.625,0,0,0,0,0,-14.02,-65.46,0.0,0.0,0.0,0.0,0.0,0,90,1,35.2,0,False,False,False,False,False,False
1782461981.647,0,0,0,0,0,-13.78,-65.33,0.0,0.0,0.0,0.0,0.0,0,90,1,35.24,0,False,False,False,False,False,False
1782461981.67,0,0,0,0,0,-13.47,-65.36,0.0,0.0,0.0,0.0,0.0,0,90,1,35.25,0,False,False,False,False,False,False
1782461981.691,0,0,0,0,0,-13.33,-65.51,0.0,0.0,0.0,0.0,0.0,0,90,1,35.25,0,False,False,False,False,False,False
1782461981.712,0,0,0,0,0,-13.36,-65.69,0.0,0.0,0.0,0.0,0.0,0,90,1,35.26,0,False,False,False,False,False,False
1782461981.736,0,0,0,0,0,-13.47,-65.81,0.0,0.0,0.0,0.0,0.0,0,90,1,35.28,0,False,False,False,False,False,False
1782461981.762,0,0,0,0,0,-13.49,-65.85,0.0,0.0,0.0,0.0,0.0,0,90,1,35.3,0,False,False,False,False,False,False
1782461981.785,0,0,0,0,0,-13.56,-65.84,0.0,0.0,0.0,0.0,0.0,0,90,1,35.32,0,False,False,False,False,False,False
1782461981.809,0,0,0,0,0,-13.85,-65.85,0.0,0.0,0.0,0.0,0.0,0,90,1,35.32,0,False,False,False,False,False,False
1782461981.829,0,0,0,0,0,-14.17,-65.9,0.0,0.0,0.0,0.0,0.0,0,90,1,35.32,0,False,False,False,False,False,False
1782461981.851,0,0,0,0,0,-14.37,-65.96,0.0,0.0,0.0,0.0,0.0,0,90,1,35.32,0,False,False,False,False,False,False
1782461981.875,0,0,0,0,0,-14.5,-65.99,0.0,0.0,0.0,0.0,0.0,0,90,1,35.33,0,False,False,False,False,False,False
1782461981.897,0,0,0,0,0,-14.62,-66.01,0.0,0.0,0.0,0.0,0.0,0,90,1,35.33,0,False,False,False,False,False,False
1782461981.924,0,0,0,0,0,-14.74,-66.04,0.0,0.0,0.0,0.0,0.0,0,90,1,35.34,0,False,False,False,False,False,False
1782461981.947,0,0,0,0,0,-14.87,-66.06,0.0,0.0,0.0,0.0,0.0,0,90,1,35.34,0,False,False,False,False,False,False
1782461981.971,0,0,0,0,0,-15.01,-66.09,0.0,0.0,0.0,0.0,0.0,0,90,1,35.34,0,False,False,False,False,False,False
1782461981.994,0,0,0,0,0,-15.14,-66.11,0.0,0.0,0.0,0.0,0.0,0,90,1,35.33,0,False,False,False,False,False,False
1782461982.019,0,0,0,0,0,-15.27,-66.14,0.0,0.0,0.0,0.0,0.0,0,90,1,35.23,0,False,False,False,False,False,False
1782461982.043,0,0,0,0,0,-15.41,-66.16,0.0,0.0,0.0,0.0,0.0,0,90,1,34.61,0,False,False,False,False,False,False
1782461982.068,0,0,0,0,0,-15.55,-66.18,0.0,0.0,0.0,0.0,0.0,0,90,1,33.5,0,False,False,False,False,False,False
1782461982.093,0,0,0,0,0,-15.69,-66.2,0.0,0.0,0.0,0.0,0.0,0,90,1,33.05,0,False,False,False,False,False,False
1782461982.111,0,0,0,0,0,-15.82,-66.22,0.0,0.0,0.0,0.0,0.0,0,90,1,32.93,0,False,False,False,False,False,False
1782461982.135,0,0,0,0,0,-15.95,-66.24,0.0,0.0,0.0,0.0,0.0,0,90,1,30.49,0,False,False,False,False,False,False
1782461982.161,0,0,0,0,0,-16.07,-66.26,0.0,0.0,0.0,0.0,0.0,0,90,1,25.21,0,False,False,False,False,False,False
1782461982.184,0,0,0,0,0,-16.19,-66.28,0.0,0.0,0.0,0.0,0.0,0,90,1,20.57,0,False,False,False,False,False,False
1782461982.245,0,0,0,0,0,-16.36,-66.31,0.0,0.0,0.0,0.0,0.0,0,90,1,19.23,0,False,False,False,False,False,False
1782461982.273,0,0,0,0,0,-16.61,-66.34,0.0,0.0,0.0,0.0,0.0,0,90,1,19.16,0,False,False,False,False,False,False
1782461982.304,0,0,0,0,0,-16.86,-66.36,0.0,0.0,0.0,0.0,0.0,0,90,1,16.81,0,False,False,False,False,False,False
1782461982.318,0,0,0,0,0,-17.01,-66.42,0.0,0.0,0.0,0.0,0.0,0,90,1,12.01,0,False,False,False,False,False,False
1782461982.344,0,0,0,0,0,-17.12,-66.51,0.0,0.0,0.0,0.0,0.0,0,90,1,7.74,0,False,False,False,False,False,False
1782461982.376,0,0,0,0,0,-17.2,-66.58,0.0,0.0,0.0,0.0,0.0,0,90,1,6.0,0,False,False,False,False,False,False
1782461982.39,0,0,0,0,0,-17.28,-66.61,0.0,0.0,0.0,0.0,0.0,0,90,1,5.91,0,False,False,False,False,False,False
1782461982.407,0,0,0,0,0,-17.35,-66.63,0.0,0.0,0.0,0.0,0.0,0,90,1,5.53,0,False,False,False,False,False,False
1782461982.434,0,0,0,0,0,-17.42,-66.65,0.0,0.0,0.0,0.0,0.0,0,90,1,4.17,0,False,False,False,False,False,False
1782461982.452,0,0,0,0,0,-17.49,-66.66,0.0,0.0,0.0,0.0,0.0,0,90,1,2.59,0,False,False,False,False,False,False
1782461982.476,0,0,0,0,0,-17.55,-66.68,0.0,0.0,0.0,0.0,0.0,0,90,1,1.64,0,False,False,False,False,False,False
1782461982.493,0,0,0,0,0,-17.62,-66.7,0.0,0.0,0.0,0.0,0.0,0,90,1,1.41,0,False,False,False,False,False,False
1782461982.517,0,0,0,0,0,-17.68,-66.71,0.0,0.0,0.0,0.0,0.0,0,90,1,1.41,0,False,False,False,False,False,False
1782461982.541,0,0,0,0,0,-17.73,-66.71,0.0,0.0,0.0,0.0,0.0,0,90,1,1.25,0,False,False,False,False,False,False
1782461982.565,0,0,0,0,0,-17.8,-66.7,0.0,0.0,0.0,0.0,0.0,0,90,1,0.92,0,False,False,False,False,False,False
1782461982.59,0,0,0,0,0,-17.87,-66.7,0.0,0.0,0.0,0.0,0.0,0,90,1,0.63,0,False,False,False,False,False,False
1782461982.613,0,0,0,0,0,-17.95,-66.71,0.0,0.0,0.0,0.0,0.0,0,90,1,0.51,0,False,False,False,False,False,False
1782461982.643,0,0,0,0,0,-18.04,-66.72,0.0,0.0,0.0,0.0,0.0,0,90,1,0.5,0,False,False,False,False,False,False
1782461982.661,0,0,0,0,0,-18.15,-66.72,0.0,0.0,0.0,0.0,0.0,0,90,1,0.49,0,False,False,False,False,False,False
1782461982.685,0,0,0,0,0,-18.26,-66.71,0.0,0.0,0.0,0.0,0.0,0,90,1,0.44,0,False,False,False,False,False,False
1782461982.709,0,0,0,0,0,-18.39,-66.68,0.0,0.0,0.0,0.0,0.0,0,90,1,0.38,0,False,False,False,False,False,False
1782461982.734,0,0,0,0,0,-18.52,-66.65,0.0,0.0,0.0,0.0,0.0,0,90,1,0.34,0,False,False,False,False,False,False
1782461982.757,0,0,0,0,0,-18.63,-66.65,0.0,0.0,0.0,0.0,0.0,0,90,1,0.33,0,False,False,False,False,False,False
1782461982.781,0,0,0,0,0,-18.72,-66.65,0.0,0.0,0.0,0.0,0.0,0,90,1,0.33,0,False,False,False,False,False,False
1782461982.804,0,0,0,0,0,-18.82,-66.65,0.0,0.0,0.0,0.0,0.0,0,90,1,0.33,0,False,False,False,False,False,False
1782461982.828,0,0,0,0,0,-18.93,-66.65,0.0,0.0,0.0,0.0,0.0,0,90,1,0.33,0,False,False,False,False,False,False
1782461982.845,0,0,0,0,0,-19.03,-66.65,0.0,0.0,0.0,0.0,0.0,0,90,1,0.32,0,False,False,False,False,False,False
1782461982.871,0,0,0,0,0,-19.1,-66.65,0.0,0.0,0.0,0.0,0.0,0,90,1,0.32,0,False,False,False,False,False,False
1782461982.895,0,0,0,0,0,-19.16,-66.66,0.0,0.0,0.0,0.0,0.0,0,90,1,0.32,0,False,False,False,False,False,False
1782461982.919,0,0,0,0,0,-19.21,-66.67,0.0,0.0,0.0,0.0,0.0,0,90,1,0.31,0,False,False,False,False,False,False
1782461982.946,0,0,0,0,0,-19.28,-66.68,0.0,0.0,0.0,0.0,0.0,0,90,0,0.28,0,False,False,False,False,False,False
1782461982.967,0,0,0,0,0,-19.35,-66.69,0.0,0.0,0.0,0.0,0.0,0,90,0,0.25,0,False,False,False,False,False,False
1782461982.991,0,0,0,0,0,-19.43,-66.7,0.0,0.0,0.0,0.0,0.0,0,90,0,0.24,0,False,False,False,False,False,False
1782461983.017,0,0,0,0,0,-19.51,-66.72,0.0,0.0,0.0,0.0,0.0,0,90,0,0.24,0,False,False,False,False,False,False
1782461983.041,0,0,0,0,0,-19.59,-66.74,0.0,0.0,0.0,0.0,0.0,0,90,0,0.21,0,False,False,False,False,False,False
1782461983.064,0,0,0,0,0,-19.66,-66.76,0.0,0.0,0.0,0.0,0.0,0,90,0,0.16,0,False,False,False,False,False,False
1782461983.087,0,0,0,0,0,-19.73,-66.77,0.0,0.0,0.0,0.0,0.0,0,90,0,0.11,0,False,False,False,False,False,False
1782461983.11,0,0,0,0,0,-19.79,-66.78,0.0,0.0,0.0,0.0,0.0,0,90,0,0.09,0,False,False,False,False,False,False
1782461983.137,0,0,0,0,0,-19.87,-66.8,0.0,0.0,0.0,0.0,0.0,0,90,0,0.09,0,False,False,False,False,False,False
1782461983.16,0,0,0,0,0,-19.96,-66.82,0.0,0.0,0.0,0.0,0.0,0,90,0,0.09,0,False,False,False,False,False,False
1782461983.179,0,0,0,0,0,-20.04,-66.85,0.0,0.0,0.0,0.0,0.0,0,90,0,0.06,0,False,False,False,False,False,False
1782461983.203,0,0,0,0,0,-20.11,-66.87,0.0,0.0,0.0,0.0,0.0,0,90,0,0.04,0,False,False,False,False,False,False
1782461983.222,0,0,0,0,0,-20.17,-66.89,0.0,0.0,0.0,0.0,0.0,0,90,0,0.03,0,False,False,False,False,False,False
1782461983.244,0,0,0,0,0,-20.22,-66.9,0.0,0.0,0.0,0.0,0.0,0,90,0,0.02,0,False,False,False,False,False,False
1782461983.265,0,0,0,0,0,-20.28,-66.91,0.0,0.0,0.0,0.0,0.0,0,90,0,0.02,0,False,False,False,False,False,False
1782461983.287,0,0,0,0,0,-20.33,-66.92,0.0,0.0,0.0,0.0,0.0,0,90,0,0.02,0,False,False,False,False,False,False
1782461983.307,0,0,0,0,0,-20.38,-66.93,0.0,0.0,0.0,0.0,0.0,0,90,0,0.01,0,False,False,False,False,False,False
1782461983.331,0,0,0,0,0,-20.43,-66.94,0.0,0.0,0.0,0.0,0.0,0,90,0,0.01,0,False,False,False,False,False,False
1782461983.351,0,0,0,0,0,-20.49,-66.95,0.0,0.0,0.0,0.0,0.0,0,90,0,0.01,0,False,False,False,False,False,False
1782461983.373,0,0,0,0,0,-20.54,-66.96,0.0,0.0,0.0,0.0,0.0,0,90,0,0.01,0,False,False,False,False,False,False
1782461983.394,0,0,0,0,0,-20.59,-66.97,0.0,0.0,0.0,0.0,0.0,0,90,0,0.01,0,False,False,False,False,False,False
1782461983.415,0,0,0,0,0,-20.65,-66.98,0.0,0.0,0.0,0.0,0.0,0,90,0,0.0,0,False,False,False,False,False,False
1782461983.435,0,0,0,0,0,-20.7,-66.99,0.0,0.0,0.0,0.0,0.0,0,90,0,0.0,0,False,False,False,False,False,False
1782461983.46,0,0,0,0,0,-20.75,-66.99,0.0,0.0,0.0,0.0,0.0,0,90,0,0.0,0,False,False,False,False,False,False
1782461983.486,0,0,0,0,0,-20.81,-66.99,0.0,0.0,0.0,0.0,0.0,0,90,0,0.0,0,False,False,False,False,False,False
1782461983.509,0,0,0,0,0,-20.87,-67.0,0.0,0.0,0.0,0.0,0.0,0,90,0,0.0,0,False,False,False,False,False,False
1782461983.531,0,0,0,0,0,-20.93,-67.0,0.0,0.0,0.0,0.0,0.0,0,90,0,0.0,0,False,False,False,False,False,False
1782461983.557,0,0,0,0,0,-21.0,-67.01,0.0,0.0,0.0,0.0,0.0,0,90,0,0.0,0,False,False,False,False,False,False
1782461983.574,0,0,0,0,0,-21.05,-67.01,0.0,0.0,0.0,0.0,0.0,0,90,0,0.0,0,False,False,False,False,False,False
1782461983.6,0,0,0,0,0,-21.1,-67.02,0.0,0.0,0.0,0.0,0.0,0,90,0,0.0,0,False,False,False,False,False,False
1782461983.619,0,0,0,0,0,-21.14,-67.02,0.0,0.0,0.0,0.0,0.0,0,90,0,0.0,0,False,False,False,False,False,False
1782461983.643,0,0,0,0,0,-21.18,-67.03,0.0,0.0,0.0,0.0,0.0,0,90,0,0.0,0,False,False,False,False,False,False
1782461983.668,0,0,0,0,0,-21.22,-67.03,0.0,0.0,0.0,0.0,0.0,0,90,0,0.0,0,False,False,False,False,False,False
1782461983.69,0,0,0,0,0,-21.28,-67.04,0.0,0.0,0.0,0.0,0.0,0,90,0,0.0,0,False,False,False,False,False,False
1782461983.717,0,0,0,0,0,-21.34,-67.04,0.0,0.0,0.0,0.0,0.0,0,90,0,0.0,0,False,False,False,False,False,False
1782461983.739,0,0,0,0,0,-21.41,-67.05,0.0,0.0,0.0,0.0,0.0,0,90,0,0.0,0,False,False,False,False,False,False
1782461983.764,0,0,0,0,0,-21.47,-67.05,0.0,0.0,0.0,0.0,0.0,0,90,0,0.0,0,False,False,False,False,False,False
1782461983.786,0,0,0,0,0,-21.53,-67.05,0.0,0.0,0.0,0.0,0.0,0,90,0,0.0,0,False,False,False,False,False,False
1782461983.811,0,0,0,0,0,-21.58,-67.06,0.0,0.0,0.0,0.0,0.0,0,90,0,0.0,0,False,False,False,False,False,False
1782461983.835,0,0,0,0,0,-21.64,-67.06,0.0,0.0,0.0,0.0,0.0,0,90,0,0.0,0,False,False,False,False,False,False
1782461983.858,0,0,0,0,0,-21.7,-67.06,0.0,0.0,0.0,0.0,0.0,0,90,0,0.0,0,False,False,False,False,False,False
1782461983.882,0,0,0,0,0,-21.76,-67.07,0.0,0.0,0.0,0.0,0.0,0,90,0,0.0,0,False,False,False,False,False,False
1782461983.906,0,0,0,0,0,-21.81,-67.07,0.0,0.0,0.0,0.0,0.0,0,90,0,0.0,0,False,False,False,False,False,False
1782461983.932,0,0,0,0,0,-21.87,-67.08,0.0,0.0,0.0,0.0,0.0,0,90,0,0.0,0,False,False,False,False,False,False
1782461983.955,0,0,0,0,0,-21.92,-67.08,0.0,0.0,0.0,0.0,0.0,0,90,0,0.0,0,False,False,False,False,False,False
1782461983.979,0,0,0,0,0,-21.98,-67.08,0.0,0.0,0.0,0.0,0.0,0,90,0,0.0,0,False,False,False,False,False,False
1782461984.004,0,0,0,0,0,-22.03,-67.08,0.0,0.0,0.0,0.0,0.0,0,90,0,0.0,0,False,False,False,False,False,False
1782461984.029,0,0,0,0,0,-22.09,-67.09,0.0,0.0,0.0,0.0,0.0,0,90,0,0.0,0,False,False,False,False,False,False
1782461984.051,0,0,0,0,0,-22.15,-67.09,0.0,0.0,0.0,0.0,0.0,0,90,0,0.0,0,False,False,False,False,False,False
1782461984.069,0,0,0,0,0,-22.21,-67.09,0.0,0.0,0.0,0.0,0.0,0,90,0,0.0,0,False,False,False,False,False,False
1782461984.094,0,0,0,0,0,-22.25,-67.1,0.0,0.0,0.0,0.0,0.0,0,90,0,0.0,0,False,False,False,False,False,False
1782461984.114,0,0,0,0,0,-22.29,-67.1,0.0,0.0,0.0,0.0,0.0,0,90,0,0.0,0,False,False,False,False,False,False
1782461984.135,0,0,0,0,0,-22.32,-67.1,0.0,0.0,0.0,0.0,0.0,0,90,0,0.0,0,False,False,False,False,False,False
1782461984.162,0,0,0,0,0,-22.36,-67.1,0.0,0.0,0.0,0.0,0.0,0,90,0,0.0,0,False,False,False,False,False,False
1782461984.185,0,0,0,0,0,-22.4,-67.1,0.0,0.0,0.0,0.0,0.0,0,90,0,0.0,0,False,False,False,False,False,False
1782461984.204,0,0,0,0,0,-22.45,-67.1,0.0,0.0,0.0,0.0,0.0,0,90,0,0.0,0,False,False,False,False,False,False
1782461984.229,0,0,0,0,0,-22.49,-67.1,0.0,0.0,0.0,0.0,0.0,0,90,0,0.0,0,False,False,False,False,False,False
1782461984.251,0,0,0,0,0,-22.53,-67.1,0.0,0.0,0.0,0.0,0.0,0,90,0,0.0,0,False,False,False,False,False,False
1782461984.278,0,0,0,0,0,-22.58,-67.1,0.0,0.0,0.0,0.0,0.0,0,90,0,0.0,0,False,False,False,False,False,False
1782461984.297,0,0,0,0,0,-22.62,-67.1,0.0,0.0,0.0,0.0,0.0,0,90,0,0.0,0,False,False,False,False,False,False
1782461984.322,0,0,0,0,0,-22.66,-67.1,0.0,0.0,0.0,0.0,0.0,0,90,0,0.0,0,False,False,False,False,False,False
1782461984.345,0,0,0,0,0,-22.69,-67.1,0.0,0.0,0.0,0.0,0.0,0,90,0,0.0,0,False,False,False,False,False,False
1782461984.369,0,0,0,0,0,-22.73,-67.1,0.0,0.0,0.0,0.0,0.0,0,90,0,0.0,0,False,False,False,False,False,False
1782461984.397,0,0,0,0,0,-22.78,-67.09,0.0,0.0,0.0,0.0,0.0,0,90,0,0.0,0,False,False,False,False,False,False
1782461984.417,0,0,0,0,0,-22.83,-67.09,0.0,0.0,0.0,0.0,0.0,0,90,0,0.0,0,False,False,False,False,False,False
1782461984.445,0,0,0,0,0,-22.88,-67.09,0.0,0.0,0.0,0.0,0.0,0,90,0,0.0,0,False,False,False,False,False,False
1782461984.465,0,0,0,0,0,-22.93,-67.09,0.0,0.0,0.0,0.0,0.0,0,90,0,0.0,0,False,False,False,False,False,False
1782461984.489,0,0,0,0,0,-22.98,-67.08,0.0,0.0,0.0,0.0,0.0,0,90,0,0.0,0,False,False,False,False,False,False
1782461984.513,0,0,0,0,0,-23.02,-67.08,0.0,0.0,0.0,0.0,0.0,0,90,0,0.0,0,False,False,False,False,False,False
1782461984.538,0,0,0,0,0,-23.07,-67.08,0.0,0.0,0.0,0.0,0.0,0,90,0,0.0,0,False,False,False,False,False,False
1782461984.563,0,0,0,0,0,-23.11,-67.08,0.0,0.0,0.0,0.0,0.0,0,90,0,0.0,0,False,False,False,False,False,False
1782461984.585,0,0,0,0,0,-23.16,-67.07,0.0,0.0,0.0,0.0,0.0,0,90,0,0.0,0,False,False,False,False,False,False
1782461984.611,0,0,0,0,0,-23.21,-67.07,0.0,0.0,0.0,0.0,0.0,0,90,0,0.0,0,False,False,False,False,False,False
1782461984.633,0,0,0,0,0,-23.26,-67.07,0.0,0.0,0.0,0.0,0.0,0,90,0,0.0,0,False,False,False,False,False,False
1782461984.659,0,0,0,0,0,-23.3,-67.07,0.0,0.0,0.0,0.0,0.0,0,90,0,0.0,0,False,False,False,False,False,False
1782461984.683,0,0,0,0,0,-23.35,-67.07,0.0,0.0,0.0,0.0,0.0,0,90,0,0.0,0,False,False,False,False,False,False
1782461984.707,0,0,0,0,0,-23.41,-67.07,0.0,0.0,0.0,0.0,0.0,0,90,0,0.0,0,False,False,False,False,False,False
1782461984.731,0,0,0,0,0,-23.46,-67.07,0.0,0.0,0.0,0.0,0.0,0,90,0,0.0,0,False,False,False,False,False,False
1782461984.755,0,0,0,0,0,-23.51,-67.06,0.0,0.0,0.0,0.0,0.0,0,90,0,0.0,0,False,False,False,False,False,False
1782461984.78,0,0,0,0,0,-23.56,-67.06,0.0,0.0,0.0,0.0,0.0,0,90,0,0.0,0,False,False,False,False,False,False
1782461984.803,0,0,0,0,0,-23.61,-67.06,0.0,0.0,0.0,0.0,0.0,0,90,0,0.0,0,False,False,False,False,False,False
1782461984.829,0,0,0,0,0,-23.65,-67.05,0.0,0.0,0.0,0.0,0.0,0,90,0,0.0,0,False,False,False,False,False,False
1782461984.847,0,0,0,0,0,-23.68,-67.04,0.0,0.0,0.0,0.0,0.0,0,90,0,0.0,0,False,False,False,False,False,False
1782461984.871,0,0,0,0,0,-23.7,-67.04,0.0,0.0,0.0,0.0,0.0,0,90,0,0.0,0,False,False,False,False,False,False
1782461984.889,0,0,0,0,0,-23.72,-67.03,0.0,0.0,0.0,0.0,0.0,0,90,0,0.0,0,False,False,False,False,False,False
1782461984.914,0,0,0,0,0,-23.74,-67.02,0.0,0.0,0.0,0.0,0.0,0,90,0,0.0,0,False,False,False,False,False,False
1782461984.931,0,0,0,0,0,-23.76,-67.02,0.0,0.0,0.0,0.0,0.0,0,90,0,0.0,0,False,False,False,False,False,False
1782461984.955,0,0,0,0,0,-23.79,-67.01,0.0,0.0,0.0,0.0,0.0,0,90,0,0.0,0,False,False,False,False,False,False
1782461984.975,0,0,0,0,0,-23.81,-67.01,0.0,0.0,0.0,0.0,0.0,0,90,0,0.0,0,False,False,False,False,False,False
1782461984.998,0,0,0,0,0,-23.83,-67.0,0.0,0.0,0.0,0.0,0.0,0,90,0,0.0,0,False,False,False,False,False,False
1782461985.018,0,0,0,0,0,-23.85,-66.99,0.0,0.0,0.0,0.0,0.0,0,90,0,0.0,0,False,False,False,False,False,False
1782461985.043,0,0,0,0,0,-23.94,-66.98,0.0,0.0,0.0,0.0,0.0,0,90,0,0.0,0,False,False,False,False,False,False
1782461985.066,0,0,0,0,0,-24.09,-66.98,0.0,0.0,0.0,0.0,0.0,0,90,0,0.0,0,False,False,False,False,False,False
1782461985.093,0,0,0,0,0,-24.24,-66.97,0.0,0.0,0.0,0.0,0.0,0,90,0,0.0,0,False,False,False,False,False,False
1782461985.115,0,0,0,0,0,-24.39,-66.96,0.0,0.0,0.0,0.0,0.0,0,90,0,0.0,0,False,False,False,False,False,False
