Timestamp,JX,JY,B1_Dur,B2_Dur,Grip,Pitch,Roll,FSR_L_KG,FSR_R_KG,FSR_L_Newton,FSR_R_Newton,Fatigue_Live_KG,Vib_Active,Servo_Angle,Tremor_Flag,Tremor_Var,UI_Mode,FS_Up,FS_Down,FS_Left,FS_Right,FS_Trigger,FS_Thumb
1780641891.136,0,0,0,0,0,0.16,1.57,0.0,0.0,0.0,0.0,0.0,0,90,0,0.0,0,0,0,0,0,0,0
1780641891.159,0,0,0,0,0,0.7,6.49,0.0,0.0,0.0,0.0,0.0,0,90,0,0.0,0,0,0,0,0,0,0
1780641891.183,0,0,0,0,0,1.46,13.02,0.0,0.0,0.0,0.0,0.0,0,90,0,0.0,0,0,0,0,0,0,0
1780641891.2,0,0,0,0,0,2.12,18.5,0.0,0.0,0.0,0.0,0.0,0,90,0,0.0,0,0,0,0,0,0,0
1780641891.225,0,0,0,0,0,2.56,22.17,0.0,0.0,0.0,0.0,0.0,0,90,0,0.0,0,0,0,0,0,0,0
1780641891.244,0,0,0,0,0,2.81,24.17,0.0,0.0,0.0,0.0,0.0,0,90,0,0.0,0,0,0,0,0,0,0
1780641891.268,0,0,0,0,0,3.01,25.03,0.0,0.0,0.0,0.0,0.0,0,90,0,0.0,0,0,0,0,0,0,0
1780641891.29,0,0,0,0,0,3.22,25.3,0.0,0.0,0.0,0.0,0.0,0,90,0,0.0,0,0,0,0,0,0,0
1780641891.313,0,0,0,0,0,3.39,25.37,0.0,0.0,0.0,0.0,0.0,0,90,0,0.0,0,0,0,0,0,0,0
1780641891.333,0,0,0,0,0,3.42,25.4,0.0,0.0,0.0,0.0,0.0,0,90,0,0.0,0,0,0,0,0,0,0
1780641891.356,0,0,0,0,0,3.25,25.43,0.0,0.0,0.0,0.0,0.0,0,90,0,0.0,0,0,0,0,0,0,0
1780641891.376,0,0,0,0,0,2.98,25.41,0.0,0.0,0.0,0.0,0.0,0,90,0,0.0,0,0,0,0,0,0,0
1780641891.398,0,0,0,0,0,2.62,25.29,0.0,0.0,0.0,0.0,0.0,0,90,0,0.0,0,0,0,0,0,0,0
1780641891.422,0,0,0,0,0,1.92,25.14,0.0,0.0,0.0,0.0,0.0,0,90,0,0.0,0,0,0,0,0,0,0
1780641891.445,0,0,0,0,0,0.94,25.04,0.0,0.0,0.0,0.0,0.0,0,90,0,0.0,0,0,0,0,0,0,0
1780641891.468,0,0,0,0,0,-0.01,24.8,0.0,0.0,0.0,0.0,0.0,0,90,0,0.0,0,0,0,0,0,0,0
1780641891.487,0,0,0,0,0,-0.75,24.13,0.0,0.0,0.0,0.0,0.0,0,90,0,0.0,0,0,0,0,0,0,0
1780641891.509,0,0,0,0,0,-1.24,23.26,0.0,0.0,0.0,0.0,0.0,0,90,0,0.0,0,0,0,0,0,0,0
1780641891.534,0,0,0,0,0,-1.56,22.58,0.0,0.0,0.0,0.0,0.0,0,90,0,0.0,0,0,0,0,0,0,0
1780641891.557,0,0,0,0,0,-1.77,22.16,0.0,0.0,0.0,0.0,0.0,0,90,0,0.0,0,0,0,0,0,0,0
1780641891.577,0,0,0,0,0,-1.93,21.9,0.0,0.0,0.0,0.0,0.0,0,90,0,0.0,0,0,0,0,0,0,0
1780641891.599,0,0,0,0,0,-2.05,21.77,0.0,0.0,0.0,0.0,0.0,0,90,0,0.0,0,0,0,0,0,0,0
1780641891.62,0,0,0,0,0,-2.12,21.73,0.0,0.0,0.0,0.0,0.0,0,90,0,0.0,0,0,0,0,0,0,0
1780641891.643,0,0,0,0,0,-2.12,21.5,0.0,0.0,0.0,0.0,0.0,0,90,0,0.0,0,0,0,0,0,0,0
1780641891.662,0,0,0,0,0,-2.07,20.86,0.0,0.0,0.0,0.0,0.0,0,90,0,0.0,0,0,0,0,0,0,0
1780641891.684,0,0,0,0,0,-2.03,20.05,0.0,0.0,0.0,0.0,0.0,0,90,0,0.0,0,0,0,0,0,0,0
1780641891.703,0,0,0,0,0,-2.07,19.4,0.0,0.0,0.0,0.0,0.0,0,90,0,0.0,0,0,0,0,0,0,0
1780641891.727,0,0,0,0,0,-2.22,18.97,0.0,0.0,0.0,0.0,0.0,0,90,0,0.0,0,0,0,0,0,0,0
1780641891.75,0,0,0,0,0,-2.44,18.72,0.0,0.0,0.0,0.0,0.0,0,90,0,0.0,0,0,0,0,0,0,0
1780641891.772,0,0,0,0,0,-2.67,18.62,0.0,0.0,0.0,0.0,0.0,0,90,0,0.0,0,0,0,0,0,0,0
1780641891.796,0,0,0,0,0,-2.84,18.67,0.0,0.0,0.0,0.0,0.0,0,90,0,0.0,0,0,0,0,0,0,0
1780641891.819,0,0,0,0,0,-2.94,18.79,0.0,0.0,0.0,0.0,0.0,0,90,0,0.0,0,0,0,0,0,0,0
1780641891.839,0,0,0,0,0,-2.99,18.88,0.0,0.0,0.0,0.0,0.0,0,90,0,0.0,0,0,0,0,0,0,0
1780641891.862,0,0,0,0,0,-3.02,18.88,0.0,0.0,0.0,0.0,0.0,0,90,0,0.0,0,0,0,0,0,0,0
1780641891.881,0,0,0,0,0,-3.02,18.79,0.0,0.0,0.0,0.0,0.0,0,90,0,0.0,0,0,0,0,0,0,0
1780641891.904,0,0,0,0,0,-3.02,18.66,0.0,0.0,0.0,0.0,0.0,0,90,0,0.0,0,0,0,0,0,0,0
1780641891.927,0,0,0,0,0,-3.04,18.51,0.0,0.0,0.0,0.0,0.0,0,90,0,0.0,0,0,0,0,0,0,0
1780641891.951,0,0,0,0,0,-3.07,18.3,0.0,0.0,0.0,0.0,0.0,0,90,0,0.0,0,0,0,0,0,0,0
1780641891.969,0,0,0,0,0,-3.08,17.99,0.0,0.0,0.0,0.0,0.0,0,90,0,0.0,0,0,0,0,0,0,0
1780641891.993,0,0,0,0,0,-3.08,17.54,0.0,0.0,0.0,0.0,0.0,0,90,0,0.0,0,0,0,0,0,0,0
1780641892.012,0,0,0,0,0,-3.12,16.99,0.0,0.0,0.0,0.0,0.0,0,90,0,0.0,0,0,0,0,0,0,0
1780641892.036,0,0,0,0,0,-3.17,16.42,0.0,0.0,0.0,0.0,0.0,0,90,0,0.0,0,0,0,0,0,0,0
1780641892.054,0,0,0,0,0,-3.24,15.93,0.0,0.0,0.0,0.0,0.0,0,90,0,0.0,0,0,0,0,0,0,0
1780641892.077,0,0,0,0,0,-3.36,15.59,0.0,0.0,0.0,0.0,0.0,0,90,0,0.0,0,0,0,0,0,0,0
1780641892.097,0,0,0,0,0,-3.51,15.41,0.0,0.0,0.0,0.0,0.0,0,90,0,0.0,0,0,0,0,0,0,0
1780641892.12,0,0,0,0,0,-3.66,15.41,0.0,0.0,0.0,0.0,0.0,0,90,0,0.0,0,0,0,0,0,0,0
1780641892.143,0,0,0,0,0,-3.79,15.55,0.0,0.0,0.0,0.0,0.0,0,90,0,0.0,0,0,0,0,0,0,0
1780641892.167,0,0,0,0,0,-3.91,15.71,0.0,0.0,0.0,0.0,0.0,0,90,0,0.0,0,0,0,0,0,0,0
1780641892.186,0,0,0,0,0,-4.09,15.78,0.0,0.0,0.0,0.0,0.0,0,90,0,0.0,0,0,0,0,0,0,0
1780641892.21,0,0,0,0,0,-4.29,15.76,0.0,0.0,0.0,0.0,0.0,0,90,1,22.25,0,0,0,0,0,0,0
1780641892.233,0,0,0,0,0,-4.47,15.7,0.0,0.0,0.0,0.0,0.0,0,90,1,16.01,0,0,0,0,0,0,0
1780641892.256,0,0,0,0,0,-4.61,15.7,0.0,0.0,0.0,0.0,0.0,0,90,1,12.76,0,0,0,0,0,0,0
1780641892.28,0,0,0,0,0,-4.71,15.77,0.0,0.0,0.0,0.0,0.0,0,90,1,12.14,0,0,0,0,0,0,0
1780641892.298,0,0,0,0,0,-4.74,15.81,0.0,0.0,0.0,0.0,0.0,0,90,1,12.45,0,0,0,0,0,0,0
1780641892.322,0,0,0,0,0,-4.75,15.86,0.0,0.0,0.0,0.0,0.0,0,90,1,12.69,0,0,0,0,0,0,0
1780641892.34,0,0,0,0,0,-4.99,16.07,0.0,0.0,0.0,0.0,0.0,0,90,1,12.59,0,0,0,0,0,0,0
1780641892.363,0,0,0,0,0,-5.8,16.47,0.0,0.0,0.0,0.0,0.0,0,90,1,12.21,0,0,0,0,0,0,0
1780641892.384,0,0,0,0,0,-7.19,16.92,0.0,0.0,0.0,0.0,0.0,0,90,1,11.66,0,0,0,0,0,0,0
1780641892.407,0,0,0,0,0,-9.07,17.17,0.0,0.0,0.0,0.0,0.0,0,90,1,11.01,0,0,0,0,0,0,0
1780641892.425,0,0,0,0,0,-11.55,17.29,0.0,0.0,0.0,0.0,0.0,0,90,1,10.3,0,0,0,0,0,0,0
1780641892.45,0,0,0,0,0,-14.83,18.28,0.0,0.0,0.0,0.0,0.0,0,90,1,9.48,0,0,0,0,0,0,0
1780641892.469,0,0,0,0,0,-18.94,21.29,0.0,0.0,0.0,0.0,0.0,0,90,1,12.59,0,0,0,0,0,0,0
1780641892.492,0,0,0,0,0,-23.82,26.02,0.0,0.0,0.0,0.0,0.0,0,90,1,19.64,0,0,0,0,0,0,0
1780641892.51,0,0,0,0,0,-29.38,31.28,0.0,0.0,0.0,0.0,0.0,0,90,1,31.18,0,0,0,0,0,0,0
1780641892.534,0,0,0,0,0,-35.6,36.05,0.0,0.0,0.0,0.0,0.0,0,90,1,48.92,0,0,0,0,0,0,0
1780641892.554,0,0,0,0,0,-42.33,39.55,0.0,0.0,0.0,0.0,0.0,0,90,1,74.64,0,0,0,0,0,0,0
1780641892.577,0,0,0,0,0,-49.33,41.38,0.0,0.0,0.0,0.0,0.0,0,90,1,109.92,0,0,0,0,0,0,0
1780641892.6,0,0,0,0,0,-56.37,41.78,0.0,0.0,0.0,0.0,0.0,0,90,1,155.97,0,0,0,0,0,0,0
1780641892.623,0,0,0,0,0,-63.19,41.29,0.0,0.0,0.0,0.0,0.0,0,90,1,213.36,0,0,0,0,0,0,0
1780641892.643,0,0,0,0,0,-69.48,40.4,0.0,0.0,0.0,0.0,0.0,0,90,1,281.72,0,0,0,0,0,0,0
1780641892.669,0,0,0,0,0,-75.02,39.34,0.0,0.0,0.0,0.0,0.0,0,90,1,359.72,0,0,0,0,0,0,0
1780641892.685,0,0,0,0,0,-79.62,38.28,0.0,0.0,0.0,0.0,0.0,0,90,1,445.15,0,0,0,0,0,0,0
1780641892.709,0,0,0,0,0,-83.15,37.32,0.0,0.0,0.0,0.0,0.0,0,90,1,535.08,0,0,0,0,0,0,0
1780641892.727,0,0,0,0,0,-85.63,36.49,0.0,0.0,0.0,0.0,0.0,0,90,1,626.42,0,0,0,0,0,0,0
1780641892.752,0,0,0,0,0,-87.25,35.81,0.0,0.0,0.0,0.0,0.0,0,90,1,716.51,0,0,0,0,0,0,0
1780641892.77,0,0,0,0,0,-88.29,35.22,0.0,0.0,0.0,0.0,0.0,0,90,1,803.55,0,0,0,0,0,0,0
1780641892.794,0,0,0,0,0,-89.03,34.67,0.0,0.0,0.0,0.0,0.0,0,90,1,886.64,0,0,0,0,0,0,0
1780641892.813,0,0,0,0,0,-89.69,34.15,0.0,0.0,0.0,0.0,0.0,0,90,1,965.51,0,0,0,0,0,0,0
1780641892.837,0,0,0,0,0,-90.31,33.7,0.0,0.0,0.0,0.0,0.0,0,90,1,1040.07,0,0,0,0,0,0,0
1780641892.855,0,0,0,0,0,-90.88,33.36,0.0,0.0,0.0,0.0,0.0,0,90,1,1110.12,0,0,0,0,0,0,0
1780641892.879,0,0,0,0,0,-91.39,33.13,0.0,0.0,0.0,0.0,0.0,0,90,1,1175.38,0,0,0,0,0,0,0
1780641892.903,0,0,0,0,0,-91.86,32.97,0.0,0.0,0.0,0.0,0.0,0,90,1,1235.61,0,0,0,0,0,0,0
1780641892.926,0,0,0,0,0,-92.3,32.87,0.0,0.0,0.0,0.0,0.0,0,90,1,1290.63,0,0,0,0,0,0,0
1780641892.945,0,0,0,0,0,-92.7,32.81,0.0,0.0,0.0,0.0,0.0,0,90,1,1340.2,0,0,0,0,0,0,0
1780641892.969,0,0,0,0,0,-93.03,32.77,0.0,0.0,0.0,0.0,0.0,0,90,1,1384.08,0,0,0,0,0,0,0
1780641892.987,0,0,0,0,0,-93.29,32.73,0.0,0.0,0.0,0.0,0.0,0,90,1,1422.05,0,0,0,0,0,0,0
1780641893.01,0,0,0,0,0,-93.5,32.72,0.0,0.0,0.0,0.0,0.0,0,90,1,1453.98,0,0,0,0,0,0,0
1780641893.034,0,0,0,0,0,-93.67,32.69,0.0,0.0,0.0,0.0,0.0,0,90,1,1479.75,0,0,0,0,0,0,0
1780641893.058,0,0,0,0,0,-93.82,32.56,0.0,0.0,0.0,0.0,0.0,0,90,1,1499.27,0,0,0,0,0,0,0
1780641893.077,0,0,0,0,0,-93.97,32.35,0.0,0.0,0.0,0.0,0.0,0,90,1,1512.52,0,0,0,0,0,0,0
1780641893.101,0,0,0,0,0,-94.13,32.11,0.0,0.0,0.0,0.0,0.0,0,90,1,1519.51,0,0,0,0,0,0,0
1780641893.121,0,0,0,0,0,-94.27,31.87,0.0,0.0,0.0,0.0,0.0,0,90,1,1520.24,0,0,0,0,0,0,0
1780641893.143,0,0,0,0,0,-94.37,31.66,0.0,0.0,0.0,0.0,0.0,0,90,1,1514.62,0,0,0,0,0,0,0
1780641893.163,0,0,0,0,0,-94.43,31.49,0.0,0.0,0.0,0.0,0.0,0,90,1,1502.69,0,0,0,0,0,0,0
1780641893.186,0,0,0,0,0,-94.47,31.39,0.0,0.0,0.0,0.0,0.0,0,90,1,1484.49,0,0,0,0,0,0,0
1780641893.205,0,0,0,0,0,-94.49,31.35,0.0,0.0,0.0,0.0,0.0,0,90,1,1460.02,0,0,0,0,0,0,0
1780641893.228,0,0,0,0,0,-94.49,31.35,0.0,0.0,0.0,0.0,0.0,0,90,1,1429.26,0,0,0,0,0,0,0
1780641893.248,0,0,0,0,0,-94.5,31.38,0.0,0.0,0.0,0.0,0.0,0,90,1,1392.2,0,0,0,0,0,0,0
1780641893.271,0,0,0,0,0,-94.53,31.41,0.0,0.0,0.0,0.0,0.0,0,90,1,1349.01,0,0,0,0,0,0,0
1780641893.29,0,0,0,0,0,-94.6,31.42,0.0,0.0,0.0,0.0,0.0,0,90,1,1299.85,0,0,0,0,0,0,0
1780641893.314,0,0,0,0,0,-94.67,31.41,0.0,0.0,0.0,0.0,0.0,0,90,1,1244.69,0,0,0,0,0,0,0
1780641893.338,0,0,0,0,0,-94.71,31.4,0.0,0.0,0.0,0.0,0.0,0,90,1,1183.42,0,0,0,0,0,0,0
1780641893.362,0,0,0,0,0,-94.74,31.36,0.0,0.0,0.0,0.0,0.0,0,90,1,1115.94,0,0,0,0,0,0,0
1780641893.38,0,0,0,0,0,-94.8,31.2,0.0,0.0,0.0,0.0,0.0,0,90,1,1042.13,0,0,0,0,0,0,0
1780641893.403,0,0,0,0,0,-94.85,30.97,0.0,0.0,0.0,0.0,0.0,0,90,1,961.9,0,0,0,0,0,0,0
1780641893.423,0,0,0,0,0,-94.88,30.82,0.0,0.0,0.0,0.0,0.0,0,90,1,875.85,0,0,0,0,0,0,0
1780641893.447,0,0,0,0,0,-94.88,30.73,0.0,0.0,0.0,0.0,0.0,0,90,1,785.65,0,0,0,0,0,0,0
1780641893.466,0,0,0,0,0,-94.83,30.08,0.0,0.0,0.0,0.0,0.0,0,90,1,693.06,0,0,0,0,0,0,0
1780641893.49,0,0,0,0,0,-94.53,28.25,0.0,0.0,0.0,0.0,0.0,0,90,1,599.56,0,0,0,0,0,0,0
1780641893.508,0,0,0,0,0,-92.55,25.88,0.0,0.0,0.0,0.0,0.0,0,90,1,506.36,0,0,0,0,0,0,0
1780641893.532,0,0,0,0,0,-87.15,24.07,0.0,0.0,0.0,0.0,0.0,0,90,1,415.64,0,0,0,0,0,0,0
1780641893.551,0,0,0,0,0,-79.39,23.07,0.0,0.0,0.0,0.0,0.0,0,90,1,332.19,0,0,0,0,0,0,0
1780641893.574,0,0,0,0,0,-71.42,22.52,0.0,0.0,0.0,0.0,0.0,0,90,1,261.47,0,0,0,0,0,0,0
1780641893.593,0,0,0,0,0,-64.18,22.02,0.0,0.0,0.0,0.0,0.0,0,90,1,207.46,0,0,0,0,0,0,0
1780641893.616,0,0,0,0,0,-57.74,21.5,0.0,0.0,0.0,0.0,0.0,0,90,1,172.49,0,0,0,0,0,0,0
1780641893.636,0,0,0,0,0,-51.98,21.13,0.0,0.0,0.0,0.0,0.0,0,90,1,157.31,0,0,0,0,0,0,0
1780641893.659,0,0,0,0,0,-46.94,21.01,0.0,0.0,0.0,0.0,0.0,0,90,1,160.99,0,0,0,0,0,0,0
1780641893.679,0,0,0,0,0,-42.82,21.09,0.0,0.0,0.0,0.0,0.0,0,90,1,180.93,0,0,0,0,0,0,0
1780641893.701,0,0,0,0,0,-39.71,21.09,0.0,0.0,0.0,0.0,0.0,0,90,1,213.39,0,0,0,0,0,0,0
1780641893.724,0,0,0,0,0,-37.47,20.9,0.0,0.0,0.0,0.0,0.0,0,90,1,254.34,0,0,0,0,0,0,0
1780641893.747,0,0,0,0,0,-35.84,20.46,0.0,0.0,0.0,0.0,0.0,0,90,1,300.28,0,0,0,0,0,0,0
1780641893.771,0,0,0,0,0,-34.55,19.5,0.0,0.0,0.0,0.0,0.0,0,90,1,348.62,0,0,0,0,0,0,0
1780641893.789,0,0,0,0,0,-33.45,18.14,0.0,0.0,0.0,0.0,0.0,0,90,1,397.64,0,0,0,0,0,0,0
1780641893.812,0,0,0,0,0,-32.48,16.77,0.0,0.0,0.0,0.0,0.0,0,90,1,446.27,0,0,0,0,0,0,0
1780641893.835,0,0,0,0,0,-31.63,15.54,0.0,0.0,0.0,0.0,0.0,0,90,1,493.87,0,0,0,0,0,0,0
1780641893.858,0,0,0,0,0,-30.88,14.43,0.0,0.0,0.0,0.0,0.0,0,90,1,540.08,0,0,0,0,0,0,0
1780641893.876,0,0,0,0,0,-30.19,13.4,0.0,0.0,0.0,0.0,0.0,0,90,1,584.65,0,0,0,0,0,0,0
1780641893.899,0,0,0,0,0,-29.55,12.47,0.0,0.0,0.0,0.0,0.0,0,90,1,627.32,0,0,0,0,0,0,0
1780641893.918,0,0,0,0,0,-28.96,11.7,0.0,0.0,0.0,0.0,0.0,0,90,1,667.83,0,0,0,0,0,0,0
1780641893.942,0,0,0,0,0,-28.46,11.17,0.0,0.0,0.0,0.0,0.0,0,90,1,705.86,0,0,0,0,0,0,0
1780641893.963,0,0,0,0,0,-28.08,10.81,0.0,0.0,0.0,0.0,0.0,0,90,1,741.1,0,0,0,0,0,0,0
1780641893.987,0,0,0,0,0,-27.79,10.53,0.0,0.0,0.0,0.0,0.0,0,90,1,773.26,0,0,0,0,0,0,0
1780641894.006,0,0,0,0,0,-27.57,10.22,0.0,0.0,0.0,0.0,0.0,0,90,1,802.13,0,0,0,0,0,0,0
1780641894.028,0,0,0,0,0,-27.39,9.88,0.0,0.0,0.0,0.0,0.0,0,90,1,827.58,0,0,0,0,0,0,0
1780641894.051,0,0,0,0,0,-27.23,9.53,0.0,0.0,0.0,0.0,0.0,0,90,1,849.54,0,0,0,0,0,0,0
1780641894.074,0,0,0,0,0,-27.1,9.26,0.0,0.0,0.0,0.0,0.0,0,90,1,867.97,0,0,0,0,0,0,0
1780641894.093,0,0,0,0,0,-27.01,9.1,0.0,0.0,0.0,0.0,0.0,0,90,1,882.79,0,0,0,0,0,0,0
1780641894.116,0,0,0,0,0,-26.97,9.03,0.0,0.0,0.0,0.0,0.0,0,90,1,893.95,0,0,0,0,0,0,0
1780641894.139,0,0,0,0,0,-26.93,8.99,0.0,0.0,0.0,0.0,0.0,0,90,1,901.4,0,0,0,0,0,0,0
1780641894.162,0,0,0,0,0,-26.9,8.94,0.0,0.0,0.0,0.0,0.0,0,90,1,905.11,0,0,0,0,0,0,0
1780641894.184,0,0,0,0,0,-26.86,8.92,0.0,0.0,0.0,0.0,0.0,0,90,1,905.06,0,0,0,0,0,0,0
1780641894.207,0,0,0,0,0,-26.85,8.97,0.0,0.0,0.0,0.0,0.0,0,90,1,901.2,0,0,0,0,0,0,0
1780641894.231,0,0,0,0,0,-26.87,9.07,0.0,0.0,0.0,0.0,0.0,0,90,1,893.53,0,0,0,0,0,0,0
1780641894.253,0,0,0,0,0,-26.9,9.15,0.0,0.0,0.0,0.0,0.0,0,90,1,882.09,0,0,0,0,0,0,0
1780641894.272,0,0,0,0,0,-26.9,9.14,0.0,0.0,0.0,0.0,0.0,0,90,1,866.94,0,0,0,0,0,0,0
1780641894.294,0,0,0,0,0,-26.88,9.03,0.0,0.0,0.0,0.0,0.0,0,90,1,848.13,0,0,0,0,0,0,0
1780641894.313,0,0,0,0,0,-26.84,8.89,0.0,0.0,0.0,0.0,0.0,0,90,1,825.7,0,0,0,0,0,0,0
1780641894.337,0,0,0,0,0,-26.8,8.79,0.0,0.0,0.0,0.0,0.0,0,90,1,799.63,0,0,0,0,0,0,0
1780641894.36,0,0,0,0,0,-26.75,8.76,0.0,0.0,0.0,0.0,0.0,0,90,1,769.88,0,0,0,0,0,0,0
1780641894.383,0,0,0,0,0,-26.71,8.76,0.0,0.0,0.0,0.0,0.0,0,90,1,736.36,0,0,0,0,0,0,0
1780641894.401,0,0,0,0,0,-26.68,8.72,0.0,0.0,0.0,0.0,0.0,0,90,1,699.05,0,0,0,0,0,0,0
1780641894.423,0,0,0,0,0,-26.65,8.66,0.0,0.0,0.0,0.0,0.0,0,90,1,657.97,0,0,0,0,0,0,0
1780641894.447,0,0,0,0,0,-26.61,8.59,0.0,0.0,0.0,0.0,0.0,0,90,1,613.15,0,0,0,0,0,0,0
1780641894.47,0,0,0,0,0,-26.57,8.55,0.0,0.0,0.0,0.0,0.0,0,90,1,564.51,0,0,0,0,0,0,0
1780641894.492,0,0,0,0,0,-26.5,8.55,0.0,0.0,0.0,0.0,0.0,0,90,1,512.08,0,0,0,0,0,0,0
1780641894.514,0,0,0,0,0,-26.41,8.56,0.0,0.0,0.0,0.0,0.0,0,90,1,455.91,0,0,0,0,0,0,0
1780641894.538,0,0,0,0,0,-26.33,8.6,0.0,0.0,0.0,0.0,0.0,0,90,1,396.01,0,0,0,0,0,0,0
1780641894.561,0,0,0,0,0,-26.26,8.63,0.0,0.0,0.0,0.0,0.0,0,90,1,332.52,0,0,0,0,0,0,0
1780641894.583,0,0,0,0,0,-26.18,8.64,0.0,0.0,0.0,0.0,0.0,0,90,1,265.97,0,0,0,0,0,0,0
1780641894.606,0,0,0,0,0,-26.09,8.61,0.0,0.0,0.0,0.0,0.0,0,90,1,200.46,0,0,0,0,0,0,0
1780641894.628,0,0,0,0,0,-25.99,8.54,0.0,0.0,0.0,0.0,0.0,0,90,1,143.77,0,0,0,0,0,0,0
1780641894.647,0,0,0,0,0,-25.89,8.43,0.0,0.0,0.0,0.0,0.0,0,90,1,100.14,0,0,0,0,0,0,0
1780641894.669,0,0,0,0,0,-25.8,8.32,0.0,0.0,0.0,0.0,0.0,0,90,1,68.47,0,0,0,0,0,0,0
1780641894.689,0,0,0,0,0,-25.7,8.23,0.0,0.0,0.0,0.0,0.0,0,90,1,46.12,0,0,0,0,0,0,0
1780641894.711,0,0,0,0,0,-25.6,8.18,0.0,0.0,0.0,0.0,0.0,0,90,1,30.75,0,0,0,0,0,0,0
1780641894.735,0,0,0,0,0,-25.51,8.16,0.0,0.0,0.0,0.0,0.0,0,90,1,20.56,0,0,0,0,0,0,0
1780641894.758,0,0,0,0,0,-25.41,8.15,0.0,0.0,0.0,0.0,0.0,0,90,1,15.25,0,0,0,0,0,0,0
1780641894.777,0,0,0,0,0,-25.31,8.15,0.0,0.0,0.0,0.0,0.0,0,90,1,13.27,0,0,0,0,0,0,0
1780641894.799,0,0,0,0,0,-25.21,8.17,0.0,0.0,0.0,0.0,0.0,0,90,1,11.16,0,0,0,0,0,0,0
1780641894.817,0,0,0,0,0,-25.12,8.18,0.0,0.0,0.0,0.0,0.0,0,90,1,8.99,0,0,0,0,0,0,0
1780641894.841,0,0,0,0,0,-25.04,8.2,0.0,0.0,0.0,0.0,0.0,0,90,1,6.89,0,0,0,0,0,0,0
1780641894.863,0,0,0,0,0,-24.94,8.23,0.0,0.0,0.0,0.0,0.0,0,90,1,5.06,0,0,0,0,0,0,0
1780641894.886,0,0,0,0,0,-24.83,8.24,0.0,0.0,0.0,0.0,0.0,0,90,0,3.63,0,0,0,0,0,0,0
1780641894.905,0,0,0,0,0,-24.71,8.23,0.0,0.0,0.0,0.0,0.0,0,90,0,2.57,0,0,0,0,0,0,0
1780641894.927,0,0,0,0,0,-24.59,8.21,0.0,0.0,0.0,0.0,0.0,0,90,0,1.8,0,0,0,0,0,0,0
1780641894.947,0,0,0,0,0,-24.47,8.18,0.0,0.0,0.0,0.0,0.0,0,90,0,1.4,0,0,0,0,0,0,0
1780641894.969,0,0,0,0,0,-24.35,8.15,0.0,0.0,0.0,0.0,0.0,0,90,0,1.22,0,0,0,0,0,0,0
1780641894.992,0,0,0,0,0,-24.2,8.13,0.0,0.0,0.0,0.0,0.0,0,90,0,1.11,0,0,0,0,0,0,0
1780641895.015,0,0,0,0,0,-24.0,8.12,0.0,0.0,0.0,0.0,0.0,0,90,0,1.07,0,0,0,0,0,0,0
1780641895.034,0,0,0,0,0,-23.8,8.03,0.0,0.0,0.0,0.0,0.0,0,90,0,1.07,0,0,0,0,0,0,0
1780641895.058,0,0,0,0,0,-23.71,7.79,0.0,0.0,0.0,0.0,0.0,0,90,0,1.11,0,0,0,0,0,0,0
1780641895.076,0,0,0,0,0,-23.43,7.45,0.0,0.0,0.0,0.0,0.0,0,90,0,1.17,0,0,0,0,0,0,0
1780641895.1,0,0,0,0,0,-22.44,7.04,0.0,0.0,0.0,0.0,0.0,0,90,0,1.36,0,0,0,0,0,0,0
1780641895.123,0,0,0,0,0,-20.6,6.66,0.0,0.0,0.0,0.0,0.0,0,90,0,1.84,0,0,0,0,0,0,0
1780641895.144,0,0,0,0,0,-18.08,6.47,0.0,0.0,0.0,0.0,0.0,0,90,0,2.93,0,0,0,0,0,0,0
1780641895.163,0,0,0,0,0,-15.04,6.08,0.0,0.0,0.0,0.0,0.0,0,90,1,5.02,0,0,0,0,0,0,0
1780641895.186,0,0,0,0,0,-11.62,4.87,0.0,0.0,0.0,0.0,0.0,0,90,1,8.59,0,0,0,0,0,0,0
1780641895.209,0,0,0,0,0,-7.81,3.06,0.0,0.0,0.0,0.0,0.0,0,90,1,14.26,0,0,0,0,0,0,0
1780641895.232,0,0,0,0,0,-3.59,1.31,0.0,0.0,0.0,0.0,0.0,0,90,1,22.76,0,0,0,0,0,0,0
1780641895.25,0,0,0,0,0,0.92,-0.06,0.0,0.0,0.0,0.0,0.0,0,90,1,34.84,0,0,0,0,0,0,0
1780641895.273,0,0,0,0,0,5.5,-1.13,0.0,0.0,0.0,0.0,0.0,0,90,1,51.11,0,0,0,0,0,0,0
1780641895.296,0,0,0,0,0,10.08,-1.92,0.0,0.0,0.0,0.0,0.0,0,90,1,72.04,0,0,0,0,0,0,0
1780641895.32,0,0,0,0,0,14.56,-2.2,0.0,0.0,0.0,0.0,0.0,0,90,1,97.92,0,0,0,0,0,0,0
1780641895.339,0,0,0,0,0,18.74,-2.74,0.0,0.0,0.0,0.0,0.0,0,90,1,128.62,0,0,0,0,0,0,0
1780641895.36,0,0,0,0,0,22.44,-4.61,0.0,0.0,0.0,0.0,0.0,0,90,1,163.6,0,0,0,0,0,0,0
1780641895.383,0,0,0,0,0,25.64,-7.46,0.0,0.0,0.0,0.0,0.0,0,90,1,202.06,0,0,0,0,0,0,0
1780641895.406,0,0,0,0,0,28.33,-10.3,0.0,0.0,0.0,0.0,0.0,0,90,1,243.1,0,0,0,0,0,0,0
1780641895.43,0,0,0,0,0,30.47,-12.4,0.0,0.0,0.0,0.0,0.0,0,90,1,285.63,0,0,0,0,0,0,0
1780641895.452,0,0,0,0,0,32.0,-13.18,0.0,0.0,0.0,0.0,0.0,0,90,1,328.38,0,0,0,0,0,0,0
1780641895.474,0,0,0,0,0,32.98,-12.85,0.0,0.0,0.0,0.0,0.0,0,90,1,370.22,0,0,0,0,0,0,0
1780641895.497,0,0,0,0,0,33.59,-12.36,0.0,0.0,0.0,0.0,0.0,0,90,1,410.34,0,0,0,0,0,0,0
1780641895.519,0,0,0,0,0,34.0,-10.95,0.0,0.0,0.0,0.0,0.0,0,90,1,448.32,0,0,0,0,0,0,0
1780641895.543,0,0,0,0,0,34.33,-7.01,0.0,0.0,0.0,0.0,0.0,0,90,1,483.95,0,0,0,0,0,0,0
1780641895.565,0,0,0,0,0,34.61,-1.53,0.0,0.0,0.0,0.0,0.0,0,90,1,517.14,0,0,0,0,0,0,0
1780641895.587,0,0,0,0,0,34.85,3.48,0.0,0.0,0.0,0.0,0.0,0,90,1,547.78,0,0,0,0,0,0,0
1780641895.611,0,0,0,0,0,35.1,7.1,0.0,0.0,0.0,0.0,0.0,0,90,1,575.91,0,0,0,0,0,0,0
1780641895.63,0,0,0,0,0,35.35,9.19,0.0,0.0,0.0,0.0,0.0,0,90,1,601.47,0,0,0,0,0,0,0
1780641895.652,0,0,0,0,0,35.45,9.99,0.0,0.0,0.0,0.0,0.0,0,90,1,624.22,0,0,0,0,0,0,0
1780641895.675,0,0,0,0,0,35.73,9.92,0.0,0.0,0.0,0.0,0.0,0,90,1,644.42,0,0,0,0,0,0,0
1780641895.697,0,0,0,0,0,36.65,9.35,0.0,0.0,0.0,0.0,0.0,0,90,1,663.04,0,0,0,0,0,0,0
1780641895.717,0,0,0,0,0,37.99,8.54,0.0,0.0,0.0,0.0,0.0,0,90,1,680.61,0,0,0,0,0,0,0
1780641895.74,0,0,0,0,0,39.22,7.68,0.0,0.0,0.0,0.0,0.0,0,90,1,696.86,0,0,0,0,0,0,0
1780641895.762,0,0,0,0,0,40.1,6.85,0.0,0.0,0.0,0.0,0.0,0,90,1,711.15,0,0,0,0,0,0,0
1780641895.785,0,0,0,0,0,40.6,6.04,0.0,0.0,0.0,0.0,0.0,0,90,1,722.81,0,0,0,0,0,0,0
1780641895.803,0,0,0,0,0,40.81,5.27,0.0,0.0,0.0,0.0,0.0,0,90,1,731.37,0,0,0,0,0,0,0
1780641895.826,0,0,0,0,0,40.83,4.64,0.0,0.0,0.0,0.0,0.0,0,90,1,736.55,0,0,0,0,0,0,0
1780641895.849,0,0,0,0,0,40.76,4.26,0.0,0.0,0.0,0.0,0.0,0,90,1,738.25,0,0,0,0,0,0,0
1780641895.873,0,0,0,0,0,40.67,4.13,0.0,0.0,0.0,0.0,0.0,0,90,1,736.47,0,0,0,0,0,0,0
1780641895.89,0,0,0,0,0,40.6,4.18,0.0,0.0,0.0,0.0,0.0,0,90,1,731.26,0,0,0,0,0,0,0
1780641895.913,0,0,0,0,0,40.55,4.24,0.0,0.0,0.0,0.0,0.0,0,90,1,722.67,0,0,0,0,0,0,0
1780641895.935,0,0,0,0,0,40.47,4.2,0.0,0.0,0.0,0.0,0.0,0,90,1,710.66,0,0,0,0,0,0,0
1780641895.958,0,0,0,0,0,40.27,3.99,0.0,0.0,0.0,0.0,0.0,0,90,1,695.16,0,0,0,0,0,0,0
1780641895.982,0,0,0,0,0,39.98,3.61,0.0,0.0,0.0,0.0,0.0,0,90,1,676.14,0,0,0,0,0,0,0
1780641896.004,0,0,0,0,0,39.66,3.13,0.0,0.0,0.0,0.0,0.0,0,90,1,653.67,0,0,0,0,0,0,0
1780641896.027,0,0,0,0,0,39.31,2.58,0.0,0.0,0.0,0.0,0.0,0,90,1,627.81,0,0,0,0,0,0,0
1780641896.051,0,0,0,0,0,38.91,1.88,0.0,0.0,0.0,0.0,0.0,0,90,1,598.57,0,0,0,0,0,0,0
1780641896.068,0,0,0,0,0,38.37,1.04,0.0,0.0,0.0,0.0,0.0,0,90,1,565.95,0,0,0,0,0,0,0
1780641896.09,0,0,0,0,0,37.67,0.29,0.0,0.0,0.0,0.0,0.0,0,90,1,530.0,0,0,0,0,0,0,0
1780641896.113,0,0,0,0,0,36.77,-0.01,0.0,0.0,0.0,0.0,0.0,0,90,1,490.86,0,0,0,0,0,0,0
1780641896.137,0,0,0,0,0,35.71,0.35,0.0,0.0,0.0,0.0,0.0,0,90,1,448.64,0,0,0,0,0,0,0
1780641896.159,0,0,0,0,0,34.55,1.4,0.0,0.0,0.0,0.0,0.0,0,90,1,403.33,0,0,0,0,0,0,0
1780641896.182,0,0,0,0,0,33.24,3.28,0.0,0.0,0.0,0.0,0.0,0,90,1,355.47,0,0,0,0,0,0,0
1780641896.205,0,0,0,0,0,31.67,6.23,0.0,0.0,0.0,0.0,0.0,0,90,1,306.75,0,0,0,0,0,0,0
1780641896.224,0,0,0,0,0,29.9,10.23,0.0,0.0,0.0,0.0,0.0,0,90,1,259.24,0,0,0,0,0,0,0
1780641896.247,0,0,0,0,0,28.18,15.04,0.0,0.0,0.0,0.0,0.0,0,90,1,214.68,0,0,0,0,0,0,0
1780641896.266,0,0,0,0,0,26.74,20.34,0.0,0.0,0.0,0.0,0.0,0,90,1,174.28,0,0,0,0,0,0,0
1780641896.29,0,0,0,0,0,25.6,25.68,0.0,0.0,0.0,0.0,0.0,0,90,1,138.82,0,0,0,0,0,0,0
1780641896.309,0,0,0,0,0,24.62,30.54,0.0,0.0,0.0,0.0,0.0,0,90,1,108.85,0,0,0,0,0,0,0
1780641896.332,0,0,0,0,0,23.71,34.64,0.0,0.0,0.0,0.0,0.0,0,90,1,96.9,0,0,0,0,0,0,0
1780641896.352,0,0,0,0,0,22.89,37.91,0.0,0.0,0.0,0.0,0.0,0,90,1,119.82,0,0,0,0,0,0,0
1780641896.375,0,0,0,0,0,22.17,40.32,0.0,0.0,0.0,0.0,0.0,0,90,1,144.64,0,0,0,0,0,0,0
1780641896.393,0,0,0,0,0,21.36,41.77,0.0,0.0,0.0,0.0,0.0,0,90,1,169.89,0,0,0,0,0,0,0
1780641896.416,0,0,0,0,0,20.6,42.2,0.0,0.0,0.0,0.0,0.0,0,90,1,194.11,0,0,0,0,0,0,0
1780641896.436,0,0,0,0,0,19.89,41.66,0.0,0.0,0.0,0.0,0.0,0,90,1,215.81,0,0,0,0,0,0,0
1780641896.46,0,0,0,0,0,18.58,40.34,0.0,0.0,0.0,0.0,0.0,0,90,1,233.3,0,0,0,0,0,0,0
1780641896.482,0,0,0,0,0,16.61,38.27,0.0,0.0,0.0,0.0,0.0,0,90,1,244.92,0,0,0,0,0,0,0
1780641896.507,0,0,0,0,0,14.44,35.3,0.0,0.0,0.0,0.0,0.0,0,90,1,249.56,0,0,0,0,0,0,0
1780641896.524,0,0,0,0,0,12.23,31.36,0.0,0.0,0.0,0.0,0.0,0,90,1,247.16,0,0,0,0,0,0,0
1780641896.548,0,0,0,0,0,10.11,26.58,0.0,0.0,0.0,0.0,0.0,0,90,1,239.22,0,0,0,0,0,0,0
1780641896.568,0,0,0,0,0,8.14,21.21,0.0,0.0,0.0,0.0,0.0,0,90,1,227.99,0,0,0,0,0,0,0
1780641896.59,0,0,0,0,0,6.28,15.5,0.0,0.0,0.0,0.0,0.0,0,90,1,215.2,0,0,0,0,0,0,0
1780641896.612,0,0,0,0,0,4.48,9.6,0.0,0.0,0.0,0.0,0.0,0,90,1,203.52,0,0,0,0,0,0,0
1780641896.636,0,0,0,0,0,2.69,3.58,0.0,0.0,0.0,0.0,0.0,0,90,1,196.93,0,0,0,0,0,0,0
1780641896.654,0,0,0,0,0,0.96,-2.45,0.0,0.0,0.0,0.0,0.0,0,90,1,197.52,0,0,0,0,0,0,0
1780641896.678,0,0,0,0,0,-0.7,-8.33,0.0,0.0,0.0,0.0,0.0,0,90,1,205.19,0,0,0,0,0,0,0
1780641896.7,0,0,0,0,0,-2.36,-13.98,0.0,0.0,0.0,0.0,0.0,0,90,1,219.45,0,0,0,0,0,0,0
1780641896.723,0,0,0,0,0,-4.17,-19.32,0.0,0.0,0.0,0.0,0.0,0,90,1,240.04,0,0,0,0,0,0,0
1780641896.744,0,0,0,0,0,-6.18,-24.18,0.0,0.0,0.0,0.0,0.0,0,90,1,266.63,0,0,0,0,0,0,0
1780641896.766,0,0,0,0,0,-8.44,-28.27,0.0,0.0,0.0,0.0,0.0,0,90,1,298.42,0,0,0,0,0,0,0
1780641896.791,0,0,0,0,0,-10.99,-31.38,0.0,0.0,0.0,0.0,0.0,0,90,1,334.04,0,0,0,0,0,0,0
1780641896.814,0,0,0,0,0,-13.8,-33.63,0.0,0.0,0.0,0.0,0.0,0,90,1,372.11,0,0,0,0,0,0,0
1780641896.833,0,0,0,0,0,-16.66,-35.39,0.0,0.0,0.0,0.0,0.0,0,90,1,411.77,0,0,0,0,0,0,0
1780641896.857,0,0,0,0,0,-19.37,-36.99,0.0,0.0,0.0,0.0,0.0,0,90,1,452.75,0,0,0,0,0,0,0
1780641896.876,0,0,0,0,0,-21.9,-38.66,0.0,0.0,0.0,0.0,0.0,0,90,1,495.15,0,0,0,0,0,0,0
1780641896.9,0,0,0,0,0,-24.28,-40.45,0.0,0.0,0.0,0.0,0.0,0,90,1,539.23,0,0,0,0,0,0,0
1780641896.918,0,0,0,0,0,-26.54,-42.32,0.0,0.0,0.0,0.0,0.0,0,90,1,585.1,0,0,0,0,0,0,0
1780641896.941,0,0,0,0,0,-28.71,-44.13,0.0,0.0,0.0,0.0,0.0,0,90,1,632.65,0,0,0,0,0,0,0
1780641896.961,0,0,0,0,0,-30.75,-45.72,0.0,0.0,0.0,0.0,0.0,0,90,1,681.38,0,0,0,0,0,0,0
1780641896.984,0,0,0,0,0,-32.59,-46.98,0.0,0.0,0.0,0.0,0.0,0,90,1,730.56,0,0,0,0,0,0,0
1780641897.009,0,0,0,0,0,-34.22,-47.95,0.0,0.0,0.0,0.0,0.0,0,90,1,779.53,0,0,0,0,0,0,0
1780641897.031,0,0,0,0,0,-35.64,-48.73,0.0,0.0,0.0,0.0,0.0,0,90,1,827.84,0,0,0,0,0,0,0
1780641897.051,0,0,0,0,0,-36.83,-49.37,0.0,0.0,0.0,0.0,0.0,0,90,1,875.16,0,0,0,0,0,0,0
1780641897.074,0,0,0,0,0,-37.75,-49.84,0.0,0.0,0.0,0.0,0.0,0,90,1,921.2,0,0,0,0,0,0,0
1780641897.096,0,0,0,0,0,-38.37,-50.16,0.0,0.0,0.0,0.0,0.0,0,90,1,965.68,0,0,0,0,0,0,0
1780641897.118,0,0,0,0,0,-38.72,-50.35,0.0,0.0,0.0,0.0,0.0,0,90,1,1008.39,0,0,0,0,0,0,0
1780641897.142,0,0,0,0,0,-38.88,-50.46,0.0,0.0,0.0,0.0,0.0,0,90,1,1049.26,0,0,0,0,0,0,0
1780641897.162,0,0,0,0,0,-38.96,-50.51,0.0,0.0,0.0,0.0,0.0,0,90,1,1088.3,0,0,0,0,0,0,0
1780641897.185,0,0,0,0,0,-39.05,-50.54,0.0,0.0,0.0,0.0,0.0,0,90,1,1125.51,0,0,0,0,0,0,0
1780641897.204,0,0,0,0,0,-39.17,-50.57,0.0,0.0,0.0,0.0,0.0,0,90,1,1160.79,0,0,0,0,0,0,0
1780641897.227,0,0,0,0,0,-39.29,-50.58,0.0,0.0,0.0,0.0,0.0,0,90,1,1193.92,0,0,0,0,0,0,0
1780641897.247,0,0,0,0,0,-39.35,-50.59,0.0,0.0,0.0,0.0,0.0,0,90,1,1224.5,0,0,0,0,0,0,0
1780641897.269,0,0,0,0,0,-39.33,-50.58,0.0,0.0,0.0,0.0,0.0,0,90,1,1251.87,0,0,0,0,0,0,0
1780641897.29,0,0,0,0,0,-39.24,-50.57,0.0,0.0,0.0,0.0,0.0,0,90,1,1274.87,0,0,0,0,0,0,0
1780641897.312,0,0,0,0,0,-39.12,-50.58,0.0,0.0,0.0,0.0,0.0,0,90,1,1291.77,0,0,0,0,0,0,0
1780641897.332,0,0,0,0,0,-38.99,-50.63,0.0,0.0,0.0,0.0,0.0,0,90,1,1300.44,0,0,0,0,0,0,0
1780641897.355,0,0,0,0,0,-38.84,-50.76,0.0,0.0,0.0,0.0,0.0,0,90,1,1298.59,0,0,0,0,0,0,0
1780641897.374,0,0,0,0,0,-38.68,-50.91,0.0,0.0,0.0,0.0,0.0,0,90,1,1284.15,0,0,0,0,0,0,0
1780641897.397,0,0,0,0,0,-38.5,-50.99,0.0,0.0,0.0,0.0,0.0,0,90,1,1255.79,0,0,0,0,0,0,0
1780641897.417,0,0,0,0,0,-38.29,-50.96,0.0,0.0,0.0,0.0,0.0,0,90,1,1213.23,0,0,0,0,0,0,0
1780641897.44,0,0,0,0,0,-38.05,-50.85,0.0,0.0,0.0,0.0,0.0,0,90,1,1156.92,0,0,0,0,0,0,0
1780641897.459,0,0,0,0,0,-37.81,-50.74,0.0,0.0,0.0,0.0,0.0,0,90,1,1088.0,0,0,0,0,0,0,0
1780641897.482,0,0,0,0,0,-37.61,-50.66,0.0,0.0,0.0,0.0,0.0,0,90,1,1008.43,0,0,0,0,0,0,0
1780641897.502,0,0,0,0,0,-37.47,-50.65,0.0,0.0,0.0,0.0,0.0,0,90,1,920.82,0,0,0,0,0,0,0
1780641897.525,0,0,0,0,0,-37.42,-50.68,0.0,0.0,0.0,0.0,0.0,0,90,1,827.88,0,0,0,0,0,0,0
1780641897.544,0,0,0,0,0,-37.44,-50.71,0.0,0.0,0.0,0.0,0.0,0,90,1,732.04,0,0,0,0,0,0,0
1780641897.567,0,0,0,0,0,-37.48,-50.8,0.0,0.0,0.0,0.0,0.0,0,90,1,635.7,0,0,0,0,0,0,0
1780641897.586,0,0,0,0,0,-37.55,-51.02,0.0,0.0,0.0,0.0,0.0,0,90,1,541.78,0,0,0,0,0,0,0
1780641897.61,0,0,0,0,0,-37.72,-51.34,0.0,0.0,0.0,0.0,0.0,0,90,1,453.26,0,0,0,0,0,0,0
1780641897.628,0,0,0,0,0,-37.93,-51.63,0.0,0.0,0.0,0.0,0.0,0,90,1,372.44,0,0,0,0,0,0,0
1780641897.651,0,0,0,0,0,-38.1,-51.87,0.0,0.0,0.0,0.0,0.0,0,90,1,300.71,0,0,0,0,0,0,0
1780641897.675,0,0,0,0,0,-38.19,-52.01,0.0,0.0,0.0,0.0,0.0,0,90,1,238.54,0,0,0,0,0,0,0
1780641897.698,0,0,0,0,0,-38.23,-52.02,0.0,0.0,0.0,0.0,0.0,0,90,1,185.89,0,0,0,0,0,0,0
1780641897.717,0,0,0,0,0,-38.24,-51.96,0.0,0.0,0.0,0.0,0.0,0,90,1,151.27,0,0,0,0,0,0,0
1780641897.741,0,0,0,0,0,-38.12,-51.84,0.0,0.0,0.0,0.0,0.0,0,90,1,131.47,0,0,0,0,0,0,0
1780641897.759,0,0,0,0,0,-37.74,-51.68,0.0,0.0,0.0,0.0,0.0,0,90,1,112.52,0,0,0,0,0,0,0
1780641897.783,0,0,0,0,0,-37.15,-51.53,0.0,0.0,0.0,0.0,0.0,0,90,1,94.46,0,0,0,0,0,0,0
1780641897.803,0,0,0,0,0,-36.41,-51.45,0.0,0.0,0.0,0.0,0.0,0,90,1,77.55,0,0,0,0,0,0,0
1780641897.826,0,0,0,0,0,-35.49,-51.42,0.0,0.0,0.0,0.0,0.0,0,90,1,62.1,0,0,0,0,0,0,0
1780641897.849,0,0,0,0,0,-34.62,-51.31,0.0,0.0,0.0,0.0,0.0,0,90,1,48.44,0,0,0,0,0,0,0
1780641897.872,0,0,0,0,0,-33.63,-51.04,0.0,0.0,0.0,0.0,0.0,0,90,1,36.9,0,0,0,0,0,0,0
1780641897.892,0,0,0,0,0,-31.52,-49.77,0.0,0.0,0.0,0.0,0.0,0,90,1,27.83,0,0,0,0,0,0,0
1780641897.916,0,0,0,0,0,-28.19,-46.28,0.0,0.0,0.0,0.0,0.0,0,90,1,21.68,0,0,0,0,0,0,0
1780641897.938,0,0,0,0,0,-24.26,-40.86,0.0,0.0,0.0,0.0,0.0,0,90,1,18.92,0,0,0,0,0,0,0
1780641897.962,0,0,0,0,0,-20.02,-34.62,0.0,0.0,0.0,0.0,0.0,0,90,1,20.05,0,0,0,0,0,0,0
1780641897.981,0,0,0,0,0,-15.58,-28.23,0.0,0.0,0.0,0.0,0.0,0,90,1,25.58,0,0,0,0,0,0,0
1780641898.004,0,0,0,0,0,-10.97,-22.02,0.0,0.0,0.0,0.0,0.0,0,90,1,36.08,0,0,0,0,0,0,0
1780641898.027,0,0,0,0,0,-6.35,-15.98,0.0,0.0,0.0,0.0,0.0,0,90,1,53.56,0,0,0,0,0,0,0
1780641898.049,0,0,0,0,0,-2.01,-9.99,0.0,0.0,0.0,0.0,0.0,0,90,1,82.22,0,0,0,0,0,0,0
1780641898.072,0,0,0,0,0,1.72,-4.01,0.0,0.0,0.0,0.0,0.0,0,90,1,119.39,0,0,0,0,0,0,0
1780641898.095,0,0,0,0,0,4.65,1.96,0.0,0.0,0.0,0.0,0.0,0,90,1,165.7,0,0,0,0,0,0,0
1780641898.118,0,0,0,0,0,6.74,7.77,0.0,0.0,0.0,0.0,0.0,0,90,1,221.4,0,0,0,0,0,0,0
1780641898.142,0,0,0,0,0,8.04,13.08,0.0,0.0,0.0,0.0,0.0,0,90,1,285.83,0,0,0,0,0,0,0
1780641898.165,0,0,0,0,0,8.67,17.77,0.0,0.0,0.0,0.0,0.0,0,90,1,357.79,0,0,0,0,0,0,0
1780641898.188,0,0,0,0,0,8.86,22.19,0.0,0.0,0.0,0.0,0.0,0,90,1,436.67,0,0,0,0,0,0,0
1780641898.211,0,0,0,0,0,8.81,26.84,0.0,0.0,0.0,0.0,0.0,0,90,1,523.09,0,0,0,0,0,0,0
1780641898.23,0,0,0,0,0,8.61,31.9,0.0,0.0,0.0,0.0,0.0,0,90,1,618.18,0,0,0,0,0,0,0
1780641898.254,0,0,0,0,0,8.4,37.22,0.0,0.0,0.0,0.0,0.0,0,90,1,722.78,0,0,0,0,0,0,0
1780641898.277,0,0,0,0,0,8.24,42.63,0.0,0.0,0.0,0.0,0.0,0,90,1,837.12,0,0,0,0,0,0,0
1780641898.301,0,0,0,0,0,7.5,47.93,0.0,0.0,0.0,0.0,0.0,0,90,1,960.84,0,0,0,0,0,0,0
1780641898.32,0,0,0,0,0,5.25,52.97,0.0,0.0,0.0,0.0,0.0,0,90,1,1092.96,0,0,0,0,0,0,0
1780641898.343,0,0,0,0,0,1.45,57.76,0.0,0.0,0.0,0.0,0.0,0,90,1,1232.38,0,0,0,0,0,0,0
1780641898.366,0,0,0,0,0,-3.5,62.42,0.0,0.0,0.0,0.0,0.0,0,90,1,1378.33,0,0,0,0,0,0,0
1780641898.39,0,0,0,0,0,-9.27,66.86,0.0,0.0,0.0,0.0,0.0,0,90,1,1529.62,0,0,0,0,0,0,0
1780641898.409,0,0,0,0,0,-15.11,70.74,0.0,0.0,0.0,0.0,0.0,0,90,1,1683.74,0,0,0,0,0,0,0
1780641898.432,0,0,0,0,0,-20.04,73.76,0.0,0.0,0.0,0.0,0.0,0,90,1,1836.93,0,0,0,0,0,0,0
1780641898.451,0,0,0,0,0,-23.23,75.85,0.0,0.0,0.0,0.0,0.0,0,90,1,1985.09,0,0,0,0,0,0,0
1780641898.475,0,0,0,0,0,-23.9,77.09,0.0,0.0,0.0,0.0,0.0,0,90,1,2124.63,0,0,0,0,0,0,0
1780641898.494,0,0,0,0,0,-22.56,77.62,0.0,0.0,0.0,0.0,0.0,0,90,1,2252.77,0,0,0,0,0,0,0
1780641898.517,0,0,0,0,0,-21.34,77.52,0.0,0.0,0.0,0.0,0.0,0,90,1,2367.43,0,0,0,0,0,0,0
1780641898.536,0,0,0,0,0,-18.61,77.07,0.0,0.0,0.0,0.0,0.0,0,90,1,2467.57,0,0,0,0,0,0,0
1780641898.56,0,0,0,0,0,-10.66,76.69,0.0,0.0,0.0,0.0,0.0,0,90,1,2553.62,0,0,0,0,0,0,0
1780641898.584,0,0,0,0,0,0.75,76.04,0.0,0.0,0.0,0.0,0.0,0,90,1,2624.87,0,0,0,0,0,0,0
1780641898.607,0,0,0,0,0,11.34,74.43,0.0,0.0,0.0,0.0,0.0,0,90,1,2678.6,0,0,0,0,0,0,0
1780641898.627,0,0,0,0,0,19.08,72.06,0.0,0.0,0.0,0.0,0.0,0,90,1,2713.27,0,0,0,0,0,0,0
1780641898.648,0,0,0,0,0,23.73,69.53,0.0,0.0,0.0,0.0,0.0,0,90,1,2729.38,0,0,0,0,0,0,0
1780641898.668,0,0,0,0,0,26.11,67.26,0.0,0.0,0.0,0.0,0.0,0,90,1,2728.38,0,0,0,0,0,0,0
1780641898.691,0,0,0,0,0,27.3,65.81,0.0,0.0,0.0,0.0,0.0,0,90,1,2712.51,0,0,0,0,0,0,0
1780641898.714,0,0,0,0,0,27.83,65.56,0.0,0.0,0.0,0.0,0.0,0,90,1,2684.39,0,0,0,0,0,0,0
1780641898.738,0,0,0,0,0,27.73,66.29,0.0,0.0,0.0,0.0,0.0,0,90,1,2645.96,0,0,0,0,0,0,0
1780641898.759,0,0,0,0,0,27.45,67.48,0.0,0.0,0.0,0.0,0.0,0,90,1,2598.01,0,0,0,0,0,0,0
1780641898.781,0,0,0,0,0,29.77,68.36,0.0,0.0,0.0,0.0,0.0,0,90,1,2539.9,0,0,0,0,0,0,0
1780641898.804,0,0,0,0,0,37.38,68.1,0.0,0.0,0.0,0.0,0.0,0,90,1,2469.69,0,0,0,0,0,0,0
1780641898.827,0,0,0,0,0,48.42,66.5,0.0,0.0,0.0,0.0,0.0,0,90,1,2385.52,0,0,0,0,0,0,0
1780641898.85,0,0,0,0,0,59.88,64.1,0.0,0.0,0.0,0.0,0.0,0,90,1,2286.97,0,0,0,0,0,0,0
1780641898.87,0,0,0,0,0,70.74,61.69,0.0,0.0,0.0,0.0,0.0,0,90,1,2175.1,0,0,0,0,0,0,0
1780641898.893,0,0,0,0,0,80.66,59.86,0.0,0.0,0.0,0.0,0.0,0,90,1,2051.43,0,0,0,0,0,0,0
1780641898.913,0,0,0,0,0,89.8,58.5,0.0,0.0,0.0,0.0,0.0,0,90,1,1916.8,0,0,0,0,0,0,0
1780641898.936,0,0,0,0,0,98.2,57.19,0.0,0.0,0.0,0.0,0.0,0,90,1,1771.56,0,0,0,0,0,0,0
1780641898.956,0,0,0,0,0,105.3,55.74,0.0,0.0,0.0,0.0,0.0,0,90,1,1616.29,0,0,0,0,0,0,0
1780641898.98,0,0,0,0,0,110.62,54.15,0.0,0.0,0.0,0.0,0.0,0,90,1,1451.99,0,0,0,0,0,0,0
1780641898.997,0,0,0,0,0,114.24,52.53,0.0,0.0,0.0,0.0,0.0,0,90,1,1406.71,0,0,0,0,0,0,0
1780641899.022,0,0,0,0,0,116.4,51.09,0.0,0.0,0.0,0.0,0.0,0,90,1,1555.36,0,0,0,0,0,0,0
1780641899.041,0,0,0,0,0,117.38,50.02,0.0,0.0,0.0,0.0,0.0,0,90,1,1698.7,0,0,0,0,0,0,0
1780641899.064,0,0,0,0,0,117.57,49.41,0.0,0.0,0.0,0.0,0.0,0,90,1,1834.75,0,0,0,0,0,0,0
1780641899.088,0,0,0,0,0,117.32,49.23,0.0,0.0,0.0,0.0,0.0,0,90,1,1962.91,0,0,0,0,0,0,0
1780641899.112,0,0,0,0,0,116.93,49.32,0.0,0.0,0.0,0.0,0.0,0,90,1,2083.73,0,0,0,0,0,0,0
1780641899.131,0,0,0,0,0,116.64,49.56,0.0,0.0,0.0,0.0,0.0,0,90,1,2198.22,0,0,0,0,0,0,0
1780641899.153,0,0,0,0,0,116.58,49.86,0.0,0.0,0.0,0.0,0.0,0,90,1,2307.31,0,0,0,0,0,0,0
1780641899.173,0,0,0,0,0,116.68,50.21,0.0,0.0,0.0,0.0,0.0,0,90,1,2411.11,0,0,0,0,0,0,0
1780641899.197,0,0,0,0,0,116.87,50.59,0.0,0.0,0.0,0.0,0.0,0,90,1,2509.23,0,0,0,0,0,0,0
1780641899.215,0,0,0,0,0,117.25,50.96,0.0,0.0,0.0,0.0,0.0,0,90,1,2601.47,0,0,0,0,0,0,0
1780641899.24,0,0,0,0,0,117.72,51.25,0.0,0.0,0.0,0.0,0.0,0,90,1,2687.26,0,0,0,0,0,0,0
1780641899.26,0,0,0,0,0,118.09,51.4,0.0,0.0,0.0,0.0,0.0,0,90,1,2765.42,0,0,0,0,0,0,0
1780641899.282,0,0,0,0,0,118.28,51.44,0.0,0.0,0.0,0.0,0.0,0,90,1,2834.85,0,0,0,0,0,0,0
1780641899.302,0,0,0,0,0,118.37,51.44,0.0,0.0,0.0,0.0,0.0,0,90,1,2894.86,0,0,0,0,0,0,0
1780641899.326,0,0,0,0,0,118.44,51.46,0.0,0.0,0.0,0.0,0.0,0,90,1,2945.07,0,0,0,0,0,0,0
1780641899.346,0,0,0,0,0,118.51,51.5,0.0,0.0,0.0,0.0,0.0,0,90,1,2985.43,0,0,0,0,0,0,0
1780641899.369,0,0,0,0,0,118.58,51.56,0.0,0.0,0.0,0.0,0.0,0,90,1,3015.95,0,0,0,0,0,0,0
1780641899.388,0,0,0,0,0,118.62,51.61,0.0,0.0,0.0,0.0,0.0,0,90,1,3035.29,0,0,0,0,0,0,0
1780641899.411,0,0,0,0,0,118.64,51.64,0.0,0.0,0.0,0.0,0.0,0,90,1,3039.79,0,0,0,0,0,0,0
1780641899.431,0,0,0,0,0,118.67,51.66,0.0,0.0,0.0,0.0,0.0,0,90,1,3024.78,0,0,0,0,0,0,0
1780641899.455,0,0,0,0,0,118.69,51.66,0.0,0.0,0.0,0.0,0.0,0,90,1,2985.4,0,0,0,0,0,0,0
1780641899.478,0,0,0,0,0,118.72,51.68,0.0,0.0,0.0,0.0,0.0,0,90,1,2916.64,0,0,0,0,0,0,0
1780641899.501,0,0,0,0,0,118.75,51.74,0.0,0.0,0.0,0.0,0.0,0,90,1,2815.14,0,0,0,0,0,0,0
1780641899.521,0,0,0,0,0,118.81,51.83,0.0,0.0,0.0,0.0,0.0,0,90,1,2681.18,0,0,0,0,0,0,0
1780641899.545,0,0,0,0,0,118.86,51.91,0.0,0.0,0.0,0.0,0.0,0,90,1,2519.2,0,0,0,0,0,0,0
1780641899.565,0,0,0,0,0,118.91,51.99,0.0,0.0,0.0,0.0,0.0,0,90,1,2338.38,0,0,0,0,0,0,0
1780641899.587,0,0,0,0,0,118.96,52.06,0.0,0.0,0.0,0.0,0.0,0,90,1,2147.04,0,0,0,0,0,0,0
1780641899.607,0,0,0,0,0,119.0,52.13,0.0,0.0,0.0,0.0,0.0,0,90,1,1945.02,0,0,0,0,0,0,0
1780641899.631,0,0,0,0,0,119.04,52.18,0.0,0.0,0.0,0.0,0.0,0,90,1,1739.16,0,0,0,0,0,0,0
1780641899.651,0,0,0,0,0,119.08,52.24,0.0,0.0,0.0,0.0,0.0,0,90,1,1551.98,0,0,0,0,0,0,0
1780641899.673,0,0,0,0,0,119.12,52.29,0.0,0.0,0.0,0.0,0.0,0,90,1,1396.56,0,0,0,0,0,0,0
1780641899.693,0,0,0,0,0,119.15,52.34,0.0,0.0,0.0,0.0,0.0,0,90,1,1268.16,0,0,0,0,0,0,0
1780641899.716,0,0,0,0,0,119.19,52.39,0.0,0.0,0.0,0.0,0.0,0,90,1,1156.17,0,0,0,0,0,0,0
1780641899.736,0,0,0,0,0,119.23,52.45,0.0,0.0,0.0,0.0,0.0,0,90,1,1050.84,0,0,0,0,0,0,0
1780641899.76,0,0,0,0,0,119.26,52.51,0.0,0.0,0.0,0.0,0.0,0,90,1,945.57,0,0,0,0,0,0,0
1780641899.78,0,0,0,0,0,119.29,52.56,0.0,0.0,0.0,0.0,0.0,0,90,1,837.03,0,0,0,0,0,0,0
1780641899.802,0,0,0,0,0,119.32,52.61,0.0,0.0,0.0,0.0,0.0,0,90,1,723.4,0,0,0,0,0,0,0
1780641899.823,0,0,0,0,0,119.35,52.67,0.0,0.0,0.0,0.0,0.0,0,90,1,602.75,0,0,0,0,0,0,0
1780641899.846,0,0,0,0,0,119.38,52.72,0.0,0.0,0.0,0.0,0.0,0,90,1,474.49,0,0,0,0,0,0,0
1780641899.866,0,0,0,0,0,119.4,52.78,0.0,0.0,0.0,0.0,0.0,0,90,1,347.13,0,0,0,0,0,0,0
1780641899.889,0,0,0,0,0,119.43,52.83,0.0,0.0,0.0,0.0,0.0,0,90,1,237.43,0,0,0,0,0,0,0
1780641899.908,0,0,0,0,0,119.46,52.88,0.0,0.0,0.0,0.0,0.0,0,90,1,153.84,0,0,0,0,0,0,0
1780641899.932,0,0,0,0,0,119.49,52.93,0.0,0.0,0.0,0.0,0.0,0,90,1,94.28,0,0,0,0,0,0,0
1780641899.95,0,0,0,0,0,119.51,52.99,0.0,0.0,0.0,0.0,0.0,0,90,1,54.06,0,0,0,0,0,0,0
1780641899.975,0,0,0,0,0,119.53,53.04,0.0,0.0,0.0,0.0,0.0,0,90,1,28.36,0,0,0,0,0,0,0
1780641899.993,0,0,0,0,0,119.56,53.08,0.0,0.0,0.0,0.0,0.0,0,90,1,13.32,0,0,0,0,0,0,0
1780641900.017,0,0,0,0,0,119.58,53.14,0.0,0.0,0.0,0.0,0.0,0,90,1,5.69,0,0,0,0,0,0,0
1780641900.036,0,0,0,0,0,119.62,53.19,0.0,0.0,0.0,0.0,0.0,0,90,0,2.41,0,0,0,0,0,0,0
1780641900.059,0,0,0,0,0,119.65,53.25,0.0,0.0,0.0,0.0,0.0,0,90,0,1.23,0,0,0,0,0,0,0
1780641900.08,0,0,0,0,0,119.68,53.31,0.0,0.0,0.0,0.0,0.0,0,90,0,1.18,0,0,0,0,0,0,0
1780641900.102,0,0,0,0,0,119.71,53.36,0.0,0.0,0.0,0.0,0.0,0,90,0,1.22,0,0,0,0,0,0,0
1780641900.122,0,0,0,0,0,119.73,53.42,0.0,0.0,0.0,0.0,0.0,0,90,0,1.19,0,0,0,0,0,0,0
1780641900.146,0,0,0,0,0,119.75,53.47,0.0,0.0,0.0,0.0,0.0,0,90,0,1.11,0,0,0,0,0,0,0
1780641900.165,0,0,0,0,0,119.77,53.52,0.0,0.0,0.0,0.0,0.0,0,90,0,0.99,0,0,0,0,0,0,0
1780641900.189,0,0,0,0,0,119.79,53.57,0.0,0.0,0.0,0.0,0.0,0,90,0,0.87,0,0,0,0,0,0,0
1780641900.208,0,0,0,0,0,119.81,53.62,0.0,0.0,0.0,0.0,0.0,0,90,0,0.77,0,0,0,0,0,0,0
1780641900.231,0,0,0,0,0,119.83,53.68,0.0,0.0,0.0,0.0,0.0,0,90,0,0.69,0,0,0,0,0,0,0
1780641900.25,0,0,0,0,0,119.85,53.73,0.0,0.0,0.0,0.0,0.0,0,90,0,0.64,0,0,0,0,0,0,0
1780641900.274,0,0,0,0,0,119.87,53.78,0.0,0.0,0.0,0.0,0.0,0,90,0,0.6,0,0,0,0,0,0,0
1780641900.294,0,0,0,0,0,119.89,53.84,0.0,0.0,0.0,0.0,0.0,0,90,0,0.59,0,0,0,0,0,0,0
1780641900.317,0,0,0,0,0,119.91,53.89,0.0,0.0,0.0,0.0,0.0,0,90,0,0.59,0,0,0,0,0,0,0
1780641900.341,0,0,0,0,0,119.93,53.95,0.0,0.0,0.0,0.0,0.0,0,90,0,0.6,0,0,0,0,0,0,0
1780641900.36,0,0,0,0,0,119.94,54.0,0.0,0.0,0.0,0.0,0.0,0,90,0,0.61,0,0,0,0,0,0,0
1780641900.384,0,0,0,0,0,119.96,54.05,0.0,0.0,0.0,0.0,0.0,0,90,0,0.61,0,0,0,0,0,0,0
1780641900.402,0,0,0,0,0,119.98,54.11,0.0,0.0,0.0,0.0,0.0,0,90,0,0.61,0,0,0,0,0,0,0
1780641900.427,0,0,0,0,0,120.0,54.16,0.0,0.0,0.0,0.0,0.0,0,90,0,0.62,0,0,0,0,0,0,0
1780641900.447,0,0,0,0,0,120.02,54.21,0.0,0.0,0.0,0.0,0.0,0,90,0,0.62,0,0,0,0,0,0,0
1780641900.47,0,0,0,0,0,120.03,54.26,0.0,0.0,0.0,0.0,0.0,0,90,0,0.62,0,0,0,0,0,0,0
1780641900.49,0,0,0,0,0,120.05,54.31,0.0,0.0,0.0,0.0,0.0,0,90,0,0.62,0,0,0,0,0,0,0
1780641900.512,0,0,0,0,0,120.05,54.38,0.0,0.0,0.0,0.0,0.0,0,90,0,0.62,0,0,0,0,0,0,0
1780641900.537,0,0,0,0,0,120.06,54.46,0.0,0.0,0.0,0.0,0.0,0,90,0,0.62,0,0,0,0,0,0,0
1780641900.56,0,0,0,0,0,120.09,54.53,0.0,0.0,0.0,0.0,0.0,0,90,0,0.61,0,0,0,0,0,0,0
1780641900.579,0,0,0,0,0,120.12,54.57,0.0,0.0,0.0,0.0,0.0,0,90,0,0.61,0,0,0,0,0,0,0
1780641900.602,0,0,0,0,0,120.15,54.61,0.0,0.0,0.0,0.0,0.0,0,90,0,0.61,0,0,0,0,0,0,0
1780641900.622,0,0,0,0,0,120.19,54.65,0.0,0.0,0.0,0.0,0.0,0,90,0,0.6,0,0,0,0,0,0,0
1780641900.644,0,0,0,0,0,120.23,54.71,0.0,0.0,0.0,0.0,0.0,0,90,0,0.6,0,0,0,0,0,0,0
1780641900.664,0,0,0,0,0,120.27,54.77,0.0,0.0,0.0,0.0,0.0,0,90,0,0.6,0,0,0,0,0,0,0
1780641900.687,0,0,0,0,0,120.29,54.82,0.0,0.0,0.0,0.0,0.0,0,90,0,0.6,0,0,0,0,0,0,0
1780641900.707,0,0,0,0,0,120.3,54.87,0.0,0.0,0.0,0.0,0.0,0,90,0,0.6,0,0,0,0,0,0,0
1780641900.731,0,0,0,0,0,120.29,54.91,0.0,0.0,0.0,0.0,0.0,0,90,0,0.6,0,0,0,0,0,0,0
1780641900.75,0,0,0,0,0,120.3,54.96,0.0,0.0,0.0,0.0,0.0,0,90,0,0.6,0,0,0,0,0,0,0
1780641900.773,0,0,0,0,0,120.31,55.01,0.0,0.0,0.0,0.0,0.0,0,90,0,0.6,0,0,0,0,0,0,0
1780641900.793,0,0,0,0,0,120.32,55.06,0.0,0.0,0.0,0.0,0.0,0,90,0,0.6,0,0,0,0,0,0,0
1780641900.815,0,0,0,0,0,120.33,55.11,0.0,0.0,0.0,0.0,0.0,0,90,0,0.6,0,0,0,0,0,0,0
1780641900.836,0,0,0,0,0,120.33,55.15,0.0,0.0,0.0,0.0,0.0,0,90,0,0.6,0,0,0,0,0,0,0
1780641900.858,0,0,0,0,0,120.33,55.19,0.0,0.0,0.0,0.0,0.0,0,90,0,0.6,0,0,0,0,0,0,0
1780641900.879,0,0,0,0,0,120.34,55.24,0.0,0.0,0.0,0.0,0.0,0,90,0,0.59,0,0,0,0,0,0,0
1780641900.902,0,0,0,0,0,120.34,55.28,0.0,0.0,0.0,0.0,0.0,0,90,0,0.59,0,0,0,0,0,0,0
1780641900.922,0,0,0,0,0,120.35,55.33,0.0,0.0,0.0,0.0,0.0,0,90,0,0.59,0,0,0,0,0,0,0
1780641900.945,0,0,0,0,0,120.36,55.38,0.0,0.0,0.0,0.0,0.0,0,90,0,0.59,0,0,0,0,0,0,0
1780641900.965,0,0,0,0,0,120.37,55.43,0.0,0.0,0.0,0.0,0.0,0,90,0,0.58,0,0,0,0,0,0,0
1780641900.988,0,0,0,0,0,120.37,55.46,0.0,0.0,0.0,0.0,0.0,0,90,0,0.58,0,0,0,0,0,0,0
1780641901.007,0,0,0,0,0,120.37,55.47,0.0,0.0,0.0,0.0,0.0,0,90,0,0.57,0,0,0,0,0,0,0
1780641901.03,0,0,0,0,0,120.37,55.45,0.0,0.0,0.0,0.0,0.0,0,90,0,0.56,0,0,0,0,0,0,0
1780641901.05,0,0,0,0,0,120.28,55.3,0.0,0.0,0.0,0.0,0.0,0,90,0,0.55,0,0,0,0,0,0,0
1780641901.073,0,0,0,0,0,119.94,54.82,0.0,0.0,0.0,0.0,0.0,0,90,0,0.52,0,0,0,0,0,0,0
1780641901.093,0,0,0,0,0,119.38,54.07,0.0,0.0,0.0,0.0,0.0,0,90,0,0.48,0,0,0,0,0,0,0
1780641901.116,0,0,0,0,0,118.84,53.35,0.0,0.0,0.0,0.0,0.0,0,90,0,0.48,0,0,0,0,0,0,0
1780641901.136,0,0,0,0,0,118.48,52.85,0.0,0.0,0.0,0.0,0.0,0,90,0,0.5,0,0,0,0,0,0,0
1780641901.159,0,0,0,0,0,118.29,52.48,0.0,0.0,0.0,0.0,0.0,0,90,0,0.55,0,0,0,0,0,0,0
1780641901.178,0,0,0,0,0,118.2,52.03,0.0,0.0,0.0,0.0,0.0,0,90,0,0.64,0,0,0,0,0,0,0
1780641901.202,0,0,0,0,0,118.17,51.56,0.0,0.0,0.0,0.0,0.0,0,90,0,0.78,0,0,0,0,0,0,0
1780641901.222,0,0,0,0,0,117.94,51.23,0.0,0.0,0.0,0.0,0.0,0,90,0,0.96,0,0,0,0,0,0,0
1780641901.244,0,0,0,0,0,117.25,51.09,0.0,0.0,0.0,0.0,0.0,0,90,0,1.15,0,0,0,0,0,0,0
1780641901.264,0,0,0,0,0,116.15,51.06,0.0,0.0,0.0,0.0,0.0,0,90,0,1.34,0,0,0,0,0,0,0
1780641901.288,0,0,0,0,0,114.88,51.08,0.0,0.0,0.0,0.0,0.0,0,90,0,1.53,0,0,0,0,0,0,0
1780641901.307,0,0,0,0,0,113.89,51.1,0.0,0.0,0.0,0.0,0.0,0,90,0,1.92,0,0,0,0,0,0,0
1780641901.33,0,0,0,0,0,113.77,51.14,0.0,0.0,0.0,0.0,0.0,0,90,0,2.58,0,0,0,0,0,0,0
1780641901.35,0,0,0,0,0,114.48,51.23,0.0,0.0,0.0,0.0,0.0,0,90,0,3.06,0,0,0,0,0,0,0
1780641901.374,0,0,0,0,0,115.34,51.44,0.0,0.0,0.0,0.0,0.0,0,90,0,3.36,0,0,0,0,0,0,0
1780641901.392,0,0,0,0,0,115.85,51.69,0.0,0.0,0.0,0.0,0.0,0,90,0,3.57,0,0,0,0,0,0,0
1780641901.416,0,0,0,0,0,116.03,52.02,0.0,0.0,0.0,0.0,0.0,0,90,0,3.75,0,0,0,0,0,0,0
1780641901.435,0,0,0,0,0,116.11,52.45,0.0,0.0,0.0,0.0,0.0,0,90,0,3.91,0,0,0,0,0,0,0
1780641901.459,0,0,0,0,0,116.18,52.88,0.0,0.0,0.0,0.0,0.0,0,90,1,4.04,0,0,0,0,0,0,0
1780641901.482,0,0,0,0,0,116.27,53.23,0.0,0.0,0.0,0.0,0.0,0,90,1,4.16,0,0,0,0,0,0,0
1780641901.506,0,0,0,0,0,116.49,53.51,0.0,0.0,0.0,0.0,0.0,0,90,1,4.24,0,0,0,0,0,0,0
1780641901.525,0,0,0,0,0,116.87,53.74,0.0,0.0,0.0,0.0,0.0,0,90,1,4.27,0,0,0,0,0,0,0
1780641901.547,0,0,0,0,0,117.29,53.92,0.0,0.0,0.0,0.0,0.0,0,90,1,4.28,0,0,0,0,0,0,0
1780641901.566,0,0,0,0,0,117.69,54.01,0.0,0.0,0.0,0.0,0.0,0,90,1,4.26,0,0,0,0,0,0,0
1780641901.591,0,0,0,0,0,118.17,54.01,0.0,0.0,0.0,0.0,0.0,0,90,1,4.22,0,0,0,0,0,0,0
1780641901.614,0,0,0,0,0,118.81,53.95,0.0,0.0,0.0,0.0,0.0,0,90,1,4.17,0,0,0,0,0,0,0
1780641901.636,0,0,0,0,0,119.47,53.83,0.0,0.0,0.0,0.0,0.0,0,90,1,4.14,0,0,0,0,0,0,0
1780641901.657,0,0,0,0,0,120.0,53.73,0.0,0.0,0.0,0.0,0.0,0,90,1,4.14,0,0,0,0,0,0,0
1780641901.679,0,0,0,0,0,120.4,53.72,0.0,0.0,0.0,0.0,0.0,0,90,1,4.15,0,0,0,0,0,0,0
1780641901.703,0,0,0,0,0,120.74,53.82,0.0,0.0,0.0,0.0,0.0,0,90,1,4.2,0,0,0,0,0,0,0
1780641901.727,0,0,0,0,0,121.09,54.02,0.0,0.0,0.0,0.0,0.0,0,90,1,4.27,0,0,0,0,0,0,0
1780641901.748,0,0,0,0,0,121.41,54.23,0.0,0.0,0.0,0.0,0.0,0,90,1,4.37,0,0,0,0,0,0,0
1780641901.769,0,0,0,0,0,121.6,54.35,0.0,0.0,0.0,0.0,0.0,0,90,1,4.49,0,0,0,0,0,0,0
1780641901.792,0,0,0,0,0,121.76,54.4,0.0,0.0,0.0,0.0,0.0,0,90,1,4.63,0,0,0,0,0,0,0
1780641901.816,0,0,0,0,0,121.93,54.44,0.0,0.0,0.0,0.0,0.0,0,90,1,4.79,0,0,0,0,0,0,0
1780641901.839,0,0,0,0,0,122.0,54.55,0.0,0.0,0.0,0.0,0.0,0,90,1,4.96,0,0,0,0,0,0,0
1780641901.859,0,0,0,0,0,122.07,54.85,0.0,0.0,0.0,0.0,0.0,0,90,1,5.13,0,0,0,0,0,0,0
1780641901.882,0,0,0,0,0,122.3,55.19,0.0,0.0,0.0,0.0,0.0,0,90,1,5.33,0,0,0,0,0,0,0
1780641901.9,0,0,0,0,0,122.56,55.38,0.0,0.0,0.0,0.0,0.0,0,90,1,5.57,0,0,0,0,0,0,0
1780641901.925,0,0,0,0,0,122.71,55.41,0.0,0.0,0.0,0.0,0.0,0,90,1,5.82,0,0,0,0,0,0,0
1780641901.943,0,0,0,0,0,122.76,55.35,0.0,0.0,0.0,0.0,0.0,0,90,1,6.08,0,0,0,0,0,0,0
1780641901.966,0,0,0,0,0,122.77,55.33,0.0,0.0,0.0,0.0,0.0,0,90,1,6.33,0,0,0,0,0,0,0
1780641901.988,0,0,0,0,0,122.85,55.45,0.0,0.0,0.0,0.0,0.0,0,90,1,6.59,0,0,0,0,0,0,0
1780641902.01,0,0,0,0,0,123.01,55.62,0.0,0.0,0.0,0.0,0.0,0,90,1,6.87,0,0,0,0,0,0,0
1780641902.03,0,0,0,0,0,123.23,55.75,0.0,0.0,0.0,0.0,0.0,0,90,1,7.18,0,0,0,0,0,0,0
1780641902.052,0,0,0,0,0,123.45,55.95,0.0,0.0,0.0,0.0,0.0,0,90,1,7.51,0,0,0,0,0,0,0
1780641902.071,0,0,0,0,0,123.63,56.23,0.0,0.0,0.0,0.0,0.0,0,90,1,7.87,0,0,0,0,0,0,0
1780641902.096,0,0,0,0,0,123.76,56.52,0.0,0.0,0.0,0.0,0.0,0,90,1,8.25,0,0,0,0,0,0,0
1780641902.116,0,0,0,0,0,123.85,56.73,0.0,0.0,0.0,0.0,0.0,0,90,1,8.63,0,0,0,0,0,0,0
1780641902.138,0,0,0,0,0,123.9,56.86,0.0,0.0,0.0,0.0,0.0,0,90,1,9.01,0,0,0,0,0,0,0
1780641902.158,0,0,0,0,0,123.9,56.92,0.0,0.0,0.0,0.0,0.0,0,90,1,9.39,0,0,0,0,0,0,0
1780641902.18,0,0,0,0,0,123.9,56.96,0.0,0.0,0.0,0.0,0.0,0,90,1,9.76,0,0,0,0,0,0,0
1780641902.199,0,0,0,0,0,123.9,56.97,0.0,0.0,0.0,0.0,0.0,0,90,1,10.1,0,0,0,0,0,0,0
1780641902.224,0,0,0,0,0,123.92,56.96,0.0,0.0,0.0,0.0,0.0,0,90,1,10.4,0,0,0,0,0,0,0
1780641902.243,0,0,0,0,0,124.06,57.12,0.0,0.0,0.0,0.0,0.0,0,90,1,10.69,0,0,0,0,0,0,0
1780641902.266,0,0,0,0,0,124.51,57.63,0.0,0.0,0.0,0.0,0.0,0,90,1,11.02,0,0,0,0,0,0,0
1780641902.285,0,0,0,0,0,125.18,58.37,0.0,0.0,0.0,0.0,0.0,0,90,1,11.44,0,0,0,0,0,0,0
1780641902.31,0,0,0,0,0,125.83,59.06,0.0,0.0,0.0,0.0,0.0,0,90,1,11.94,0,0,0,0,0,0,0
1780641902.328,0,0,0,0,0,126.33,59.56,0.0,0.0,0.0,0.0,0.0,0,90,1,12.41,0,0,0,0,0,0,0
1780641902.35,0,0,0,0,0,126.66,59.86,0.0,0.0,0.0,0.0,0.0,0,90,1,12.71,0,0,0,0,0,0,0
1780641902.37,0,0,0,0,0,126.83,60.02,0.0,0.0,0.0,0.0,0.0,0,90,1,12.69,0,0,0,0,0,0,0
1780641902.393,0,0,0,0,0,126.88,60.09,0.0,0.0,0.0,0.0,0.0,0,90,1,12.28,0,0,0,0,0,0,0
1780641902.412,0,0,0,0,0,126.81,60.11,0.0,0.0,0.0,0.0,0.0,0,90,1,11.69,0,0,0,0,0,0,0
1780641902.437,0,0,0,0,0,126.68,60.08,0.0,0.0,0.0,0.0,0.0,0,90,1,11.16,0,0,0,0,0,0,0
1780641902.458,0,0,0,0,0,126.55,59.99,0.0,0.0,0.0,0.0,0.0,0,90,1,10.73,0,0,0,0,0,0,0
1780641902.479,0,0,0,0,0,126.44,59.84,0.0,0.0,0.0,0.0,0.0,0,90,1,10.31,0,0,0,0,0,0,0
1780641902.499,0,0,0,0,0,126.4,59.69,0.0,0.0,0.0,0.0,0.0,0,90,1,9.85,0,0,0,0,0,0,0
1780641902.522,0,0,0,0,0,126.41,59.62,0.0,0.0,0.0,0.0,0.0,0,90,1,9.32,0,0,0,0,0,0,0
1780641902.542,0,0,0,0,0,126.42,59.67,0.0,0.0,0.0,0.0,0.0,0,90,1,8.73,0,0,0,0,0,0,0
1780641902.565,0,0,0,0,0,126.44,59.78,0.0,0.0,0.0,0.0,0.0,0,90,1,8.08,0,0,0,0,0,0,0
1780641902.588,0,0,0,0,0,126.51,59.89,0.0,0.0,0.0,0.0,0.0,0,90,1,7.42,0,0,0,0,0,0,0
1780641902.612,0,0,0,0,0,126.62,60.0,0.0,0.0,0.0,0.0,0.0,0,90,1,6.79,0,0,0,0,0,0,0
1780641902.63,0,0,0,0,0,126.7,60.1,0.0,0.0,0.0,0.0,0.0,0,90,1,6.21,0,0,0,0,0,0,0
1780641902.654,0,0,0,0,0,126.75,60.22,0.0,0.0,0.0,0.0,0.0,0,90,1,5.66,0,0,0,0,0,0,0
1780641902.674,0,0,0,0,0,126.81,60.38,0.0,0.0,0.0,0.0,0.0,0,90,1,5.48,0,0,0,0,0,0,0
1780641902.698,0,0,0,0,0,126.95,60.53,0.0,0.0,0.0,0.0,0.0,0,90,1,5.5,0,0,0,0,0,0,0
1780641902.717,0,0,0,0,0,127.13,60.63,0.0,0.0,0.0,0.0,0.0,0,90,1,5.48,0,0,0,0,0,0,0
1780641902.738,0,0,0,0,0,127.28,60.69,0.0,0.0,0.0,0.0,0.0,0,90,1,5.42,0,0,0,0,0,0,0
1780641902.758,0,0,0,0,0,127.4,60.72,0.0,0.0,0.0,0.0,0.0,0,90,1,5.32,0,0,0,0,0,0,0
1780641902.782,0,0,0,0,0,127.49,60.74,0.0,0.0,0.0,0.0,0.0,0,90,1,5.21,0,0,0,0,0,0,0
1780641902.8,0,0,0,0,0,127.55,60.75,0.0,0.0,0.0,0.0,0.0,0,90,1,5.08,0,0,0,0,0,0,0
1780641902.825,0,0,0,0,0,127.62,60.75,0.0,0.0,0.0,0.0,0.0,0,90,1,4.96,0,0,0,0,0,0,0
1780641902.844,0,0,0,0,0,127.7,60.81,0.0,0.0,0.0,0.0,0.0,0,90,1,4.82,0,0,0,0,0,0,0
1780641902.867,0,0,0,0,0,127.76,61.02,0.0,0.0,0.0,0.0,0.0,0,90,1,4.68,0,0,0,0,0,0,0
1780641902.887,0,0,0,0,0,127.79,61.31,0.0,0.0,0.0,0.0,0.0,0,90,1,4.54,0,0,0,0,0,0,0
1780641902.909,0,0,0,0,0,127.82,61.57,0.0,0.0,0.0,0.0,0.0,0,90,1,4.42,0,0,0,0,0,0,0
1780641902.932,0,0,0,0,0,127.82,61.68,0.0,0.0,0.0,0.0,0.0,0,90,1,4.31,0,0,0,0,0,0,0
1780641902.956,0,0,0,0,0,127.81,61.65,0.0,0.0,0.0,0.0,0.0,0,90,1,4.22,0,0,0,0,0,0,0
1780641902.975,0,0,0,0,0,127.78,61.6,0.0,0.0,0.0,0.0,0.0,0,90,1,4.12,0,0,0,0,0,0,0
1780641902.999,0,0,0,0,0,127.42,61.37,0.0,0.0,0.0,0.0,0.0,0,90,0,3.96,0,0,0,0,0,0,0
1780641903.019,0,0,0,0,0,126.42,60.61,0.0,0.0,0.0,0.0,0.0,0,90,0,3.72,0,0,0,0,0,0,0
1780641903.043,0,0,0,0,0,125.0,59.49,0.0,0.0,0.0,0.0,0.0,0,90,0,3.41,0,0,0,0,0,0,0
1780641903.067,0,0,0,0,0,123.63,58.38,0.0,0.0,0.0,0.0,0.0,0,90,0,3.13,0,0,0,0,0,0,0
1780641903.089,0,0,0,0,0,122.5,57.43,0.0,0.0,0.0,0.0,0.0,0,90,0,2.93,0,0,0,0,0,0,0
1780641903.107,0,0,0,0,0,121.66,56.7,0.0,0.0,0.0,0.0,0.0,0,90,0,2.81,0,0,0,0,0,0,0
1780641903.131,0,0,0,0,0,121.06,56.2,0.0,0.0,0.0,0.0,0.0,0,90,0,3.0,0,0,0,0,0,0,0
1780641903.151,0,0,0,0,0,120.69,55.88,0.0,0.0,0.0,0.0,0.0,0,90,0,3.44,0,0,0,0,0,0,0
1780641903.173,0,0,0,0,0,120.55,55.76,0.0,0.0,0.0,0.0,0.0,0,90,0,3.91,0,0,0,0,0,0,0
1780641903.193,0,0,0,0,0,120.59,55.93,0.0,0.0,0.0,0.0,0.0,0,90,1,4.37,0,0,0,0,0,0,0
1780641903.217,0,0,0,0,0,120.78,56.29,0.0,0.0,0.0,0.0,0.0,0,90,1,4.79,0,0,0,0,0,0,0
1780641903.237,0,0,0,0,0,121.07,56.69,0.0,0.0,0.0,0.0,0.0,0,90,1,5.15,0,0,0,0,0,0,0
1780641903.26,0,0,0,0,0,121.41,57.26,0.0,0.0,0.0,0.0,0.0,0,90,1,5.44,0,0,0,0,0,0,0
1780641903.279,0,0,0,0,0,121.72,57.94,0.0,0.0,0.0,0.0,0.0,0,90,1,5.68,0,0,0,0,0,0,0
1780641903.302,0,0,0,0,0,121.93,58.44,0.0,0.0,0.0,0.0,0.0,0,90,1,5.89,0,0,0,0,0,0,0
1780641903.321,0,0,0,0,0,121.97,58.72,0.0,0.0,0.0,0.0,0.0,0,90,1,6.09,0,0,0,0,0,0,0
1780641903.344,0,0,0,0,0,121.8,58.86,0.0,0.0,0.0,0.0,0.0,0,90,1,6.33,0,0,0,0,0,0,0
1780641903.364,0,0,0,0,0,121.56,58.96,0.0,0.0,0.0,0.0,0.0,0,90,1,6.62,0,0,0,0,0,0,0
1780641903.388,0,0,0,0,0,121.28,59.06,0.0,0.0,0.0,0.0,0.0,0,90,1,6.93,0,0,0,0,0,0,0
1780641903.406,0,0,0,0,0,120.76,59.18,0.0,0.0,0.0,0.0,0.0,0,90,1,7.3,0,0,0,0,0,0,0
1780641903.43,0,0,0,0,0,120.0,59.31,0.0,0.0,0.0,0.0,0.0,0,90,1,7.75,0,0,0,0,0,0,0
1780641903.45,0,0,0,0,0,119.23,59.46,0.0,0.0,0.0,0.0,0.0,0,90,1,8.32,0,0,0,0,0,0,0
1780641903.473,0,0,0,0,0,118.58,59.63,0.0,0.0,0.0,0.0,0.0,0,90,1,8.99,0,0,0,0,0,0,0
1780641903.491,0,0,0,0,0,118.14,59.84,0.0,0.0,0.0,0.0,0.0,0,90,1,9.72,0,0,0,0,0,0,0
1780641903.516,0,0,0,0,0,117.91,60.04,0.0,0.0,0.0,0.0,0.0,0,90,1,10.46,0,0,0,0,0,0,0
1780641903.535,0,0,0,0,0,117.81,60.15,0.0,0.0,0.0,0.0,0.0,0,90,1,11.17,0,0,0,0,0,0,0
1780641903.557,0,0,0,0,0,117.75,60.21,0.0,0.0,0.0,0.0,0.0,0,90,1,11.85,0,0,0,0,0,0,0
1780641903.577,0,0,0,0,0,117.72,60.28,0.0,0.0,0.0,0.0,0.0,0,90,1,12.48,0,0,0,0,0,0,0
1780641903.601,0,0,0,0,0,117.71,60.33,0.0,0.0,0.0,0.0,0.0,0,90,1,13.05,0,0,0,0,0,0,0
1780641903.62,0,0,0,0,0,117.69,60.45,0.0,0.0,0.0,0.0,0.0,0,90,1,13.57,0,0,0,0,0,0,0
1780641903.644,0,0,0,0,0,117.67,60.82,0.0,0.0,0.0,0.0,0.0,0,90,1,14.02,0,0,0,0,0,0,0
1780641903.662,0,0,0,0,0,117.68,61.31,0.0,0.0,0.0,0.0,0.0,0,90,1,14.4,0,0,0,0,0,0,0
1780641903.686,0,0,0,0,0,117.71,61.77,0.0,0.0,0.0,0.0,0.0,0,90,1,14.7,0,0,0,0,0,0,0
1780641903.706,0,0,0,0,0,117.73,62.21,0.0,0.0,0.0,0.0,0.0,0,90,1,14.92,0,0,0,0,0,0,0
1780641903.729,0,0,0,0,0,117.74,62.55,0.0,0.0,0.0,0.0,0.0,0,90,1,15.06,0,0,0,0,0,0,0
1780641903.748,0,0,0,0,0,117.92,62.8,0.0,0.0,0.0,0.0,0.0,0,90,1,15.1,0,0,0,0,0,0,0
1780641903.771,0,0,0,0,0,118.48,63.25,0.0,0.0,0.0,0.0,0.0,0,90,1,14.96,0,0,0,0,0,0,0
1780641903.79,0,0,0,0,0,119.34,63.91,0.0,0.0,0.0,0.0,0.0,0,90,1,14.61,0,0,0,0,0,0,0
1780641903.816,0,0,0,0,0,120.24,64.63,0.0,0.0,0.0,0.0,0.0,0,90,1,14.11,0,0,0,0,0,0,0
1780641903.834,0,0,0,0,0,121.06,65.3,0.0,0.0,0.0,0.0,0.0,0,90,1,13.5,0,0,0,0,0,0,0
1780641903.857,0,0,0,0,0,121.68,65.86,0.0,0.0,0.0,0.0,0.0,0,90,1,12.84,0,0,0,0,0,0,0
1780641903.876,0,0,0,0,0,122.04,66.24,0.0,0.0,0.0,0.0,0.0,0,90,1,12.14,0,0,0,0,0,0,0
1780641903.9,0,0,0,0,0,122.14,66.42,0.0,0.0,0.0,0.0,0.0,0,90,1,11.4,0,0,0,0,0,0,0
1780641903.919,0,0,0,0,0,122.05,66.43,0.0,0.0,0.0,0.0,0.0,0,90,1,10.61,0,0,0,0,0,0,0
1780641903.942,0,0,0,0,0,121.94,66.35,0.0,0.0,0.0,0.0,0.0,0,90,1,9.78,0,0,0,0,0,0,0
1780641903.961,0,0,0,0,0,121.97,66.25,0.0,0.0,0.0,0.0,0.0,0,90,1,9.21,0,0,0,0,0,0,0
1780641903.985,0,0,0,0,0,122.13,66.18,0.0,0.0,0.0,0.0,0.0,0,90,1,9.8,0,0,0,0,0,0,0
1780641904.005,0,0,0,0,0,122.39,66.2,0.0,0.0,0.0,0.0,0.0,0,90,1,10.37,0,0,0,0,0,0,0
1780641904.027,0,0,0,0,0,122.65,66.32,0.0,0.0,0.0,0.0,0.0,0,90,1,10.96,0,0,0,0,0,0,0
1780641904.05,0,0,0,0,0,122.82,66.44,0.0,0.0,0.0,0.0,0.0,0,90,1,11.55,0,0,0,0,0,0,0
1780641904.073,0,0,0,0,0,122.85,66.5,0.0,0.0,0.0,0.0,0.0,0,90,1,12.14,0,0,0,0,0,0,0
1780641904.098,0,0,0,0,0,122.77,66.51,0.0,0.0,0.0,0.0,0.0,0,90,1,12.71,0,0,0,0,0,0,0
1780641904.118,0,0,0,0,0,122.66,66.51,0.0,0.0,0.0,0.0,0.0,0,90,1,13.19,0,0,0,0,0,0,0
1780641904.14,0,0,0,0,0,122.59,66.5,0.0,0.0,0.0,0.0,0.0,0,90,1,13.51,0,0,0,0,0,0,0
1780641904.16,0,0,0,0,0,122.44,66.44,0.0,0.0,0.0,0.0,0.0,0,90,1,13.63,0,0,0,0,0,0,0
1780641904.184,0,0,0,0,0,122.2,66.39,0.0,0.0,0.0,0.0,0.0,0,90,1,13.53,0,0,0,0,0,0,0
1780641904.202,0,0,0,0,0,122.15,66.35,0.0,0.0,0.0,0.0,0.0,0,90,1,13.23,0,0,0,0,0,0,0
1780641904.225,0,0,0,0,0,122.53,65.98,0.0,0.0,0.0,0.0,0.0,0,90,1,12.72,0,0,0,0,0,0,0
1780641904.249,0,0,0,0,0,123.37,65.01,0.0,0.0,0.0,0.0,0.0,0,90,1,11.97,0,0,0,0,0,0,0
1780641904.272,0,0,0,0,0,124.63,63.88,0.0,0.0,0.0,0.0,0.0,0,90,1,11.13,0,0,0,0,0,0,0
1780641904.291,0,0,0,0,0,125.99,63.09,0.0,0.0,0.0,0.0,0.0,0,90,1,10.3,0,0,0,0,0,0,0
1780641904.316,0,0,0,0,0,127.0,62.66,0.0,0.0,0.0,0.0,0.0,0,90,1,9.55,0,0,0,0,0,0,0
1780641904.336,0,0,0,0,0,127.48,62.47,0.0,0.0,0.0,0.0,0.0,0,90,1,8.9,0,0,0,0,0,0,0
1780641904.358,0,0,0,0,0,127.59,62.44,0.0,0.0,0.0,0.0,0.0,0,90,1,8.39,0,0,0,0,0,0,0
1780641904.378,0,0,0,0,0,127.61,62.56,0.0,0.0,0.0,0.0,0.0,0,90,1,7.95,0,0,0,0,0,0,0
1780641904.401,0,0,0,0,0,127.61,62.73,0.0,0.0,0.0,0.0,0.0,0,90,1,8.73,0,0,0,0,0,0,0
1780641904.423,0,0,0,0,0,127.56,62.9,0.0,0.0,0.0,0.0,0.0,0,90,1,9.48,0,0,0,0,0,0,0
1780641904.449,0,0,0,0,0,127.48,63.02,0.0,0.0,0.0,0.0,0.0,0,90,1,10.2,0,0,0,0,0,0,0
1780641904.468,0,0,0,0,0,127.41,63.12,0.0,0.0,0.0,0.0,0.0,0,90,1,10.86,0,0,0,0,0,0,0
1780641904.49,0,0,0,0,0,127.4,63.22,0.0,0.0,0.0,0.0,0.0,0,90,1,11.48,0,0,0,0,0,0,0
1780641904.509,0,0,0,0,0,127.4,63.32,0.0,0.0,0.0,0.0,0.0,0,90,1,12.01,0,0,0,0,0,0,0
1780641904.534,0,0,0,0,0,127.4,63.39,0.0,0.0,0.0,0.0,0.0,0,90,1,12.42,0,0,0,0,0,0,0
1780641904.553,0,0,0,0,0,127.39,63.46,0.0,0.0,0.0,0.0,0.0,0,90,1,12.69,0,0,0,0,0,0,0
1780641904.577,0,0,0,0,0,127.38,63.54,0.0,0.0,0.0,0.0,0.0,0,90,1,12.82,0,0,0,0,0,0,0
1780641904.595,0,0,0,0,0,127.39,63.61,0.0,0.0,0.0,0.0,0.0,0,90,1,12.84,0,0,0,0,0,0,0
1780641904.619,0,0,0,0,0,127.38,63.68,0.0,0.0,0.0,0.0,0.0,0,90,1,12.77,0,0,0,0,0,0,0
1780641904.638,0,0,0,0,0,127.37,63.75,0.0,0.0,0.0,0.0,0.0,0,90,1,12.61,0,0,0,0,0,0,0
1780641904.662,0,0,0,0,0,127.36,63.81,0.0,0.0,0.0,0.0,0.0,0,90,1,12.37,0,0,0,0,0,0,0
1780641904.682,0,0,0,0,0,127.35,63.87,0.0,0.0,0.0,0.0,0.0,0,90,1,12.05,0,0,0,0,0,0,0
1780641904.704,0,0,0,0,0,127.34,63.9,0.0,0.0,0.0,0.0,0.0,0,90,1,11.65,0,0,0,0,0,0,0
1780641904.723,0,0,0,0,0,127.33,63.9,0.0,0.0,0.0,0.0,0.0,0,90,1,11.17,0,0,0,0,0,0,0
1780641904.746,0,0,0,0,0,127.32,63.87,0.0,0.0,0.0,0.0,0.0,0,90,1,10.61,0,0,0,0,0,0,0
1780641904.771,0,0,0,0,0,127.12,63.76,0.0,0.0,0.0,0.0,0.0,0,90,1,9.97,0,0,0,0,0,0,0
1780641904.794,0,0,0,0,0,126.51,63.46,0.0,0.0,0.0,0.0,0.0,0,90,1,9.2,0,0,0,0,0,0,0
1780641904.813,0,0,0,0,0,125.69,63.06,0.0,0.0,0.0,0.0,0.0,0,90,1,8.32,0,0,0,0,0,0,0
1780641904.837,0,0,0,0,0,124.97,62.72,0.0,0.0,0.0,0.0,0.0,0,90,1,7.42,0,0,0,0,0,0,0
1780641904.856,0,0,0,0,0,124.44,62.47,0.0,0.0,0.0,0.0,0.0,0,90,1,6.64,0,0,0,0,0,0,0
1780641904.879,0,0,0,0,0,124.08,62.27,0.0,0.0,0.0,0.0,0.0,0,90,1,6.04,0,0,0,0,0,0,0
1780641904.899,0,0,0,0,0,123.86,62.08,0.0,0.0,0.0,0.0,0.0,0,90,1,5.62,0,0,0,0,0,0,0
1780641904.921,0,0,0,0,0,123.72,61.9,0.0,0.0,0.0,0.0,0.0,0,90,1,5.34,0,0,0,0,0,0,0
1780641904.945,0,0,0,0,0,123.6,61.73,0.0,0.0,0.0,0.0,0.0,0,90,1,5.15,0,0,0,0,0,0,0
1780641904.969,0,0,0,0,0,123.43,61.55,0.0,0.0,0.0,0.0,0.0,0,90,1,5.02,0,0,0,0,0,0,0
1780641904.991,0,0,0,0,0,123.24,61.4,0.0,0.0,0.0,0.0,0.0,0,90,1,4.92,0,0,0,0,0,0,0
1780641905.011,0,0,0,0,0,123.09,61.36,0.0,0.0,0.0,0.0,0.0,0,90,1,4.81,0,0,0,0,0,0,0
1780641905.035,0,0,0,0,0,123.04,61.46,0.0,0.0,0.0,0.0,0.0,0,90,1,4.69,0,0,0,0,0,0,0
1780641905.055,0,0,0,0,0,123.1,61.7,0.0,0.0,0.0,0.0,0.0,0,90,1,4.57,0,0,0,0,0,0,0
1780641905.078,0,0,0,0,0,123.22,62.02,0.0,0.0,0.0,0.0,0.0,0,90,1,4.46,0,0,0,0,0,0,0
1780641905.098,0,0,0,0,0,123.38,62.37,0.0,0.0,0.0,0.0,0.0,0,90,1,4.37,0,0,0,0,0,0,0
1780641905.122,0,0,0,0,0,123.55,62.67,0.0,0.0,0.0,0.0,0.0,0,90,1,4.29,0,0,0,0,0,0,0
1780641905.143,0,0,0,0,0,123.66,62.9,0.0,0.0,0.0,0.0,0.0,0,90,1,4.22,0,0,0,0,0,0,0
1780641905.168,0,0,0,0,0,123.7,63.04,0.0,0.0,0.0,0.0,0.0,0,90,1,4.16,0,0,0,0,0,0,0
1780641905.187,0,0,0,0,0,123.66,63.1,0.0,0.0,0.0,0.0,0.0,0,90,1,4.08,0,0,0,0,0,0,0
1780641905.21,0,0,0,0,0,123.58,63.1,0.0,0.0,0.0,0.0,0.0,0,90,1,4.0,0,0,0,0,0,0,0
1780641905.23,0,0,0,0,0,123.48,63.07,0.0,0.0,0.0,0.0,0.0,0,90,0,3.92,0,0,0,0,0,0,0
1780641905.252,0,0,0,0,0,123.35,63.0,0.0,0.0,0.0,0.0,0.0,0,90,0,3.83,0,0,0,0,0,0,0
1780641905.272,0,0,0,0,0,123.16,62.92,0.0,0.0,0.0,0.0,0.0,0,90,0,3.73,0,0,0,0,0,0,0
1780641905.295,0,0,0,0,0,122.91,62.84,0.0,0.0,0.0,0.0,0.0,0,90,0,3.64,0,0,0,0,0,0,0
1780641905.316,0,0,0,0,0,122.6,62.69,0.0,0.0,0.0,0.0,0.0,0,90,0,3.63,0,0,0,0,0,0,0
1780641905.339,0,0,0,0,0,122.25,62.48,0.0,0.0,0.0,0.0,0.0,0,90,0,3.75,0,0,0,0,0,0,0
1780641905.357,0,0,0,0,0,121.87,62.26,0.0,0.0,0.0,0.0,0.0,0,90,0,3.98,0,0,0,0,0,0,0
1780641905.382,0,0,0,0,0,121.49,62.08,0.0,0.0,0.0,0.0,0.0,0,90,1,4.26,0,0,0,0,0,0,0
1780641905.401,0,0,0,0,0,121.13,61.98,0.0,0.0,0.0,0.0,0.0,0,90,1,4.51,0,0,0,0,0,0,0
1780641905.424,0,0,0,0,0,120.82,61.94,0.0,0.0,0.0,0.0,0.0,0,90,1,4.75,0,0,0,0,0,0,0
1780641905.443,0,0,0,0,0,120.58,61.94,0.0,0.0,0.0,0.0,0.0,0,90,1,4.98,0,0,0,0,0,0,0
1780641905.468,0,0,0,0,0,120.45,61.95,0.0,0.0,0.0,0.0,0.0,0,90,1,5.19,0,0,0,0,0,0,0
1780641905.491,0,0,0,0,0,120.41,62.0,0.0,0.0,0.0,0.0,0.0,0,90,1,5.37,0,0,0,0,0,0,0
1780641905.513,0,0,0,0,0,120.41,62.12,0.0,0.0,0.0,0.0,0.0,0,90,1,5.51,0,0,0,0,0,0,0
1780641905.533,0,0,0,0,0,120.43,62.28,0.0,0.0,0.0,0.0,0.0,0,90,1,5.62,0,0,0,0,0,0,0
1780641905.556,0,0,0,0,0,120.44,62.39,0.0,0.0,0.0,0.0,0.0,0,90,1,5.69,0,0,0,0,0,0,0
1780641905.576,0,0,0,0,0,120.43,62.4,0.0,0.0,0.0,0.0,0.0,0,90,1,5.73,0,0,0,0,0,0,0
1780641905.6,0,0,0,0,0,120.43,62.32,0.0,0.0,0.0,0.0,0.0,0,90,1,5.73,0,0,0,0,0,0,0
1780641905.619,0,0,0,0,0,120.4,62.18,0.0,0.0,0.0,0.0,0.0,0,90,1,5.7,0,0,0,0,0,0,0
1780641905.642,0,0,0,0,0,120.2,61.92,0.0,0.0,0.0,0.0,0.0,0,90,1,5.65,0,0,0,0,0,0,0
1780641905.662,0,0,0,0,0,119.73,61.73,0.0,0.0,0.0,0.0,0.0,0,90,1,5.63,0,0,0,0,0,0,0
1780641905.686,0,0,0,0,0,119.15,61.69,0.0,0.0,0.0,0.0,0.0,0,90,1,5.65,0,0,0,0,0,0,0
1780641905.706,0,0,0,0,0,118.59,61.7,0.0,0.0,0.0,0.0,0.0,0,90,1,5.71,0,0,0,0,0,0,0
1780641905.728,0,0,0,0,0,118.1,61.7,0.0,0.0,0.0,0.0,0.0,0,90,1,5.8,0,0,0,0,0,0,0
1780641905.747,0,0,0,0,0,117.85,61.76,0.0,0.0,0.0,0.0,0.0,0,90,1,5.87,0,0,0,0,0,0,0
1780641905.771,0,0,0,0,0,117.9,61.89,0.0,0.0,0.0,0.0,0.0,0,90,1,5.86,0,0,0,0,0,0,0
1780641905.791,0,0,0,0,0,118.03,61.98,0.0,0.0,0.0,0.0,0.0,0,90,1,5.75,0,0,0,0,0,0,0
1780641905.814,0,0,0,0,0,117.95,61.95,0.0,0.0,0.0,0.0,0.0,0,90,1,5.6,0,0,0,0,0,0,0
1780641905.833,0,0,0,0,0,117.61,61.73,0.0,0.0,0.0,0.0,0.0,0,90,1,5.43,0,0,0,0,0,0,0
1780641905.856,0,0,0,0,0,117.04,61.37,0.0,0.0,0.0,0.0,0.0,0,90,1,5.33,0,0,0,0,0,0,0
1780641905.876,0,0,0,0,0,116.19,60.98,0.0,0.0,0.0,0.0,0.0,0,90,1,5.45,0,0,0,0,0,0,0
1780641905.901,0,0,0,0,0,115.18,60.67,0.0,0.0,0.0,0.0,0.0,0,90,1,5.86,0,0,0,0,0,0,0
1780641905.919,0,0,0,0,0,114.12,60.48,0.0,0.0,0.0,0.0,0.0,0,90,1,6.58,0,0,0,0,0,0,0
1780641905.941,0,0,0,0,0,113.05,60.32,0.0,0.0,0.0,0.0,0.0,0,90,1,7.61,0,0,0,0,0,0,0
1780641905.961,0,0,0,0,0,112.06,60.18,0.0,0.0,0.0,0.0,0.0,0,90,1,8.9,0,0,0,0,0,0,0
1780641905.984,0,0,0,0,0,111.33,60.12,0.0,0.0,0.0,0.0,0.0,0,90,1,10.35,0,0,0,0,0,0,0
1780641906.005,0,0,0,0,0,110.99,60.09,0.0,0.0,0.0,0.0,0.0,0,90,1,11.83,0,0,0,0,0,0,0
1780641906.027,0,0,0,0,0,111.01,60.04,0.0,0.0,0.0,0.0,0.0,0,90,1,13.19,0,0,0,0,0,0,0
1780641906.047,0,0,0,0,0,111.29,59.95,0.0,0.0,0.0,0.0,0.0,0,90,1,14.35,0,0,0,0,0,0,0
1780641906.07,0,0,0,0,0,111.71,59.76,0.0,0.0,0.0,0.0,0.0,0,90,1,15.29,0,0,0,0,0,0,0
1780641906.089,0,0,0,0,0,112.18,59.55,0.0,0.0,0.0,0.0,0.0,0,90,1,16.02,0,0,0,0,0,0,0
1780641906.112,0,0,0,0,0,112.54,59.36,0.0,0.0,0.0,0.0,0.0,0,90,1,16.56,0,0,0,0,0,0,0
1780641906.133,0,0,0,0,0,112.67,59.15,0.0,0.0,0.0,0.0,0.0,0,90,1,16.97,0,0,0,0,0,0,0
1780641906.155,0,0,0,0,0,112.56,58.88,0.0,0.0,0.0,0.0,0.0,0,90,1,17.3,0,0,0,0,0,0,0
1780641906.175,0,0,0,0,0,112.37,58.6,0.0,0.0,0.0,0.0,0.0,0,90,1,17.55,0,0,0,0,0,0,0
1780641906.198,0,0,0,0,0,112.29,58.37,0.0,0.0,0.0,0.0,0.0,0,90,1,17.69,0,0,0,0,0,0,0
1780641906.221,0,0,0,0,0,112.5,58.26,0.0,0.0,0.0,0.0,0.0,0,90,1,17.65,0,0,0,0,0,0,0
1780641906.244,0,0,0,0,0,113.02,58.28,0.0,0.0,0.0,0.0,0.0,0,90,1,17.4,0,0,0,0,0,0,0
1780641906.264,0,0,0,0,0,113.61,58.37,0.0,0.0,0.0,0.0,0.0,0,90,1,16.97,0,0,0,0,0,0,0
1780641906.288,0,0,0,0,0,114.04,58.48,0.0,0.0,0.0,0.0,0.0,0,90,1,16.42,0,0,0,0,0,0,0
1780641906.307,0,0,0,0,0,114.2,58.65,0.0,0.0,0.0,0.0,0.0,0,90,1,15.81,0,0,0,0,0,0,0
1780641906.329,0,0,0,0,0,114.17,58.86,0.0,0.0,0.0,0.0,0.0,0,90,1,15.16,0,0,0,0,0,0,0
1780641906.355,0,0,0,0,0,114.0,58.97,0.0,0.0,0.0,0.0,0.0,0,90,1,14.51,0,0,0,0,0,0,0
1780641906.377,0,0,0,0,0,113.77,58.84,0.0,0.0,0.0,0.0,0.0,0,90,1,13.89,0,0,0,0,0,0,0
1780641906.4,0,0,0,0,0,113.64,58.49,0.0,0.0,0.0,0.0,0.0,0,90,1,13.29,0,0,0,0,0,0,0
1780641906.421,0,0,0,0,0,113.35,58.11,0.0,0.0,0.0,0.0,0.0,0,90,1,12.75,0,0,0,0,0,0,0
1780641906.444,0,0,0,0,0,112.47,57.92,0.0,0.0,0.0,0.0,0.0,0,90,1,12.34,0,0,0,0,0,0,0
1780641906.462,0,0,0,0,0,111.04,57.96,0.0,0.0,0.0,0.0,0.0,0,90,1,12.19,0,0,0,0,0,0,0
1780641906.486,0,0,0,0,0,109.35,58.14,0.0,0.0,0.0,0.0,0.0,0,90,1,12.39,0,0,0,0,0,0,0
1780641906.507,0,0,0,0,0,107.53,58.25,0.0,0.0,0.0,0.0,0.0,0,90,1,13.05,0,0,0,0,0,0,0
1780641906.528,0,0,0,0,0,105.67,58.2,0.0,0.0,0.0,0.0,0.0,0,90,1,14.25,0,0,0,0,0,0,0
1780641906.547,0,0,0,0,0,103.82,58.01,0.0,0.0,0.0,0.0,0.0,0,90,1,16.04,0,0,0,0,0,0,0
1780641906.572,0,0,0,0,0,101.99,57.74,0.0,0.0,0.0,0.0,0.0,0,90,1,18.46,0,0,0,0,0,0,0
1780641906.592,0,0,0,0,0,100.18,57.44,0.0,0.0,0.0,0.0,0.0,0,90,1,21.52,0,0,0,0,0,0,0
1780641906.614,0,0,0,0,0,98.38,57.2,0.0,0.0,0.0,0.0,0.0,0,90,1,25.28,0,0,0,0,0,0,0
1780641906.638,0,0,0,0,0,96.59,57.12,0.0,0.0,0.0,0.0,0.0,0,90,1,29.76,0,0,0,0,0,0,0
1780641906.66,0,0,0,0,0,94.76,57.12,0.0,0.0,0.0,0.0,0.0,0,90,1,35.01,0,0,0,0,0,0,0
1780641906.68,0,0,0,0,0,92.78,57.05,0.0,0.0,0.0,0.0,0.0,0,90,1,41.17,0,0,0,0,0,0,0
1780641906.703,0,0,0,0,0,90.46,56.97,0.0,0.0,0.0,0.0,0.0,0,90,1,48.56,0,0,0,0,0,0,0
1780641906.722,0,0,0,0,0,87.6,56.71,0.0,0.0,0.0,0.0,0.0,0,90,1,57.78,0,0,0,0,0,0,0
1780641906.747,0,0,0,0,0,84.2,56.18,0.0,0.0,0.0,0.0,0.0,0,90,1,69.61,0,0,0,0,0,0,0
1780641906.765,0,0,0,0,0,80.55,55.83,0.0,0.0,0.0,0.0,0.0,0,90,1,84.59,0,0,0,0,0,0,0
1780641906.789,0,0,0,0,0,77.21,56.02,0.0,0.0,0.0,0.0,0.0,0,90,1,102.55,0,0,0,0,0,0,0
1780641906.808,0,0,0,0,0,74.85,56.47,0.0,0.0,0.0,0.0,0.0,0,90,1,122.33,0,0,0,0,0,0,0
1780641906.832,0,0,0,0,0,73.92,56.85,0.0,0.0,0.0,0.0,0.0,0,90,1,141.92,0,0,0,0,0,0,0
1780641906.856,0,0,0,0,0,74.3,57.02,0.0,0.0,0.0,0.0,0.0,0,90,1,159.46,0,0,0,0,0,0,0
1780641906.878,0,0,0,0,0,75.32,57.0,0.0,0.0,0.0,0.0,0.0,0,90,1,174.18,0,0,0,0,0,0,0
1780641906.897,0,0,0,0,0,76.17,56.94,0.0,0.0,0.0,0.0,0.0,0,90,1,186.53,0,0,0,0,0,0,0
1780641906.919,0,0,0,0,0,76.3,56.89,0.0,0.0,0.0,0.0,0.0,0,90,1,197.53,0,0,0,0,0,0,0
1780641906.94,0,0,0,0,0,75.57,56.88,0.0,0.0,0.0,0.0,0.0,0,90,1,208.3,0,0,0,0,0,0,0
1780641906.963,0,0,0,0,0,74.15,56.89,0.0,0.0,0.0,0.0,0.0,0,90,1,219.71,0,0,0,0,0,0,0
1780641906.981,0,0,0,0,0,72.42,56.99,0.0,0.0,0.0,0.0,0.0,0,90,1,232.2,0,0,0,0,0,0,0
1780641907.006,0,0,0,0,0,70.75,57.21,0.0,0.0,0.0,0.0,0.0,0,90,1,245.75,0,0,0,0,0,0,0
1780641907.028,0,0,0,0,0,69.32,57.29,0.0,0.0,0.0,0.0,0.0,0,90,1,260.08,0,0,0,0,0,0,0
1780641907.051,0,0,0,0,0,68.1,57.09,0.0,0.0,0.0,0.0,0.0,0,90,1,274.89,0,0,0,0,0,0,0
1780641907.071,0,0,0,0,0,66.95,56.77,0.0,0.0,0.0,0.0,0.0,0,90,1,289.94,0,0,0,0,0,0,0
1780641907.094,0,0,0,0,0,65.77,56.5,0.0,0.0,0.0,0.0,0.0,0,90,1,305.02,0,0,0,0,0,0,0
1780641907.112,0,0,0,0,0,64.61,56.29,0.0,0.0,0.0,0.0,0.0,0,90,1,319.85,0,0,0,0,0,0,0
1780641907.137,0,0,0,0,0,63.61,56.13,0.0,0.0,0.0,0.0,0.0,0,90,1,334.0,0,0,0,0,0,0,0
1780641907.159,0,0,0,0,0,63.0,56.06,0.0,0.0,0.0,0.0,0.0,0,90,1,346.74,0,0,0,0,0,0,0
1780641907.182,0,0,0,0,0,62.91,56.0,0.0,0.0,0.0,0.0,0.0,0,90,1,357.34,0,0,0,0,0,0,0
1780641907.202,0,0,0,0,0,63.13,55.89,0.0,0.0,0.0,0.0,0.0,0,90,1,365.44,0,0,0,0,0,0,0
1780641907.225,0,0,0,0,0,63.62,55.8,0.0,0.0,0.0,0.0,0.0,0,90,1,370.94,0,0,0,0,0,0,0
1780641907.249,0,0,0,0,0,64.24,55.79,0.0,0.0,0.0,0.0,0.0,0,90,1,373.97,0,0,0,0,0,0,0
1780641907.273,0,0,0,0,0,64.59,56.77,0.0,0.0,0.0,0.0,0.0,0,90,1,375.0,0,0,0,0,0,0,0
1780641907.295,0,0,0,0,0,64.74,59.6,0.0,0.0,0.0,0.0,0.0,0,90,1,374.13,0,0,0,0,0,0,0
1780641907.315,0,0,0,0,0,66.3,62.85,0.0,0.0,0.0,0.0,0.0,0,90,1,369.92,0,0,0,0,0,0,0
1780641907.338,0,0,0,0,0,70.6,64.77,0.0,0.0,0.0,0.0,0.0,0,90,1,360.47,0,0,0,0,0,0,0
1780641907.357,0,0,0,0,0,75.98,65.31,0.0,0.0,0.0,0.0,0.0,0,90,1,346.38,0,0,0,0,0,0,0
1780641907.38,0,0,0,0,0,80.01,65.12,0.0,0.0,0.0,0.0,0.0,0,90,1,329.63,0,0,0,0,0,0,0
1780641907.401,0,0,0,0,0,81.86,64.74,0.0,0.0,0.0,0.0,0.0,0,90,1,311.55,0,0,0,0,0,0,0
1780641907.423,0,0,0,0,0,81.82,64.16,0.0,0.0,0.0,0.0,0.0,0,90,1,292.67,0,0,0,0,0,0,0
1780641907.442,0,0,0,0,0,80.66,63.44,0.0,0.0,0.0,0.0,0.0,0,90,1,273.23,0,0,0,0,0,0,0
1780641907.465,0,0,0,0,0,79.1,63.01,0.0,0.0,0.0,0.0,0.0,0,90,1,253.31,0,0,0,0,0,0,0
1780641907.489,0,0,0,0,0,77.47,62.41,0.0,0.0,0.0,0.0,0.0,0,90,1,232.78,0,0,0,0,0,0,0
1780641907.511,0,0,0,0,0,75.66,60.78,0.0,0.0,0.0,0.0,0.0,0,90,1,211.85,0,0,0,0,0,0,0
1780641907.531,0,0,0,0,0,73.5,58.61,0.0,0.0,0.0,0.0,0.0,0,90,1,191.39,0,0,0,0,0,0,0
1780641907.555,0,0,0,0,0,71.01,56.78,0.0,0.0,0.0,0.0,0.0,0,90,1,172.25,0,0,0,0,0,0,0
1780641907.574,0,0,0,0,0,68.29,55.61,0.0,0.0,0.0,0.0,0.0,0,90,1,154.9,0,0,0,0,0,0,0
1780641907.598,0,0,0,0,0,65.3,55.0,0.0,0.0,0.0,0.0,0.0,0,90,1,139.71,0,0,0,0,0,0,0
1780641907.616,0,0,0,0,0,61.87,54.14,0.0,0.0,0.0,0.0,0.0,0,90,1,127.08,0,0,0,0,0,0,0
1780641907.64,0,0,0,0,0,57.85,52.1,0.0,0.0,0.0,0.0,0.0,0,90,1,117.58,0,0,0,0,0,0,0
1780641907.66,0,0,0,0,0,53.35,49.24,0.0,0.0,0.0,0.0,0.0,0,90,1,111.85,0,0,0,0,0,0,0
1780641907.682,0,0,0,0,0,48.99,46.45,0.0,0.0,0.0,0.0,0.0,0,90,1,110.08,0,0,0,0,0,0,0
1780641907.702,0,0,0,0,0,45.46,43.99,0.0,0.0,0.0,0.0,0.0,0,90,1,111.7,0,0,0,0,0,0,0
1780641907.725,0,0,0,0,0,42.74,41.93,0.0,0.0,0.0,0.0,0.0,0,90,1,115.9,0,0,0,0,0,0,0
1780641907.744,0,0,0,0,0,40.29,40.53,0.0,0.0,0.0,0.0,0.0,0,90,1,122.45,0,0,0,0,0,0,0
1780641907.769,0,0,0,0,0,37.88,39.85,0.0,0.0,0.0,0.0,0.0,0,90,1,131.47,0,0,0,0,0,0,0
1780641907.791,0,0,0,0,0,35.95,39.59,0.0,0.0,0.0,0.0,0.0,0,90,1,142.67,0,0,0,0,0,0,0
1780641907.814,0,0,0,0,0,34.93,39.34,0.0,0.0,0.0,0.0,0.0,0,90,1,155.32,0,0,0,0,0,0,0
1780641907.833,0,0,0,0,0,34.69,39.04,0.0,0.0,0.0,0.0,0.0,0,90,1,168.78,0,0,0,0,0,0,0
1780641907.856,0,0,0,0,0,34.86,38.56,0.0,0.0,0.0,0.0,0.0,0,90,1,182.66,0,0,0,0,0,0,0
1780641907.881,0,0,0,0,0,35.26,37.26,0.0,0.0,0.0,0.0,0.0,0,90,1,196.39,0,0,0,0,0,0,0
1780641907.904,0,0,0,0,0,35.8,35.01,0.0,0.0,0.0,0.0,0.0,0,90,1,209.34,0,0,0,0,0,0,0
1780641907.922,0,0,0,0,0,36.27,32.37,0.0,0.0,0.0,0.0,0.0,0,90,1,221.01,0,0,0,0,0,0,0
1780641907.946,0,0,0,0,0,36.45,29.87,0.0,0.0,0.0,0.0,0.0,0,90,1,231.18,0,0,0,0,0,0,0
1780641907.965,0,0,0,0,0,36.25,27.8,0.0,0.0,0.0,0.0,0.0,0,90,1,239.82,0,0,0,0,0,0,0
1780641907.99,0,0,0,0,0,35.68,26.21,0.0,0.0,0.0,0.0,0.0,0,90,1,247.27,0,0,0,0,0,0,0
1780641908.008,0,0,0,0,0,34.82,25.03,0.0,0.0,0.0,0.0,0.0,0,90,1,254.15,0,0,0,0,0,0,0
1780641908.031,0,0,0,0,0,33.77,24.1,0.0,0.0,0.0,0.0,0.0,0,90,1,261.17,0,0,0,0,0,0,0
1780641908.05,0,0,0,0,0,32.68,23.27,0.0,0.0,0.0,0.0,0.0,0,90,1,268.84,0,0,0,0,0,0,0
1780641908.074,0,0,0,0,0,31.67,22.46,0.0,0.0,0.0,0.0,0.0,0,90,1,277.27,0,0,0,0,0,0,0
1780641908.093,0,0,0,0,0,30.83,21.65,0.0,0.0,0.0,0.0,0.0,0,90,1,286.24,0,0,0,0,0,0,0
1780641908.116,0,0,0,0,0,30.22,20.81,0.0,0.0,0.0,0.0,0.0,0,90,1,295.38,0,0,0,0,0,0,0
1780641908.136,0,0,0,0,0,29.84,19.91,0.0,0.0,0.0,0.0,0.0,0,90,1,304.37,0,0,0,0,0,0,0
1780641908.159,0,0,0,0,0,29.65,18.93,0.0,0.0,0.0,0.0,0.0,0,90,1,313.01,0,0,0,0,0,0,0
1780641908.179,0,0,0,0,0,29.59,17.96,0.0,0.0,0.0,0.0,0.0,0,90,1,321.22,0,0,0,0,0,0,0
1780641908.202,0,0,0,0,0,29.65,17.17,0.0,0.0,0.0,0.0,0.0,0,90,1,328.93,0,0,0,0,0,0,0
1780641908.225,0,0,0,0,0,29.76,16.68,0.0,0.0,0.0,0.0,0.0,0,90,1,336.07,0,0,0,0,0,0,0
1780641908.249,0,0,0,0,0,29.85,16.49,0.0,0.0,0.0,0.0,0.0,0,90,1,342.52,0,0,0,0,0,0,0
1780641908.267,0,0,0,0,0,29.98,16.52,0.0,0.0,0.0,0.0,0.0,0,90,1,348.02,0,0,0,0,0,0,0
1780641908.29,0,0,0,0,0,30.34,16.65,0.0,0.0,0.0,0.0,0.0,0,90,1,352.26,0,0,0,0,0,0,0
1780641908.315,0,0,0,0,0,30.85,16.8,0.0,0.0,0.0,0.0,0.0,0,90,1,354.99,0,0,0,0,0,0,0
1780641908.338,0,0,0,0,0,31.36,16.91,0.0,0.0,0.0,0.0,0.0,0,90,1,356.11,0,0,0,0,0,0,0
1780641908.357,0,0,0,0,0,31.76,16.92,0.0,0.0,0.0,0.0,0.0,0,90,1,355.87,0,0,0,0,0,0,0
1780641908.38,0,0,0,0,0,31.98,16.88,0.0,0.0,0.0,0.0,0.0,0,90,1,354.54,0,0,0,0,0,0,0
1780641908.404,0,0,0,0,0,31.98,16.87,0.0,0.0,0.0,0.0,0.0,0,90,1,351.16,0,0,0,0,0,0,0
1780641908.424,0,0,0,0,0,31.78,16.99,0.0,0.0,0.0,0.0,0.0,0,90,1,343.01,0,0,0,0,0,0,0
1780641908.446,0,0,0,0,0,31.42,17.17,0.0,0.0,0.0,0.0,0.0,0,90,1,327.69,0,0,0,0,0,0,0
1780641908.47,0,0,0,0,0,30.97,17.42,0.0,0.0,0.0,0.0,0.0,0,90,1,305.48,0,0,0,0,0,0,0
1780641908.494,0,0,0,0,0,30.49,17.99,0.0,0.0,0.0,0.0,0.0,0,90,1,278.75,0,0,0,0,0,0,0
1780641908.512,0,0,0,0,0,30.09,18.91,0.0,0.0,0.0,0.0,0.0,0,90,1,250.35,0,0,0,0,0,0,0
1780641908.536,0,0,0,0,0,29.84,20.0,0.0,0.0,0.0,0.0,0.0,0,90,1,234.08,0,0,0,0,0,0,0
1780641908.556,0,0,0,0,0,29.8,21.15,0.0,0.0,0.0,0.0,0.0,0,90,1,216.37,0,0,0,0,0,0,0
1780641908.579,0,0,0,0,0,29.96,22.34,0.0,0.0,0.0,0.0,0.0,0,90,1,197.63,0,0,0,0,0,0,0
1780641908.598,0,0,0,0,0,30.21,23.54,0.0,0.0,0.0,0.0,0.0,0,90,1,179.37,0,0,0,0,0,0,0
1780641908.621,0,0,0,0,0,30.51,24.77,0.0,0.0,0.0,0.0,0.0,0,90,1,162.46,0,0,0,0,0,0,0
1780641908.64,0,0,0,0,0,31.11,26.01,0.0,0.0,0.0,0.0,0.0,0,90,1,146.65,0,0,0,0,0,0,0
1780641908.663,0,0,0,0,0,32.02,27.2,0.0,0.0,0.0,0.0,0.0,0,90,1,131.37,0,0,0,0,0,0,0
1780641908.686,0,0,0,0,0,33.05,28.34,0.0,0.0,0.0,0.0,0.0,0,90,1,116.17,0,0,0,0,0,0,0
1780641908.71,0,0,0,0,0,34.05,29.41,0.0,0.0,0.0,0.0,0.0,0,90,1,101.45,0,0,0,0,0,0,0
1780641908.729,0,0,0,0,0,34.92,30.28,0.0,0.0,0.0,0.0,0.0,0,90,1,88.56,0,0,0,0,0,0,0
1780641908.753,0,0,0,0,0,35.54,30.52,0.0,0.0,0.0,0.0,0.0,0,90,1,78.19,0,0,0,0,0,0,0
1780641908.776,0,0,0,0,0,35.66,30.1,0.0,0.0,0.0,0.0,0.0,0,90,1,69.95,0,0,0,0,0,0,0
1780641908.799,0,0,0,0,0,35.34,29.35,0.0,0.0,0.0,0.0,0.0,0,90,1,63.33,0,0,0,0,0,0,0
1780641908.82,0,0,0,0,0,35.04,28.52,0.0,0.0,0.0,0.0,0.0,0,90,1,57.89,0,0,0,0,0,0,0
1780641908.843,0,0,0,0,0,34.09,28.33,0.0,0.0,0.0,0.0,0.0,0,90,1,53.21,0,0,0,0,0,0,0
1780641908.862,0,0,0,0,0,31.54,29.48,0.0,0.0,0.0,0.0,0.0,0,90,1,49.04,0,0,0,0,0,0,0
1780641908.884,0,0,0,0,0,28.67,31.7,0.0,0.0,0.0,0.0,0.0,0,90,1,45.49,0,0,0,0,0,0,0
1780641908.904,0,0,0,0,0,27.08,34.06,0.0,0.0,0.0,0.0,0.0,0,90,1,42.87,0,0,0,0,0,0,0
1780641908.927,0,0,0,0,0,26.74,35.45,0.0,0.0,0.0,0.0,0.0,0,90,1,41.0,0,0,0,0,0,0,0
1780641908.947,0,0,0,0,0,27.01,35.03,0.0,0.0,0.0,0.0,0.0,0,90,1,39.21,0,0,0,0,0,0,0
1780641908.972,0,0,0,0,0,27.44,32.86,0.0,0.0,0.0,0.0,0.0,0,90,1,37.27,0,0,0,0,0,0,0
1780641908.994,0,0,0,0,0,27.81,29.96,0.0,0.0,0.0,0.0,0.0,0,90,1,35.55,0,0,0,0,0,0,0
1780641909.017,0,0,0,0,0,28.27,27.43,0.0,0.0,0.0,0.0,0.0,0,90,1,34.36,0,0,0,0,0,0,0
1780641909.036,0,0,0,0,0,29.1,25.94,0.0,0.0,0.0,0.0,0.0,0,90,1,33.7,0,0,0,0,0,0,0
1780641909.06,0,0,0,0,0,30.26,25.87,0.0,0.0,0.0,0.0,0.0,0,90,1,33.46,0,0,0,0,0,0,0
1780641909.078,0,0,0,0,0,31.5,26.98,0.0,0.0,0.0,0.0,0.0,0,90,1,33.55,0,0,0,0,0,0,0
1780641909.102,0,0,0,0,0,32.71,28.41,0.0,0.0,0.0,0.0,0.0,0,90,1,33.96,0,0,0,0,0,0,0
1780641909.122,0,0,0,0,0,33.79,29.41,0.0,0.0,0.0,0.0,0.0,0,90,1,34.58,0,0,0,0,0,0,0
1780641909.144,0,0,0,0,0,34.74,29.92,0.0,0.0,0.0,0.0,0.0,0,90,1,35.28,0,0,0,0,0,0,0
1780641909.163,0,0,0,0,0,35.6,30.32,0.0,0.0,0.0,0.0,0.0,0,90,1,36.01,0,0,0,0,0,0,0
1780641909.187,0,0,0,0,0,36.38,30.95,0.0,0.0,0.0,0.0,0.0,0,90,1,36.77,0,0,0,0,0,0,0
1780641909.207,0,0,0,0,0,36.86,31.91,0.0,0.0,0.0,0.0,0.0,0,90,1,37.61,0,0,0,0,0,0,0
1780641909.229,0,0,0,0,0,36.85,33.11,0.0,0.0,0.0,0.0,0.0,0,90,1,38.56,0,0,0,0,0,0,0
1780641909.249,0,0,0,0,0,36.41,34.26,0.0,0.0,0.0,0.0,0.0,0,90,1,39.55,0,0,0,0,0,0,0
1780641909.272,0,0,0,0,0,35.79,35.13,0.0,0.0,0.0,0.0,0.0,0,90,1,40.39,0,0,0,0,0,0,0
1780641909.291,0,0,0,0,0,35.29,35.71,0.0,0.0,0.0,0.0,0.0,0,90,1,40.96,0,0,0,0,0,0,0
1780641909.314,0,0,0,0,0,35.01,36.25,0.0,0.0,0.0,0.0,0.0,0,90,1,41.28,0,0,0,0,0,0,0
1780641909.333,0,0,0,0,0,34.92,36.72,0.0,0.0,0.0,0.0,0.0,0,90,1,41.4,0,0,0,0,0,0,0
1780641909.356,0,0,0,0,0,34.93,37.13,0.0,0.0,0.0,0.0,0.0,0,90,1,41.37,0,0,0,0,0,0,0
1780641909.376,0,0,0,0,0,34.95,37.95,0.0,0.0,0.0,0.0,0.0,0,90,1,41.39,0,0,0,0,0,0,0
1780641909.399,0,0,0,0,0,34.93,39.31,0.0,0.0,0.0,0.0,0.0,0,90,1,41.7,0,0,0,0,0,0,0
1780641909.419,0,0,0,0,0,34.86,41.27,0.0,0.0,0.0,0.0,0.0,0,90,1,42.57,0,0,0,0,0,0,0
1780641909.441,0,0,0,0,0,34.7,43.27,0.0,0.0,0.0,0.0,0.0,0,90,1,44.05,0,0,0,0,0,0,0
1780641909.465,0,0,0,0,0,34.42,45.13,0.0,0.0,0.0,0.0,0.0,0,90,1,46.05,0,0,0,0,0,0,0
1780641909.489,0,0,0,0,0,34.13,48.36,0.0,0.0,0.0,0.0,0.0,0,90,1,49.55,0,0,0,0,0,0,0
1780641909.508,0,0,0,0,0,33.91,53.28,0.0,0.0,0.0,0.0,0.0,0,90,1,56.25,0,0,0,0,0,0,0
1780641909.53,0,0,0,0,0,35.16,58.57,0.0,0.0,0.0,0.0,0.0,0,90,1,67.15,0,0,0,0,0,0,0
1780641909.555,0,0,0,0,0,39.49,62.8,0.0,0.0,0.0,0.0,0.0,0,90,1,81.58,0,0,0,0,0,0,0
1780641909.577,0,0,0,0,0,45.42,65.03,0.0,0.0,0.0,0.0,0.0,0,90,1,97.44,0,0,0,0,0,0,0
1780641909.6,0,0,0,0,0,50.53,65.56,0.0,0.0,0.0,0.0,0.0,0,90,1,112.76,0,0,0,0,0,0,0
1780641909.625,0,0,0,0,0,53.9,65.31,0.0,0.0,0.0,0.0,0.0,0,90,1,126.74,0,0,0,0,0,0,0
1780641909.646,0,0,0,0,0,55.61,64.73,0.0,0.0,0.0,0.0,0.0,0,90,1,139.14,0,0,0,0,0,0,0
1780641909.666,0,0,0,0,0,56.21,63.93,0.0,0.0,0.0,0.0,0.0,0,90,1,149.87,0,0,0,0,0,0,0
1780641909.689,0,0,0,0,0,56.25,63.23,0.0,0.0,0.0,0.0,0.0,0,90,1,159.22,0,0,0,0,0,0,0
1780641909.708,0,0,0,0,0,56.1,62.99,0.0,0.0,0.0,0.0,0.0,0,90,1,167.8,0,0,0,0,0,0,0
1780641909.732,0,0,0,0,0,55.93,63.22,0.0,0.0,0.0,0.0,0.0,0,90,1,176.12,0,0,0,0,0,0,0
1780641909.751,0,0,0,0,0,55.81,63.69,0.0,0.0,0.0,0.0,0.0,0,90,1,184.41,0,0,0,0,0,0,0
1780641909.775,0,0,0,0,0,55.76,64.21,0.0,0.0,0.0,0.0,0.0,0,90,1,192.71,0,0,0,0,0,0,0
1780641909.794,0,0,0,0,0,55.71,64.72,0.0,0.0,0.0,0.0,0.0,0,90,1,200.99,0,0,0,0,0,0,0
1780641909.816,0,0,0,0,0,55.63,65.23,0.0,0.0,0.0,0.0,0.0,0,90,1,209.18,0,0,0,0,0,0,0
1780641909.84,0,0,0,0,0,55.53,65.71,0.0,0.0,0.0,0.0,0.0,0,90,1,216.93,0,0,0,0,0,0,0
1780641909.863,0,0,0,0,0,55.44,66.12,0.0,0.0,0.0,0.0,0.0,0,90,1,223.84,0,0,0,0,0,0,0
1780641909.882,0,0,0,0,0,55.35,66.47,0.0,0.0,0.0,0.0,0.0,0,90,1,229.58,0,0,0,0,0,0,0
1780641909.905,0,0,0,0,0,55.27,66.77,0.0,0.0,0.0,0.0,0.0,0,90,1,233.94,0,0,0,0,0,0,0
1780641909.925,0,0,0,0,0,55.17,67.07,0.0,0.0,0.0,0.0,0.0,0,90,1,237.24,0,0,0,0,0,0,0
1780641909.947,0,0,0,0,0,55.08,67.38,0.0,0.0,0.0,0.0,0.0,0,90,1,240.41,0,0,0,0,0,0,0
1780641909.972,0,0,0,0,0,54.98,67.68,0.0,0.0,0.0,0.0,0.0,0,90,1,244.17,0,0,0,0,0,0,0
1780641909.993,0,0,0,0,0,54.89,67.97,0.0,0.0,0.0,0.0,0.0,0,90,1,248.57,0,0,0,0,0,0,0
1780641910.013,0,0,0,0,0,54.8,68.25,0.0,0.0,0.0,0.0,0.0,0,90,1,253.04,0,0,0,0,0,0,0
1780641910.036,0,0,0,0,0,54.7,68.54,0.0,0.0,0.0,0.0,0.0,0,90,1,256.63,0,0,0,0,0,0,0
1780641910.057,0,0,0,0,0,54.59,68.82,0.0,0.0,0.0,0.0,0.0,0,90,1,258.12,0,0,0,0,0,0,0
1780641910.079,0,0,0,0,0,54.49,69.09,0.0,0.0,0.0,0.0,0.0,0,90,1,256.52,0,0,0,0,0,0,0
1780641910.101,0,0,0,0,0,54.39,69.36,0.0,0.0,0.0,0.0,0.0,0,90,1,251.54,0,0,0,0,0,0,0
1780641910.126,0,0,0,0,0,54.29,69.62,0.0,0.0,0.0,0.0,0.0,0,90,1,243.79,0,0,0,0,0,0,0
1780641910.144,0,0,0,0,0,54.18,69.89,0.0,0.0,0.0,0.0,0.0,0,90,1,234.61,0,0,0,0,0,0,0
1780641910.166,0,0,0,0,0,54.07,70.16,0.0,0.0,0.0,0.0,0.0,0,90,1,225.28,0,0,0,0,0,0,0
1780641910.187,0,0,0,0,0,53.97,70.41,0.0,0.0,0.0,0.0,0.0,0,90,1,216.19,0,0,0,0,0,0,0
1780641910.209,0,0,0,0,0,53.88,70.64,0.0,0.0,0.0,0.0,0.0,0,90,1,206.91,0,0,0,0,0,0,0
1780641910.231,0,0,0,0,0,53.8,70.86,0.0,0.0,0.0,0.0,0.0,0,90,1,196.95,0,0,0,0,0,0,0
1780641910.256,0,0,0,0,0,53.7,71.1,0.0,0.0,0.0,0.0,0.0,0,90,1,186.21,0,0,0,0,0,0,0
1780641910.276,0,0,0,0,0,53.58,71.35,0.0,0.0,0.0,0.0,0.0,0,90,1,174.98,0,0,0,0,0,0,0
1780641910.3,0,0,0,0,0,53.46,71.6,0.0,0.0,0.0,0.0,0.0,0,90,1,163.63,0,0,0,0,0,0,0
1780641910.318,0,0,0,0,0,53.35,71.84,0.0,0.0,0.0,0.0,0.0,0,90,1,152.45,0,0,0,0,0,0,0
1780641910.341,0,0,0,0,0,53.25,72.06,0.0,0.0,0.0,0.0,0.0,0,90,1,141.43,0,0,0,0,0,0,0
1780641910.365,0,0,0,0,0,53.14,72.27,0.0,0.0,0.0,0.0,0.0,0,90,1,130.29,0,0,0,0,0,0,0
1780641910.388,0,0,0,0,0,53.02,72.5,0.0,0.0,0.0,0.0,0.0,0,90,1,118.76,0,0,0,0,0,0,0
1780641910.411,0,0,0,0,0,52.89,72.74,0.0,0.0,0.0,0.0,0.0,0,90,1,106.82,0,0,0,0,0,0,0
1780641910.43,0,0,0,0,0,52.75,72.97,0.0,0.0,0.0,0.0,0.0,0,90,1,94.41,0,0,0,0,0,0,0
1780641910.452,0,0,0,0,0,52.61,73.2,0.0,0.0,0.0,0.0,0.0,0,90,1,81.48,0,0,0,0,0,0,0
1780641910.476,0,0,0,0,0,52.49,73.4,0.0,0.0,0.0,0.0,0.0,0,90,1,68.49,0,0,0,0,0,0,0
1780641910.5,0,0,0,0,0,52.37,73.59,0.0,0.0,0.0,0.0,0.0,0,90,1,56.03,0,0,0,0,0,0,0
1780641910.52,0,0,0,0,0,52.27,73.76,0.0,0.0,0.0,0.0,0.0,0,90,1,44.74,0,0,0,0,0,0,0
1780641910.542,0,0,0,0,0,52.18,73.9,0.0,0.0,0.0,0.0,0.0,0,90,1,34.73,0,0,0,0,0,0,0
1780641910.561,0,0,0,0,0,52.11,74.02,0.0,0.0,0.0,0.0,0.0,0,90,1,28.28,0,0,0,0,0,0,0
1780641910.583,0,0,0,0,0,52.06,74.14,0.0,0.0,0.0,0.0,0.0,0,90,1,21.37,0,0,0,0,0,0,0
1780641910.603,0,0,0,0,0,52.01,74.25,0.0,0.0,0.0,0.0,0.0,0,90,1,14.7,0,0,0,0,0,0,0
1780641910.627,0,0,0,0,0,51.96,74.36,0.0,0.0,0.0,0.0,0.0,0,90,1,13.21,0,0,0,0,0,0,0
1780641910.647,0,0,0,0,0,51.9,74.47,0.0,0.0,0.0,0.0,0.0,0,90,1,13.0,0,0,0,0,0,0,0
1780641910.669,0,0,0,0,0,51.84,74.58,0.0,0.0,0.0,0.0,0.0,0,90,1,13.2,0,0,0,0,0,0,0
1780641910.688,0,0,0,0,0,51.78,74.7,0.0,0.0,0.0,0.0,0.0,0,90,1,13.43,0,0,0,0,0,0,0
1780641910.712,0,0,0,0,0,51.75,74.85,0.0,0.0,0.0,0.0,0.0,0,90,1,13.59,0,0,0,0,0,0,0
1780641910.731,0,0,0,0,0,51.76,74.97,0.0,0.0,0.0,0.0,0.0,0,90,1,13.58,0,0,0,0,0,0,0
1780641910.753,0,0,0,0,0,51.78,74.99,0.0,0.0,0.0,0.0,0.0,0,90,1,13.3,0,0,0,0,0,0,0
1780641910.774,0,0,0,0,0,51.8,74.91,0.0,0.0,0.0,0.0,0.0,0,90,1,12.72,0,0,0,0,0,0,0
1780641910.795,0,0,0,0,0,51.55,74.82,0.0,0.0,0.0,0.0,0.0,0,90,1,11.95,0,0,0,0,0,0,0
1780641910.815,0,0,0,0,0,50.54,74.25,0.0,0.0,0.0,0.0,0.0,0,90,1,11.05,0,0,0,0,0,0,0
1780641910.841,0,0,0,0,0,48.87,72.63,0.0,0.0,0.0,0.0,0.0,0,90,1,10.04,0,0,0,0,0,0,0
1780641910.863,0,0,0,0,0,47.24,70.49,0.0,0.0,0.0,0.0,0.0,0,90,1,9.09,0,0,0,0,0,0,0
1780641910.886,0,0,0,0,0,45.96,68.8,0.0,0.0,0.0,0.0,0.0,0,90,1,8.36,0,0,0,0,0,0,0
1780641910.904,0,0,0,0,0,44.93,67.8,0.0,0.0,0.0,0.0,0.0,0,90,1,7.87,0,0,0,0,0,0,0
1780641910.93,0,0,0,0,0,44.22,67.3,0.0,0.0,0.0,0.0,0.0,0,90,1,7.57,0,0,0,0,0,0,0
1780641910.947,0,0,0,0,0,43.94,67.14,0.0,0.0,0.0,0.0,0.0,0,90,1,7.48,0,0,0,0,0,0,0
1780641910.97,0,0,0,0,0,44.07,67.23,0.0,0.0,0.0,0.0,0.0,0,90,1,8.62,0,0,0,0,0,0,0
1780641910.989,0,0,0,0,0,44.37,67.41,0.0,0.0,0.0,0.0,0.0,0,90,1,9.57,0,0,0,0,0,0,0
1780641911.013,0,0,0,0,0,44.54,67.8,0.0,0.0,0.0,0.0,0.0,0,90,1,10.39,0,0,0,0,0,0,0
1780641911.032,0,0,0,0,0,44.47,68.46,0.0,0.0,0.0,0.0,0.0,0,90,1,11.16,0,0,0,0,0,0,0
1780641911.056,0,0,0,0,0,44.39,69.03,0.0,0.0,0.0,0.0,0.0,0,90,1,11.87,0,0,0,0,0,0,0
1780641911.078,0,0,0,0,0,44.46,69.48,0.0,0.0,0.0,0.0,0.0,0,90,1,12.48,0,0,0,0,0,0,0
1780641911.101,0,0,0,0,0,44.62,70.13,0.0,0.0,0.0,0.0,0.0,0,90,1,12.99,0,0,0,0,0,0,0
1780641911.12,0,0,0,0,0,45.76,71.06,0.0,0.0,0.0,0.0,0.0,0,90,1,13.18,0,0,0,0,0,0,0
1780641911.146,0,0,0,0,0,49.1,72.06,0.0,0.0,0.0,0.0,0.0,0,90,1,12.91,0,0,0,0,0,0,0
1780641911.168,0,0,0,0,0,53.68,72.85,0.0,0.0,0.0,0.0,0.0,0,90,1,12.79,0,0,0,0,0,0,0
1780641911.191,0,0,0,0,0,57.64,73.36,0.0,0.0,0.0,0.0,0.0,0,90,1,13.5,0,0,0,0,0,0,0
1780641911.209,0,0,0,0,0,60.23,73.68,0.0,0.0,0.0,0.0,0.0,0,90,1,15.07,0,0,0,0,0,0,0
1780641911.232,0,0,0,0,0,61.49,73.88,0.0,0.0,0.0,0.0,0.0,0,90,1,17.12,0,0,0,0,0,0,0
1780641911.257,0,0,0,0,0,61.8,74.0,0.0,0.0,0.0,0.0,0.0,0,90,1,19.28,0,0,0,0,0,0,0
1780641911.28,0,0,0,0,0,61.57,74.07,0.0,0.0,0.0,0.0,0.0,0,90,1,21.31,0,0,0,0,0,0,0
1780641911.298,0,0,0,0,0,61.12,74.13,0.0,0.0,0.0,0.0,0.0,0,90,1,23.12,0,0,0,0,0,0,0
1780641911.322,0,0,0,0,0,60.64,74.21,0.0,0.0,0.0,0.0,0.0,0,90,1,24.71,0,0,0,0,0,0,0
1780641911.346,0,0,0,0,0,60.23,74.31,0.0,0.0,0.0,0.0,0.0,0,90,1,26.13,0,0,0,0,0,0,0
1780641911.368,0,0,0,0,0,59.89,74.42,0.0,0.0,0.0,0.0,0.0,0,90,1,27.42,0,0,0,0,0,0,0
1780641911.392,0,0,0,0,0,59.62,74.53,0.0,0.0,0.0,0.0,0.0,0,90,1,28.59,0,0,0,0,0,0,0
1780641911.415,0,0,0,0,0,59.38,74.64,0.0,0.0,0.0,0.0,0.0,0,90,1,29.67,0,0,0,0,0,0,0
1780641911.438,0,0,0,0,0,59.18,74.76,0.0,0.0,0.0,0.0,0.0,0,90,1,30.66,0,0,0,0,0,0,0
1780641911.457,0,0,0,0,0,59.0,74.87,0.0,0.0,0.0,0.0,0.0,0,90,1,31.58,0,0,0,0,0,0,0
1780641911.48,0,0,0,0,0,58.82,74.98,0.0,0.0,0.0,0.0,0.0,0,90,1,32.43,0,0,0,0,0,0,0
1780641911.503,0,0,0,0,0,58.64,75.09,0.0,0.0,0.0,0.0,0.0,0,90,1,33.22,0,0,0,0,0,0,0
1780641911.528,0,0,0,0,0,58.46,75.2,0.0,0.0,0.0,0.0,0.0,0,90,1,33.93,0,0,0,0,0,0,0
1780641911.547,0,0,0,0,0,58.27,75.31,0.0,0.0,0.0,0.0,0.0,0,90,1,34.57,0,0,0,0,0,0,0
1780641911.569,0,0,0,0,0,58.07,75.42,0.0,0.0,0.0,0.0,0.0,0,90,1,35.15,0,0,0,0,0,0,0
1780641911.593,0,0,0,0,0,57.88,75.53,0.0,0.0,0.0,0.0,0.0,0,90,1,35.65,0,0,0,0,0,0,0
1780641911.616,0,0,0,0,0,57.68,75.64,0.0,0.0,0.0,0.0,0.0,0,90,1,36.1,0,0,0,0,0,0,0
1780641911.635,0,0,0,0,0,57.47,75.75,0.0,0.0,0.0,0.0,0.0,0,90,1,36.47,0,0,0,0,0,0,0
1780641911.659,0,0,0,0,0,57.27,75.86,0.0,0.0,0.0,0.0,0.0,0,90,1,36.79,0,0,0,0,0,0,0
1780641911.678,0,0,0,0,0,57.08,75.96,0.0,0.0,0.0,0.0,0.0,0,90,1,37.06,0,0,0,0,0,0,0
1780641911.702,0,0,0,0,0,56.85,76.06,0.0,0.0,0.0,0.0,0.0,0,90,1,37.27,0,0,0,0,0,0,0
1780641911.72,0,0,0,0,0,56.54,76.1,0.0,0.0,0.0,0.0,0.0,0,90,1,37.42,0,0,0,0,0,0,0
1780641911.745,0,0,0,0,0,56.19,76.01,0.0,0.0,0.0,0.0,0.0,0,90,1,37.51,0,0,0,0,0,0,0
1780641911.764,0,0,0,0,0,55.88,75.84,0.0,0.0,0.0,0.0,0.0,0,90,1,37.55,0,0,0,0,0,0,0
1780641911.787,0,0,0,0,0,55.6,75.8,0.0,0.0,0.0,0.0,0.0,0,90,1,37.55,0,0,0,0,0,0,0
1780641911.807,0,0,0,0,0,55.33,75.99,0.0,0.0,0.0,0.0,0.0,0,90,1,37.52,0,0,0,0,0,0,0
1780641911.83,0,0,0,0,0,55.12,76.3,0.0,0.0,0.0,0.0,0.0,0,90,1,37.47,0,0,0,0,0,0,0
1780641911.851,0,0,0,0,0,54.99,76.58,0.0,0.0,0.0,0.0,0.0,0,90,1,37.4,0,0,0,0,0,0,0
1780641911.876,0,0,0,0,0,54.87,76.79,0.0,0.0,0.0,0.0,0.0,0,90,1,37.32,0,0,0,0,0,0,0
1780641911.896,0,0,0,0,0,54.72,76.97,0.0,0.0,0.0,0.0,0.0,0,90,1,37.21,0,0,0,0,0,0,0
1780641911.919,0,0,0,0,0,54.54,77.13,0.0,0.0,0.0,0.0,0.0,0,90,1,36.96,0,0,0,0,0,0,0
1780641911.943,0,0,0,0,0,54.34,77.25,0.0,0.0,0.0,0.0,0.0,0,90,1,36.4,0,0,0,0,0,0,0
1780641911.965,0,0,0,0,0,54.13,77.35,0.0,0.0,0.0,0.0,0.0,0,90,1,35.4,0,0,0,0,0,0,0
1780641911.99,0,0,0,0,0,53.91,77.46,0.0,0.0,0.0,0.0,0.0,0,90,1,33.96,0,0,0,0,0,0,0
1780641912.008,0,0,0,0,0,53.67,77.57,0.0,0.0,0.0,0.0,0.0,0,90,1,32.1,0,0,0,0,0,0,0
1780641912.031,0,0,0,0,0,53.44,77.68,0.0,0.0,0.0,0.0,0.0,0,90,1,29.89,0,0,0,0,0,0,0
1780641912.053,0,0,0,0,0,53.22,77.78,0.0,0.0,0.0,0.0,0.0,0,90,1,27.51,0,0,0,0,0,0,0
1780641912.076,0,0,0,0,0,52.99,77.89,0.0,0.0,0.0,0.0,0.0,0,90,1,25.14,0,0,0,0,0,0,0
1780641912.095,0,0,0,0,0,52.75,77.99,0.0,0.0,0.0,0.0,0.0,0,90,1,22.87,0,0,0,0,0,0,0
1780641912.12,0,0,0,0,0,52.5,78.08,0.0,0.0,0.0,0.0,0.0,0,90,1,20.64,0,0,0,0,0,0,0
1780641912.139,0,0,0,0,0,52.26,78.18,0.0,0.0,0.0,0.0,0.0,0,90,1,18.36,0,0,0,0,0,0,0
1780641912.162,0,0,0,0,0,52.02,78.27,0.0,0.0,0.0,0.0,0.0,0,90,1,16.04,0,0,0,0,0,0,0
1780641912.182,0,0,0,0,0,51.78,78.36,0.0,0.0,0.0,0.0,0.0,0,90,1,13.74,0,0,0,0,0,0,0
1780641912.204,0,0,0,0,0,51.54,78.46,0.0,0.0,0.0,0.0,0.0,0,90,1,11.52,0,0,0,0,0,0,0
1780641912.228,0,0,0,0,0,51.33,78.55,0.0,0.0,0.0,0.0,0.0,0,90,1,9.8,0,0,0,0,0,0,0
1780641912.251,0,0,0,0,0,51.11,78.65,0.0,0.0,0.0,0.0,0.0,0,90,1,9.31,0,0,0,0,0,0,0
1780641912.271,0,0,0,0,0,50.85,78.76,0.0,0.0,0.0,0.0,0.0,0,90,1,9.76,0,0,0,0,0,0,0
1780641912.293,0,0,0,0,0,50.59,78.86,0.0,0.0,0.0,0.0,0.0,0,90,1,10.35,0,0,0,0,0,0,0
1780641912.313,0,0,0,0,0,50.33,78.95,0.0,0.0,0.0,0.0,0.0,0,90,1,10.65,0,0,0,0,0,0,0
1780641912.336,0,0,0,0,0,50.07,79.04,0.0,0.0,0.0,0.0,0.0,0,90,1,10.67,0,0,0,0,0,0,0
1780641912.356,0,0,0,0,0,49.81,79.12,0.0,0.0,0.0,0.0,0.0,0,90,1,10.57,0,0,0,0,0,0,0
1780641912.379,0,0,0,0,0,49.54,79.21,0.0,0.0,0.0,0.0,0.0,0,90,1,10.47,0,0,0,0,0,0,0
1780641912.398,0,0,0,0,0,49.28,79.29,0.0,0.0,0.0,0.0,0.0,0,90,1,10.43,0,0,0,0,0,0,0
1780641912.422,0,0,0,0,0,49.01,79.35,0.0,0.0,0.0,0.0,0.0,0,90,1,10.46,0,0,0,0,0,0,0
1780641912.446,0,0,0,0,0,48.73,79.42,0.0,0.0,0.0,0.0,0.0,0,90,1,10.53,0,0,0,0,0,0,0
1780641912.468,0,0,0,0,0,48.43,79.5,0.0,0.0,0.0,0.0,0.0,0,90,1,10.65,0,0,0,0,0,0,0
1780641912.488,0,0,0,0,0,48.14,79.57,0.0,0.0,0.0,0.0,0.0,0,90,1,10.79,0,0,0,0,0,0,0
1780641912.511,0,0,0,0,0,47.85,79.63,0.0,0.0,0.0,0.0,0.0,0,90,1,10.95,0,0,0,0,0,0,0
1780641912.534,0,0,0,0,0,47.56,79.7,0.0,0.0,0.0,0.0,0.0,0,90,1,11.11,0,0,0,0,0,0,0
1780641912.557,0,0,0,0,0,47.24,79.77,0.0,0.0,0.0,0.0,0.0,0,90,1,11.29,0,0,0,0,0,0,0
1780641912.577,0,0,0,0,0,46.93,79.85,0.0,0.0,0.0,0.0,0.0,0,90,1,11.47,0,0,0,0,0,0,0
1780641912.6,0,0,0,0,0,46.63,79.92,0.0,0.0,0.0,0.0,0.0,0,90,1,11.65,0,0,0,0,0,0,0
1780641912.623,0,0,0,0,0,46.32,79.99,0.0,0.0,0.0,0.0,0.0,0,90,1,11.84,0,0,0,0,0,0,0
1780641912.646,0,0,0,0,0,46.0,80.05,0.0,0.0,0.0,0.0,0.0,0,90,1,12.04,0,0,0,0,0,0,0
1780641912.665,0,0,0,0,0,45.69,80.12,0.0,0.0,0.0,0.0,0.0,0,90,1,12.24,0,0,0,0,0,0,0
1780641912.69,0,0,0,0,0,45.37,80.17,0.0,0.0,0.0,0.0,0.0,0,90,1,12.44,0,0,0,0,0,0,0
1780641912.709,0,0,0,0,0,45.06,80.23,0.0,0.0,0.0,0.0,0.0,0,90,1,12.65,0,0,0,0,0,0,0
1780641912.733,0,0,0,0,0,44.75,80.28,0.0,0.0,0.0,0.0,0.0,0,90,1,12.86,0,0,0,0,0,0,0
1780641912.751,0,0,0,0,0,44.45,80.33,0.0,0.0,0.0,0.0,0.0,0,90,1,13.08,0,0,0,0,0,0,0
1780641912.775,0,0,0,0,0,44.14,80.37,0.0,0.0,0.0,0.0,0.0,0,90,1,13.29,0,0,0,0,0,0,0
1780641912.794,0,0,0,0,0,43.84,80.42,0.0,0.0,0.0,0.0,0.0,0,90,1,13.5,0,0,0,0,0,0,0
1780641912.816,0,0,0,0,0,43.55,80.46,0.0,0.0,0.0,0.0,0.0,0,90,1,13.73,0,0,0,0,0,0,0
1780641912.837,0,0,0,0,0,43.26,80.51,0.0,0.0,0.0,0.0,0.0,0,90,1,14.0,0,0,0,0,0,0,0
1780641912.86,0,0,0,0,0,42.93,80.54,0.0,0.0,0.0,0.0,0.0,0,90,1,14.29,0,0,0,0,0,0,0
1780641912.879,0,0,0,0,0,42.49,80.56,0.0,0.0,0.0,0.0,0.0,0,90,1,14.65,0,0,0,0,0,0,0
1780641912.902,0,0,0,0,0,42.07,80.57,0.0,0.0,0.0,0.0,0.0,0,90,1,15.05,0,0,0,0,0,0,0
1780641912.925,0,0,0,0,0,41.88,80.89,0.0,0.0,0.0,0.0,0.0,0,90,1,15.41,0,0,0,0,0,0,0
1780641912.948,0,0,0,0,0,41.47,81.72,0.0,0.0,0.0,0.0,0.0,0,90,1,15.79,0,0,0,0,0,0,0
1780641912.972,0,0,0,0,0,40.62,82.33,0.0,0.0,0.0,0.0,0.0,0,90,1,16.3,0,0,0,0,0,0,0
1780641912.991,0,0,0,0,0,40.33,81.91,0.0,0.0,0.0,0.0,0.0,0,90,1,16.78,0,0,0,0,0,0,0
1780641913.014,0,0,0,0,0,41.32,80.26,0.0,0.0,0.0,0.0,0.0,0,90,1,16.86,0,0,0,0,0,0,0
1780641913.037,0,0,0,0,0,43.09,77.47,0.0,0.0,0.0,0.0,0.0,0,90,1,16.47,0,0,0,0,0,0,0
1780641913.063,0,0,0,0,0,45.0,73.61,0.0,0.0,0.0,0.0,0.0,0,90,1,15.76,0,0,0,0,0,0,0
1780641913.081,0,0,0,0,0,46.79,68.84,0.0,0.0,0.0,0.0,0.0,0,90,1,14.94,0,0,0,0,0,0,0
1780641913.103,0,0,0,0,0,48.33,63.47,0.0,0.0,0.0,0.0,0.0,0,90,1,14.16,0,0,0,0,0,0,0
1780641913.123,0,0,0,0,0,49.43,57.96,0.0,0.0,0.0,0.0,0.0,0,90,1,17.49,0,0,0,0,0,0,0
1780641913.146,0,0,0,0,0,49.8,52.88,0.0,0.0,0.0,0.0,0.0,0,90,1,30.37,0,0,0,0,0,0,0
1780641913.166,0,0,0,0,0,49.02,48.87,0.0,0.0,0.0,0.0,0.0,0,90,1,47.02,0,0,0,0,0,0,0
1780641913.189,0,0,0,0,0,47.64,46.24,0.0,0.0,0.0,0.0,0.0,0,90,1,66.06,0,0,0,0,0,0,0
1780641913.208,0,0,0,0,0,46.18,44.67,0.0,0.0,0.0,0.0,0.0,0,90,1,86.22,0,0,0,0,0,0,0
1780641913.232,0,0,0,0,0,43.87,43.45,0.0,0.0,0.0,0.0,0.0,0,90,1,107.01,0,0,0,0,0,0,0
1780641913.25,0,0,0,0,0,40.83,42.1,0.0,0.0,0.0,0.0,0.0,0,90,1,128.54,0,0,0,0,0,0,0
1780641913.273,0,0,0,0,0,37.92,40.63,0.0,0.0,0.0,0.0,0.0,0,90,1,150.93,0,0,0,0,0,0,0
1780641913.296,0,0,0,0,0,35.3,39.24,0.0,0.0,0.0,0.0,0.0,0,90,1,174.0,0,0,0,0,0,0,0
1780641913.321,0,0,0,0,0,32.98,38.05,0.0,0.0,0.0,0.0,0.0,0,90,1,197.42,0,0,0,0,0,0,0
1780641913.341,0,0,0,0,0,31.09,36.91,0.0,0.0,0.0,0.0,0.0,0,90,1,221.05,0,0,0,0,0,0,0
1780641913.363,0,0,0,0,0,29.79,35.95,0.0,0.0,0.0,0.0,0.0,0,90,1,244.57,0,0,0,0,0,0,0
1780641913.382,0,0,0,0,0,29.08,35.01,0.0,0.0,0.0,0.0,0.0,0,90,1,267.88,0,0,0,0,0,0,0
1780641913.406,0,0,0,0,0,28.71,33.19,0.0,0.0,0.0,0.0,0.0,0,90,1,292.14,0,0,0,0,0,0,0
1780641913.425,0,0,0,0,0,28.53,30.53,0.0,0.0,0.0,0.0,0.0,0,90,1,318.54,0,0,0,0,0,0,0
1780641913.447,0,0,0,0,0,28.53,27.78,0.0,0.0,0.0,0.0,0.0,0,90,1,347.16,0,0,0,0,0,0,0
1780641913.467,0,0,0,0,0,28.49,25.31,0.0,0.0,0.0,0.0,0.0,0,90,1,377.52,0,0,0,0,0,0,0
1780641913.491,0,0,0,0,0,28.08,23.25,0.0,0.0,0.0,0.0,0.0,0,90,1,408.82,0,0,0,0,0,0,0
1780641913.515,0,0,0,0,0,27.45,21.58,0.0,0.0,0.0,0.0,0.0,0,90,1,440.32,0,0,0,0,0,0,0
1780641913.538,0,0,0,0,0,27.03,20.18,0.0,0.0,0.0,0.0,0.0,0,90,1,471.44,0,0,0,0,0,0,0
1780641913.558,0,0,0,0,0,27.05,18.96,0.0,0.0,0.0,0.0,0.0,0,90,1,501.71,0,0,0,0,0,0,0
1780641913.581,0,0,0,0,0,27.49,17.9,0.0,0.0,0.0,0.0,0.0,0,90,1,530.75,0,0,0,0,0,0,0
1780641913.599,0,0,0,0,0,28.1,16.98,0.0,0.0,0.0,0.0,0.0,0,90,1,558.22,0,0,0,0,0,0,0
1780641913.622,0,0,0,0,0,28.67,16.16,0.0,0.0,0.0,0.0,0.0,0,90,1,583.83,0,0,0,0,0,0,0
1780641913.641,0,0,0,0,0,29.12,15.41,0.0,0.0,0.0,0.0,0.0,0,90,1,607.35,0,0,0,0,0,0,0
1780641913.664,0,0,0,0,0,29.52,14.68,0.0,0.0,0.0,0.0,0.0,0,90,1,628.63,0,0,0,0,0,0,0
1780641913.687,0,0,0,0,0,29.9,14.01,0.0,0.0,0.0,0.0,0.0,0,90,1,647.48,0,0,0,0,0,0,0
1780641913.71,0,0,0,0,0,30.18,13.49,0.0,0.0,0.0,0.0,0.0,0,90,1,663.6,0,0,0,0,0,0,0
1780641913.732,0,0,0,0,0,30.26,13.16,0.0,0.0,0.0,0.0,0.0,0,90,1,676.58,0,0,0,0,0,0,0
1780641913.755,0,0,0,0,0,30.18,13.1,0.0,0.0,0.0,0.0,0.0,0,90,1,686.01,0,0,0,0,0,0,0
1780641913.774,0,0,0,0,0,30.02,13.28,0.0,0.0,0.0,0.0,0.0,0,90,1,691.51,0,0,0,0,0,0,0
1780641913.798,0,0,0,0,0,29.85,13.56,0.0,0.0,0.0,0.0,0.0,0,90,1,692.97,0,0,0,0,0,0,0
1780641913.815,0,0,0,0,0,29.66,13.91,0.0,0.0,0.0,0.0,0.0,0,90,1,690.37,0,0,0,0,0,0,0
1780641913.841,0,0,0,0,0,29.49,14.68,0.0,0.0,0.0,0.0,0.0,0,90,1,683.27,0,0,0,0,0,0,0
1780641913.863,0,0,0,0,0,29.42,16.01,0.0,0.0,0.0,0.0,0.0,0,90,1,671.19,0,0,0,0,0,0,0
1780641913.886,0,0,0,0,0,29.39,17.79,0.0,0.0,0.0,0.0,0.0,0,90,1,653.96,0,0,0,0,0,0,0
1780641913.91,0,0,0,0,0,28.92,19.91,0.0,0.0,0.0,0.0,0.0,0,90,1,631.69,0,0,0,0,0,0,0
1780641913.929,0,0,0,0,0,27.44,22.24,0.0,0.0,0.0,0.0,0.0,0,90,1,604.74,0,0,0,0,0,0,0
1780641913.952,0,0,0,0,0,25.13,24.67,0.0,0.0,0.0,0.0,0.0,0,90,1,573.58,0,0,0,0,0,0,0
1780641913.976,0,0,0,0,0,22.57,27.22,0.0,0.0,0.0,0.0,0.0,0,90,1,538.77,0,0,0,0,0,0,0
1780641913.999,0,0,0,0,0,20.25,29.84,0.0,0.0,0.0,0.0,0.0,0,90,1,500.88,0,0,0,0,0,0,0
1780641914.017,0,0,0,0,0,18.61,32.44,0.0,0.0,0.0,0.0,0.0,0,90,1,459.93,0,0,0,0,0,0,0
1780641914.042,0,0,0,0,0,18.02,34.92,0.0,0.0,0.0,0.0,0.0,0,90,1,415.5,0,0,0,0,0,0,0
1780641914.061,0,0,0,0,0,18.64,37.3,0.0,0.0,0.0,0.0,0.0,0,90,1,368.4,0,0,0,0,0,0,0
1780641914.084,0,0,0,0,0,19.79,39.68,0.0,0.0,0.0,0.0,0.0,0,90,1,321.1,0,0,0,0,0,0,0
1780641914.103,0,0,0,0,0,21.02,42.1,0.0,0.0,0.0,0.0,0.0,0,90,1,276.55,0,0,0,0,0,0,0
1780641914.126,0,0,0,0,0,23.07,44.55,0.0,0.0,0.0,0.0,0.0,0,90,1,237.41,0,0,0,0,0,0,0
1780641914.146,0,0,0,0,0,26.01,46.96,0.0,0.0,0.0,0.0,0.0,0,90,1,205.86,0,0,0,0,0,0,0
1780641914.169,0,0,0,0,0,29.22,49.17,0.0,0.0,0.0,0.0,0.0,0,90,1,183.21,0,0,0,0,0,0,0
1780641914.193,0,0,0,0,0,32.42,51.02,0.0,0.0,0.0,0.0,0.0,0,90,1,169.59,0,0,0,0,0,0,0
1780641914.216,0,0,0,0,0,35.36,52.56,0.0,0.0,0.0,0.0,0.0,0,90,1,164.07,0,0,0,0,0,0,0
1780641914.235,0,0,0,0,0,37.75,54.01,0.0,0.0,0.0,0.0,0.0,0,90,1,165.15,0,0,0,0,0,0,0
1780641914.259,0,0,0,0,0,39.4,55.55,0.0,0.0,0.0,0.0,0.0,0,90,1,171.15,0,0,0,0,0,0,0
1780641914.281,0,0,0,0,0,40.44,57.27,0.0,0.0,0.0,0.0,0.0,0,90,1,180.78,0,0,0,0,0,0,0
1780641914.305,0,0,0,0,0,41.23,59.11,0.0,0.0,0.0,0.0,0.0,0,90,1,193.32,0,0,0,0,0,0,0
1780641914.324,0,0,0,0,0,41.94,61.02,0.0,0.0,0.0,0.0,0.0,0,90,1,208.58,0,0,0,0,0,0,0
1780641914.347,0,0,0,0,0,42.43,62.92,0.0,0.0,0.0,0.0,0.0,0,90,1,226.58,0,0,0,0,0,0,0
1780641914.367,0,0,0,0,0,42.62,64.76,0.0,0.0,0.0,0.0,0.0,0,90,1,247.2,0,0,0,0,0,0,0
1780641914.391,0,0,0,0,0,42.57,66.72,0.0,0.0,0.0,0.0,0.0,0,90,1,270.41,0,0,0,0,0,0,0
1780641914.41,0,0,0,0,0,42.48,68.94,0.0,0.0,0.0,0.0,0.0,0,90,1,296.42,0,0,0,0,0,0,0
1780641914.433,0,0,0,0,0,42.75,71.11,0.0,0.0,0.0,0.0,0.0,0,90,1,325.04,0,0,0,0,0,0,0
1780641914.452,0,0,0,0,0,43.43,73.02,0.0,0.0,0.0,0.0,0.0,0,90,1,355.69,0,0,0,0,0,0,0
1780641914.476,0,0,0,0,0,44.09,74.82,0.0,0.0,0.0,0.0,0.0,0,90,1,388.09,0,0,0,0,0,0,0
1780641914.495,0,0,0,0,0,45.69,76.85,0.0,0.0,0.0,0.0,0.0,0,90,1,422.33,0,0,0,0,0,0,0
1780641914.517,0,0,0,0,0,48.55,79.11,0.0,0.0,0.0,0.0,0.0,0,90,1,458.24,0,0,0,0,0,0,0
1780641914.542,0,0,0,0,0,51.05,81.01,0.0,0.0,0.0,0.0,0.0,0,90,1,494.54,0,0,0,0,0,0,0
1780641914.564,0,0,0,0,0,56.94,81.87,0.0,0.0,0.0,0.0,0.0,0,90,1,528.79,0,0,0,0,0,0,0
1780641914.583,0,0,0,0,0,70.59,81.62,0.0,0.0,0.0,0.0,0.0,0,90,1,558.77,0,0,0,0,0,0,0
1780641914.606,0,0,0,0,0,86.41,80.7,0.0,0.0,0.0,0.0,0.0,0,90,1,583.29,0,0,0,0,0,0,0
1780641914.626,0,0,0,0,0,97.52,79.58,0.0,0.0,0.0,0.0,0.0,0,90,1,602.1,0,0,0,0,0,0,0
1780641914.65,0,0,0,0,0,102.79,78.69,0.0,0.0,0.0,0.0,0.0,0,90,1,615.66,0,0,0,0,0,0,0
1780641914.67,0,0,0,0,0,103.38,78.12,0.0,0.0,0.0,0.0,0.0,0,90,1,624.47,0,0,0,0,0,0,0
1780641914.693,0,0,0,0,0,101.2,77.7,0.0,0.0,0.0,0.0,0.0,0,90,1,628.8,0,0,0,0,0,0,0
1780641914.716,0,0,0,0,0,98.13,77.42,0.0,0.0,0.0,0.0,0.0,0,90,1,628.82,0,0,0,0,0,0,0
1780641914.739,0,0,0,0,0,95.47,77.32,0.0,0.0,0.0,0.0,0.0,0,90,1,624.74,0,0,0,0,0,0,0
1780641914.762,0,0,0,0,0,93.82,77.41,0.0,0.0,0.0,0.0,0.0,0,90,1,643.38,0,0,0,0,0,0,0
1780641914.781,0,0,0,0,0,93.17,77.64,0.0,0.0,0.0,0.0,0.0,0,90,1,685.28,0,0,0,0,0,0,0
1780641914.805,0,0,0,0,0,93.17,77.86,0.0,0.0,0.0,0.0,0.0,0,90,1,724.16,0,0,0,0,0,0,0
1780641914.825,0,0,0,0,0,93.47,78.0,0.0,0.0,0.0,0.0,0.0,0,90,1,760.46,0,0,0,0,0,0,0
1780641914.848,0,0,0,0,0,93.87,78.06,0.0,0.0,0.0,0.0,0.0,0,90,1,794.21,0,0,0,0,0,0,0
1780641914.867,0,0,0,0,0,94.23,78.11,0.0,0.0,0.0,0.0,0.0,0,90,1,825.21,0,0,0,0,0,0,0
1780641914.891,0,0,0,0,0,94.5,78.16,0.0,0.0,0.0,0.0,0.0,0,90,1,853.23,0,0,0,0,0,0,0
1780641914.91,0,0,0,0,0,94.8,78.21,0.0,0.0,0.0,0.0,0.0,0,90,1,878.21,0,0,0,0,0,0,0
1780641914.933,0,0,0,0,0,95.14,78.25,0.0,0.0,0.0,0.0,0.0,0,90,1,900.18,0,0,0,0,0,0,0
1780641914.953,0,0,0,0,0,95.46,78.27,0.0,0.0,0.0,0.0,0.0,0,90,1,919.14,0,0,0,0,0,0,0
1780641914.977,0,0,0,0,0,95.76,78.29,0.0,0.0,0.0,0.0,0.0,0,90,1,935.02,0,0,0,0,0,0,0
1780641914.996,0,0,0,0,0,96.04,78.29,0.0,0.0,0.0,0.0,0.0,0,90,1,947.26,0,0,0,0,0,0,0
1780641915.019,0,0,0,0,0,96.35,78.29,0.0,0.0,0.0,0.0,0.0,0,90,1,954.45,0,0,0,0,0,0,0
1780641915.039,0,0,0,0,0,96.63,78.29,0.0,0.0,0.0,0.0,0.0,0,90,1,954.99,0,0,0,0,0,0,0
1780641915.064,0,0,0,0,0,96.86,78.29,0.0,0.0,0.0,0.0,0.0,0,90,1,947.76,0,0,0,0,0,0,0
1780641915.083,0,0,0,0,0,97.12,78.27,0.0,0.0,0.0,0.0,0.0,0,90,1,932.47,0,0,0,0,0,0,0
1780641915.107,0,0,0,0,0,97.38,78.24,0.0,0.0,0.0,0.0,0.0,0,90,1,909.72,0,0,0,0,0,0,0
1780641915.125,0,0,0,0,0,97.49,78.25,0.0,0.0,0.0,0.0,0.0,0,90,1,880.97,0,0,0,0,0,0,0
1780641915.148,0,0,0,0,0,97.53,78.3,0.0,0.0,0.0,0.0,0.0,0,90,1,848.48,0,0,0,0,0,0,0
1780641915.167,0,0,0,0,0,97.98,78.36,0.0,0.0,0.0,0.0,0.0,0,90,1,813.86,0,0,0,0,0,0,0
1780641915.191,0,0,0,0,0,99.18,78.32,0.0,0.0,0.0,0.0,0.0,0,90,1,778.17,0,0,0,0,0,0,0
1780641915.214,0,0,0,0,0,100.76,78.18,0.0,0.0,0.0,0.0,0.0,0,90,1,743.48,0,0,0,0,0,0,0
1780641915.237,0,0,0,0,0,102.17,78.2,0.0,0.0,0.0,0.0,0.0,0,90,1,711.44,0,0,0,0,0,0,0
1780641915.256,0,0,0,0,0,103.23,78.53,0.0,0.0,0.0,0.0,0.0,0,90,1,682.16,0,0,0,0,0,0,0
1780641915.28,0,0,0,0,0,103.93,79.09,0.0,0.0,0.0,0.0,0.0,0,90,1,655.29,0,0,0,0,0,0,0
1780641915.299,0,0,0,0,0,104.48,79.74,0.0,0.0,0.0,0.0,0.0,0,90,1,630.26,0,0,0,0,0,0,0
1780641915.323,0,0,0,0,0,104.93,80.21,0.0,0.0,0.0,0.0,0.0,0,90,1,606.07,0,0,0,0,0,0,0
1780641915.342,0,0,0,0,0,104.8,80.22,0.0,0.0,0.0,0.0,0.0,0,90,1,581.05,0,0,0,0,0,0,0
1780641915.366,0,0,0,0,0,103.95,79.77,0.0,0.0,0.0,0.0,0.0,0,90,1,553.71,0,0,0,0,0,0,0
1780641915.39,0,0,0,0,0,103.09,79.26,0.0,0.0,0.0,0.0,0.0,0,90,1,523.9,0,0,0,0,0,0,0
1780641915.413,0,0,0,0,0,103.06,79.11,0.0,0.0,0.0,0.0,0.0,0,90,1,492.27,0,0,0,0,0,0,0
1780641915.431,0,0,0,0,0,103.91,79.35,0.0,0.0,0.0,0.0,0.0,0,90,1,459.09,0,0,0,0,0,0,0
1780641915.455,0,0,0,0,0,104.86,79.65,0.0,0.0,0.0,0.0,0.0,0,90,1,423.83,0,0,0,0,0,0,0
1780641915.475,0,0,0,0,0,105.33,79.72,0.0,0.0,0.0,0.0,0.0,0,90,1,385.67,0,0,0,0,0,0,0
1780641915.497,0,0,0,0,0,105.46,79.57,0.0,0.0,0.0,0.0,0.0,0,90,1,344.26,0,0,0,0,0,0,0
1780641915.518,0,0,0,0,0,105.6,79.37,0.0,0.0,0.0,0.0,0.0,0,90,1,300.28,0,0,0,0,0,0,0
1780641915.541,0,0,0,0,0,105.92,79.27,0.0,0.0,0.0,0.0,0.0,0,90,1,254.67,0,0,0,0,0,0,0
1780641915.561,0,0,0,0,0,106.37,79.29,0.0,0.0,0.0,0.0,0.0,0,90,1,207.5,0,0,0,0,0,0,0
1780641915.583,0,0,0,0,0,106.64,79.32,0.0,0.0,0.0,0.0,0.0,0,90,1,160.6,0,0,0,0,0,0,0
1780641915.602,0,0,0,0,0,106.53,79.3,0.0,0.0,0.0,0.0,0.0,0,90,1,116.42,0,0,0,0,0,0,0
1780641915.627,0,0,0,0,0,106.32,79.29,0.0,0.0,0.0,0.0,0.0,0,90,1,74.34,0,0,0,0,0,0,0
1780641915.645,0,0,0,0,0,106.42,79.37,0.0,0.0,0.0,0.0,0.0,0,90,1,40.51,0,0,0,0,0,0,0
1780641915.669,0,0,0,0,0,106.81,79.51,0.0,0.0,0.0,0.0,0.0,0,90,1,24.68,0,0,0,0,0,0,0
1780641915.689,0,0,0,0,0,107.13,79.55,0.0,0.0,0.0,0.0,0.0,0,90,1,21.84,0,0,0,0,0,0,0
1780641915.712,0,0,0,0,0,107.3,79.45,0.0,0.0,0.0,0.0,0.0,0,90,1,22.58,0,0,0,0,0,0,0
1780641915.731,0,0,0,0,0,107.67,79.42,0.0,0.0,0.0,0.0,0.0,0,90,1,23.48,0,0,0,0,0,0,0
1780641915.755,0,0,0,0,0,108.39,79.61,0.0,0.0,0.0,0.0,0.0,0,90,1,24.51,0,0,0,0,0,0,0
1780641915.778,0,0,0,0,0,108.87,79.8,0.0,0.0,0.0,0.0,0.0,0,90,1,25.79,0,0,0,0,0,0,0
1780641915.801,0,0,0,0,0,108.48,79.68,0.0,0.0,0.0,0.0,0.0,0,90,1,26.72,0,0,0,0,0,0,0
1780641915.821,0,0,0,0,0,107.63,79.36,0.0,0.0,0.0,0.0,0.0,0,90,1,26.85,0,0,0,0,0,0,0
1780641915.844,0,0,0,0,0,107.3,79.19,0.0,0.0,0.0,0.0,0.0,0,90,1,26.32,0,0,0,0,0,0,0
1780641915.864,0,0,0,0,0,108.03,79.23,0.0,0.0,0.0,0.0,0.0,0,90,1,25.6,0,0,0,0,0,0,0
1780641915.887,0,0,0,0,0,109.49,79.3,0.0,0.0,0.0,0.0,0.0,0,90,1,25.08,0,0,0,0,0,0,0
1780641915.907,0,0,0,0,0,110.82,79.22,0.0,0.0,0.0,0.0,0.0,0,90,1,24.85,0,0,0,0,0,0,0
1780641915.93,0,0,0,0,0,111.5,79.1,0.0,0.0,0.0,0.0,0.0,0,90,1,24.76,0,0,0,0,0,0,0
1780641915.95,0,0,0,0,0,111.36,79.12,0.0,0.0,0.0,0.0,0.0,0,90,1,24.51,0,0,0,0,0,0,0
1780641915.973,0,0,0,0,0,110.38,79.11,0.0,0.0,0.0,0.0,0.0,0,90,1,23.84,0,0,0,0,0,0,0
1780641915.993,0,0,0,0,0,108.81,78.87,0.0,0.0,0.0,0.0,0.0,0,90,1,22.73,0,0,0,0,0,0,0
1780641916.015,0,0,0,0,0,107.29,78.58,0.0,0.0,0.0,0.0,0.0,0,90,1,21.35,0,0,0,0,0,0,0
1780641916.035,0,0,0,0,0,106.47,78.46,0.0,0.0,0.0,0.0,0.0,0,90,1,19.89,0,0,0,0,0,0,0
1780641916.059,0,0,0,0,0,106.38,78.52,0.0,0.0,0.0,0.0,0.0,0,90,1,18.43,0,0,0,0,0,0,0
1780641916.078,0,0,0,0,0,106.54,78.61,0.0,0.0,0.0,0.0,0.0,0,90,1,16.99,0,0,0,0,0,0,0
1780641916.101,0,0,0,0,0,106.61,78.59,0.0,0.0,0.0,0.0,0.0,0,90,1,15.58,0,0,0,0,0,0,0
1780641916.12,0,0,0,0,0,106.57,78.5,0.0,0.0,0.0,0.0,0.0,0,90,1,14.17,0,0,0,0,0,0,0
1780641916.144,0,0,0,0,0,106.59,78.43,0.0,0.0,0.0,0.0,0.0,0,90,1,12.78,0,0,0,0,0,0,0
1780641916.163,0,0,0,0,0,106.74,78.43,0.0,0.0,0.0,0.0,0.0,0,90,1,11.4,0,0,0,0,0,0,0
1780641916.187,0,0,0,0,0,106.88,78.43,0.0,0.0,0.0,0.0,0.0,0,90,1,10.04,0,0,0,0,0,0,0
1780641916.206,0,0,0,0,0,106.92,78.38,0.0,0.0,0.0,0.0,0.0,0,90,1,8.65,0,0,0,0,0,0,0
1780641916.229,0,0,0,0,0,106.88,78.31,0.0,0.0,0.0,0.0,0.0,0,90,1,7.2,0,0,0,0,0,0,0
1780641916.248,0,0,0,0,0,106.87,78.26,0.0,0.0,0.0,0.0,0.0,0,90,1,5.84,0,0,0,0,0,0,0
1780641916.273,0,0,0,0,0,106.93,78.24,0.0,0.0,0.0,0.0,0.0,0,90,1,4.79,0,0,0,0,0,0,0
1780641916.293,0,0,0,0,0,107.02,78.23,0.0,0.0,0.0,0.0,0.0,0,90,1,4.12,0,0,0,0,0,0,0
1780641916.316,0,0,0,0,0,107.08,78.21,0.0,0.0,0.0,0.0,0.0,0,90,0,3.71,0,0,0,0,0,0,0
1780641916.334,0,0,0,0,0,107.08,78.15,0.0,0.0,0.0,0.0,0.0,0,90,0,3.47,0,0,0,0,0,0,0
1780641916.359,0,0,0,0,0,107.07,78.1,0.0,0.0,0.0,0.0,0.0,0,90,0,3.3,0,0,0,0,0,0,0
1780641916.378,0,0,0,0,0,107.1,78.06,0.0,0.0,0.0,0.0,0.0,0,90,0,3.18,0,0,0,0,0,0,0
1780641916.4,0,0,0,0,0,107.16,78.04,0.0,0.0,0.0,0.0,0.0,0,90,0,3.1,0,0,0,0,0,0,0
1780641916.42,0,0,0,0,0,107.2,78.0,0.0,0.0,0.0,0.0,0.0,0,90,0,3.01,0,0,0,0,0,0,0
1780641916.444,0,0,0,0,0,107.2,77.95,0.0,0.0,0.0,0.0,0.0,0,90,0,2.81,0,0,0,0,0,0,0
1780641916.467,0,0,0,0,0,107.21,77.89,0.0,0.0,0.0,0.0,0.0,0,90,0,2.49,0,0,0,0,0,0,0
1780641916.486,0,0,0,0,0,107.24,77.85,0.0,0.0,0.0,0.0,0.0,0,90,0,2.15,0,0,0,0,0,0,0
1780641916.511,0,0,0,0,0,107.29,77.81,0.0,0.0,0.0,0.0,0.0,0,90,0,1.92,0,0,0,0,0,0,0
1780641916.533,0,0,0,0,0,107.33,77.78,0.0,0.0,0.0,0.0,0.0,0,90,0,1.8,0,0,0,0,0,0,0
1780641916.558,0,0,0,0,0,107.37,77.74,0.0,0.0,0.0,0.0,0.0,0,90,0,1.71,0,0,0,0,0,0,0
1780641916.577,0,0,0,0,0,107.41,77.7,0.0,0.0,0.0,0.0,0.0,0,90,0,1.63,0,0,0,0,0,0,0
1780641916.6,0,0,0,0,0,107.45,77.65,0.0,0.0,0.0,0.0,0.0,0,90,0,1.56,0,0,0,0,0,0,0
1780641916.618,0,0,0,0,0,107.48,77.61,0.0,0.0,0.0,0.0,0.0,0,90,0,1.51,0,0,0,0,0,0,0
1780641916.643,0,0,0,0,0,107.51,77.57,0.0,0.0,0.0,0.0,0.0,0,90,0,1.49,0,0,0,0,0,0,0
1780641916.662,0,0,0,0,0,107.56,77.53,0.0,0.0,0.0,0.0,0.0,0,90,0,1.47,0,0,0,0,0,0,0
1780641916.686,0,0,0,0,0,107.6,77.49,0.0,0.0,0.0,0.0,0.0,0,90,0,1.45,0,0,0,0,0,0,0
1780641916.705,0,0,0,0,0,107.62,77.45,0.0,0.0,0.0,0.0,0.0,0,90,0,1.42,0,0,0,0,0,0,0
1780641916.728,0,0,0,0,0,107.65,77.42,0.0,0.0,0.0,0.0,0.0,0,90,0,1.39,0,0,0,0,0,0,0
1780641916.747,0,0,0,0,0,107.68,77.38,0.0,0.0,0.0,0.0,0.0,0,90,0,1.38,0,0,0,0,0,0,0
1780641916.77,0,0,0,0,0,107.7,77.33,0.0,0.0,0.0,0.0,0.0,0,90,0,1.37,0,0,0,0,0,0,0
1780641916.79,0,0,0,0,0,107.69,77.28,0.0,0.0,0.0,0.0,0.0,0,90,0,1.37,0,0,0,0,0,0,0
1780641916.814,0,0,0,0,0,107.69,77.22,0.0,0.0,0.0,0.0,0.0,0,90,0,1.37,0,0,0,0,0,0,0
1780641916.833,0,0,0,0,0,107.72,77.18,0.0,0.0,0.0,0.0,0.0,0,90,0,1.36,0,0,0,0,0,0,0
1780641916.856,0,0,0,0,0,107.75,77.14,0.0,0.0,0.0,0.0,0.0,0,90,0,1.33,0,0,0,0,0,0,0
1780641916.876,0,0,0,0,0,107.78,77.1,0.0,0.0,0.0,0.0,0.0,0,90,0,1.31,0,0,0,0,0,0,0
1780641916.899,0,0,0,0,0,107.8,77.05,0.0,0.0,0.0,0.0,0.0,0,90,0,1.31,0,0,0,0,0,0,0
1780641916.919,0,0,0,0,0,107.83,77.01,0.0,0.0,0.0,0.0,0.0,0,90,0,1.31,0,0,0,0,0,0,0
1780641916.942,0,0,0,0,0,107.85,76.96,0.0,0.0,0.0,0.0,0.0,0,90,0,1.31,0,0,0,0,0,0,0
1780641916.962,0,0,0,0,0,107.89,76.93,0.0,0.0,0.0,0.0,0.0,0,90,0,1.24,0,0,0,0,0,0,0
1780641916.985,0,0,0,0,0,107.92,76.89,0.0,0.0,0.0,0.0,0.0,0,90,0,1.03,0,0,0,0,0,0,0
1780641917.009,0,0,0,0,0,107.96,76.86,0.0,0.0,0.0,0.0,0.0,0,90,0,0.72,0,0,0,0,0,0,0
1780641917.032,0,0,0,0,0,107.98,76.82,0.0,0.0,0.0,0.0,0.0,0,90,0,0.41,0,0,0,0,0,0,0
1780641917.051,0,0,0,0,0,107.99,76.76,0.0,0.0,0.0,0.0,0.0,0,90,0,0.33,0,0,0,0,0,0,0
1780641917.075,0,0,0,0,0,108.0,76.72,0.0,0.0,0.0,0.0,0.0,0,90,0,0.33,0,0,0,0,0,0,0
1780641917.095,0,0,0,0,0,108.02,76.68,0.0,0.0,0.0,0.0,0.0,0,90,0,0.34,0,0,0,0,0,0,0
1780641917.117,0,0,0,0,0,108.05,76.64,0.0,0.0,0.0,0.0,0.0,0,90,0,0.35,0,0,0,0,0,0,0
1780641917.137,0,0,0,0,0,108.06,76.59,0.0,0.0,0.0,0.0,0.0,0,90,0,0.35,0,0,0,0,0,0,0
1780641917.161,0,0,0,0,0,108.04,76.53,0.0,0.0,0.0,0.0,0.0,0,90,0,0.35,0,0,0,0,0,0,0
1780641917.18,0,0,0,0,0,108.03,76.47,0.0,0.0,0.0,0.0,0.0,0,90,0,0.36,0,0,0,0,0,0,0
1780641917.203,0,0,0,0,0,108.04,76.42,0.0,0.0,0.0,0.0,0.0,0,90,0,0.36,0,0,0,0,0,0,0
1780641917.224,0,0,0,0,0,108.07,76.38,0.0,0.0,0.0,0.0,0.0,0,90,0,0.37,0,0,0,0,0,0,0
1780641917.246,0,0,0,0,0,108.1,76.34,0.0,0.0,0.0,0.0,0.0,0,90,0,0.37,0,0,0,0,0,0,0
1780641917.265,0,0,0,0,0,108.13,76.31,0.0,0.0,0.0,0.0,0.0,0,90,0,0.37,0,0,0,0,0,0,0
1780641917.29,0,0,0,0,0,108.15,76.27,0.0,0.0,0.0,0.0,0.0,0,90,0,0.37,0,0,0,0,0,0,0
1780641917.309,0,0,0,0,0,108.16,76.22,0.0,0.0,0.0,0.0,0.0,0,90,0,0.38,0,0,0,0,0,0,0
1780641917.332,0,0,0,0,0,108.15,76.17,0.0,0.0,0.0,0.0,0.0,0,90,0,0.38,0,0,0,0,0,0,0
1780641917.351,0,0,0,0,0,108.15,76.13,0.0,0.0,0.0,0.0,0.0,0,90,0,0.38,0,0,0,0,0,0,0
1780641917.375,0,0,0,0,0,108.16,76.09,0.0,0.0,0.0,0.0,0.0,0,90,0,0.39,0,0,0,0,0,0,0
1780641917.395,0,0,0,0,0,108.17,76.05,0.0,0.0,0.0,0.0,0.0,0,90,0,0.39,0,0,0,0,0,0,0
1780641917.416,0,0,0,0,0,108.18,76.0,0.0,0.0,0.0,0.0,0.0,0,90,0,0.39,0,0,0,0,0,0,0
1780641917.438,0,0,0,0,0,108.18,75.95,0.0,0.0,0.0,0.0,0.0,0,90,0,0.39,0,0,0,0,0,0,0
1780641917.462,0,0,0,0,0,108.18,75.91,0.0,0.0,0.0,0.0,0.0,0,90,0,0.39,0,0,0,0,0,0,0
1780641917.48,0,0,0,0,0,108.2,75.86,0.0,0.0,0.0,0.0,0.0,0,90,0,0.39,0,0,0,0,0,0,0
1780641917.503,0,0,0,0,0,108.21,75.82,0.0,0.0,0.0,0.0,0.0,0,90,0,0.39,0,0,0,0,0,0,0
1780641917.524,0,0,0,0,0,108.22,75.77,0.0,0.0,0.0,0.0,0.0,0,90,0,0.39,0,0,0,0,0,0,0
1780641917.547,0,0,0,0,0,108.23,75.73,0.0,0.0,0.0,0.0,0.0,0,90,0,0.4,0,0,0,0,0,0,0
1780641917.565,0,0,0,0,0,108.24,75.69,0.0,0.0,0.0,0.0,0.0,0,90,0,0.4,0,0,0,0,0,0,0
1780641917.591,0,0,0,0,0,108.24,75.64,0.0,0.0,0.0,0.0,0.0,0,90,0,0.4,0,0,0,0,0,0,0
1780641917.609,0,0,0,0,0,108.23,75.58,0.0,0.0,0.0,0.0,0.0,0,90,0,0.4,0,0,0,0,0,0,0
1780641917.632,0,0,0,0,0,108.23,75.54,0.0,0.0,0.0,0.0,0.0,0,90,0,0.4,0,0,0,0,0,0,0
1780641917.652,0,0,0,0,0,108.25,75.5,0.0,0.0,0.0,0.0,0.0,0,90,0,0.41,0,0,0,0,0,0,0
1780641917.676,0,0,0,0,0,108.27,75.46,0.0,0.0,0.0,0.0,0.0,0,90,0,0.41,0,0,0,0,0,0,0
1780641917.694,0,0,0,0,0,108.27,75.41,0.0,0.0,0.0,0.0,0.0,0,90,0,0.41,0,0,0,0,0,0,0
1780641917.719,0,0,0,0,0,108.27,75.35,0.0,0.0,0.0,0.0,0.0,0,90,0,0.41,0,0,0,0,0,0,0
1780641917.739,0,0,0,0,0,108.27,75.3,0.0,0.0,0.0,0.0,0.0,0,90,0,0.41,0,0,0,0,0,0,0
1780641917.761,0,0,0,0,0,108.28,75.26,0.0,0.0,0.0,0.0,0.0,0,90,0,0.41,0,0,0,0,0,0,0
1780641917.785,0,0,0,0,0,108.29,75.21,0.0,0.0,0.0,0.0,0.0,0,90,0,0.42,0,0,0,0,0,0,0
1780641917.81,0,0,0,0,0,108.28,75.16,0.0,0.0,0.0,0.0,0.0,0,90,0,0.42,0,0,0,0,0,0,0
1780641917.828,0,0,0,0,0,108.28,75.11,0.0,0.0,0.0,0.0,0.0,0,90,0,0.42,0,0,0,0,0,0,0
1780641917.851,0,0,0,0,0,108.27,75.07,0.0,0.0,0.0,0.0,0.0,0,90,0,0.42,0,0,0,0,0,0,0
1780641917.87,0,0,0,0,0,108.28,75.02,0.0,0.0,0.0,0.0,0.0,0,90,0,0.42,0,0,0,0,0,0,0
1780641917.894,0,0,0,0,0,108.28,74.97,0.0,0.0,0.0,0.0,0.0,0,90,0,0.42,0,0,0,0,0,0,0
1780641917.914,0,0,0,0,0,108.28,74.92,0.0,0.0,0.0,0.0,0.0,0,90,0,0.43,0,0,0,0,0,0,0
1780641917.936,0,0,0,0,0,108.28,74.87,0.0,0.0,0.0,0.0,0.0,0,90,0,0.43,0,0,0,0,0,0,0
1780641917.956,0,0,0,0,0,108.27,74.82,0.0,0.0,0.0,0.0,0.0,0,90,0,0.43,0,0,0,0,0,0,0
1780641917.98,0,0,0,0,0,108.27,74.77,0.0,0.0,0.0,0.0,0.0,0,90,0,0.43,0,0,0,0,0,0,0
1780641918.003,0,0,0,0,0,108.27,74.72,0.0,0.0,0.0,0.0,0.0,0,90,0,0.44,0,0,0,0,0,0,0
1780641918.027,0,0,0,0,0,108.28,74.68,0.0,0.0,0.0,0.0,0.0,0,90,0,0.44,0,0,0,0,0,0,0
1780641918.049,0,0,0,0,0,108.28,74.63,0.0,0.0,0.0,0.0,0.0,0,90,0,0.44,0,0,0,0,0,0,0
1780641918.069,0,0,0,0,0,108.27,74.59,0.0,0.0,0.0,0.0,0.0,0,90,0,0.44,0,0,0,0,0,0,0
1780641918.094,0,0,0,0,0,108.24,74.53,0.0,0.0,0.0,0.0,0.0,0,90,0,0.45,0,0,0,0,0,0,0
1780641918.113,0,0,0,0,0,108.21,74.47,0.0,0.0,0.0,0.0,0.0,0,90,0,0.45,0,0,0,0,0,0,0
1780641918.135,0,0,0,0,0,108.2,74.42,0.0,0.0,0.0,0.0,0.0,0,90,0,0.45,0,0,0,0,0,0,0
1780641918.154,0,0,0,0,0,108.21,74.38,0.0,0.0,0.0,0.0,0.0,0,90,0,0.45,0,0,0,0,0,0,0
1780641918.177,0,0,0,0,0,108.22,74.33,0.0,0.0,0.0,0.0,0.0,0,90,0,0.45,0,0,0,0,0,0,0
1780641918.196,0,0,0,0,0,108.21,74.28,0.0,0.0,0.0,0.0,0.0,0,90,0,0.46,0,0,0,0,0,0,0
1780641918.221,0,0,0,0,0,108.2,74.23,0.0,0.0,0.0,0.0,0.0,0,90,0,0.46,0,0,0,0,0,0,0
1780641918.24,0,0,0,0,0,108.2,74.18,0.0,0.0,0.0,0.0,0.0,0,90,0,0.46,0,0,0,0,0,0,0
1780641918.264,0,0,0,0,0,108.21,74.14,0.0,0.0,0.0,0.0,0.0,0,90,0,0.46,0,0,0,0,0,0,0
1780641918.282,0,0,0,0,0,108.21,74.09,0.0,0.0,0.0,0.0,0.0,0,90,0,0.47,0,0,0,0,0,0,0
1780641918.306,0,0,0,0,0,108.21,74.04,0.0,0.0,0.0,0.0,0.0,0,90,0,0.47,0,0,0,0,0,0,0
1780641918.329,0,0,0,0,0,108.19,73.99,0.0,0.0,0.0,0.0,0.0,0,90,0,0.47,0,0,0,0,0,0,0
1780641918.349,0,0,0,0,0,108.18,73.94,0.0,0.0,0.0,0.0,0.0,0,90,0,0.47,0,0,0,0,0,0,0
1780641918.368,0,0,0,0,0,108.18,73.89,0.0,0.0,0.0,0.0,0.0,0,90,0,0.48,0,0,0,0,0,0,0
1780641918.392,0,0,0,0,0,108.18,73.84,0.0,0.0,0.0,0.0,0.0,0,90,0,0.48,0,0,0,0,0,0,0
1780641918.411,0,0,0,0,0,108.17,73.79,0.0,0.0,0.0,0.0,0.0,0,90,0,0.48,0,0,0,0,0,0,0
1780641918.434,0,0,0,0,0,108.16,73.73,0.0,0.0,0.0,0.0,0.0,0,90,0,0.48,0,0,0,0,0,0,0
1780641918.454,0,0,0,0,0,108.16,73.68,0.0,0.0,0.0,0.0,0.0,0,90,0,0.49,0,0,0,0,0,0,0
1780641918.477,0,0,0,0,0,108.15,73.64,0.0,0.0,0.0,0.0,0.0,0,90,0,0.49,0,0,0,0,0,0,0
1780641918.497,0,0,0,0,0,108.13,73.6,0.0,0.0,0.0,0.0,0.0,0,90,0,0.49,0,0,0,0,0,0,0
1780641918.519,0,0,0,0,0,108.12,73.56,0.0,0.0,0.0,0.0,0.0,0,90,0,0.49,0,0,0,0,0,0,0
1780641918.541,0,0,0,0,0,108.11,73.52,0.0,0.0,0.0,0.0,0.0,0,90,0,0.49,0,0,0,0,0,0,0
1780641918.563,0,0,0,0,0,108.1,73.47,0.0,0.0,0.0,0.0,0.0,0,90,0,0.49,0,0,0,0,0,0,0
1780641918.582,0,0,0,0,0,108.09,73.43,0.0,0.0,0.0,0.0,0.0,0,90,0,0.49,0,0,0,0,0,0,0
1780641918.606,0,0,0,0,0,108.07,73.38,0.0,0.0,0.0,0.0,0.0,0,90,0,0.49,0,0,0,0,0,0,0
1780641918.626,0,0,0,0,0,108.05,73.33,0.0,0.0,0.0,0.0,0.0,0,90,0,0.49,0,0,0,0,0,0,0
1780641918.648,0,0,0,0,0,108.03,73.28,0.0,0.0,0.0,0.0,0.0,0,90,0,0.49,0,0,0,0,0,0,0
1780641918.668,0,0,0,0,0,108.03,73.24,0.0,0.0,0.0,0.0,0.0,0,90,0,0.49,0,0,0,0,0,0,0
1780641918.692,0,0,0,0,0,108.03,73.19,0.0,0.0,0.0,0.0,0.0,0,90,0,0.49,0,0,0,0,0,0,0
1780641918.71,0,0,0,0,0,108.03,73.13,0.0,0.0,0.0,0.0,0.0,0,90,0,0.49,0,0,0,0,0,0,0
1780641918.734,0,0,0,0,0,108.02,73.08,0.0,0.0,0.0,0.0,0.0,0,90,0,0.49,0,0,0,0,0,0,0
1780641918.758,0,0,0,0,0,108.01,73.04,0.0,0.0,0.0,0.0,0.0,0,90,0,0.49,0,0,0,0,0,0,0
1780641918.782,0,0,0,0,0,107.99,72.99,0.0,0.0,0.0,0.0,0.0,0,90,0,0.49,0,0,0,0,0,0,0
1780641918.8,0,0,0,0,0,107.96,72.94,0.0,0.0,0.0,0.0,0.0,0,90,0,0.49,0,0,0,0,0,0,0
1780641918.825,0,0,0,0,0,107.92,72.89,0.0,0.0,0.0,0.0,0.0,0,90,0,0.49,0,0,0,0,0,0,0
1780641918.844,0,0,0,0,0,107.89,72.83,0.0,0.0,0.0,0.0,0.0,0,90,0,0.49,0,0,0,0,0,0,0
1780641918.866,0,0,0,0,0,107.87,72.78,0.0,0.0,0.0,0.0,0.0,0,90,0,0.49,0,0,0,0,0,0,0
1780641918.886,0,0,0,0,0,107.87,72.74,0.0,0.0,0.0,0.0,0.0,0,90,0,0.49,0,0,0,0,0,0,0
1780641918.91,0,0,0,0,0,107.86,72.69,0.0,0.0,0.0,0.0,0.0,0,90,0,0.49,0,0,0,0,0,0,0
1780641918.93,0,0,0,0,0,107.85,72.64,0.0,0.0,0.0,0.0,0.0,0,90,0,0.49,0,0,0,0,0,0,0
1780641918.953,0,0,0,0,0,107.84,72.59,0.0,0.0,0.0,0.0,0.0,0,90,0,0.49,0,0,0,0,0,0,0
1780641918.972,0,0,0,0,0,107.82,72.54,0.0,0.0,0.0,0.0,0.0,0,90,0,0.49,0,0,0,0,0,0,0
1780641918.995,0,0,0,0,0,107.81,72.48,0.0,0.0,0.0,0.0,0.0,0,90,0,0.49,0,0,0,0,0,0,0
1780641919.014,0,0,0,0,0,107.8,72.43,0.0,0.0,0.0,0.0,0.0,0,90,0,0.49,0,0,0,0,0,0,0
1780641919.037,0,0,0,0,0,107.79,72.39,0.0,0.0,0.0,0.0,0.0,0,90,0,0.49,0,0,0,0,0,0,0
1780641919.058,0,0,0,0,0,107.77,72.34,0.0,0.0,0.0,0.0,0.0,0,90,0,0.49,0,0,0,0,0,0,0
1780641919.08,0,0,0,0,0,107.76,72.29,0.0,0.0,0.0,0.0,0.0,0,90,0,0.49,0,0,0,0,0,0,0
1780641919.1,0,0,0,0,0,107.74,72.23,0.0,0.0,0.0,0.0,0.0,0,90,0,0.49,0,0,0,0,0,0,0
1780641919.124,0,0,0,0,0,107.73,72.18,0.0,0.0,0.0,0.0,0.0,0,90,0,0.49,0,0,0,0,0,0,0
1780641919.146,0,0,0,0,0,107.71,72.13,0.0,0.0,0.0,0.0,0.0,0,90,0,0.49,0,0,0,0,0,0,0
1780641919.17,0,0,0,0,0,107.68,72.08,0.0,0.0,0.0,0.0,0.0,0,90,0,0.49,0,0,0,0,0,0,0
1780641919.191,0,0,0,0,0,107.66,72.03,0.0,0.0,0.0,0.0,0.0,0,90,0,0.49,0,0,0,0,0,0,0
1780641919.213,0,0,0,0,0,107.64,71.98,0.0,0.0,0.0,0.0,0.0,0,90,0,0.49,0,0,0,0,0,0,0
1780641919.232,0,0,0,0,0,107.62,71.93,0.0,0.0,0.0,0.0,0.0,0,90,0,0.49,0,0,0,0,0,0,0
1780641919.256,0,0,0,0,0,107.59,71.88,0.0,0.0,0.0,0.0,0.0,0,90,0,0.5,0,0,0,0,0,0,0
1780641919.275,0,0,0,0,0,107.57,71.83,0.0,0.0,0.0,0.0,0.0,0,90,0,0.5,0,0,0,0,0,0,0
1780641919.299,0,0,0,0,0,107.56,71.79,0.0,0.0,0.0,0.0,0.0,0,90,0,0.5,0,0,0,0,0,0,0
1780641919.324,0,0,0,0,0,107.55,71.74,0.0,0.0,0.0,0.0,0.0,0,90,0,0.5,0,0,0,0,0,0,0
1780641919.346,0,0,0,0,0,107.54,71.68,0.0,0.0,0.0,0.0,0.0,0,90,0,0.5,0,0,0,0,0,0,0
1780641919.365,0,0,0,0,0,107.52,71.63,0.0,0.0,0.0,0.0,0.0,0,90,0,0.5,0,0,0,0,0,0,0
1780641919.389,0,0,0,0,0,107.49,71.58,0.0,0.0,0.0,0.0,0.0,0,90,0,0.5,0,0,0,0,0,0,0
1780641919.412,0,0,0,0,0,107.47,71.53,0.0,0.0,0.0,0.0,0.0,0,90,0,0.5,0,0,0,0,0,0,0
1780641919.431,0,0,0,0,0,107.46,71.48,0.0,0.0,0.0,0.0,0.0,0,90,0,0.51,0,0,0,0,0,0,0
1780641919.454,0,0,0,0,0,107.45,71.42,0.0,0.0,0.0,0.0,0.0,0,90,0,0.51,0,0,0,0,0,0,0
1780641919.474,0,0,0,0,0,107.44,71.37,0.0,0.0,0.0,0.0,0.0,0,90,0,0.51,0,0,0,0,0,0,0
1780641919.497,0,0,0,0,0,107.42,71.32,0.0,0.0,0.0,0.0,0.0,0,90,0,0.51,0,0,0,0,0,0,0
1780641919.517,0,0,0,0,0,107.38,71.28,0.0,0.0,0.0,0.0,0.0,0,90,0,0.52,0,0,0,0,0,0,0
1780641919.541,0,0,0,0,0,107.35,71.23,0.0,0.0,0.0,0.0,0.0,0,90,0,0.52,0,0,0,0,0,0,0
1780641919.559,0,0,0,0,0,107.32,71.18,0.0,0.0,0.0,0.0,0.0,0,90,0,0.52,0,0,0,0,0,0,0
1780641919.583,0,0,0,0,0,107.29,71.13,0.0,0.0,0.0,0.0,0.0,0,90,0,0.52,0,0,0,0,0,0,0
1780641919.602,0,0,0,0,0,107.26,71.08,0.0,0.0,0.0,0.0,0.0,0,90,0,0.52,0,0,0,0,0,0,0
1780641919.625,0,0,0,0,0,107.23,71.03,0.0,0.0,0.0,0.0,0.0,0,90,0,0.52,0,0,0,0,0,0,0
1780641919.646,0,0,0,0,0,107.21,70.98,0.0,0.0,0.0,0.0,0.0,0,90,0,0.53,0,0,0,0,0,0,0
1780641919.668,0,0,0,0,0,107.2,70.93,0.0,0.0,0.0,0.0,0.0,0,90,0,0.53,0,0,0,0,0,0,0
1780641919.687,0,0,0,0,0,107.19,70.88,0.0,0.0,0.0,0.0,0.0,0,90,0,0.53,0,0,0,0,0,0,0
1780641919.711,0,0,0,0,0,107.19,70.82,0.0,0.0,0.0,0.0,0.0,0,90,0,0.53,0,0,0,0,0,0,0
1780641919.731,0,0,0,0,0,107.17,70.77,0.0,0.0,0.0,0.0,0.0,0,90,0,0.53,0,0,0,0,0,0,0
1780641919.754,0,0,0,0,0,107.13,70.73,0.0,0.0,0.0,0.0,0.0,0,90,0,0.53,0,0,0,0,0,0,0
1780641919.778,0,0,0,0,0,107.1,70.68,0.0,0.0,0.0,0.0,0.0,0,90,0,0.53,0,0,0,0,0,0,0
1780641919.801,0,0,0,0,0,107.07,70.62,0.0,0.0,0.0,0.0,0.0,0,90,0,0.53,0,0,0,0,0,0,0
1780641919.821,0,0,0,0,0,107.04,70.56,0.0,0.0,0.0,0.0,0.0,0,90,0,0.53,0,0,0,0,0,0,0
1780641919.846,0,0,0,0,0,107.0,70.51,0.0,0.0,0.0,0.0,0.0,0,90,0,0.53,0,0,0,0,0,0,0
1780641919.863,0,0,0,0,0,106.97,70.46,0.0,0.0,0.0,0.0,0.0,0,90,0,0.53,0,0,0,0,0,0,0
1780641919.886,0,0,0,0,0,106.94,70.42,0.0,0.0,0.0,0.0,0.0,0,90,0,0.53,0,0,0,0,0,0,0
1780641919.906,0,0,0,0,0,106.93,70.37,0.0,0.0,0.0,0.0,0.0,0,90,0,0.53,0,0,0,0,0,0,0
1780641919.93,0,0,0,0,0,106.92,70.32,0.0,0.0,0.0,0.0,0.0,0,90,0,0.53,0,0,0,0,0,0,0
1780641919.948,0,0,0,0,0,106.91,70.26,0.0,0.0,0.0,0.0,0.0,0,90,0,0.53,0,0,0,0,0,0,0
1780641919.972,0,0,0,0,0,106.89,70.21,0.0,0.0,0.0,0.0,0.0,0,90,0,0.53,0,0,0,0,0,0,0
1780641919.991,0,0,0,0,0,106.85,70.16,0.0,0.0,0.0,0.0,0.0,0,90,0,0.53,0,0,0,0,0,0,0
1780641920.015,0,0,0,0,0,106.82,70.11,0.0,0.0,0.0,0.0,0.0,0,90,0,0.53,0,0,0,0,0,0,0
1780641920.034,0,0,0,0,0,106.78,70.06,0.0,0.0,0.0,0.0,0.0,0,90,0,0.53,0,0,0,0,0,0,0
1780641920.059,0,0,0,0,0,106.74,70.0,0.0,0.0,0.0,0.0,0.0,0,90,0,0.53,0,0,0,0,0,0,0
1780641920.078,0,0,0,0,0,106.71,69.94,0.0,0.0,0.0,0.0,0.0,0,90,0,0.53,0,0,0,0,0,0,0
1780641920.1,0,0,0,0,0,106.67,69.89,0.0,0.0,0.0,0.0,0.0,0,90,0,0.53,0,0,0,0,0,0,0
1780641920.119,0,0,0,0,0,106.65,69.85,0.0,0.0,0.0,0.0,0.0,0,90,0,0.53,0,0,0,0,0,0,0
1780641920.143,0,0,0,0,0,106.64,69.81,0.0,0.0,0.0,0.0,0.0,0,90,0,0.53,0,0,0,0,0,0,0
1780641920.164,0,0,0,0,0,106.64,69.76,0.0,0.0,0.0,0.0,0.0,0,90,0,0.53,0,0,0,0,0,0,0
1780641920.186,0,0,0,0,0,106.64,69.7,0.0,0.0,0.0,0.0,0.0,0,90,0,0.53,0,0,0,0,0,0,0
1780641920.206,0,0,0,0,0,106.64,69.64,0.0,0.0,0.0,0.0,0.0,0,90,0,0.54,0,0,0,0,0,0,0
1780641920.231,0,0,0,0,0,106.63,69.59,0.0,0.0,0.0,0.0,0.0,0,90,0,0.54,0,0,0,0,0,0,0
1780641920.249,0,0,0,0,0,106.61,69.55,0.0,0.0,0.0,0.0,0.0,0,90,0,0.54,0,0,0,0,0,0,0
1780641920.273,0,0,0,0,0,106.57,69.5,0.0,0.0,0.0,0.0,0.0,0,90,0,0.54,0,0,0,0,0,0,0
1780641920.296,0,0,0,0,0,106.51,69.45,0.0,0.0,0.0,0.0,0.0,0,90,0,0.54,0,0,0,0,0,0,0
1780641920.32,0,0,0,0,0,106.45,69.39,0.0,0.0,0.0,0.0,0.0,0,90,0,0.54,0,0,0,0,0,0,0
1780641920.34,0,0,0,0,0,106.4,69.34,0.0,0.0,0.0,0.0,0.0,0,90,0,0.54,0,0,0,0,0,0,0
1780641920.362,0,0,0,0,0,106.38,69.29,0.0,0.0,0.0,0.0,0.0,0,90,0,0.54,0,0,0,0,0,0,0
1780641920.383,0,0,0,0,0,106.36,69.24,0.0,0.0,0.0,0.0,0.0,0,90,0,0.54,0,0,0,0,0,0,0
1780641920.404,0,0,0,0,0,106.33,69.19,0.0,0.0,0.0,0.0,0.0,0,90,0,0.54,0,0,0,0,0,0,0
1780641920.425,0,0,0,0,0,106.3,69.14,0.0,0.0,0.0,0.0,0.0,0,90,0,0.54,0,0,0,0,0,0,0
1780641920.448,0,0,0,0,0,106.27,69.09,0.0,0.0,0.0,0.0,0.0,0,90,0,0.54,0,0,0,0,0,0,0
1780641920.467,0,0,0,0,0,106.24,69.04,0.0,0.0,0.0,0.0,0.0,0,90,0,0.54,0,0,0,0,0,0,0
1780641920.492,0,0,0,0,0,106.21,68.99,0.0,0.0,0.0,0.0,0.0,0,90,0,0.54,0,0,0,0,0,0,0
1780641920.51,0,0,0,0,0,106.18,68.94,0.0,0.0,0.0,0.0,0.0,0,90,0,0.54,0,0,0,0,0,0,0
1780641920.533,0,0,0,0,0,106.15,68.89,0.0,0.0,0.0,0.0,0.0,0,90,0,0.54,0,0,0,0,0,0,0
1780641920.552,0,0,0,0,0,106.11,68.83,0.0,0.0,0.0,0.0,0.0,0,90,0,0.54,0,0,0,0,0,0,0
1780641920.577,0,0,0,0,0,106.08,68.78,0.0,0.0,0.0,0.0,0.0,0,90,0,0.54,0,0,0,0,0,0,0
1780641920.596,0,0,0,0,0,106.05,68.74,0.0,0.0,0.0,0.0,0.0,0,90,0,0.54,0,0,0,0,0,0,0
1780641920.62,0,0,0,0,0,106.04,68.7,0.0,0.0,0.0,0.0,0.0,0,90,0,0.54,0,0,0,0,0,0,0
1780641920.639,0,0,0,0,0,106.03,68.65,0.0,0.0,0.0,0.0,0.0,0,90,0,0.54,0,0,0,0,0,0,0
1780641920.662,0,0,0,0,0,106.03,68.59,0.0,0.0,0.0,0.0,0.0,0,90,0,0.54,0,0,0,0,0,0,0
1780641920.682,0,0,0,0,0,106.01,68.54,0.0,0.0,0.0,0.0,0.0,0,90,0,0.54,0,0,0,0,0,0,0
1780641920.706,0,0,0,0,0,105.98,68.49,0.0,0.0,0.0,0.0,0.0,0,90,0,0.54,0,0,0,0,0,0,0
1780641920.725,0,0,0,0,0,105.93,68.45,0.0,0.0,0.0,0.0,0.0,0,90,0,0.54,0,0,0,0,0,0,0
1780641920.748,0,0,0,0,0,105.89,68.41,0.0,0.0,0.0,0.0,0.0,0,90,0,0.54,0,0,0,0,0,0,0
1780641920.767,0,0,0,0,0,105.86,68.35,0.0,0.0,0.0,0.0,0.0,0,90,0,0.53,0,0,0,0,0,0,0
1780641920.792,0,0,0,0,0,105.84,68.3,0.0,0.0,0.0,0.0,0.0,0,90,0,0.53,0,0,0,0,0,0,0
1780641920.81,0,0,0,0,0,105.81,68.24,0.0,0.0,0.0,0.0,0.0,0,90,0,0.53,0,0,0,0,0,0,0
1780641920.834,0,0,0,0,0,105.77,68.2,0.0,0.0,0.0,0.0,0.0,0,90,0,0.53,0,0,0,0,0,0,0
1780641920.852,0,0,0,0,0,105.73,68.16,0.0,0.0,0.0,0.0,0.0,0,90,0,0.53,0,0,0,0,0,0,0
1780641920.877,0,0,0,0,0,105.69,68.11,0.0,0.0,0.0,0.0,0.0,0,90,0,0.53,0,0,0,0,0,0,0
1780641920.896,0,0,0,0,0,105.64,68.04,0.0,0.0,0.0,0.0,0.0,0,90,0,0.53,0,0,0,0,0,0,0
1780641920.92,0,0,0,0,0,105.59,67.98,0.0,0.0,0.0,0.0,0.0,0,90,0,0.53,0,0,0,0,0,0,0
1780641920.938,0,0,0,0,0,105.56,67.93,0.0,0.0,0.0,0.0,0.0,0,90,0,0.53,0,0,0,0,0,0,0
1780641920.962,0,0,0,0,0,105.54,67.89,0.0,0.0,0.0,0.0,0.0,0,90,0,0.53,0,0,0,0,0,0,0
1780641920.986,0,0,0,0,0,105.53,67.84,0.0,0.0,0.0,0.0,0.0,0,90,0,0.53,0,0,0,0,0,0,0
1780641921.01,0,0,0,0,0,105.51,67.79,0.0,0.0,0.0,0.0,0.0,0,90,0,0.53,0,0,0,0,0,0,0
1780641921.029,0,0,0,0,0,105.49,67.73,0.0,0.0,0.0,0.0,0.0,0,90,0,0.53,0,0,0,0,0,0,0
1780641921.051,0,0,0,0,0,105.45,67.68,0.0,0.0,0.0,0.0,0.0,0,90,0,0.53,0,0,0,0,0,0,0
1780641921.075,0,0,0,0,0,105.41,67.62,0.0,0.0,0.0,0.0,0.0,0,90,0,0.53,0,0,0,0,0,0,0
1780641921.095,0,0,0,0,0,105.37,67.57,0.0,0.0,0.0,0.0,0.0,0,90,0,0.53,0,0,0,0,0,0,0
1780641921.118,0,0,0,0,0,105.34,67.53,0.0,0.0,0.0,0.0,0.0,0,90,0,0.53,0,0,0,0,0,0,0
1780641921.137,0,0,0,0,0,105.3,67.48,0.0,0.0,0.0,0.0,0.0,0,90,0,0.53,0,0,0,0,0,0,0
1780641921.161,0,0,0,0,0,105.26,67.42,0.0,0.0,0.0,0.0,0.0,0,90,0,0.53,0,0,0,0,0,0,0
1780641921.18,0,0,0,0,0,105.22,67.37,0.0,0.0,0.0,0.0,0.0,0,90,0,0.53,0,0,0,0,0,0,0
1780641921.204,0,0,0,0,0,105.19,67.32,0.0,0.0,0.0,0.0,0.0,0,90,0,0.53,0,0,0,0,0,0,0
1780641921.228,0,0,0,0,0,105.16,67.28,0.0,0.0,0.0,0.0,0.0,0,90,0,0.53,0,0,0,0,0,0,0
1780641921.251,0,0,0,0,0,105.15,67.23,0.0,0.0,0.0,0.0,0.0,0,90,0,0.53,0,0,0,0,0,0,0
1780641921.27,0,0,0,0,0,105.14,67.18,0.0,0.0,0.0,0.0,0.0,0,90,0,0.53,0,0,0,0,0,0,0
1780641921.294,0,0,0,0,0,105.13,67.12,0.0,0.0,0.0,0.0,0.0,0,90,0,0.53,0,0,0,0,0,0,0
1780641921.313,0,0,0,0,0,105.1,67.07,0.0,0.0,0.0,0.0,0.0,0,90,0,0.53,0,0,0,0,0,0,0
1780641921.336,0,0,0,0,0,105.05,67.02,0.0,0.0,0.0,0.0,0.0,0,90,0,0.53,0,0,0,0,0,0,0
1780641921.356,0,0,0,0,0,104.99,66.98,0.0,0.0,0.0,0.0,0.0,0,90,0,0.53,0,0,0,0,0,0,0
1780641921.379,0,0,0,0,0,104.94,66.93,0.0,0.0,0.0,0.0,0.0,0,90,0,0.53,0,0,0,0,0,0,0
1780641921.399,0,0,0,0,0,104.88,66.88,0.0,0.0,0.0,0.0,0.0,0,90,0,0.53,0,0,0,0,0,0,0
1780641921.423,0,0,0,0,0,104.84,66.83,0.0,0.0,0.0,0.0,0.0,0,90,0,0.53,0,0,0,0,0,0,0
1780641921.442,0,0,0,0,0,104.79,66.78,0.0,0.0,0.0,0.0,0.0,0,90,0,0.53,0,0,0,0,0,0,0
1780641921.466,0,0,0,0,0,104.76,66.74,0.0,0.0,0.0,0.0,0.0,0,90,0,0.53,0,0,0,0,0,0,0
1780641921.483,0,0,0,0,0,104.73,66.69,0.0,0.0,0.0,0.0,0.0,0,90,0,0.53,0,0,0,0,0,0,0
1780641921.508,0,0,0,0,0,104.7,66.64,0.0,0.0,0.0,0.0,0.0,0,90,0,0.53,0,0,0,0,0,0,0
1780641921.527,0,0,0,0,0,104.66,66.59,0.0,0.0,0.0,0.0,0.0,0,90,0,0.53,0,0,0,0,0,0,0
1780641921.549,0,0,0,0,0,104.62,66.54,0.0,0.0,0.0,0.0,0.0,0,90,0,0.53,0,0,0,0,0,0,0
1780641921.575,0,0,0,0,0,104.59,66.49,0.0,0.0,0.0,0.0,0.0,0,90,0,0.53,0,0,0,0,0,0,0
1780641921.597,0,0,0,0,0,104.56,66.44,0.0,0.0,0.0,0.0,0.0,0,90,0,0.53,0,0,0,0,0,0,0
1780641921.616,0,0,0,0,0,104.52,66.38,0.0,0.0,0.0,0.0,0.0,0,90,0,0.53,0,0,0,0,0,0,0
1780641921.641,0,0,0,0,0,104.48,66.33,0.0,0.0,0.0,0.0,0.0,0,90,0,0.53,0,0,0,0,0,0,0
1780641921.659,0,0,0,0,0,104.45,66.28,0.0,0.0,0.0,0.0,0.0,0,90,0,0.53,0,0,0,0,0,0,0
1780641921.683,0,0,0,0,0,104.42,66.23,0.0,0.0,0.0,0.0,0.0,0,90,0,0.53,0,0,0,0,0,0,0
1780641921.702,0,0,0,0,0,104.39,66.18,0.0,0.0,0.0,0.0,0.0,0,90,0,0.53,0,0,0,0,0,0,0
1780641921.726,0,0,0,0,0,104.37,66.13,0.0,0.0,0.0,0.0,0.0,0,90,0,0.53,0,0,0,0,0,0,0
1780641921.744,0,0,0,0,0,104.35,66.07,0.0,0.0,0.0,0.0,0.0,0,90,0,0.53,0,0,0,0,0,0,0
1780641921.769,0,0,0,0,0,104.33,66.02,0.0,0.0,0.0,0.0,0.0,0,90,0,0.53,0,0,0,0,0,0,0
1780641921.789,0,0,0,0,0,104.29,65.97,0.0,0.0,0.0,0.0,0.0,0,90,0,0.53,0,0,0,0,0,0,0
1780641921.811,0,0,0,0,0,104.25,65.93,0.0,0.0,0.0,0.0,0.0,0,90,0,0.53,0,0,0,0,0,0,0
1780641921.83,0,0,0,0,0,104.22,65.88,0.0,0.0,0.0,0.0,0.0,0,90,0,0.53,0,0,0,0,0,0,0
1780641921.854,0,0,0,0,0,104.19,65.82,0.0,0.0,0.0,0.0,0.0,0,90,0,0.53,0,0,0,0,0,0,0
1780641921.874,0,0,0,0,0,104.16,65.77,0.0,0.0,0.0,0.0,0.0,0,90,0,0.53,0,0,0,0,0,0,0
1780641921.897,0,0,0,0,0,104.11,65.72,0.0,0.0,0.0,0.0,0.0,0,90,0,0.53,0,0,0,0,0,0,0
1780641921.917,0,0,0,0,0,104.07,65.68,0.0,0.0,0.0,0.0,0.0,0,90,0,0.53,0,0,0,0,0,0,0
1780641921.94,0,0,0,0,0,104.04,65.63,0.0,0.0,0.0,0.0,0.0,0,90,0,0.52,0,0,0,0,0,0,0
1780641921.96,0,0,0,0,0,104.01,65.57,0.0,0.0,0.0,0.0,0.0,0,90,0,0.52,0,0,0,0,0,0,0
1780641921.984,0,0,0,0,0,103.98,65.52,0.0,0.0,0.0,0.0,0.0,0,90,0,0.52,0,0,0,0,0,0,0
1780641922.003,0,0,0,0,0,103.93,65.47,0.0,0.0,0.0,0.0,0.0,0,90,0,0.52,0,0,0,0,0,0,0
1780641922.027,0,0,0,0,0,103.89,65.42,0.0,0.0,0.0,0.0,0.0,0,90,0,0.52,0,0,0,0,0,0,0
1780641922.045,0,0,0,0,0,103.86,65.38,0.0,0.0,0.0,0.0,0.0,0,90,0,0.52,0,0,0,0,0,0,0
1780641922.07,0,0,0,0,0,103.83,65.33,0.0,0.0,0.0,0.0,0.0,0,90,0,0.52,0,0,0,0,0,0,0
1780641922.088,0,0,0,0,0,103.79,65.27,0.0,0.0,0.0,0.0,0.0,0,90,0,0.52,0,0,0,0,0,0,0
1780641922.112,0,0,0,0,0,103.74,65.22,0.0,0.0,0.0,0.0,0.0,0,90,0,0.52,0,0,0,0,0,0,0
1780641922.132,0,0,0,0,0,103.69,65.18,0.0,0.0,0.0,0.0,0.0,0,90,0,0.52,0,0,0,0,0,0,0
1780641922.155,0,0,0,0,0,103.65,65.13,0.0,0.0,0.0,0.0,0.0,0,90,0,0.52,0,0,0,0,0,0,0
1780641922.175,0,0,0,0,0,103.62,65.08,0.0,0.0,0.0,0.0,0.0,0,90,0,0.52,0,0,0,0,0,0,0
1780641922.198,0,0,0,0,0,103.6,65.02,0.0,0.0,0.0,0.0,0.0,0,90,0,0.52,0,0,0,0,0,0,0
1780641922.218,0,0,0,0,0,103.58,64.97,0.0,0.0,0.0,0.0,0.0,0,90,0,0.52,0,0,0,0,0,0,0
1780641922.24,0,0,0,0,0,103.55,64.93,0.0,0.0,0.0,0.0,0.0,0,90,0,0.52,0,0,0,0,0,0,0
1780641922.26,0,0,0,0,0,103.51,64.88,0.0,0.0,0.0,0.0,0.0,0,90,0,0.52,0,0,0,0,0,0,0
1780641922.283,0,0,0,0,0,103.48,64.83,0.0,0.0,0.0,0.0,0.0,0,90,0,0.52,0,0,0,0,0,0,0
1780641922.302,0,0,0,0,0,103.46,64.77,0.0,0.0,0.0,0.0,0.0,0,90,0,0.52,0,0,0,0,0,0,0
1780641922.326,0,0,0,0,0,103.45,64.72,0.0,0.0,0.0,0.0,0.0,0,90,0,0.53,0,0,0,0,0,0,0
1780641922.346,0,0,0,0,0,103.41,64.67,0.0,0.0,0.0,0.0,0.0,0,90,0,0.53,0,0,0,0,0,0,0
1780641922.37,0,0,0,0,0,103.35,64.62,0.0,0.0,0.0,0.0,0.0,0,90,0,0.53,0,0,0,0,0,0,0
1780641922.389,0,0,0,0,0,103.29,64.58,0.0,0.0,0.0,0.0,0.0,0,90,0,0.53,0,0,0,0,0,0,0
1780641922.412,0,0,0,0,0,103.23,64.53,0.0,0.0,0.0,0.0,0.0,0,90,0,0.53,0,0,0,0,0,0,0
1780641922.432,0,0,0,0,0,103.17,64.48,0.0,0.0,0.0,0.0,0.0,0,90,0,0.53,0,0,0,0,0,0,0
1780641922.455,0,0,0,0,0,103.12,64.43,0.0,0.0,0.0,0.0,0.0,0,90,0,0.53,0,0,0,0,0,0,0
1780641922.475,0,0,0,0,0,103.08,64.39,0.0,0.0,0.0,0.0,0.0,0,90,0,0.52,0,0,0,0,0,0,0
1780641922.498,0,0,0,0,0,103.04,64.35,0.0,0.0,0.0,0.0,0.0,0,90,0,0.52,0,0,0,0,0,0,0
1780641922.518,0,0,0,0,0,103.01,64.3,0.0,0.0,0.0,0.0,0.0,0,90,0,0.52,0,0,0,0,0,0,0
1780641922.541,0,0,0,0,0,102.97,64.25,0.0,0.0,0.0,0.0,0.0,0,90,0,0.52,0,0,0,0,0,0,0
1780641922.56,0,0,0,0,0,102.94,64.19,0.0,0.0,0.0,0.0,0.0,0,90,0,0.52,0,0,0,0,0,0,0
1780641922.583,0,0,0,0,0,102.9,64.14,0.0,0.0,0.0,0.0,0.0,0,90,0,0.52,0,0,0,0,0,0,0
1780641922.602,0,0,0,0,0,102.87,64.08,0.0,0.0,0.0,0.0,0.0,0,90,0,0.52,0,0,0,0,0,0,0
1780641922.626,0,0,0,0,0,102.83,64.03,0.0,0.0,0.0,0.0,0.0,0,90,0,0.52,0,0,0,0,0,0,0
1780641922.647,0,0,0,0,0,102.8,63.99,0.0,0.0,0.0,0.0,0.0,0,90,0,0.52,0,0,0,0,0,0,0
1780641922.669,0,0,0,0,0,102.77,63.95,0.0,0.0,0.0,0.0,0.0,0,90,0,0.51,0,0,0,0,0,0,0
1780641922.689,0,0,0,0,0,102.73,63.89,0.0,0.0,0.0,0.0,0.0,0,90,0,0.51,0,0,0,0,0,0,0
1780641922.712,0,0,0,0,0,102.68,63.84,0.0,0.0,0.0,0.0,0.0,0,90,0,0.51,0,0,0,0,0,0,0
1780641922.731,0,0,0,0,0,102.64,63.79,0.0,0.0,0.0,0.0,0.0,0,90,0,0.51,0,0,0,0,0,0,0
1780641922.755,0,0,0,0,0,102.61,63.74,0.0,0.0,0.0,0.0,0.0,0,90,0,0.51,0,0,0,0,0,0,0
1780641922.775,0,0,0,0,0,102.57,63.7,0.0,0.0,0.0,0.0,0.0,0,90,0,0.51,0,0,0,0,0,0,0
1780641922.798,0,0,0,0,0,102.53,63.65,0.0,0.0,0.0,0.0,0.0,0,90,0,0.51,0,0,0,0,0,0,0
1780641922.818,0,0,0,0,0,102.48,63.6,0.0,0.0,0.0,0.0,0.0,0,90,0,0.51,0,0,0,0,0,0,0
1780641922.841,0,0,0,0,0,102.44,63.55,0.0,0.0,0.0,0.0,0.0,0,90,0,0.51,0,0,0,0,0,0,0
1780641922.86,0,0,0,0,0,102.4,63.5,0.0,0.0,0.0,0.0,0.0,0,90,0,0.51,0,0,0,0,0,0,0
1780641922.884,0,0,0,0,0,102.37,63.45,0.0,0.0,0.0,0.0,0.0,0,90,0,0.51,0,0,0,0,0,0,0
1780641922.903,0,0,0,0,0,102.33,63.4,0.0,0.0,0.0,0.0,0.0,0,90,0,0.51,0,0,0,0,0,0,0
1780641922.927,0,0,0,0,0,102.3,63.35,0.0,0.0,0.0,0.0,0.0,0,90,0,0.51,0,0,0,0,0,0,0
1780641922.947,0,0,0,0,0,102.26,63.29,0.0,0.0,0.0,0.0,0.0,0,90,0,0.51,0,0,0,0,0,0,0
1780641922.97,0,0,0,0,0,102.22,63.24,0.0,0.0,0.0,0.0,0.0,0,90,0,0.51,0,0,0,0,0,0,0
1780641922.988,0,0,0,0,0,102.18,63.19,0.0,0.0,0.0,0.0,0.0,0,90,0,0.51,0,0,0,0,0,0,0
1780641923.011,0,0,0,0,0,102.14,63.14,0.0,0.0,0.0,0.0,0.0,0,90,0,0.51,0,0,0,0,0,0,0
1780641923.031,0,0,0,0,0,102.1,63.09,0.0,0.0,0.0,0.0,0.0,0,90,0,0.51,0,0,0,0,0,0,0
1780641923.056,0,0,0,0,0,102.07,63.04,0.0,0.0,0.0,0.0,0.0,0,90,0,0.51,0,0,0,0,0,0,0
1780641923.075,0,0,0,0,0,102.03,62.99,0.0,0.0,0.0,0.0,0.0,0,90,0,0.51,0,0,0,0,0,0,0
1780641923.098,0,0,0,0,0,102.0,62.94,0.0,0.0,0.0,0.0,0.0,0,90,0,0.51,0,0,0,0,0,0,0
1780641923.117,0,0,0,0,0,101.96,62.89,0.0,0.0,0.0,0.0,0.0,0,90,0,0.51,0,0,0,0,0,0,0
1780641923.141,0,0,0,0,0,101.92,62.84,0.0,0.0,0.0,0.0,0.0,0,90,0,0.51,0,0,0,0,0,0,0
1780641923.161,0,0,0,0,0,101.89,62.8,0.0,0.0,0.0,0.0,0.0,0,90,0,0.51,0,0,0,0,0,0,0
1780641923.184,0,0,0,0,0,101.85,62.75,0.0,0.0,0.0,0.0,0.0,0,90,0,0.51,0,0,0,0,0,0,0
1780641923.204,0,0,0,0,0,101.8,62.69,0.0,0.0,0.0,0.0,0.0,0,90,0,0.51,0,0,0,0,0,0,0
1780641923.227,0,0,0,0,0,101.74,62.64,0.0,0.0,0.0,0.0,0.0,0,90,0,0.51,0,0,0,0,0,0,0
1780641923.246,0,0,0,0,0,101.7,62.59,0.0,0.0,0.0,0.0,0.0,0,90,0,0.51,0,0,0,0,0,0,0
1780641923.27,0,0,0,0,0,101.68,62.55,0.0,0.0,0.0,0.0,0.0,0,90,0,0.51,0,0,0,0,0,0,0
1780641923.29,0,0,0,0,0,101.65,62.5,0.0,0.0,0.0,0.0,0.0,0,90,0,0.51,0,0,0,0,0,0,0
1780641923.312,0,0,0,0,0,101.61,62.45,0.0,0.0,0.0,0.0,0.0,0,90,0,0.51,0,0,0,0,0,0,0
1780641923.332,0,0,0,0,0,101.57,62.4,0.0,0.0,0.0,0.0,0.0,0,90,0,0.51,0,0,0,0,0,0,0
1780641923.356,0,0,0,0,0,101.53,62.34,0.0,0.0,0.0,0.0,0.0,0,90,0,0.51,0,0,0,0,0,0,0
1780641923.379,0,0,0,0,0,101.5,62.29,0.0,0.0,0.0,0.0,0.0,0,90,0,0.52,0,0,0,0,0,0,0
1780641923.402,0,0,0,0,0,101.46,62.24,0.0,0.0,0.0,0.0,0.0,0,90,0,0.52,0,0,0,0,0,0,0
1780641923.427,0,0,0,0,0,101.44,62.19,0.0,0.0,0.0,0.0,0.0,0,90,0,0.52,0,0,0,0,0,0,0
1780641923.444,0,0,0,0,0,101.41,62.13,0.0,0.0,0.0,0.0,0.0,0,90,0,0.52,0,0,0,0,0,0,0
1780641923.469,0,0,0,0,0,101.37,62.08,0.0,0.0,0.0,0.0,0.0,0,90,0,0.52,0,0,0,0,0,0,0
1780641923.488,0,0,0,0,0,101.32,62.03,0.0,0.0,0.0,0.0,0.0,0,90,0,0.52,0,0,0,0,0,0,0
1780641923.511,0,0,0,0,0,101.27,61.99,0.0,0.0,0.0,0.0,0.0,0,90,0,0.52,0,0,0,0,0,0,0
1780641923.53,0,0,0,0,0,101.22,61.94,0.0,0.0,0.0,0.0,0.0,0,90,0,0.52,0,0,0,0,0,0,0
1780641923.554,0,0,0,0,0,101.17,61.9,0.0,0.0,0.0,0.0,0.0,0,90,0,0.52,0,0,0,0,0,0,0
1780641923.577,0,0,0,0,0,101.12,61.84,0.0,0.0,0.0,0.0,0.0,0,90,0,0.52,0,0,0,0,0,0,0
1780641923.602,0,0,0,0,0,101.07,61.79,0.0,0.0,0.0,0.0,0.0,0,90,0,0.52,0,0,0,0,0,0,0
1780641923.621,0,0,0,0,0,101.02,61.74,0.0,0.0,0.0,0.0,0.0,0,90,0,0.52,0,0,0,0,0,0,0
1780641923.644,0,0,0,0,0,100.99,61.69,0.0,0.0,0.0,0.0,0.0,0,90,0,0.52,0,0,0,0,0,0,0
1780641923.664,0,0,0,0,0,100.95,61.65,0.0,0.0,0.0,0.0,0.0,0,90,0,0.52,0,0,0,0,0,0,0
1780641923.687,0,0,0,0,0,100.91,61.6,0.0,0.0,0.0,0.0,0.0,0,90,0,0.52,0,0,0,0,0,0,0
1780641923.706,0,0,0,0,0,100.87,61.54,0.0,0.0,0.0,0.0,0.0,0,90,0,0.52,0,0,0,0,0,0,0
1780641923.729,0,0,0,0,0,100.82,61.49,0.0,0.0,0.0,0.0,0.0,0,90,0,0.52,0,0,0,0,0,0,0
1780641923.749,0,0,0,0,0,100.78,61.44,0.0,0.0,0.0,0.0,0.0,0,90,0,0.52,0,0,0,0,0,0,0
1780641923.772,0,0,0,0,0,100.75,61.4,0.0,0.0,0.0,0.0,0.0,0,90,0,0.52,0,0,0,0,0,0,0
1780641923.792,0,0,0,0,0,100.72,61.35,0.0,0.0,0.0,0.0,0.0,0,90,0,0.52,0,0,0,0,0,0,0
1780641923.815,0,0,0,0,0,100.68,61.3,0.0,0.0,0.0,0.0,0.0,0,90,0,0.52,0,0,0,0,0,0,0
1780641923.834,0,0,0,0,0,100.63,61.25,0.0,0.0,0.0,0.0,0.0,0,90,0,0.52,0,0,0,0,0,0,0
1780641923.858,0,0,0,0,0,100.59,61.2,0.0,0.0,0.0,0.0,0.0,0,90,0,0.52,0,0,0,0,0,0,0
1780641923.877,0,0,0,0,0,100.55,61.15,0.0,0.0,0.0,0.0,0.0,0,90,0,0.52,0,0,0,0,0,0,0
1780641923.901,0,0,0,0,0,100.52,61.1,0.0,0.0,0.0,0.0,0.0,0,90,0,0.52,0,0,0,0,0,0,0
1780641923.92,0,0,0,0,0,100.49,61.05,0.0,0.0,0.0,0.0,0.0,0,90,0,0.52,0,0,0,0,0,0,0
1780641923.944,0,0,0,0,0,100.47,61.0,0.0,0.0,0.0,0.0,0.0,0,90,0,0.52,0,0,0,0,0,0,0
1780641923.962,0,0,0,0,0,100.44,60.95,0.0,0.0,0.0,0.0,0.0,0,90,0,0.52,0,0,0,0,0,0,0
1780641923.986,0,0,0,0,0,100.39,60.91,0.0,0.0,0.0,0.0,0.0,0,90,0,0.52,0,0,0,0,0,0,0
1780641924.006,0,0,0,0,0,100.34,60.86,0.0,0.0,0.0,0.0,0.0,0,90,0,0.52,0,0,0,0,0,0,0
1780641924.03,0,0,0,0,0,100.3,60.82,0.0,0.0,0.0,0.0,0.0,0,90,0,0.51,0,0,0,0,0,0,0
1780641924.049,0,0,0,0,0,100.27,60.77,0.0,0.0,0.0,0.0,0.0,0,90,0,0.51,0,0,0,0,0,0,0
1780641924.071,0,0,0,0,0,100.23,60.72,0.0,0.0,0.0,0.0,0.0,0,90,0,0.51,0,0,0,0,0,0,0
1780641924.092,0,0,0,0,0,100.18,60.67,0.0,0.0,0.0,0.0,0.0,0,90,0,0.51,0,0,0,0,0,0,0
1780641924.118,0,0,0,0,0,100.13,60.62,0.0,0.0,0.0,0.0,0.0,0,90,0,0.51,0,0,0,0,0,0,0
1780641924.135,0,0,0,0,0,100.09,60.58,0.0,0.0,0.0,0.0,0.0,0,90,0,0.51,0,0,0,0,0,0,0
1780641924.158,0,0,0,0,0,100.05,60.52,0.0,0.0,0.0,0.0,0.0,0,90,0,0.51,0,0,0,0,0,0,0
1780641924.177,0,0,0,0,0,100.02,60.47,0.0,0.0,0.0,0.0,0.0,0,90,0,0.51,0,0,0,0,0,0,0
1780641924.2,0,0,0,0,0,99.98,60.41,0.0,0.0,0.0,0.0,0.0,0,90,0,0.51,0,0,0,0,0,0,0
1780641924.22,0,0,0,0,0,99.95,60.36,0.0,0.0,0.0,0.0,0.0,0,90,0,0.51,0,0,0,0,0,0,0
1780641924.249,0,0,0,0,0,99.92,60.31,0.0,0.0,0.0,0.0,0.0,0,90,0,0.51,0,0,0,0,0,0,0
1780641924.263,0,0,0,0,0,99.89,60.26,0.0,0.0,0.0,0.0,0.0,0,90,0,0.51,0,0,0,0,0,0,0
1780641924.286,0,0,0,0,0,99.85,60.21,0.0,0.0,0.0,0.0,0.0,0,90,0,0.51,0,0,0,0,0,0,0
1780641924.305,0,0,0,0,0,99.81,60.15,0.0,0.0,0.0,0.0,0.0,0,90,0,0.51,0,0,0,0,0,0,0
1780641924.329,0,0,0,0,0,99.77,60.1,0.0,0.0,0.0,0.0,0.0,0,90,0,0.51,0,0,0,0,0,0,0
1780641924.349,0,0,0,0,0,99.73,60.05,0.0,0.0,0.0,0.0,0.0,0,90,0,0.51,0,0,0,0,0,0,0
1780641924.372,0,0,0,0,0,99.69,60.01,0.0,0.0,0.0,0.0,0.0,0,90,0,0.51,0,0,0,0,0,0,0
1780641924.392,0,0,0,0,0,99.65,59.96,0.0,0.0,0.0,0.0,0.0,0,90,0,0.51,0,0,0,0,0,0,0
1780641924.414,0,0,0,0,0,99.6,59.92,0.0,0.0,0.0,0.0,0.0,0,90,0,0.51,0,0,0,0,0,0,0
1780641924.434,0,0,0,0,0,99.55,59.87,0.0,0.0,0.0,0.0,0.0,0,90,0,0.51,0,0,0,0,0,0,0
1780641924.456,0,0,0,0,0,99.51,59.82,0.0,0.0,0.0,0.0,0.0,0,90,0,0.51,0,0,0,0,0,0,0
1780641924.481,0,0,0,0,0,99.48,59.77,0.0,0.0,0.0,0.0,0.0,0,90,0,0.51,0,0,0,0,0,0,0
1780641924.504,0,0,0,0,0,99.44,59.71,0.0,0.0,0.0,0.0,0.0,0,90,0,0.51,0,0,0,0,0,0,0
1780641924.524,0,0,0,0,0,99.4,59.65,0.0,0.0,0.0,0.0,0.0,0,90,0,0.51,0,0,0,0,0,0,0
1780641924.546,0,0,0,0,0,99.35,59.59,0.0,0.0,0.0,0.0,0.0,0,90,0,0.51,0,0,0,0,0,0,0
1780641924.566,0,0,0,0,0,99.31,59.55,0.0,0.0,0.0,0.0,0.0,0,90,0,0.51,0,0,0,0,0,0,0
1780641924.59,0,0,0,0,0,99.27,59.5,0.0,0.0,0.0,0.0,0.0,0,90,0,0.51,0,0,0,0,0,0,0
1780641924.608,0,0,0,0,0,99.24,59.46,0.0,0.0,0.0,0.0,0.0,0,90,0,0.51,0,0,0,0,0,0,0
1780641924.632,0,0,0,0,0,99.2,59.4,0.0,0.0,0.0,0.0,0.0,0,90,0,0.51,0,0,0,0,0,0,0
1780641924.655,0,0,0,0,0,99.16,59.35,0.0,0.0,0.0,0.0,0.0,0,90,0,0.52,0,0,0,0,0,0,0
1780641924.679,0,0,0,0,0,99.12,59.29,0.0,0.0,0.0,0.0,0.0,0,90,0,0.52,0,0,0,0,0,0,0
1780641924.703,0,0,0,0,0,99.08,59.25,0.0,0.0,0.0,0.0,0.0,0,90,0,0.52,0,0,0,0,0,0,0
1780641924.722,0,0,0,0,0,99.04,59.2,0.0,0.0,0.0,0.0,0.0,0,90,0,0.52,0,0,0,0,0,0,0
1780641924.745,0,0,0,0,0,99.01,59.15,0.0,0.0,0.0,0.0,0.0,0,90,0,0.52,0,0,0,0,0,0,0
1780641924.764,0,0,0,0,0,98.97,59.1,0.0,0.0,0.0,0.0,0.0,0,90,0,0.52,0,0,0,0,0,0,0
1780641924.788,0,0,0,0,0,98.92,59.04,0.0,0.0,0.0,0.0,0.0,0,90,0,0.52,0,0,0,0,0,0,0
1780641924.811,0,0,0,0,0,98.88,58.99,0.0,0.0,0.0,0.0,0.0,0,90,0,0.52,0,0,0,0,0,0,0
1780641924.835,0,0,0,0,0,98.83,58.94,0.0,0.0,0.0,0.0,0.0,0,90,0,0.52,0,0,0,0,0,0,0
1780641924.854,0,0,0,0,0,98.79,58.89,0.0,0.0,0.0,0.0,0.0,0,90,0,0.53,0,0,0,0,0,0,0
1780641924.876,0,0,0,0,0,98.74,58.84,0.0,0.0,0.0,0.0,0.0,0,90,0,0.53,0,0,0,0,0,0,0
1780641924.896,0,0,0,0,0,98.69,58.79,0.0,0.0,0.0,0.0,0.0,0,90,0,0.53,0,0,0,0,0,0,0
1780641924.921,0,0,0,0,0,98.65,58.73,0.0,0.0,0.0,0.0,0.0,0,90,0,0.53,0,0,0,0,0,0,0
1780641924.94,0,0,0,0,0,98.61,58.68,0.0,0.0,0.0,0.0,0.0,0,90,0,0.53,0,0,0,0,0,0,0
1780641924.963,0,0,0,0,0,98.58,58.64,0.0,0.0,0.0,0.0,0.0,0,90,0,0.53,0,0,0,0,0,0,0
1780641924.986,0,0,0,0,0,98.54,58.59,0.0,0.0,0.0,0.0,0.0,0,90,0,0.53,0,0,0,0,0,0,0
1780641925.009,0,0,0,0,0,98.5,58.54,0.0,0.0,0.0,0.0,0.0,0,90,0,0.53,0,0,0,0,0,0,0
1780641925.029,0,0,0,0,0,98.45,58.48,0.0,0.0,0.0,0.0,0.0,0,90,0,0.53,0,0,0,0,0,0,0
1780641925.054,0,0,0,0,0,98.41,58.43,0.0,0.0,0.0,0.0,0.0,0,90,0,0.54,0,0,0,0,0,0,0
1780641925.072,0,0,0,0,0,98.36,58.38,0.0,0.0,0.0,0.0,0.0,0,90,0,0.54,0,0,0,0,0,0,0
1780641925.095,0,0,0,0,0,98.33,58.33,0.0,0.0,0.0,0.0,0.0,0,90,0,0.54,0,0,0,0,0,0,0
1780641925.115,0,0,0,0,0,98.29,58.28,0.0,0.0,0.0,0.0,0.0,0,90,0,0.54,0,0,0,0,0,0,0
1780641925.138,0,0,0,0,0,98.25,58.23,0.0,0.0,0.0,0.0,0.0,0,90,0,0.54,0,0,0,0,0,0,0
1780641925.157,0,0,0,0,0,98.2,58.18,0.0,0.0,0.0,0.0,0.0,0,90,0,0.54,0,0,0,0,0,0,0
1780641925.181,0,0,0,0,0,98.16,58.13,0.0,0.0,0.0,0.0,0.0,0,90,0,0.54,0,0,0,0,0,0,0
1780641925.2,0,0,0,0,0,98.11,58.09,0.0,0.0,0.0,0.0,0.0,0,90,0,0.54,0,0,0,0,0,0,0
1780641925.223,0,0,0,0,0,98.07,58.04,0.0,0.0,0.0,0.0,0.0,0,90,0,0.54,0,0,0,0,0,0,0
1780641925.243,0,0,0,0,0,98.03,58.0,0.0,0.0,0.0,0.0,0.0,0,90,0,0.53,0,0,0,0,0,0,0
1780641925.266,0,0,0,0,0,97.98,57.95,0.0,0.0,0.0,0.0,0.0,0,90,0,0.53,0,0,0,0,0,0,0
1780641925.287,0,0,0,0,0,97.94,57.9,0.0,0.0,0.0,0.0,0.0,0,90,0,0.53,0,0,0,0,0,0,0
1780641925.309,0,0,0,0,0,97.89,57.85,0.0,0.0,0.0,0.0,0.0,0,90,0,0.53,0,0,0,0,0,0,0
1780641925.328,0,0,0,0,0,97.85,57.81,0.0,0.0,0.0,0.0,0.0,0,90,0,0.53,0,0,0,0,0,0,0
1780641925.352,0,0,0,0,0,97.8,57.76,0.0,0.0,0.0,0.0,0.0,0,90,0,0.53,0,0,0,0,0,0,0
1780641925.371,0,0,0,0,0,97.76,57.71,0.0,0.0,0.0,0.0,0.0,0,90,0,0.53,0,0,0,0,0,0,0
1780641925.394,0,0,0,0,0,97.71,57.66,0.0,0.0,0.0,0.0,0.0,0,90,0,0.53,0,0,0,0,0,0,0
1780641925.414,0,0,0,0,0,97.66,57.62,0.0,0.0,0.0,0.0,0.0,0,90,0,0.53,0,0,0,0,0,0,0
1780641925.437,0,0,0,0,0,97.61,57.58,0.0,0.0,0.0,0.0,0.0,0,90,0,0.52,0,0,0,0,0,0,0
1780641925.457,0,0,0,0,0,97.57,57.54,0.0,0.0,0.0,0.0,0.0,0,90,0,0.52,0,0,0,0,0,0,0
1780641925.48,0,0,0,0,0,97.53,57.49,0.0,0.0,0.0,0.0,0.0,0,90,0,0.52,0,0,0,0,0,0,0
1780641925.499,0,0,0,0,0,97.47,57.44,0.0,0.0,0.0,0.0,0.0,0,90,0,0.52,0,0,0,0,0,0,0
1780641925.524,0,0,0,0,0,97.42,57.4,0.0,0.0,0.0,0.0,0.0,0,90,0,0.51,0,0,0,0,0,0,0
1780641925.546,0,0,0,0,0,97.39,57.35,0.0,0.0,0.0,0.0,0.0,0,90,0,0.51,0,0,0,0,0,0,0
1780641925.571,0,0,0,0,0,97.36,57.31,0.0,0.0,0.0,0.0,0.0,0,90,0,0.51,0,0,0,0,0,0,0
1780641925.59,0,0,0,0,0,97.33,57.25,0.0,0.0,0.0,0.0,0.0,0,90,0,0.5,0,0,0,0,0,0,0
1780641925.613,0,0,0,0,0,97.3,57.19,0.0,0.0,0.0,0.0,0.0,0,90,0,0.5,0,0,0,0,0,0,0
1780641925.633,0,0,0,0,0,97.27,57.13,0.0,0.0,0.0,0.0,0.0,0,90,0,0.5,0,0,0,0,0,0,0
1780641925.656,0,0,0,0,0,97.23,57.08,0.0,0.0,0.0,0.0,0.0,0,90,0,0.5,0,0,0,0,0,0,0
1780641925.689,0,0,0,0,0,97.21,57.03,0.0,0.0,0.0,0.0,0.0,0,90,0,0.5,0,0,0,0,0,0,0
1780641925.699,0,0,0,0,0,97.18,56.98,0.0,0.0,0.0,0.0,0.0,0,90,0,0.5,0,0,0,0,0,0,0
1780641925.719,0,0,0,0,0,97.16,56.92,0.0,0.0,0.0,0.0,0.0,0,90,0,0.5,0,0,0,0,0,0,0
1780641925.741,0,0,0,0,0,97.13,56.86,0.0,0.0,0.0,0.0,0.0,0,90,0,0.5,0,0,0,0,0,0,0
1780641925.761,0,0,0,0,0,97.1,56.81,0.0,0.0,0.0,0.0,0.0,0,90,0,0.5,0,0,0,0,0,0,0
1780641925.785,0,0,0,0,0,97.08,56.77,0.0,0.0,0.0,0.0,0.0,0,90,0,0.5,0,0,0,0,0,0,0
1780641925.805,0,0,0,0,0,97.06,56.73,0.0,0.0,0.0,0.0,0.0,0,90,0,0.5,0,0,0,0,0,0,0
1780641925.827,0,0,0,0,0,97.04,56.69,0.0,0.0,0.0,0.0,0.0,0,90,0,0.49,0,0,0,0,0,0,0
1780641925.847,0,0,0,0,0,97.0,56.64,0.0,0.0,0.0,0.0,0.0,0,90,0,0.49,0,0,0,0,0,0,0
1780641925.871,0,0,0,0,0,96.95,56.58,0.0,0.0,0.0,0.0,0.0,0,90,0,0.49,0,0,0,0,0,0,0
1780641925.889,0,0,0,0,0,96.89,56.53,0.0,0.0,0.0,0.0,0.0,0,90,0,0.49,0,0,0,0,0,0,0
1780641925.912,0,0,0,0,0,96.85,56.49,0.0,0.0,0.0,0.0,0.0,0,90,0,0.49,0,0,0,0,0,0,0
1780641925.931,0,0,0,0,0,96.81,56.45,0.0,0.0,0.0,0.0,0.0,0,90,0,0.49,0,0,0,0,0,0,0
1780641925.955,0,0,0,0,0,96.79,56.4,0.0,0.0,0.0,0.0,0.0,0,90,0,0.49,0,0,0,0,0,0,0
1780641925.974,0,0,0,0,0,96.78,56.35,0.0,0.0,0.0,0.0,0.0,0,90,0,0.49,0,0,0,0,0,0,0
1780641925.998,0,0,0,0,0,96.76,56.31,0.0,0.0,0.0,0.0,0.0,0,90,0,0.49,0,0,0,0,0,0,0
1780641926.018,0,0,0,0,0,96.71,56.28,0.0,0.0,0.0,0.0,0.0,0,90,0,0.49,0,0,0,0,0,0,0
1780641926.041,0,0,0,0,0,96.62,56.26,0.0,0.0,0.0,0.0,0.0,0,90,0,0.49,0,0,0,0,0,0,0
1780641926.06,0,0,0,0,0,96.53,56.25,0.0,0.0,0.0,0.0,0.0,0,90,0,0.48,0,0,0,0,0,0,0
1780641926.084,0,0,0,0,0,96.45,56.24,0.0,0.0,0.0,0.0,0.0,0,90,0,0.48,0,0,0,0,0,0,0
1780641926.107,0,0,0,0,0,96.39,56.23,0.0,0.0,0.0,0.0,0.0,0,90,0,0.47,0,0,0,0,0,0,0
1780641926.131,0,0,0,0,0,96.36,56.17,0.0,0.0,0.0,0.0,0.0,0,90,0,0.46,0,0,0,0,0,0,0
1780641926.154,0,0,0,0,0,96.34,56.1,0.0,0.0,0.0,0.0,0.0,0,90,0,0.46,0,0,0,0,0,0,0
1780641926.174,0,0,0,0,0,96.34,56.03,0.0,0.0,0.0,0.0,0.0,0,90,0,0.46,0,0,0,0,0,0,0
1780641926.198,0,0,0,0,0,96.33,55.97,0.0,0.0,0.0,0.0,0.0,0,90,0,0.45,0,0,0,0,0,0,0
1780641926.216,0,0,0,0,0,96.32,55.91,0.0,0.0,0.0,0.0,0.0,0,90,0,0.45,0,0,0,0,0,0,0
1780641926.24,0,0,0,0,0,96.28,55.86,0.0,0.0,0.0,0.0,0.0,0,90,0,0.45,0,0,0,0,0,0,0
1780641926.26,0,0,0,0,0,96.23,55.82,0.0,0.0,0.0,0.0,0.0,0,90,0,0.45,0,0,0,0,0,0,0
1780641926.283,0,0,0,0,0,96.17,55.78,0.0,0.0,0.0,0.0,0.0,0,90,0,0.45,0,0,0,0,0,0,0
1780641926.302,0,0,0,0,0,96.12,55.76,0.0,0.0,0.0,0.0,0.0,0,90,0,0.44,0,0,0,0,0,0,0
1780641926.326,0,0,0,0,0,96.08,55.72,0.0,0.0,0.0,0.0,0.0,0,90,0,0.44,0,0,0,0,0,0,0
1780641926.345,0,0,0,0,0,96.04,55.68,0.0,0.0,0.0,0.0,0.0,0,90,0,0.44,0,0,0,0,0,0,0
1780641926.37,0,0,0,0,0,96.01,55.63,0.0,0.0,0.0,0.0,0.0,0,90,0,0.43,0,0,0,0,0,0,0
1780641926.39,0,0,0,0,0,96.0,55.59,0.0,0.0,0.0,0.0,0.0,0,90,0,0.43,0,0,0,0,0,0,0
1780641926.414,0,0,0,0,0,96.01,55.55,0.0,0.0,0.0,0.0,0.0,0,90,0,0.43,0,0,0,0,0,0,0
1780641926.431,0,0,0,0,0,96.01,55.53,0.0,0.0,0.0,0.0,0.0,0,90,0,0.42,0,0,0,0,0,0,0
1780641926.454,0,0,0,0,0,96.0,55.54,0.0,0.0,0.0,0.0,0.0,0,90,0,0.42,0,0,0,0,0,0,0
1780641926.474,0,0,0,0,0,96.01,55.54,0.0,0.0,0.0,0.0,0.0,0,90,0,0.41,0,0,0,0,0,0,0
1780641926.497,0,0,0,0,0,96.05,55.54,0.0,0.0,0.0,0.0,0.0,0,90,0,0.4,0,0,0,0,0,0,0
1780641926.517,0,0,0,0,0,96.08,55.52,0.0,0.0,0.0,0.0,0.0,0,90,0,0.39,0,0,0,0,0,0,0
1780641926.541,0,0,0,0,0,96.1,55.5,0.0,0.0,0.0,0.0,0.0,0,90,0,0.38,0,0,0,0,0,0,0
1780641926.56,0,0,0,0,0,96.09,55.48,0.0,0.0,0.0,0.0,0.0,0,90,0,0.37,0,0,0,0,0,0,0
1780641926.584,0,0,0,0,0,96.07,55.45,0.0,0.0,0.0,0.0,0.0,0,90,0,0.35,0,0,0,0,0,0,0
1780641926.603,0,0,0,0,0,96.03,55.42,0.0,0.0,0.0,0.0,0.0,0,90,0,0.34,0,0,0,0,0,0,0
1780641926.627,0,0,0,0,0,96.0,55.39,0.0,0.0,0.0,0.0,0.0,0,90,0,0.33,0,0,0,0,0,0,0
1780641926.646,0,0,0,0,0,95.97,55.37,0.0,0.0,0.0,0.0,0.0,0,90,0,0.32,0,0,0,0,0,0,0
1780641926.672,0,0,0,0,0,95.97,55.34,0.0,0.0,0.0,0.0,0.0,0,90,0,0.31,0,0,0,0,0,0,0
1780641926.691,0,0,0,0,0,95.97,55.31,0.0,0.0,0.0,0.0,0.0,0,90,0,0.3,0,0,0,0,0,0,0
1780641926.714,0,0,0,0,0,95.98,55.3,0.0,0.0,0.0,0.0,0.0,0,90,0,0.29,0,0,0,0,0,0,0
1780641926.747,0,0,0,0,0,96.0,55.3,0.0,0.0,0.0,0.0,0.0,0,90,0,0.28,0,0,0,0,0,0,0
1780641926.756,0,0,0,0,0,96.06,55.32,0.0,0.0,0.0,0.0,0.0,0,90,0,0.26,0,0,0,0,0,0,0
1780641926.775,0,0,0,0,0,96.13,55.34,0.0,0.0,0.0,0.0,0.0,0,90,0,0.25,0,0,0,0,0,0,0
1780641926.8,0,0,0,0,0,96.18,55.33,0.0,0.0,0.0,0.0,0.0,0,90,0,0.24,0,0,0,0,0,0,0
1780641926.819,0,0,0,0,0,96.21,55.31,0.0,0.0,0.0,0.0,0.0,0,90,0,0.23,0,0,0,0,0,0,0
1780641926.842,0,0,0,0,0,96.23,55.3,0.0,0.0,0.0,0.0,0.0,0,90,0,0.22,0,0,0,0,0,0,0
1780641926.862,0,0,0,0,0,96.24,55.3,0.0,0.0,0.0,0.0,0.0,0,90,0,0.21,0,0,0,0,0,0,0
1780641926.886,0,0,0,0,0,96.24,55.3,0.0,0.0,0.0,0.0,0.0,0,90,0,0.19,0,0,0,0,0,0,0
1780641926.904,0,0,0,0,0,96.22,55.31,0.0,0.0,0.0,0.0,0.0,0,90,0,0.18,0,0,0,0,0,0,0
1780641926.929,0,0,0,0,0,96.17,55.32,0.0,0.0,0.0,0.0,0.0,0,90,0,0.17,0,0,0,0,0,0,0
1780641926.948,0,0,0,0,0,96.11,55.32,0.0,0.0,0.0,0.0,0.0,0,90,0,0.16,0,0,0,0,0,0,0
1780641926.972,0,0,0,0,0,96.04,55.32,0.0,0.0,0.0,0.0,0.0,0,90,0,0.15,0,0,0,0,0,0,0
1780641926.991,0,0,0,0,0,95.98,55.32,0.0,0.0,0.0,0.0,0.0,0,90,0,0.14,0,0,0,0,0,0,0
1780641927.014,0,0,0,0,0,95.93,55.33,0.0,0.0,0.0,0.0,0.0,0,90,0,0.13,0,0,0,0,0,0,0
1780641927.033,0,0,0,0,0,95.89,55.34,0.0,0.0,0.0,0.0,0.0,0,90,0,0.12,0,0,0,0,0,0,0
1780641927.057,0,0,0,0,0,95.87,55.35,0.0,0.0,0.0,0.0,0.0,0,90,0,0.11,0,0,0,0,0,0,0
1780641927.077,0,0,0,0,0,95.88,55.35,0.0,0.0,0.0,0.0,0.0,0,90,0,0.1,0,0,0,0,0,0,0
1780641927.1,0,0,0,0,0,95.91,55.35,0.0,0.0,0.0,0.0,0.0,0,90,0,0.09,0,0,0,0,0,0,0
1780641927.119,0,0,0,0,0,95.94,55.36,0.0,0.0,0.0,0.0,0.0,0,90,0,0.08,0,0,0,0,0,0,0
1780641927.142,0,0,0,0,0,95.98,55.35,0.0,0.0,0.0,0.0,0.0,0,90,0,0.08,0,0,0,0,0,0,0
1780641927.161,0,0,0,0,0,96.0,55.34,0.0,0.0,0.0,0.0,0.0,0,90,0,0.07,0,0,0,0,0,0,0
1780641927.186,0,0,0,0,0,96.0,55.33,0.0,0.0,0.0,0.0,0.0,0,90,0,0.06,0,0,0,0,0,0,0
1780641927.205,0,0,0,0,0,96.0,55.32,0.0,0.0,0.0,0.0,0.0,0,90,0,0.05,0,0,0,0,0,0,0
1780641927.229,0,0,0,0,0,96.01,55.33,0.0,0.0,0.0,0.0,0.0,0,90,0,0.04,0,0,0,0,0,0,0
1780641927.247,0,0,0,0,0,96.05,55.34,0.0,0.0,0.0,0.0,0.0,0,90,0,0.03,0,0,0,0,0,0,0
1780641927.272,0,0,0,0,0,96.11,55.36,0.0,0.0,0.0,0.0,0.0,0,90,0,0.03,0,0,0,0,0,0,0
1780641927.291,0,0,0,0,0,96.15,55.39,0.0,0.0,0.0,0.0,0.0,0,90,0,0.02,0,0,0,0,0,0,0
1780641927.314,0,0,0,0,0,96.19,55.41,0.0,0.0,0.0,0.0,0.0,0,90,0,0.02,0,0,0,0,0,0,0
1780641927.334,0,0,0,0,0,96.19,55.42,0.0,0.0,0.0,0.0,0.0,0,90,0,0.02,0,0,0,0,0,0,0
1780641927.358,0,0,0,0,0,96.16,55.43,0.0,0.0,0.0,0.0,0.0,0,90,0,0.01,0,0,0,0,0,0,0
1780641927.376,0,0,0,0,0,96.11,55.45,0.0,0.0,0.0,0.0,0.0,0,90,0,0.01,0,0,0,0,0,0,0
1780641927.401,0,0,0,0,0,96.06,55.47,0.0,0.0,0.0,0.0,0.0,0,90,0,0.01,0,0,0,0,0,0,0
1780641927.421,0,0,0,0,0,96.03,55.49,0.0,0.0,0.0,0.0,0.0,0,90,0,0.01,0,0,0,0,0,0,0
1780641927.444,0,0,0,0,0,96.05,55.49,0.0,0.0,0.0,0.0,0.0,0,90,0,0.01,0,0,0,0,0,0,0
1780641927.463,0,0,0,0,0,96.09,55.48,0.0,0.0,0.0,0.0,0.0,0,90,0,0.01,0,0,0,0,0,0,0
1780641927.486,0,0,0,0,0,96.16,55.46,0.0,0.0,0.0,0.0,0.0,0,90,0,0.01,0,0,0,0,0,0,0
1780641927.505,0,0,0,0,0,96.24,55.45,0.0,0.0,0.0,0.0,0.0,0,90,0,0.01,0,0,0,0,0,0,0
1780641927.529,0,0,0,0,0,96.29,55.43,0.0,0.0,0.0,0.0,0.0,0,90,0,0.01,0,0,0,0,0,0,0
1780641927.548,0,0,0,0,0,96.31,55.4,0.0,0.0,0.0,0.0,0.0,0,90,0,0.01,0,0,0,0,0,0,0
1780641927.573,0,0,0,0,0,96.29,55.4,0.0,0.0,0.0,0.0,0.0,0,90,0,0.01,0,0,0,0,0,0,0
1780641927.591,0,0,0,0,0,96.27,55.41,0.0,0.0,0.0,0.0,0.0,0,90,0,0.01,0,0,0,0,0,0,0
1780641927.615,0,0,0,0,0,96.24,55.43,0.0,0.0,0.0,0.0,0.0,0,90,0,0.01,0,0,0,0,0,0,0
1780641927.634,0,0,0,0,0,96.2,55.45,0.0,0.0,0.0,0.0,0.0,0,90,0,0.01,0,0,0,0,0,0,0
1780641927.658,0,0,0,0,0,96.13,55.45,0.0,0.0,0.0,0.0,0.0,0,90,0,0.01,0,0,0,0,0,0,0
1780641927.676,0,0,0,0,0,96.07,55.45,0.0,0.0,0.0,0.0,0.0,0,90,0,0.01,0,0,0,0,0,0,0
1780641927.701,0,0,0,0,0,96.01,55.45,0.0,0.0,0.0,0.0,0.0,0,90,0,0.01,0,0,0,0,0,0,0
1780641927.72,0,0,0,0,0,95.97,55.44,0.0,0.0,0.0,0.0,0.0,0,90,0,0.01,0,0,0,0,0,0,0
1780641927.744,0,0,0,0,0,95.95,55.43,0.0,0.0,0.0,0.0,0.0,0,90,0,0.01,0,0,0,0,0,0,0
1780641927.764,0,0,0,0,0,95.95,55.41,0.0,0.0,0.0,0.0,0.0,0,90,0,0.01,0,0,0,0,0,0,0
1780641927.788,0,0,0,0,0,95.97,55.4,0.0,0.0,0.0,0.0,0.0,0,90,0,0.01,0,0,0,0,0,0,0
1780641927.806,0,0,0,0,0,95.99,55.38,0.0,0.0,0.0,0.0,0.0,0,90,0,0.01,0,0,0,0,0,0,0
1780641927.83,0,0,0,0,0,96.01,55.36,0.0,0.0,0.0,0.0,0.0,0,90,0,0.01,0,0,0,0,0,0,0
1780641927.849,0,0,0,0,0,96.02,55.34,0.0,0.0,0.0,0.0,0.0,0,90,0,0.01,0,0,0,0,0,0,0
1780641927.872,0,0,0,0,0,96.02,55.33,0.0,0.0,0.0,0.0,0.0,0,90,0,0.01,0,0,0,0,0,0,0
1780641927.892,0,0,0,0,0,96.01,55.32,0.0,0.0,0.0,0.0,0.0,0,90,0,0.01,0,0,0,0,0,0,0
1780641927.915,0,0,0,0,0,95.96,55.24,0.0,0.0,0.0,0.0,0.0,0,90,0,0.01,0,0,0,0,0,0,0
1780641927.939,0,0,0,0,0,95.81,55.03,0.0,0.0,0.0,0.0,0.0,0,90,0,0.01,0,0,0,0,0,0,0
1780641927.962,0,0,0,0,0,95.62,54.77,0.0,0.0,0.0,0.0,0.0,0,90,0,0.02,0,0,0,0,0,0,0
1780641927.982,0,0,0,0,0,95.44,54.5,0.0,0.0,0.0,0.0,0.0,0,90,0,0.03,0,0,0,0,0,0,0
1780641928.005,0,0,0,0,0,95.29,54.26,0.0,0.0,0.0,0.0,0.0,0,90,0,0.05,0,0,0,0,0,0,0
1780641928.025,0,0,0,0,0,95.21,54.1,0.0,0.0,0.0,0.0,0.0,0,90,0,0.08,0,0,0,0,0,0,0
1780641928.048,0,0,0,0,0,95.19,54.01,0.0,0.0,0.0,0.0,0.0,0,90,0,0.11,0,0,0,0,0,0,0
1780641928.067,0,0,0,0,0,95.19,53.95,0.0,0.0,0.0,0.0,0.0,0,90,0,0.15,0,0,0,0,0,0,0
1780641928.09,0,0,0,0,0,95.2,53.9,0.0,0.0,0.0,0.0,0.0,0,90,0,0.18,0,0,0,0,0,0,0
1780641928.11,0,0,0,0,0,95.22,53.86,0.0,0.0,0.0,0.0,0.0,0,90,0,0.22,0,0,0,0,0,0,0
1780641928.134,0,0,0,0,0,95.25,53.86,0.0,0.0,0.0,0.0,0.0,0,90,0,0.25,0,0,0,0,0,0,0
1780641928.153,0,0,0,0,0,95.29,53.87,0.0,0.0,0.0,0.0,0.0,0,90,0,0.29,0,0,0,0,0,0,0
1780641928.176,0,0,0,0,0,95.26,53.86,0.0,0.0,0.0,0.0,0.0,0,90,0,0.32,0,0,0,0,0,0,0
1780641928.197,0,0,0,0,0,95.11,53.75,0.0,0.0,0.0,0.0,0.0,0,90,0,0.35,0,0,0,0,0,0,0
1780641928.219,0,0,0,0,0,94.88,53.39,0.0,0.0,0.0,0.0,0.0,0,90,0,0.4,0,0,0,0,0,0,0
1780641928.243,0,0,0,0,0,94.66,52.87,0.0,0.0,0.0,0.0,0.0,0,90,0,0.49,0,0,0,0,0,0,0
1780641928.267,0,0,0,0,0,94.55,52.48,0.0,0.0,0.0,0.0,0.0,0,90,0,0.61,0,0,0,0,0,0,0
1780641928.289,0,0,0,0,0,94.59,52.32,0.0,0.0,0.0,0.0,0.0,0,90,0,0.74,0,0,0,0,0,0,0
1780641928.309,0,0,0,0,0,94.69,52.31,0.0,0.0,0.0,0.0,0.0,0,90,0,0.87,0,0,0,0,0,0,0
1780641928.332,0,0,0,0,0,94.76,52.3,0.0,0.0,0.0,0.0,0.0,0,90,0,0.98,0,0,0,0,0,0,0
1780641928.352,0,0,0,0,0,94.77,52.27,0.0,0.0,0.0,0.0,0.0,0,90,0,1.09,0,0,0,0,0,0,0
1780641928.375,0,0,0,0,0,94.72,52.26,0.0,0.0,0.0,0.0,0.0,0,90,0,1.2,0,0,0,0,0,0,0
1780641928.395,0,0,0,0,0,94.65,52.25,0.0,0.0,0.0,0.0,0.0,0,90,0,1.29,0,0,0,0,0,0,0
1780641928.419,0,0,0,0,0,94.58,52.23,0.0,0.0,0.0,0.0,0.0,0,90,0,1.38,0,0,0,0,0,0,0
1780641928.442,0,0,0,0,0,94.53,52.23,0.0,0.0,0.0,0.0,0.0,0,90,0,1.46,0,0,0,0,0,0,0
1780641928.464,0,0,0,0,0,94.51,52.25,0.0,0.0,0.0,0.0,0.0,0,90,0,1.53,0,0,0,0,0,0,0
1780641928.484,0,0,0,0,0,94.5,52.24,0.0,0.0,0.0,0.0,0.0,0,90,0,1.59,0,0,0,0,0,0,0
1780641928.507,0,0,0,0,0,94.48,52.17,0.0,0.0,0.0,0.0,0.0,0,90,0,1.65,0,0,0,0,0,0,0
1780641928.526,0,0,0,0,0,94.47,52.06,0.0,0.0,0.0,0.0,0.0,0,90,0,1.71,0,0,0,0,0,0,0
1780641928.55,0,0,0,0,0,94.49,51.95,0.0,0.0,0.0,0.0,0.0,0,90,0,1.77,0,0,0,0,0,0,0
1780641928.569,0,0,0,0,0,94.55,51.87,0.0,0.0,0.0,0.0,0.0,0,90,0,1.83,0,0,0,0,0,0,0
1780641928.593,0,0,0,0,0,94.63,51.82,0.0,0.0,0.0,0.0,0.0,0,90,0,1.88,0,0,0,0,0,0,0
1780641928.612,0,0,0,0,0,94.67,51.79,0.0,0.0,0.0,0.0,0.0,0,90,0,1.92,0,0,0,0,0,0,0
1780641928.636,0,0,0,0,0,94.62,51.79,0.0,0.0,0.0,0.0,0.0,0,90,0,1.96,0,0,0,0,0,0,0
1780641928.659,0,0,0,0,0,94.48,51.74,0.0,0.0,0.0,0.0,0.0,0,90,0,1.99,0,0,0,0,0,0,0
1780641928.683,0,0,0,0,0,94.35,51.61,0.0,0.0,0.0,0.0,0.0,0,90,0,2.01,0,0,0,0,0,0,0
1780641928.704,0,0,0,0,0,94.29,51.46,0.0,0.0,0.0,0.0,0.0,0,90,0,2.04,0,0,0,0,0,0,0
1780641928.725,0,0,0,0,0,94.32,51.4,0.0,0.0,0.0,0.0,0.0,0,90,0,2.06,0,0,0,0,0,0,0
1780641928.745,0,0,0,0,0,94.42,51.45,0.0,0.0,0.0,0.0,0.0,0,90,0,2.06,0,0,0,0,0,0,0
1780641928.768,0,0,0,0,0,94.53,51.54,0.0,0.0,0.0,0.0,0.0,0,90,0,2.04,0,0,0,0,0,0,0
1780641928.788,0,0,0,0,0,94.62,51.62,0.0,0.0,0.0,0.0,0.0,0,90,0,2.01,0,0,0,0,0,0,0
1780641928.812,0,0,0,0,0,94.65,51.67,0.0,0.0,0.0,0.0,0.0,0,90,0,1.96,0,0,0,0,0,0,0
1780641928.83,0,0,0,0,0,94.67,51.69,0.0,0.0,0.0,0.0,0.0,0,90,0,1.89,0,0,0,0,0,0,0
1780641928.854,0,0,0,0,0,94.73,51.7,0.0,0.0,0.0,0.0,0.0,0,90,0,1.82,0,0,0,0,0,0,0
1780641928.875,0,0,0,0,0,94.85,51.71,0.0,0.0,0.0,0.0,0.0,0,90,0,1.74,0,0,0,0,0,0,0
1780641928.897,0,0,0,0,0,94.96,51.71,0.0,0.0,0.0,0.0,0.0,0,90,0,1.65,0,0,0,0,0,0,0
1780641928.916,0,0,0,0,0,94.99,51.73,0.0,0.0,0.0,0.0,0.0,0,90,0,1.55,0,0,0,0,0,0,0
1780641928.94,0,0,0,0,0,94.95,51.76,0.0,0.0,0.0,0.0,0.0,0,90,0,1.44,0,0,0,0,0,0,0
1780641928.959,0,0,0,0,0,94.96,51.91,0.0,0.0,0.0,0.0,0.0,0,90,0,1.31,0,0,0,0,0,0,0
1780641928.983,0,0,0,0,0,95.1,52.23,0.0,0.0,0.0,0.0,0.0,0,90,0,1.17,0,0,0,0,0,0,0
1780641929.002,0,0,0,0,0,95.34,52.66,0.0,0.0,0.0,0.0,0.0,0,90,0,1.03,0,0,0,0,0,0,0
1780641929.025,0,0,0,0,0,95.6,53.07,0.0,0.0,0.0,0.0,0.0,0,90,0,0.91,0,0,0,0,0,0,0
1780641929.045,0,0,0,0,0,95.79,53.35,0.0,0.0,0.0,0.0,0.0,0,90,0,0.83,0,0,0,0,0,0,0
1780641929.068,0,0,0,0,0,95.91,53.51,0.0,0.0,0.0,0.0,0.0,0,90,0,0.77,0,0,0,0,0,0,0
1780641929.088,0,0,0,0,0,95.99,53.59,0.0,0.0,0.0,0.0,0.0,0,90,0,0.73,0,0,0,0,0,0,0
1780641929.112,0,0,0,0,0,96.05,53.65,0.0,0.0,0.0,0.0,0.0,0,90,0,0.7,0,0,0,0,0,0,0
1780641929.131,0,0,0,0,0,96.08,53.71,0.0,0.0,0.0,0.0,0.0,0,90,0,0.68,0,0,0,0,0,0,0
1780641929.154,0,0,0,0,0,96.07,53.75,0.0,0.0,0.0,0.0,0.0,0,90,0,0.67,0,0,0,0,0,0,0
1780641929.174,0,0,0,0,0,96.04,53.77,0.0,0.0,0.0,0.0,0.0,0,90,0,0.67,0,0,0,0,0,0,0
1780641929.197,0,0,0,0,0,96.03,53.77,0.0,0.0,0.0,0.0,0.0,0,90,0,0.66,0,0,0,0,0,0,0
1780641929.216,0,0,0,0,0,96.03,53.78,0.0,0.0,0.0,0.0,0.0,0,90,0,0.66,0,0,0,0,0,0,0
1780641929.24,0,0,0,0,0,96.05,53.81,0.0,0.0,0.0,0.0,0.0,0,90,0,0.65,0,0,0,0,0,0,0
1780641929.259,0,0,0,0,0,96.08,53.85,0.0,0.0,0.0,0.0,0.0,0,90,0,0.65,0,0,0,0,0,0,0
1780641929.283,0,0,0,0,0,96.12,53.92,0.0,0.0,0.0,0.0,0.0,0,90,0,0.66,0,0,0,0,0,0,0
1780641929.302,0,0,0,0,0,96.17,54.0,0.0,0.0,0.0,0.0,0.0,0,90,0,0.69,0,0,0,0,0,0,0
1780641929.327,0,0,0,0,0,96.22,54.1,0.0,0.0,0.0,0.0,0.0,0,90,0,0.74,0,0,0,0,0,0,0
1780641929.347,0,0,0,0,0,96.25,54.18,0.0,0.0,0.0,0.0,0.0,0,90,0,0.8,0,0,0,0,0,0,0
1780641929.369,0,0,0,0,0,96.24,54.24,0.0,0.0,0.0,0.0,0.0,0,90,0,0.86,0,0,0,0,0,0,0
1780641929.389,0,0,0,0,0,96.22,54.28,0.0,0.0,0.0,0.0,0.0,0,90,0,0.91,0,0,0,0,0,0,0
1780641929.412,0,0,0,0,0,96.23,54.3,0.0,0.0,0.0,0.0,0.0,0,90,0,0.97,0,0,0,0,0,0,0
1780641929.431,0,0,0,0,0,96.26,54.3,0.0,0.0,0.0,0.0,0.0,0,90,0,1.02,0,0,0,0,0,0,0
1780641929.455,0,0,0,0,0,96.28,54.3,0.0,0.0,0.0,0.0,0.0,0,90,0,1.07,0,0,0,0,0,0,0
1780641929.475,0,0,0,0,0,96.29,54.31,0.0,0.0,0.0,0.0,0.0,0,90,0,1.11,0,0,0,0,0,0,0
1780641929.498,0,0,0,0,0,96.29,54.34,0.0,0.0,0.0,0.0,0.0,0,90,0,1.16,0,0,0,0,0,0,0
1780641929.517,0,0,0,0,0,96.3,54.38,0.0,0.0,0.0,0.0,0.0,0,90,0,1.2,0,0,0,0,0,0,0
1780641929.541,0,0,0,0,0,96.3,54.42,0.0,0.0,0.0,0.0,0.0,0,90,0,1.24,0,0,0,0,0,0,0
1780641929.56,0,0,0,0,0,96.29,54.45,0.0,0.0,0.0,0.0,0.0,0,90,0,1.28,0,0,0,0,0,0,0
1780641929.583,0,0,0,0,0,96.28,54.47,0.0,0.0,0.0,0.0,0.0,0,90,0,1.32,0,0,0,0,0,0,0
1780641929.603,0,0,0,0,0,96.27,54.48,0.0,0.0,0.0,0.0,0.0,0,90,0,1.34,0,0,0,0,0,0,0
1780641929.627,0,0,0,0,0,96.26,54.48,0.0,0.0,0.0,0.0,0.0,0,90,0,1.36,0,0,0,0,0,0,0
1780641929.646,0,0,0,0,0,96.25,54.48,0.0,0.0,0.0,0.0,0.0,0,90,0,1.37,0,0,0,0,0,0,0
1780641929.669,0,0,0,0,0,96.26,54.47,0.0,0.0,0.0,0.0,0.0,0,90,0,1.37,0,0,0,0,0,0,0
1780641929.689,0,0,0,0,0,96.29,54.47,0.0,0.0,0.0,0.0,0.0,0,90,0,1.36,0,0,0,0,0,0,0
1780641929.713,0,0,0,0,0,96.32,54.48,0.0,0.0,0.0,0.0,0.0,0,90,0,1.35,0,0,0,0,0,0,0
1780641929.733,0,0,0,0,0,96.33,54.48,0.0,0.0,0.0,0.0,0.0,0,90,0,1.33,0,0,0,0,0,0,0
1780641929.755,0,0,0,0,0,96.33,54.49,0.0,0.0,0.0,0.0,0.0,0,90,0,1.29,0,0,0,0,0,0,0
1780641929.779,0,0,0,0,0,96.34,54.49,0.0,0.0,0.0,0.0,0.0,0,90,0,1.24,0,0,0,0,0,0,0
1780641929.802,0,0,0,0,0,96.35,54.49,0.0,0.0,0.0,0.0,0.0,0,90,0,1.17,0,0,0,0,0,0,0
1780641929.826,0,0,0,0,0,96.4,54.5,0.0,0.0,0.0,0.0,0.0,0,90,0,1.1,0,0,0,0,0,0,0
1780641929.845,0,0,0,0,0,96.44,54.52,0.0,0.0,0.0,0.0,0.0,0,90,0,1.03,0,0,0,0,0,0,0
1780641929.869,0,0,0,0,0,96.44,54.56,0.0,0.0,0.0,0.0,0.0,0,90,0,0.96,0,0,0,0,0,0,0
1780641929.888,0,0,0,0,0,96.41,54.61,0.0,0.0,0.0,0.0,0.0,0,90,0,0.89,0,0,0,0,0,0,0
1780641929.912,0,0,0,0,0,96.36,54.67,0.0,0.0,0.0,0.0,0.0,0,90,0,0.82,0,0,0,0,0,0,0
1780641929.931,0,0,0,0,0,96.31,54.72,0.0,0.0,0.0,0.0,0.0,0,90,0,0.75,0,0,0,0,0,0,0
1780641929.954,0,0,0,0,0,96.28,54.76,0.0,0.0,0.0,0.0,0.0,0,90,0,0.66,0,0,0,0,0,0,0
1780641929.974,0,0,0,0,0,96.26,54.77,0.0,0.0,0.0,0.0,0.0,0,90,0,0.57,0,0,0,0,0,0,0
1780641929.999,0,0,0,0,0,96.25,54.78,0.0,0.0,0.0,0.0,0.0,0,90,0,0.48,0,0,0,0,0,0,0
1780641930.017,0,0,0,0,0,96.25,54.78,0.0,0.0,0.0,0.0,0.0,0,90,0,0.38,0,0,0,0,0,0,0
1780641930.041,0,0,0,0,0,96.25,54.79,0.0,0.0,0.0,0.0,0.0,0,90,0,0.29,0,0,0,0,0,0,0
1780641930.06,0,0,0,0,0,96.26,54.81,0.0,0.0,0.0,0.0,0.0,0,90,0,0.22,0,0,0,0,0,0,0
1780641930.083,0,0,0,0,0,96.31,54.82,0.0,0.0,0.0,0.0,0.0,0,90,0,0.18,0,0,0,0,0,0,0
1780641930.106,0,0,0,0,0,96.38,54.82,0.0,0.0,0.0,0.0,0.0,0,90,0,0.15,0,0,0,0,0,0,0
1780641930.129,0,0,0,0,0,96.44,54.82,0.0,0.0,0.0,0.0,0.0,0,90,0,0.14,0,0,0,0,0,0,0
1780641930.149,0,0,0,0,0,96.5,54.83,0.0,0.0,0.0,0.0,0.0,0,90,0,0.13,0,0,0,0,0,0,0
1780641930.173,0,0,0,0,0,96.55,54.84,0.0,0.0,0.0,0.0,0.0,0,90,0,0.12,0,0,0,0,0,0,0
1780641930.193,0,0,0,0,0,96.59,54.86,0.0,0.0,0.0,0.0,0.0,0,90,0,0.11,0,0,0,0,0,0,0
1780641930.215,0,0,0,0,0,96.61,54.88,0.0,0.0,0.0,0.0,0.0,0,90,0,0.11,0,0,0,0,0,0,0
1780641930.234,0,0,0,0,0,96.62,54.91,0.0,0.0,0.0,0.0,0.0,0,90,0,0.1,0,0,0,0,0,0,0
1780641930.259,0,0,0,0,0,96.6,54.94,0.0,0.0,0.0,0.0,0.0,0,90,0,0.1,0,0,0,0,0,0,0
1780641930.278,0,0,0,0,0,96.57,54.96,0.0,0.0,0.0,0.0,0.0,0,90,0,0.09,0,0,0,0,0,0,0
1780641930.302,0,0,0,0,0,96.54,54.98,0.0,0.0,0.0,0.0,0.0,0,90,0,0.08,0,0,0,0,0,0,0
1780641930.321,0,0,0,0,0,96.53,54.98,0.0,0.0,0.0,0.0,0.0,0,90,0,0.08,0,0,0,0,0,0,0
1780641930.344,0,0,0,0,0,96.52,54.98,0.0,0.0,0.0,0.0,0.0,0,90,0,0.07,0,0,0,0,0,0,0
1780641930.363,0,0,0,0,0,96.51,54.98,0.0,0.0,0.0,0.0,0.0,0,90,0,0.07,0,0,0,0,0,0,0
1780641930.387,0,0,0,0,0,96.51,54.97,0.0,0.0,0.0,0.0,0.0,0,90,0,0.06,0,0,0,0,0,0,0
1780641930.406,0,0,0,0,0,96.51,54.94,0.0,0.0,0.0,0.0,0.0,0,90,0,0.06,0,0,0,0,0,0,0
1780641930.43,0,0,0,0,0,96.51,54.92,0.0,0.0,0.0,0.0,0.0,0,90,0,0.05,0,0,0,0,0,0,0
1780641930.45,0,0,0,0,0,96.52,54.91,0.0,0.0,0.0,0.0,0.0,0,90,0,0.05,0,0,0,0,0,0,0
1780641930.472,0,0,0,0,0,96.52,54.92,0.0,0.0,0.0,0.0,0.0,0,90,0,0.05,0,0,0,0,0,0,0
1780641930.491,0,0,0,0,0,96.51,54.93,0.0,0.0,0.0,0.0,0.0,0,90,0,0.05,0,0,0,0,0,0,0
1780641930.515,0,0,0,0,0,96.5,54.93,0.0,0.0,0.0,0.0,0.0,0,90,0,0.05,0,0,0,0,0,0,0
1780641930.535,0,0,0,0,0,96.49,54.92,0.0,0.0,0.0,0.0,0.0,0,90,0,0.04,0,0,0,0,0,0,0
1780641930.559,0,0,0,0,0,96.44,54.84,0.0,0.0,0.0,0.0,0.0,0,90,0,0.04,0,0,0,0,0,0,0
1780641930.577,0,0,0,0,0,96.27,54.62,0.0,0.0,0.0,0.0,0.0,0,90,0,0.04,0,0,0,0,0,0,0
1780641930.6,0,0,0,0,0,96.05,54.35,0.0,0.0,0.0,0.0,0.0,0,90,0,0.04,0,0,0,0,0,0,0
1780641930.62,0,0,0,0,0,95.86,54.14,0.0,0.0,0.0,0.0,0.0,0,90,0,0.04,0,0,0,0,0,0,0
1780641930.645,0,0,0,0,0,95.73,54.02,0.0,0.0,0.0,0.0,0.0,0,90,0,0.05,0,0,0,0,0,0,0
1780641930.662,0,0,0,0,0,95.67,53.96,0.0,0.0,0.0,0.0,0.0,0,90,0,0.06,0,0,0,0,0,0,0
1780641930.687,0,0,0,0,0,95.66,53.92,0.0,0.0,0.0,0.0,0.0,0,90,0,0.07,0,0,0,0,0,0,0
1780641930.706,0,0,0,0,0,95.68,53.89,0.0,0.0,0.0,0.0,0.0,0,90,0,0.09,0,0,0,0,0,0,0
1780641930.73,0,0,0,0,0,95.69,53.87,0.0,0.0,0.0,0.0,0.0,0,90,0,0.1,0,0,0,0,0,0,0
1780641930.749,0,0,0,0,0,95.7,53.85,0.0,0.0,0.0,0.0,0.0,0,90,0,0.11,0,0,0,0,0,0,0
1780641930.772,0,0,0,0,0,95.71,53.83,0.0,0.0,0.0,0.0,0.0,0,90,0,0.12,0,0,0,0,0,0,0
1780641930.792,0,0,0,0,0,95.75,53.81,0.0,0.0,0.0,0.0,0.0,0,90,0,0.14,0,0,0,0,0,0,0
1780641930.815,0,0,0,0,0,95.78,53.78,0.0,0.0,0.0,0.0,0.0,0,90,0,0.15,0,0,0,0,0,0,0
1780641930.835,0,0,0,0,0,95.81,53.75,0.0,0.0,0.0,0.0,0.0,0,90,0,0.16,0,0,0,0,0,0,0
1780641930.858,0,0,0,0,0,95.8,53.72,0.0,0.0,0.0,0.0,0.0,0,90,0,0.18,0,0,0,0,0,0,0
1780641930.876,0,0,0,0,0,95.79,53.71,0.0,0.0,0.0,0.0,0.0,0,90,0,0.19,0,0,0,0,0,0,0
1780641930.902,0,0,0,0,0,95.79,53.7,0.0,0.0,0.0,0.0,0.0,0,90,0,0.21,0,0,0,0,0,0,0
1780641930.92,0,0,0,0,0,95.8,53.69,0.0,0.0,0.0,0.0,0.0,0,90,0,0.22,0,0,0,0,0,0,0
1780641930.944,0,0,0,0,0,95.82,53.68,0.0,0.0,0.0,0.0,0.0,0,90,0,0.24,0,0,0,0,0,0,0
1780641930.967,0,0,0,0,0,95.84,53.69,0.0,0.0,0.0,0.0,0.0,0,90,0,0.25,0,0,0,0,0,0,0
1780641930.991,0,0,0,0,0,95.84,53.7,0.0,0.0,0.0,0.0,0.0,0,90,0,0.26,0,0,0,0,0,0,0
1780641931.01,0,0,0,0,0,95.86,53.71,0.0,0.0,0.0,0.0,0.0,0,90,0,0.27,0,0,0,0,0,0,0
1780641931.033,0,0,0,0,0,95.89,53.69,0.0,0.0,0.0,0.0,0.0,0,90,0,0.28,0,0,0,0,0,0,0
1780641931.052,0,0,0,0,0,95.93,53.68,0.0,0.0,0.0,0.0,0.0,0,90,0,0.29,0,0,0,0,0,0,0
1780641931.078,0,0,0,0,0,95.97,53.66,0.0,0.0,0.0,0.0,0.0,0,90,0,0.3,0,0,0,0,0,0,0
1780641931.098,0,0,0,0,0,95.99,53.66,0.0,0.0,0.0,0.0,0.0,0,90,0,0.31,0,0,0,0,0,0,0
1780641931.121,0,0,0,0,0,96.0,53.68,0.0,0.0,0.0,0.0,0.0,0,90,0,0.31,0,0,0,0,0,0,0
1780641931.14,0,0,0,0,0,95.98,53.7,0.0,0.0,0.0,0.0,0.0,0,90,0,0.32,0,0,0,0,0,0,0
1780641931.162,0,0,0,0,0,95.96,53.7,0.0,0.0,0.0,0.0,0.0,0,90,0,0.32,0,0,0,0,0,0,0
1780641931.188,0,0,0,0,0,95.95,53.69,0.0,0.0,0.0,0.0,0.0,0,90,0,0.32,0,0,0,0,0,0,0
1780641931.206,0,0,0,0,0,95.95,53.67,0.0,0.0,0.0,0.0,0.0,0,90,0,0.32,0,0,0,0,0,0,0
1780641931.225,0,0,0,0,0,95.94,53.65,0.0,0.0,0.0,0.0,0.0,0,90,0,0.32,0,0,0,0,0,0,0
1780641931.249,0,0,0,0,0,95.94,53.64,0.0,0.0,0.0,0.0,0.0,0,90,0,0.32,0,0,0,0,0,0,0
1780641931.268,0,0,0,0,0,95.92,53.63,0.0,0.0,0.0,0.0,0.0,0,90,0,0.32,0,0,0,0,0,0,0
1780641931.291,0,0,0,0,0,95.92,53.62,0.0,0.0,0.0,0.0,0.0,0,90,0,0.32,0,0,0,0,0,0,0
1780641931.311,0,0,0,0,0,95.91,53.6,0.0,0.0,0.0,0.0,0.0,0,90,0,0.31,0,0,0,0,0,0,0
1780641931.334,0,0,0,0,0,95.88,53.6,0.0,0.0,0.0,0.0,0.0,0,90,0,0.3,0,0,0,0,0,0,0
1780641931.354,0,0,0,0,0,95.84,53.6,0.0,0.0,0.0,0.0,0.0,0,90,0,0.29,0,0,0,0,0,0,0
1780641931.376,0,0,0,0,0,95.8,53.61,0.0,0.0,0.0,0.0,0.0,0,90,0,0.28,0,0,0,0,0,0,0
1780641931.396,0,0,0,0,0,95.75,53.6,0.0,0.0,0.0,0.0,0.0,0,90,0,0.26,0,0,0,0,0,0,0
1780641931.42,0,0,0,0,0,95.72,53.58,0.0,0.0,0.0,0.0,0.0,0,90,0,0.25,0,0,0,0,0,0,0
1780641931.444,0,0,0,0,0,95.69,53.56,0.0,0.0,0.0,0.0,0.0,0,90,0,0.23,0,0,0,0,0,0,0
1780641931.464,0,0,0,0,0,95.68,53.54,0.0,0.0,0.0,0.0,0.0,0,90,0,0.22,0,0,0,0,0,0,0
1780641931.486,0,0,0,0,0,95.67,53.51,0.0,0.0,0.0,0.0,0.0,0,90,0,0.2,0,0,0,0,0,0,0
1780641931.506,0,0,0,0,0,95.67,53.49,0.0,0.0,0.0,0.0,0.0,0,90,0,0.18,0,0,0,0,0,0,0
1780641931.529,0,0,0,0,0,95.66,53.47,0.0,0.0,0.0,0.0,0.0,0,90,0,0.16,0,0,0,0,0,0,0
1780641931.548,0,0,0,0,0,95.66,53.47,0.0,0.0,0.0,0.0,0.0,0,90,0,0.14,0,0,0,0,0,0,0
1780641931.572,0,0,0,0,0,95.66,53.49,0.0,0.0,0.0,0.0,0.0,0,90,0,0.12,0,0,0,0,0,0,0
1780641931.592,0,0,0,0,0,95.66,53.52,0.0,0.0,0.0,0.0,0.0,0,90,0,0.09,0,0,0,0,0,0,0
1780641931.615,0,0,0,0,0,95.64,53.57,0.0,0.0,0.0,0.0,0.0,0,90,0,0.07,0,0,0,0,0,0,0
1780641931.635,0,0,0,0,0,95.61,53.59,0.0,0.0,0.0,0.0,0.0,0,90,0,0.04,0,0,0,0,0,0,0
1780641931.657,0,0,0,0,0,95.59,53.59,0.0,0.0,0.0,0.0,0.0,0,90,0,0.03,0,0,0,0,0,0,0
1780641931.677,0,0,0,0,0,95.6,53.57,0.0,0.0,0.0,0.0,0.0,0,90,0,0.02,0,0,0,0,0,0,0
1780641931.701,0,0,0,0,0,95.63,53.54,0.0,0.0,0.0,0.0,0.0,0,90,0,0.02,0,0,0,0,0,0,0
1780641931.722,0,0,0,0,0,95.68,53.51,0.0,0.0,0.0,0.0,0.0,0,90,0,0.01,0,0,0,0,0,0,0
1780641931.744,0,0,0,0,0,95.72,53.51,0.0,0.0,0.0,0.0,0.0,0,90,0,0.01,0,0,0,0,0,0,0
1780641931.763,0,0,0,0,0,95.73,53.51,0.0,0.0,0.0,0.0,0.0,0,90,0,0.01,0,0,0,0,0,0,0
1780641931.788,0,0,0,0,0,95.72,53.52,0.0,0.0,0.0,0.0,0.0,0,90,0,0.01,0,0,0,0,0,0,0
1780641931.806,0,0,0,0,0,95.69,53.53,0.0,0.0,0.0,0.0,0.0,0,90,0,0.01,0,0,0,0,0,0,0
1780641931.83,0,0,0,0,0,95.67,53.55,0.0,0.0,0.0,0.0,0.0,0,90,0,0.01,0,0,0,0,0,0,0
1780641931.851,0,0,0,0,0,95.68,53.58,0.0,0.0,0.0,0.0,0.0,0,90,0,0.01,0,0,0,0,0,0,0
1780641931.873,0,0,0,0,0,95.69,53.61,0.0,0.0,0.0,0.0,0.0,0,90,0,0.01,0,0,0,0,0,0,0
1780641931.893,0,0,0,0,0,95.71,53.65,0.0,0.0,0.0,0.0,0.0,0,90,0,0.01,0,0,0,0,0,0,0
1780641931.915,0,0,0,0,0,95.74,53.68,0.0,0.0,0.0,0.0,0.0,0,90,0,0.01,0,0,0,0,0,0,0
1780641931.937,0,0,0,0,0,95.79,53.68,0.0,0.0,0.0,0.0,0.0,0,90,0,0.01,0,0,0,0,0,0,0
1780641931.958,0,0,0,0,0,95.82,53.67,0.0,0.0,0.0,0.0,0.0,0,90,0,0.01,0,0,0,0,0,0,0
1780641931.978,0,0,0,0,0,95.83,53.63,0.0,0.0,0.0,0.0,0.0,0,90,0,0.01,0,0,0,0,0,0,0
1780641932.002,0,0,0,0,0,95.81,53.6,0.0,0.0,0.0,0.0,0.0,0,90,0,0.01,0,0,0,0,0,0,0
1780641932.02,0,0,0,0,0,95.78,53.59,0.0,0.0,0.0,0.0,0.0,0,90,0,0.01,0,0,0,0,0,0,0
1780641932.044,0,0,0,0,0,95.75,53.6,0.0,0.0,0.0,0.0,0.0,0,90,0,0.01,0,0,0,0,0,0,0
1780641932.064,0,0,0,0,0,95.72,53.63,0.0,0.0,0.0,0.0,0.0,0,90,0,0.01,0,0,0,0,0,0,0
1780641932.087,0,0,0,0,0,95.68,53.65,0.0,0.0,0.0,0.0,0.0,0,90,0,0.01,0,0,0,0,0,0,0
1780641932.108,0,0,0,0,0,95.64,53.67,0.0,0.0,0.0,0.0,0.0,0,90,0,0.01,0,0,0,0,0,0,0
1780641932.13,0,0,0,0,0,95.62,53.67,0.0,0.0,0.0,0.0,0.0,0,90,0,0.01,0,0,0,0,0,0,0
1780641932.15,0,0,0,0,0,95.62,53.67,0.0,0.0,0.0,0.0,0.0,0,90,0,0.01,0,0,0,0,0,0,0
1780641932.172,0,0,0,0,0,95.61,53.67,0.0,0.0,0.0,0.0,0.0,0,90,0,0.01,0,0,0,0,0,0,0
1780641932.193,0,0,0,0,0,95.58,53.69,0.0,0.0,0.0,0.0,0.0,0,90,0,0.01,0,0,0,0,0,0,0
1780641932.216,0,0,0,0,0,95.56,53.7,0.0,0.0,0.0,0.0,0.0,0,90,0,0.01,0,0,0,0,0,0,0
1780641932.241,0,0,0,0,0,95.56,53.7,0.0,0.0,0.0,0.0,0.0,0,90,0,0.01,0,0,0,0,0,0,0
1780641932.264,0,0,0,0,0,95.58,53.67,0.0,0.0,0.0,0.0,0.0,0,90,0,0.01,0,0,0,0,0,0,0
1780641932.283,0,0,0,0,0,95.58,53.65,0.0,0.0,0.0,0.0,0.0,0,90,0,0.01,0,0,0,0,0,0,0
1780641932.306,0,0,0,0,0,95.56,53.66,0.0,0.0,0.0,0.0,0.0,0,90,0,0.01,0,0,0,0,0,0,0
1780641932.325,0,0,0,0,0,95.53,53.68,0.0,0.0,0.0,0.0,0.0,0,90,0,0.01,0,0,0,0,0,0,0
1780641932.348,0,0,0,0,0,95.49,53.71,0.0,0.0,0.0,0.0,0.0,0,90,0,0.01,0,0,0,0,0,0,0
1780641932.37,0,0,0,0,0,95.47,53.73,0.0,0.0,0.0,0.0,0.0,0,90,0,0.01,0,0,0,0,0,0,0
1780641932.391,0,0,0,0,0,95.46,53.72,0.0,0.0,0.0,0.0,0.0,0,90,0,0.01,0,0,0,0,0,0,0
1780641932.411,0,0,0,0,0,95.46,53.7,0.0,0.0,0.0,0.0,0.0,0,90,0,0.01,0,0,0,0,0,0,0
1780641932.435,0,0,0,0,0,95.45,53.69,0.0,0.0,0.0,0.0,0.0,0,90,0,0.01,0,0,0,0,0,0,0
1780641932.455,0,0,0,0,0,95.43,53.69,0.0,0.0,0.0,0.0,0.0,0,90,0,0.01,0,0,0,0,0,0,0
1780641932.478,0,0,0,0,0,95.4,53.69,0.0,0.0,0.0,0.0,0.0,0,90,0,0.01,0,0,0,0,0,0,0
1780641932.498,0,0,0,0,0,95.37,53.68,0.0,0.0,0.0,0.0,0.0,0,90,0,0.01,0,0,0,0,0,0,0
1780641932.519,0,0,0,0,0,95.34,53.65,0.0,0.0,0.0,0.0,0.0,0,90,0,0.01,0,0,0,0,0,0,0
1780641932.539,0,0,0,0,0,95.33,53.62,0.0,0.0,0.0,0.0,0.0,0,90,0,0.01,0,0,0,0,0,0,0
1780641932.564,0,0,0,0,0,95.34,53.61,0.0,0.0,0.0,0.0,0.0,0,90,0,0.02,0,0,0,0,0,0,0
1780641932.583,0,0,0,0,0,95.35,53.62,0.0,0.0,0.0,0.0,0.0,0,90,0,0.02,0,0,0,0,0,0,0
1780641932.605,0,0,0,0,0,95.37,53.65,0.0,0.0,0.0,0.0,0.0,0,90,0,0.02,0,0,0,0,0,0,0
1780641932.63,0,0,0,0,0,95.41,53.66,0.0,0.0,0.0,0.0,0.0,0,90,0,0.02,0,0,0,0,0,0,0
1780641932.653,0,0,0,0,0,95.45,53.66,0.0,0.0,0.0,0.0,0.0,0,90,0,0.02,0,0,0,0,0,0,0
1780641932.672,0,0,0,0,0,95.46,53.65,0.0,0.0,0.0,0.0,0.0,0,90,0,0.02,0,0,0,0,0,0,0
1780641932.696,0,0,0,0,0,95.45,53.66,0.0,0.0,0.0,0.0,0.0,0,90,0,0.02,0,0,0,0,0,0,0
1780641932.715,0,0,0,0,0,95.43,53.66,0.0,0.0,0.0,0.0,0.0,0,90,0,0.02,0,0,0,0,0,0,0
1780641932.739,0,0,0,0,0,95.42,53.65,0.0,0.0,0.0,0.0,0.0,0,90,0,0.02,0,0,0,0,0,0,0
1780641932.758,0,0,0,0,0,95.42,53.63,0.0,0.0,0.0,0.0,0.0,0,90,0,0.02,0,0,0,0,0,0,0
1780641932.782,0,0,0,0,0,95.43,53.61,0.0,0.0,0.0,0.0,0.0,0,90,0,0.02,0,0,0,0,0,0,0
1780641932.801,0,0,0,0,0,95.44,53.59,0.0,0.0,0.0,0.0,0.0,0,90,0,0.02,0,0,0,0,0,0,0
1780641932.825,0,0,0,0,0,95.47,53.6,0.0,0.0,0.0,0.0,0.0,0,90,0,0.02,0,0,0,0,0,0,0
1780641932.844,0,0,0,0,0,95.5,53.62,0.0,0.0,0.0,0.0,0.0,0,90,0,0.02,0,0,0,0,0,0,0
1780641932.867,0,0,0,0,0,95.51,53.65,0.0,0.0,0.0,0.0,0.0,0,90,0,0.02,0,0,0,0,0,0,0
1780641932.887,0,0,0,0,0,95.48,53.66,0.0,0.0,0.0,0.0,0.0,0,90,0,0.02,0,0,0,0,0,0,0
1780641932.912,0,0,0,0,0,95.44,53.67,0.0,0.0,0.0,0.0,0.0,0,90,0,0.02,0,0,0,0,0,0,0
1780641932.929,0,0,0,0,0,95.39,53.67,0.0,0.0,0.0,0.0,0.0,0,90,0,0.02,0,0,0,0,0,0,0
1780641932.953,0,0,0,0,0,95.35,53.66,0.0,0.0,0.0,0.0,0.0,0,90,0,0.02,0,0,0,0,0,0,0
1780641932.972,0,0,0,0,0,95.33,53.64,0.0,0.0,0.0,0.0,0.0,0,90,0,0.02,0,0,0,0,0,0,0
1780641932.996,0,0,0,0,0,95.35,53.61,0.0,0.0,0.0,0.0,0.0,0,90,0,0.02,0,0,0,0,0,0,0
1780641933.02,0,0,0,0,0,95.4,53.58,0.0,0.0,0.0,0.0,0.0,0,90,0,0.02,0,0,0,0,0,0,0
1780641933.044,0,0,0,0,0,95.46,53.56,0.0,0.0,0.0,0.0,0.0,0,90,0,0.02,0,0,0,0,0,0,0
1780641933.067,0,0,0,0,0,95.5,53.54,0.0,0.0,0.0,0.0,0.0,0,90,0,0.01,0,0,0,0,0,0,0
1780641933.086,0,0,0,0,0,95.52,53.51,0.0,0.0,0.0,0.0,0.0,0,90,0,0.01,0,0,0,0,0,0,0
1780641933.11,0,0,0,0,0,95.53,53.49,0.0,0.0,0.0,0.0,0.0,0,90,0,0.01,0,0,0,0,0,0,0
1780641933.13,0,0,0,0,0,95.52,53.45,0.0,0.0,0.0,0.0,0.0,0,90,0,0.01,0,0,0,0,0,0,0
1780641933.152,0,0,0,0,0,95.52,53.42,0.0,0.0,0.0,0.0,0.0,0,90,0,0.01,0,0,0,0,0,0,0
1780641933.171,0,0,0,0,0,95.51,53.4,0.0,0.0,0.0,0.0,0.0,0,90,0,0.01,0,0,0,0,0,0,0
1780641933.196,0,0,0,0,0,95.5,53.39,0.0,0.0,0.0,0.0,0.0,0,90,0,0.01,0,0,0,0,0,0,0
1780641933.215,0,0,0,0,0,95.49,53.39,0.0,0.0,0.0,0.0,0.0,0,90,0,0.01,0,0,0,0,0,0,0
1780641933.247,0,0,0,0,0,95.5,53.38,0.0,0.0,0.0,0.0,0.0,0,90,0,0.01,0,0,0,0,0,0,0
1780641933.257,0,0,0,0,0,95.5,53.37,0.0,0.0,0.0,0.0,0.0,0,90,0,0.01,0,0,0,0,0,0,0
1780641933.281,0,0,0,0,0,95.5,53.36,0.0,0.0,0.0,0.0,0.0,0,90,0,0.01,0,0,0,0,0,0,0
1780641933.301,0,0,0,0,0,95.49,53.35,0.0,0.0,0.0,0.0,0.0,0,90,0,0.01,0,0,0,0,0,0,0
1780641933.324,0,0,0,0,0,95.5,53.35,0.0,0.0,0.0,0.0,0.0,0,90,0,0.01,0,0,0,0,0,0,0
1780641933.345,0,0,0,0,0,95.54,53.35,0.0,0.0,0.0,0.0,0.0,0,90,0,0.01,0,0,0,0,0,0,0
1780641933.367,0,0,0,0,0,95.58,53.35,0.0,0.0,0.0,0.0,0.0,0,90,0,0.01,0,0,0,0,0,0,0
1780641933.387,0,0,0,0,0,95.61,53.34,0.0,0.0,0.0,0.0,0.0,0,90,0,0.02,0,0,0,0,0,0,0
1780641933.41,0,0,0,0,0,95.62,53.33,0.0,0.0,0.0,0.0,0.0,0,90,0,0.02,0,0,0,0,0,0,0
1780641933.43,0,0,0,0,0,95.61,53.33,0.0,0.0,0.0,0.0,0.0,0,90,0,0.02,0,0,0,0,0,0,0
1780641933.453,0,0,0,0,0,95.62,53.34,0.0,0.0,0.0,0.0,0.0,0,90,0,0.02,0,0,0,0,0,0,0
1780641933.477,0,0,0,0,0,95.66,53.35,0.0,0.0,0.0,0.0,0.0,0,90,0,0.02,0,0,0,0,0,0,0
1780641933.501,0,0,0,0,0,95.71,53.36,0.0,0.0,0.0,0.0,0.0,0,90,0,0.02,0,0,0,0,0,0,0
1780641933.519,0,0,0,0,0,95.76,53.36,0.0,0.0,0.0,0.0,0.0,0,90,0,0.02,0,0,0,0,0,0,0
1780641933.545,0,0,0,0,0,95.77,53.35,0.0,0.0,0.0,0.0,0.0,0,90,0,0.02,0,0,0,0,0,0,0
1780641933.562,0,0,0,0,0,95.74,53.34,0.0,0.0,0.0,0.0,0.0,0,90,0,0.02,0,0,0,0,0,0,0
1780641933.587,0,0,0,0,0,95.71,53.34,0.0,0.0,0.0,0.0,0.0,0,90,0,0.02,0,0,0,0,0,0,0
1780641933.605,0,0,0,0,0,95.68,53.36,0.0,0.0,0.0,0.0,0.0,0,90,0,0.02,0,0,0,0,0,0,0
1780641933.63,0,0,0,0,0,95.67,53.37,0.0,0.0,0.0,0.0,0.0,0,90,0,0.02,0,0,0,0,0,0,0
1780641933.648,0,0,0,0,0,95.66,53.39,0.0,0.0,0.0,0.0,0.0,0,90,0,0.02,0,0,0,0,0,0,0
1780641933.672,0,0,0,0,0,95.66,53.39,0.0,0.0,0.0,0.0,0.0,0,90,0,0.02,0,0,0,0,0,0,0
1780641933.69,0,0,0,0,0,95.66,53.38,0.0,0.0,0.0,0.0,0.0,0,90,0,0.02,0,0,0,0,0,0,0
1780641933.714,0,0,0,0,0,95.66,53.36,0.0,0.0,0.0,0.0,0.0,0,90,0,0.02,0,0,0,0,0,0,0
1780641933.735,0,0,0,0,0,95.66,53.33,0.0,0.0,0.0,0.0,0.0,0,90,0,0.02,0,0,0,0,0,0,0
1780641933.76,0,0,0,0,0,95.66,53.32,0.0,0.0,0.0,0.0,0.0,0,90,0,0.02,0,0,0,0,0,0,0
1780641933.776,0,0,0,0,0,95.67,53.3,0.0,0.0,0.0,0.0,0.0,0,90,0,0.02,0,0,0,0,0,0,0
1780641933.801,0,0,0,0,0,95.69,53.3,0.0,0.0,0.0,0.0,0.0,0,90,0,0.02,0,0,0,0,0,0,0
1780641933.819,0,0,0,0,0,95.7,53.32,0.0,0.0,0.0,0.0,0.0,0,90,0,0.02,0,0,0,0,0,0,0
1780641933.843,0,0,0,0,0,95.71,53.36,0.0,0.0,0.0,0.0,0.0,0,90,0,0.01,0,0,0,0,0,0,0
1780641933.863,0,0,0,0,0,95.71,53.4,0.0,0.0,0.0,0.0,0.0,0,90,0,0.01,0,0,0,0,0,0,0
1780641933.886,0,0,0,0,0,95.74,53.44,0.0,0.0,0.0,0.0,0.0,0,90,0,0.01,0,0,0,0,0,0,0
1780641933.907,0,0,0,0,0,95.77,53.45,0.0,0.0,0.0,0.0,0.0,0,90,0,0.01,0,0,0,0,0,0,0
1780641933.929,0,0,0,0,0,95.79,53.43,0.0,0.0,0.0,0.0,0.0,0,90,0,0.01,0,0,0,0,0,0,0
1780641933.948,0,0,0,0,0,95.79,53.4,0.0,0.0,0.0,0.0,0.0,0,90,0,0.02,0,0,0,0,0,0,0
1780641933.972,0,0,0,0,0,95.79,53.38,0.0,0.0,0.0,0.0,0.0,0,90,0,0.02,0,0,0,0,0,0,0
1780641933.99,0,0,0,0,0,95.79,53.38,0.0,0.0,0.0,0.0,0.0,0,90,0,0.02,0,0,0,0,0,0,0
1780641934.014,0,0,0,0,0,95.82,53.39,0.0,0.0,0.0,0.0,0.0,0,90,0,0.02,0,0,0,0,0,0,0
1780641934.035,0,0,0,0,0,95.85,53.41,0.0,0.0,0.0,0.0,0.0,0,90,0,0.02,0,0,0,0,0,0,0
1780641934.057,0,0,0,0,0,95.89,53.43,0.0,0.0,0.0,0.0,0.0,0,90,0,0.02,0,0,0,0,0,0,0
1780641934.078,0,0,0,0,0,95.93,53.44,0.0,0.0,0.0,0.0,0.0,0,90,0,0.02,0,0,0,0,0,0,0
1780641934.101,0,0,0,0,0,95.98,53.45,0.0,0.0,0.0,0.0,0.0,0,90,0,0.02,0,0,0,0,0,0,0
1780641934.12,0,0,0,0,0,96.03,53.46,0.0,0.0,0.0,0.0,0.0,0,90,0,0.02,0,0,0,0,0,0,0
1780641934.143,0,0,0,0,0,96.08,53.45,0.0,0.0,0.0,0.0,0.0,0,90,0,0.02,0,0,0,0,0,0,0
1780641934.163,0,0,0,0,0,96.11,53.44,0.0,0.0,0.0,0.0,0.0,0,90,0,0.02,0,0,0,0,0,0,0
1780641934.186,0,0,0,0,0,96.1,53.41,0.0,0.0,0.0,0.0,0.0,0,90,0,0.03,0,0,0,0,0,0,0
1780641934.209,0,0,0,0,0,96.07,53.39,0.0,0.0,0.0,0.0,0.0,0,90,0,0.03,0,0,0,0,0,0,0
1780641934.233,0,0,0,0,0,96.04,53.37,0.0,0.0,0.0,0.0,0.0,0,90,0,0.03,0,0,0,0,0,0,0
1780641934.253,0,0,0,0,0,96.03,53.34,0.0,0.0,0.0,0.0,0.0,0,90,0,0.03,0,0,0,0,0,0,0
1780641934.277,0,0,0,0,0,96.04,53.33,0.0,0.0,0.0,0.0,0.0,0,90,0,0.03,0,0,0,0,0,0,0
1780641934.295,0,0,0,0,0,96.05,53.34,0.0,0.0,0.0,0.0,0.0,0,90,0,0.03,0,0,0,0,0,0,0
1780641934.319,0,0,0,0,0,96.06,53.37,0.0,0.0,0.0,0.0,0.0,0,90,0,0.03,0,0,0,0,0,0,0
1780641934.338,0,0,0,0,0,96.05,53.4,0.0,0.0,0.0,0.0,0.0,0,90,0,0.03,0,0,0,0,0,0,0
1780641934.362,0,0,0,0,0,96.04,53.41,0.0,0.0,0.0,0.0,0.0,0,90,0,0.03,0,0,0,0,0,0,0
1780641934.381,0,0,0,0,0,96.03,53.42,0.0,0.0,0.0,0.0,0.0,0,90,0,0.03,0,0,0,0,0,0,0
1780641934.405,0,0,0,0,0,96.01,53.42,0.0,0.0,0.0,0.0,0.0,0,90,0,0.03,0,0,0,0,0,0,0
1780641934.424,0,0,0,0,0,95.99,53.43,0.0,0.0,0.0,0.0,0.0,0,90,0,0.03,0,0,0,0,0,0,0
1780641934.448,0,0,0,0,0,95.98,53.42,0.0,0.0,0.0,0.0,0.0,0,90,0,0.03,0,0,0,0,0,0,0
1780641934.466,0,0,0,0,0,95.99,53.41,0.0,0.0,0.0,0.0,0.0,0,90,0,0.03,0,0,0,0,0,0,0
1780641934.491,0,0,0,0,0,96.01,53.39,0.0,0.0,0.0,0.0,0.0,0,90,0,0.03,0,0,0,0,0,0,0
1780641934.509,0,0,0,0,0,96.01,53.38,0.0,0.0,0.0,0.0,0.0,0,90,0,0.03,0,0,0,0,0,0,0
1780641934.534,0,0,0,0,0,95.99,53.39,0.0,0.0,0.0,0.0,0.0,0,90,0,0.03,0,0,0,0,0,0,0
1780641934.557,0,0,0,0,0,95.95,53.41,0.0,0.0,0.0,0.0,0.0,0,90,0,0.02,0,0,0,0,0,0,0
1780641934.579,0,0,0,0,0,95.93,53.42,0.0,0.0,0.0,0.0,0.0,0,90,0,0.02,0,0,0,0,0,0,0
1780641934.603,0,0,0,0,0,95.93,53.43,0.0,0.0,0.0,0.0,0.0,0,90,0,0.02,0,0,0,0,0,0,0
1780641934.622,0,0,0,0,0,95.93,53.42,0.0,0.0,0.0,0.0,0.0,0,90,0,0.02,0,0,0,0,0,0,0
1780641934.648,0,0,0,0,0,95.93,53.4,0.0,0.0,0.0,0.0,0.0,0,90,0,0.02,0,0,0,0,0,0,0
1780641934.666,0,0,0,0,0,95.9,53.39,0.0,0.0,0.0,0.0,0.0,0,90,0,0.02,0,0,0,0,0,0,0
1780641934.691,0,0,0,0,0,95.86,53.38,0.0,0.0,0.0,0.0,0.0,0,90,0,0.02,0,0,0,0,0,0,0
1780641934.71,0,0,0,0,0,95.83,53.37,0.0,0.0,0.0,0.0,0.0,0,90,0,0.02,0,0,0,0,0,0,0
1780641934.733,0,0,0,0,0,95.81,53.36,0.0,0.0,0.0,0.0,0.0,0,90,0,0.02,0,0,0,0,0,0,0
1780641934.753,0,0,0,0,0,95.8,53.36,0.0,0.0,0.0,0.0,0.0,0,90,0,0.02,0,0,0,0,0,0,0
1780641934.776,0,0,0,0,0,95.79,53.37,0.0,0.0,0.0,0.0,0.0,0,90,0,0.02,0,0,0,0,0,0,0
1780641934.795,0,0,0,0,0,95.8,53.38,0.0,0.0,0.0,0.0,0.0,0,90,0,0.02,0,0,0,0,0,0,0
1780641934.82,0,0,0,0,0,95.8,53.39,0.0,0.0,0.0,0.0,0.0,0,90,0,0.02,0,0,0,0,0,0,0
1780641934.838,0,0,0,0,0,95.8,53.37,0.0,0.0,0.0,0.0,0.0,0,90,0,0.02,0,0,0,0,0,0,0
1780641934.86,0,0,0,0,0,95.79,53.36,0.0,0.0,0.0,0.0,0.0,0,90,0,0.01,0,0,0,0,0,0,0
1780641934.885,0,0,0,0,0,95.78,53.35,0.0,0.0,0.0,0.0,0.0,0,90,0,0.01,0,0,0,0,0,0,0
1780641934.909,0,0,0,0,0,95.79,53.35,0.0,0.0,0.0,0.0,0.0,0,90,0,0.01,0,0,0,0,0,0,0
1780641934.927,0,0,0,0,0,95.83,53.35,0.0,0.0,0.0,0.0,0.0,0,90,0,0.01,0,0,0,0,0,0,0
1780641934.952,0,0,0,0,0,95.89,53.36,0.0,0.0,0.0,0.0,0.0,0,90,0,0.01,0,0,0,0,0,0,0
1780641934.972,0,0,0,0,0,95.94,53.35,0.0,0.0,0.0,0.0,0.0,0,90,0,0.01,0,0,0,0,0,0,0
1780641934.994,0,0,0,0,0,95.99,53.34,0.0,0.0,0.0,0.0,0.0,0,90,0,0.01,0,0,0,0,0,0,0
1780641935.012,0,0,0,0,0,96.05,53.33,0.0,0.0,0.0,0.0,0.0,0,90,0,0.01,0,0,0,0,0,0,0
1780641935.037,0,0,0,0,0,96.11,53.3,0.0,0.0,0.0,0.0,0.0,0,90,0,0.01,0,0,0,0,0,0,0
1780641935.057,0,0,0,0,0,96.16,53.27,0.0,0.0,0.0,0.0,0.0,0,90,0,0.01,0,0,0,0,0,0,0
1780641935.08,0,0,0,0,0,96.19,53.25,0.0,0.0,0.0,0.0,0.0,0,90,0,0.01,0,0,0,0,0,0,0
1780641935.099,0,0,0,0,0,96.24,53.24,0.0,0.0,0.0,0.0,0.0,0,90,0,0.01,0,0,0,0,0,0,0
1780641935.122,0,0,0,0,0,96.28,53.25,0.0,0.0,0.0,0.0,0.0,0,90,0,0.01,0,0,0,0,0,0,0
1780641935.141,0,0,0,0,0,96.3,53.25,0.0,0.0,0.0,0.0,0.0,0,90,0,0.02,0,0,0,0,0,0,0
1780641935.165,0,0,0,0,0,96.29,53.25,0.0,0.0,0.0,0.0,0.0,0,90,0,0.02,0,0,0,0,0,0,0
1780641935.185,0,0,0,0,0,96.27,53.22,0.0,0.0,0.0,0.0,0.0,0,90,0,0.02,0,0,0,0,0,0,0
1780641935.208,0,0,0,0,0,96.23,53.19,0.0,0.0,0.0,0.0,0.0,0,90,0,0.02,0,0,0,0,0,0,0
1780641935.228,0,0,0,0,0,96.2,53.17,0.0,0.0,0.0,0.0,0.0,0,90,0,0.02,0,0,0,0,0,0,0
1780641935.253,0,0,0,0,0,96.16,53.17,0.0,0.0,0.0,0.0,0.0,0,90,0,0.02,0,0,0,0,0,1,0
1780641935.272,0,0,0,0,0,96.12,53.18,0.0,0.0,0.0,0.0,0.0,0,90,0,0.02,0,0,0,0,0,1,0
1780641935.293,0,0,0,0,0,96.09,53.18,0.0,0.0,0.0,0.0,0.0,0,90,0,0.02,0,0,0,0,0,1,0
1780641935.314,0,0,0,0,0,96.09,53.18,0.0,0.0,0.0,0.0,0.0,0,90,0,0.02,0,0,0,0,0,1,0
1780641935.337,0,0,0,0,0,96.1,53.16,0.0,0.0,0.0,0.0,0.0,0,90,0,0.02,0,0,0,0,0,1,0
1780641935.357,0,0,0,0,0,96.11,53.14,0.0,0.0,0.0,0.0,0.0,0,90,0,0.02,0,0,0,0,0,1,0
1780641935.38,0,0,0,0,0,96.12,53.13,0.0,0.0,0.0,0.0,0.0,0,90,0,0.02,0,0,0,0,0,1,0
1780641935.401,0,0,0,0,0,96.13,53.12,0.0,0.0,0.0,0.0,0.0,0,90,0,0.02,0,0,0,0,0,1,0
1780641935.423,0,0,0,0,0,96.13,53.13,0.0,0.0,0.0,0.0,0.0,0,90,0,0.02,0,0,0,0,0,1,0
1780641935.442,0,0,0,0,0,96.12,53.12,0.0,0.0,0.0,0.0,0.0,0,90,0,0.02,0,0,0,0,0,1,0
1780641935.466,0,0,0,0,0,96.12,53.12,0.0,0.0,0.0,0.0,0.0,0,90,0,0.02,0,0,0,0,0,1,0
1780641935.485,0,0,0,0,0,96.1,53.11,0.0,0.0,0.0,0.0,0.0,0,90,0,0.02,0,0,0,0,0,1,0
1780641935.509,0,0,0,0,0,96.06,53.12,0.0,0.0,0.0,0.0,0.0,0,90,0,0.02,0,0,0,0,0,1,0
1780641935.528,0,0,0,0,0,96.01,53.14,0.0,0.0,0.0,0.0,0.0,0,90,0,0.02,0,0,0,0,0,1,0
1780641935.552,0,0,0,0,0,95.98,53.18,0.0,0.0,0.0,0.0,0.0,0,90,0,0.02,0,0,0,0,0,1,0
1780641935.572,0,0,0,0,0,95.97,53.22,0.0,0.0,0.0,0.0,0.0,0,90,0,0.02,0,0,0,0,0,1,0
1780641935.596,0,0,0,0,0,95.99,53.27,0.0,0.0,0.0,0.0,0.0,0,90,0,0.02,0,0,0,0,0,0,0
1780641935.613,0,0,0,0,0,96.02,53.3,0.0,0.0,0.0,0.0,0.0,0,90,0,0.02,0,0,0,0,0,0,0
1780641935.638,0,0,0,0,0,96.05,53.32,0.0,0.0,0.0,0.0,0.0,0,90,0,0.02,0,0,0,0,0,0,0
1780641935.658,0,0,0,0,0,96.08,53.31,0.0,0.0,0.0,0.0,0.0,0,90,0,0.02,0,0,0,0,0,0,0
1780641935.681,0,0,0,0,0,96.12,53.29,0.0,0.0,0.0,0.0,0.0,0,90,0,0.02,0,0,0,0,0,0,0
1780641935.7,0,0,0,0,0,96.14,53.27,0.0,0.0,0.0,0.0,0.0,0,90,0,0.02,0,0,0,0,0,0,0
1780641935.724,0,0,0,0,0,96.12,53.24,0.0,0.0,0.0,0.0,0.0,0,90,0,0.02,0,0,0,0,0,0,0
1780641935.743,0,0,0,0,0,96.08,53.23,0.0,0.0,0.0,0.0,0.0,0,90,0,0.02,0,0,0,0,0,0,0
1780641935.768,0,0,0,0,0,96.04,53.23,0.0,0.0,0.0,0.0,0.0,0,90,0,0.02,0,0,0,0,0,0,0
1780641935.786,0,0,0,0,0,96.03,53.22,0.0,0.0,0.0,0.0,0.0,0,90,0,0.02,0,0,0,0,0,0,0
1780641935.809,0,0,0,0,0,96.04,53.23,0.0,0.0,0.0,0.0,0.0,0,90,0,0.02,0,0,0,0,0,0,0
1780641935.829,0,0,0,0,0,96.05,53.23,0.0,0.0,0.0,0.0,0.0,0,90,0,0.02,0,0,0,0,0,0,0
1780641935.853,0,0,0,0,0,96.03,53.23,0.0,0.0,0.0,0.0,0.0,0,90,0,0.02,0,0,0,0,0,0,0
1780641935.873,0,0,0,0,0,96.0,53.23,0.0,0.0,0.0,0.0,0.0,0,90,0,0.02,0,0,0,0,0,0,0
1780641935.894,0,0,0,0,0,95.96,53.22,0.0,0.0,0.0,0.0,0.0,0,90,0,0.02,0,0,0,0,0,0,0
1780641935.915,0,0,0,0,0,95.93,53.2,0.0,0.0,0.0,0.0,0.0,0,90,0,0.02,0,0,0,0,0,0,0
1780641935.939,0,0,0,0,0,95.94,53.18,0.0,0.0,0.0,0.0,0.0,0,90,0,0.01,0,0,0,0,0,0,0
1780641935.959,0,0,0,0,0,95.95,53.17,0.0,0.0,0.0,0.0,0.0,0,90,0,0.01,0,0,0,0,0,0,0
1780641935.981,0,0,0,0,0,95.96,53.16,0.0,0.0,0.0,0.0,0.0,0,90,0,0.01,0,0,0,0,0,0,0
1780641936.005,0,0,0,0,0,95.96,53.16,0.0,0.0,0.0,0.0,0.0,0,90,0,0.01,0,0,0,0,0,0,0
1780641936.027,0,0,0,0,0,95.99,53.15,0.0,0.0,0.0,0.0,0.0,0,90,0,0.01,0,0,0,0,0,0,0
1780641936.052,0,0,0,0,0,96.04,53.14,0.0,0.0,0.0,0.0,0.0,0,90,0,0.01,0,0,0,0,0,0,0
1780641936.072,0,0,0,0,0,96.11,53.15,0.0,0.0,0.0,0.0,0.0,0,90,0,0.01,0,0,0,0,0,1,0
1780641936.095,0,0,0,0,0,96.18,53.16,0.0,0.0,0.0,0.0,0.0,0,90,0,0.01,0,0,0,0,0,1,0
1780641936.114,0,0,0,0,0,96.25,53.17,0.0,0.0,0.0,0.0,0.0,0,90,0,0.01,0,0,0,0,0,1,0
1780641936.136,0,0,0,0,0,96.3,53.19,0.0,0.0,0.0,0.0,0.0,0,90,0,0.01,0,0,0,0,0,1,0
1780641936.157,0,0,0,0,0,96.37,53.19,0.0,0.0,0.0,0.0,0.0,0,90,0,0.01,0,0,0,0,0,1,0
1780641936.18,0,0,0,0,0,96.42,53.19,0.0,0.0,0.0,0.0,0.0,0,90,0,0.01,0,0,0,0,0,1,0
1780641936.2,0,0,0,0,0,96.46,53.2,0.0,0.0,0.0,0.0,0.0,0,90,0,0.02,0,0,0,0,0,1,0
1780641936.226,0,0,0,0,0,96.47,53.22,0.0,0.0,0.0,0.0,0.0,0,90,0,0.02,0,0,0,0,0,0,0
1780641936.242,0,0,0,0,0,96.45,53.23,0.0,0.0,0.0,0.0,0.0,0,90,0,0.02,0,0,0,0,0,0,0
1780641936.265,0,0,0,0,0,96.42,53.24,0.0,0.0,0.0,0.0,0.0,0,90,0,0.02,0,0,0,0,0,0,0
1780641936.286,0,0,0,0,0,96.39,53.24,0.0,0.0,0.0,0.0,0.0,0,90,0,0.02,0,0,0,0,0,0,0
1780641936.31,0,0,0,0,0,96.34,53.24,0.0,0.0,0.0,0.0,0.0,0,90,0,0.02,0,0,0,0,0,0,0
1780641936.328,0,0,0,0,0,96.3,53.22,0.0,0.0,0.0,0.0,0.0,0,90,0,0.02,0,0,0,0,0,0,0
1780641936.352,0,0,0,0,0,96.26,53.2,0.0,0.0,0.0,0.0,0.0,0,90,0,0.02,0,0,0,0,0,0,0
1780641936.375,0,0,0,0,0,96.21,53.19,0.0,0.0,0.0,0.0,0.0,0,90,0,0.02,0,0,0,0,0,0,0
1780641936.398,0,0,0,0,0,96.17,53.21,0.0,0.0,0.0,0.0,0.0,0,90,0,0.02,0,0,0,0,0,0,0
1780641936.418,0,0,0,0,0,96.15,53.23,0.0,0.0,0.0,0.0,0.0,0,90,0,0.02,0,0,0,0,0,0,0
1780641936.442,0,0,0,0,0,96.15,53.24,0.0,0.0,0.0,0.0,0.0,0,90,0,0.02,0,0,0,0,0,0,0
1780641936.461,0,0,0,0,0,96.18,53.25,0.0,0.0,0.0,0.0,0.0,0,90,0,0.02,0,0,0,0,0,0,0
1780641936.485,0,0,0,0,0,96.19,53.26,0.0,0.0,0.0,0.0,0.0,0,90,0,0.02,0,0,0,0,0,0,0
1780641936.505,0,0,0,0,0,96.17,53.26,0.0,0.0,0.0,0.0,0.0,0,90,0,0.02,0,0,0,1,0,0,0
1780641936.528,0,0,0,0,0,96.13,53.27,0.0,0.0,0.0,0.0,0.0,0,90,0,0.02,0,0,0,1,0,0,0
1780641936.547,0,0,0,0,0,96.1,53.28,0.0,0.0,0.0,0.0,0.0,0,90,0,0.02,0,0,0,1,0,0,0
1780641936.571,0,0,0,0,0,96.09,53.29,0.0,0.0,0.0,0.0,0.0,0,90,0,0.02,0,0,0,1,0,0,0
1780641936.59,0,0,0,0,0,96.1,53.31,0.0,0.0,0.0,0.0,0.0,0,90,0,0.02,0,0,0,1,0,0,0
1780641936.613,0,0,0,0,0,96.13,53.32,0.0,0.0,0.0,0.0,0.0,0,90,0,0.02,0,0,0,1,0,0,0
1780641936.633,0,0,0,0,0,96.16,53.3,0.0,0.0,0.0,0.0,0.0,0,90,0,0.02,0,0,0,1,0,0,0
1780641936.657,0,0,0,0,0,96.18,53.26,0.0,0.0,0.0,0.0,0.0,0,90,0,0.02,0,0,0,1,0,0,0
1780641936.675,0,0,0,0,0,96.19,53.22,0.0,0.0,0.0,0.0,0.0,0,90,0,0.02,0,0,0,1,0,0,0
1780641936.734,0,0,0,0,0,96.17,53.19,0.0,0.0,0.0,0.0,0.0,0,90,0,0.02,0,0,0,0,0,0,0
1780641936.737,0,0,0,0,0,96.17,53.16,0.0,0.0,0.0,0.0,0.0,0,90,0,0.02,0,0,0,0,0,0,0
1780641936.741,0,0,0,0,0,96.17,53.14,0.0,0.0,0.0,0.0,0.0,0,90,0,0.02,0,0,0,0,0,0,0
1780641936.761,0,0,0,0,0,96.18,53.11,0.0,0.0,0.0,0.0,0.0,0,90,0,0.02,0,0,0,0,0,0,0
1780641936.785,0,0,0,0,0,96.17,53.08,0.0,0.0,0.0,0.0,0.0,0,90,0,0.02,0,0,0,0,0,0,0
1780641936.804,0,0,0,0,0,96.16,53.06,0.0,0.0,0.0,0.0,0.0,0,90,0,0.02,0,0,0,0,0,0,0
1780641936.828,0,0,0,0,0,96.15,53.05,0.0,0.0,0.0,0.0,0.0,0,90,0,0.02,0,0,0,0,0,0,0
1780641936.847,0,0,0,0,0,96.16,53.04,0.0,0.0,0.0,0.0,0.0,0,90,0,0.02,0,0,0,0,0,0,0
1780641936.871,0,0,0,0,0,96.2,53.02,0.0,0.0,0.0,0.0,0.0,0,90,0,0.02,0,0,0,0,0,0,0
1780641936.89,0,0,0,0,0,96.24,53.0,0.0,0.0,0.0,0.0,0.0,0,90,0,0.02,0,0,0,0,0,0,0
1780641936.915,0,0,0,0,0,96.27,53.0,0.0,0.0,0.0,0.0,0.0,0,90,0,0.02,0,0,0,0,0,0,0
1780641936.934,0,0,0,0,0,96.28,53.02,0.0,0.0,0.0,0.0,0.0,0,90,0,0.02,0,0,0,0,0,0,0
1780641936.958,0,0,0,0,0,96.27,53.06,0.0,0.0,0.0,0.0,0.0,0,90,0,0.02,0,0,0,0,0,0,0
1780641936.976,0,0,0,0,0,96.26,53.1,0.0,0.0,0.0,0.0,0.0,0,90,0,0.02,0,0,0,0,0,0,0
1780641937.0,0,0,0,0,0,96.25,53.13,0.0,0.0,0.0,0.0,0.0,0,90,0,0.02,0,0,0,0,0,0,0
1780641937.019,0,0,0,0,0,96.25,53.14,0.0,0.0,0.0,0.0,0.0,0,90,0,0.02,0,0,0,0,0,0,0
1780641937.042,0,0,0,0,0,96.25,53.14,0.0,0.0,0.0,0.0,0.0,0,90,0,0.01,0,0,0,0,0,0,0
1780641937.062,0,0,0,0,0,96.26,53.15,0.0,0.0,0.0,0.0,0.0,0,90,0,0.01,0,0,0,0,0,0,0
1780641937.086,0,0,0,0,0,96.28,53.15,0.0,0.0,0.0,0.0,0.0,0,90,0,0.01,0,0,0,0,0,0,0
1780641937.105,0,0,0,0,0,96.28,53.15,0.0,0.0,0.0,0.0,0.0,0,90,0,0.01,0,0,0,0,0,0,0
1780641937.129,0,0,0,0,0,96.26,53.15,0.0,0.0,0.0,0.0,0.0,0,90,0,0.01,0,0,0,0,0,0,0
1780641937.148,0,0,0,0,0,96.25,53.14,0.0,0.0,0.0,0.0,0.0,0,90,0,0.01,0,0,0,0,0,0,0
1780641937.172,0,0,0,0,0,96.25,53.14,0.0,0.0,0.0,0.0,0.0,0,90,0,0.01,0,0,0,0,0,0,0
1780641937.192,0,0,0,0,0,96.25,53.14,0.0,0.0,0.0,0.0,0.0,0,90,0,0.01,0,0,0,0,0,0,1
1780641937.215,0,0,0,0,0,96.25,53.15,0.0,0.0,0.0,0.0,0.0,0,90,0,0.01,0,0,0,0,0,0,1
1780641937.234,0,0,0,0,0,96.25,53.16,0.0,0.0,0.0,0.0,0.0,0,90,0,0.01,0,0,0,0,0,0,1
1780641937.259,0,0,0,0,0,96.27,53.17,0.0,0.0,0.0,0.0,0.0,0,90,0,0.01,0,0,0,0,0,0,1
1780641937.277,0,0,0,0,0,96.3,53.16,0.0,0.0,0.0,0.0,0.0,0,90,0,0.01,0,0,0,0,0,0,1
1780641937.302,0,0,0,0,0,96.31,53.15,0.0,0.0,0.0,0.0,0.0,0,90,0,0.01,0,0,0,0,0,0,1
1780641937.321,0,0,0,0,0,96.3,53.13,0.0,0.0,0.0,0.0,0.0,0,90,0,0.01,0,0,0,0,0,0,1
1780641937.345,0,0,0,0,0,96.26,53.11,0.0,0.0,0.0,0.0,0.0,0,90,0,0.01,0,0,0,0,0,0,1
1780641937.364,0,0,0,0,0,96.21,53.09,0.0,0.0,0.0,0.0,0.0,0,90,0,0.01,0,0,0,0,0,0,1
1780641937.387,0,0,0,0,0,96.18,53.07,0.0,0.0,0.0,0.0,0.0,0,90,0,0.01,0,0,0,0,0,0,1
1780641937.458,0,0,0,0,0,96.16,53.06,0.0,0.0,0.0,0.0,0.0,0,90,0,0.01,0,0,0,0,0,0,0
1780641937.461,0,0,0,0,0,96.15,53.06,0.0,0.0,0.0,0.0,0.0,0,90,0,0.01,0,0,0,0,0,0,0
1780641937.463,0,0,0,0,0,96.16,53.06,0.0,0.0,0.0,0.0,0.0,0,90,0,0.01,0,0,0,0,0,0,0
1780641937.474,0,0,0,0,0,96.18,53.05,0.0,0.0,0.0,0.0,0.0,1,90,0,0.01,0,0,0,0,0,0,0
1780641937.493,0,0,0,0,0,96.18,53.04,0.0,0.0,0.0,0.0,0.0,1,90,0,0.01,0,0,0,0,0,0,0
1780641937.517,0,0,0,0,0,96.16,53.05,0.0,0.0,0.0,0.0,0.0,1,90,0,0.01,0,0,0,0,0,0,0
1780641937.536,0,0,0,0,0,96.14,53.07,0.0,0.0,0.0,0.0,0.0,1,90,0,0.01,0,0,0,0,0,0,0
1780641937.561,0,0,0,0,0,96.12,53.12,0.0,0.0,0.0,0.0,0.0,1,90,0,0.01,0,0,0,0,0,0,0
1780641937.578,0,0,0,0,0,96.1,53.17,0.0,0.0,0.0,0.0,0.0,1,90,0,0.01,0,0,0,0,0,0,0
1780641937.603,0,0,0,0,0,96.07,53.21,0.0,0.0,0.0,0.0,0.0,1,90,0,0.01,0,0,0,0,0,0,0
1780641937.622,0,0,0,0,0,96.06,53.23,0.0,0.0,0.0,0.0,0.0,1,90,0,0.01,0,0,0,0,0,0,0
1780641937.645,0,0,0,0,0,96.06,53.23,0.0,0.0,0.0,0.0,0.0,1,90,0,0.01,0,0,0,0,0,0,0
1780641937.664,0,0,0,0,0,96.08,53.23,0.0,0.0,0.0,0.0,0.0,1,90,0,0.01,0,0,0,0,0,0,0
1780641937.688,0,0,0,0,0,96.09,53.24,0.0,0.0,0.0,0.0,0.0,1,90,0,0.0,0,0,0,0,0,0,0
1780641937.709,0,0,0,0,0,96.1,53.27,0.0,0.0,0.0,0.0,0.0,1,90,0,0.0,0,0,0,0,0,0,0
1780641937.732,0,0,0,0,0,96.11,53.31,0.0,0.0,0.0,0.0,0.0,1,90,0,0.01,0,0,0,0,0,0,0
1780641937.751,0,0,0,0,0,96.11,53.35,0.0,0.0,0.0,0.0,0.0,1,90,0,0.01,0,0,0,0,0,0,0
1780641937.775,0,0,0,0,0,96.11,53.4,0.0,0.0,0.0,0.0,0.0,0,90,0,0.01,0,0,0,0,0,0,0
1780641937.795,0,0,0,0,0,96.1,53.44,0.0,0.0,0.0,0.0,0.0,0,90,0,0.01,0,0,0,0,0,0,1
1780641937.818,0,0,0,0,0,96.1,53.46,0.0,0.0,0.0,0.0,0.0,0,90,0,0.01,0,0,0,0,0,0,1
1780641937.838,0,0,0,0,0,96.1,53.46,0.0,0.0,0.0,0.0,0.0,0,90,0,0.01,0,0,0,0,0,0,1
1780641937.86,0,0,0,0,0,96.1,53.45,0.0,0.0,0.0,0.0,0.0,0,90,0,0.01,0,0,0,0,0,0,1
1780641937.88,0,0,0,0,0,96.08,53.44,0.0,0.0,0.0,0.0,0.0,0,90,0,0.02,0,0,0,0,0,0,1
1780641937.903,0,0,0,0,0,96.05,53.41,0.0,0.0,0.0,0.0,0.0,0,90,0,0.02,0,0,0,0,0,0,1
1780641937.927,0,0,0,0,0,96.02,53.4,0.0,0.0,0.0,0.0,0.0,0,90,0,0.02,0,0,0,0,0,0,1
1780641937.95,0,0,0,0,0,95.99,53.39,0.0,0.0,0.0,0.0,0.0,0,90,0,0.02,0,0,0,0,0,0,1
1780641938.026,0,0,0,0,0,95.97,53.39,0.0,0.0,0.0,0.0,0.0,0,90,0,0.02,0,0,0,0,0,0,0
1780641938.031,0,0,0,0,0,95.99,53.39,0.0,0.0,0.0,0.0,0.0,0,90,0,0.02,0,0,0,0,0,0,0
1780641938.035,0,0,0,0,0,96.03,53.38,0.0,0.0,0.0,0.0,0.0,0,90,0,0.02,0,0,0,0,0,0,0
1780641938.039,0,0,0,0,0,96.08,53.37,0.0,0.0,0.0,0.0,0.0,0,90,0,0.02,0,0,0,0,0,0,0
1780641938.057,0,0,0,0,0,96.13,53.35,0.0,0.0,0.0,0.0,0.0,1,90,0,0.02,0,0,0,0,0,0,0
1780641938.077,0,0,0,0,0,96.15,53.33,0.0,0.0,0.0,0.0,0.0,1,90,0,0.02,0,0,0,0,0,0,0
1780641938.098,0,0,0,0,0,96.13,53.3,0.0,0.0,0.0,0.0,0.0,1,90,0,0.02,0,0,0,0,0,0,0
1780641938.118,0,0,0,0,0,96.11,53.28,0.0,0.0,0.0,0.0,0.0,1,90,0,0.02,0,0,0,0,0,0,0
1780641938.142,0,0,0,0,0,96.08,53.25,0.0,0.0,0.0,0.0,0.0,1,90,0,0.02,0,0,0,0,0,0,0
1780641938.162,0,0,0,0,0,96.05,53.21,0.0,0.0,0.0,0.0,0.0,1,90,0,0.02,0,0,0,0,0,0,0
1780641938.185,0,0,0,0,0,96.02,53.19,0.0,0.0,0.0,0.0,0.0,1,90,0,0.02,0,0,0,0,0,0,0
1780641938.204,0,0,0,0,0,95.98,53.19,0.0,0.0,0.0,0.0,0.0,1,90,0,0.02,0,0,0,0,0,0,0
1780641938.228,0,0,0,0,0,95.98,53.2,0.0,0.0,0.0,0.0,0.0,1,90,0,0.02,0,0,0,0,0,0,0
1780641938.247,0,0,0,0,0,95.98,53.21,0.0,0.0,0.0,0.0,0.0,1,90,0,0.02,0,0,0,0,0,0,0
1780641938.27,0,0,0,0,0,95.98,53.23,0.0,0.0,0.0,0.0,0.0,1,90,0,0.02,0,0,0,0,0,0,0
1780641938.289,0,0,0,0,0,95.98,53.25,0.0,0.0,0.0,0.0,0.0,1,90,0,0.02,0,0,0,0,0,0,0
1780641938.313,0,0,0,0,0,95.99,53.26,0.0,0.0,0.0,0.0,0.0,1,90,0,0.02,0,0,0,0,0,0,0
1780641938.333,0,0,0,0,0,96.0,53.27,0.0,0.0,0.0,0.0,0.0,1,90,0,0.02,0,0,0,0,0,0,0
1780641938.357,0,0,0,0,0,96.03,53.27,0.0,0.0,0.0,0.0,0.0,0,90,0,0.02,0,0,0,0,0,0,0
1780641938.377,0,0,0,0,0,96.06,53.26,0.0,0.0,0.0,0.0,0.0,0,90,0,0.02,0,0,0,0,0,0,0
1780641938.399,0,0,0,0,0,96.08,53.23,0.0,0.0,0.0,0.0,0.0,0,90,0,0.02,0,0,0,0,0,0,0
1780641938.418,0,0,0,0,0,96.09,53.21,0.0,0.0,0.0,0.0,0.0,0,90,0,0.02,0,0,0,0,0,0,0
1780641938.442,0,0,0,0,0,96.1,53.2,0.0,0.0,0.0,0.0,0.0,0,90,0,0.01,0,0,0,0,0,0,0
1780641938.461,0,0,0,0,0,96.12,53.2,0.0,0.0,0.0,0.0,0.0,0,90,0,0.01,0,0,0,0,0,0,0
1780641938.485,0,0,0,0,0,96.15,53.2,0.0,0.0,0.0,0.0,0.0,0,90,0,0.01,0,0,0,0,0,0,0
1780641938.504,0,0,0,0,0,96.17,53.18,0.0,0.0,0.0,0.0,0.0,0,90,0,0.01,0,0,0,0,0,0,0
1780641938.527,0,0,0,0,0,96.16,53.17,0.0,0.0,0.0,0.0,0.0,0,90,0,0.01,0,0,0,0,0,0,0
1780641938.552,0,0,0,0,0,96.13,53.16,0.0,0.0,0.0,0.0,0.0,0,90,0,0.01,0,0,0,0,0,0,0
1780641938.575,0,0,0,0,0,96.08,53.16,0.0,0.0,0.0,0.0,0.0,0,90,0,0.01,0,0,0,0,0,0,0
1780641938.594,0,0,0,0,0,96.05,53.17,0.0,0.0,0.0,0.0,0.0,0,90,0,0.01,0,0,0,0,0,0,0
1780641938.618,0,0,0,0,0,96.04,53.16,0.0,0.0,0.0,0.0,0.0,0,90,0,0.01,0,0,0,0,0,0,0
1780641938.637,0,0,0,0,0,96.06,53.14,0.0,0.0,0.0,0.0,0.0,0,90,0,0.01,0,0,0,0,0,0,0
1780641938.661,0,0,0,0,0,96.1,53.13,0.0,0.0,0.0,0.0,0.0,0,90,0,0.01,0,0,0,0,0,0,0
1780641938.68,0,0,0,0,0,96.13,53.11,0.0,0.0,0.0,0.0,0.0,0,90,0,0.01,0,0,0,0,0,0,0
1780641938.704,0,0,0,0,0,96.13,53.1,0.0,0.0,0.0,0.0,0.0,0,90,0,0.01,0,0,0,0,0,0,0
1780641938.723,0,0,0,0,0,96.12,53.09,0.0,0.0,0.0,0.0,0.0,0,90,0,0.01,0,0,0,0,0,0,0
1780641938.745,0,0,0,0,0,96.1,53.09,0.0,0.0,0.0,0.0,0.0,0,90,0,0.01,0,0,0,0,0,0,0
1780641938.765,0,0,0,0,0,96.08,53.08,0.0,0.0,0.0,0.0,0.0,0,90,0,0.01,0,0,0,0,0,0,0
1780641938.789,0,0,0,0,0,96.07,53.06,0.0,0.0,0.0,0.0,0.0,0,90,0,0.01,0,0,0,0,0,0,0
1780641938.808,0,0,0,0,0,96.06,53.06,0.0,0.0,0.0,0.0,0.0,0,90,0,0.01,0,0,0,0,0,0,0
1780641938.834,0,0,0,0,0,96.05,53.08,0.0,0.0,0.0,0.0,0.0,0,90,0,0.01,0,0,0,0,0,0,0
1780641938.851,0,0,0,0,0,96.04,53.09,0.0,0.0,0.0,0.0,0.0,0,90,0,0.01,0,0,0,0,0,0,0
1780641938.875,0,0,0,0,0,96.04,53.1,0.0,0.0,0.0,0.0,0.0,0,90,0,0.01,0,0,0,0,0,0,0
1780641938.895,0,0,0,0,0,96.05,53.12,0.0,0.0,0.0,0.0,0.0,0,90,0,0.01,0,0,0,0,0,0,0
1780641938.917,0,0,0,0,0,96.08,53.14,0.0,0.0,0.0,0.0,0.0,0,90,0,0.01,0,0,0,0,0,0,0
1780641938.937,0,0,0,0,0,96.13,53.15,0.0,0.0,0.0,0.0,0.0,0,90,0,0.01,0,0,0,0,0,0,0
1780641938.96,0,0,0,0,0,96.18,53.15,0.0,0.0,0.0,0.0,0.0,0,90,0,0.01,0,0,0,0,0,0,0
1780641938.98,0,0,0,0,0,96.22,53.16,0.0,0.0,0.0,0.0,0.0,0,90,0,0.01,0,0,0,0,0,0,0
1780641939.003,0,0,0,0,0,96.24,53.17,0.0,0.0,0.0,0.0,0.0,0,90,0,0.01,0,0,0,0,0,0,0
1780641939.023,0,0,0,0,0,96.24,53.19,0.0,0.0,0.0,0.0,0.0,0,90,0,0.01,0,0,0,0,0,0,0
1780641939.045,0,0,0,0,0,96.24,53.22,0.0,0.0,0.0,0.0,0.0,0,90,0,0.01,0,0,0,0,0,0,0
1780641939.067,0,0,0,0,0,96.24,53.24,0.0,0.0,0.0,0.0,0.0,0,90,0,0.01,0,0,0,0,0,0,0
1780641939.089,0,0,0,0,0,96.22,53.24,0.0,0.0,0.0,0.0,0.0,0,90,0,0.01,0,0,0,0,0,0,0
1780641939.108,0,0,0,0,0,96.21,53.23,0.0,0.0,0.0,0.0,0.0,0,90,0,0.01,0,0,0,0,0,0,0
1780641939.133,0,0,0,0,0,96.19,53.2,0.0,0.0,0.0,0.0,0.0,0,90,0,0.01,0,0,0,0,0,0,0
1780641939.151,0,0,0,0,0,96.19,53.18,0.0,0.0,0.0,0.0,0.0,0,90,0,0.01,0,0,0,0,0,0,0
1780641939.175,0,0,0,0,0,96.2,53.15,0.0,0.0,0.0,0.0,0.0,0,90,0,0.01,0,0,0,0,0,0,0
1780641939.199,0,0,0,0,0,96.23,53.13,0.0,0.0,0.0,0.0,0.0,0,90,0,0.01,0,0,0,0,0,0,0
1780641939.222,0,0,0,0,0,96.24,53.12,0.0,0.0,0.0,0.0,0.0,0,90,0,0.01,0,0,0,0,0,0,0
1780641939.241,0,0,0,0,0,96.22,53.12,0.0,0.0,0.0,0.0,0.0,0,90,0,0.01,0,0,0,0,0,0,0
1780641939.264,0,0,0,0,0,96.2,53.11,0.0,0.0,0.0,0.0,0.0,0,90,0,0.01,0,0,0,0,0,0,0
1780641939.284,0,0,0,0,0,96.2,53.11,0.0,0.0,0.0,0.0,0.0,0,90,0,0.01,0,0,0,0,0,0,0
1780641939.307,0,0,0,0,0,96.2,53.11,0.0,0.0,0.0,0.0,0.0,0,90,0,0.01,0,0,0,0,0,0,0
1780641939.327,0,0,0,0,0,96.22,53.1,0.0,0.0,0.0,0.0,0.0,0,90,0,0.01,0,0,0,0,0,0,0
1780641939.35,0,0,0,0,0,96.25,53.07,0.0,0.0,0.0,0.0,0.0,0,90,0,0.01,0,0,0,0,0,0,0
1780641939.369,0,0,0,0,0,96.3,53.04,0.0,0.0,0.0,0.0,0.0,0,90,0,0.01,0,0,0,0,0,0,0
1780641939.393,0,0,0,0,0,96.34,53.03,0.0,0.0,0.0,0.0,0.0,0,90,0,0.01,0,0,0,0,0,0,0
1780641939.412,0,0,0,0,0,96.4,53.02,0.0,0.0,0.0,0.0,0.0,0,90,0,0.01,0,0,0,0,0,0,0
1780641939.435,0,0,0,0,0,96.44,53.0,0.0,0.0,0.0,0.0,0.0,0,90,0,0.01,0,0,0,0,0,0,0
1780641939.454,0,0,0,0,0,96.46,52.99,0.0,0.0,0.0,0.0,0.0,0,90,0,0.01,0,0,0,0,0,0,0
1780641939.478,0,0,0,0,0,96.46,52.98,0.0,0.0,0.0,0.0,0.0,0,90,0,0.01,0,0,0,0,0,0,0
1780641939.498,0,0,0,0,0,96.45,52.97,0.0,0.0,0.0,0.0,0.0,0,90,0,0.01,0,0,0,0,0,0,0
1780641939.521,0,0,0,0,0,96.43,52.97,0.0,0.0,0.0,0.0,0.0,0,90,0,0.01,0,0,0,0,0,0,0
1780641939.54,0,0,0,0,0,96.41,52.96,0.0,0.0,0.0,0.0,0.0,0,90,0,0.01,0,0,0,0,0,0,0
1780641939.563,0,0,0,0,0,96.4,52.96,0.0,0.0,0.0,0.0,0.0,0,90,0,0.02,0,0,0,0,0,0,0
1780641939.583,0,0,0,0,0,96.39,52.94,0.0,0.0,0.0,0.0,0.0,0,90,0,0.02,0,0,0,0,0,0,0
1780641939.607,0,0,0,0,0,96.38,52.92,0.0,0.0,0.0,0.0,0.0,0,90,0,0.02,0,0,0,0,0,0,0
1780641939.626,0,0,0,0,0,96.35,52.89,0.0,0.0,0.0,0.0,0.0,0,90,0,0.02,0,0,0,0,0,0,0
1780641939.649,0,0,0,0,0,96.31,52.87,0.0,0.0,0.0,0.0,0.0,0,90,0,0.02,0,0,0,0,0,0,0
1780641939.668,0,0,0,0,0,96.27,52.87,0.0,0.0,0.0,0.0,0.0,0,90,0,0.02,0,0,0,0,0,0,0
1780641939.692,0,0,0,0,0,96.23,52.89,0.0,0.0,0.0,0.0,0.0,0,90,0,0.02,0,0,0,0,0,0,0
1780641939.712,0,0,0,0,0,96.19,52.92,0.0,0.0,0.0,0.0,0.0,0,90,0,0.01,0,0,0,0,0,0,0
1780641939.735,0,0,0,0,0,96.15,52.94,0.0,0.0,0.0,0.0,0.0,0,90,0,0.01,0,0,0,0,0,0,0
1780641939.759,0,0,0,0,0,96.11,52.97,0.0,0.0,0.0,0.0,0.0,0,90,0,0.01,0,0,0,0,0,0,0
1780641939.781,0,0,0,0,0,96.08,52.98,0.0,0.0,0.0,0.0,0.0,0,90,0,0.02,0,0,0,0,0,0,0
1780641939.8,0,0,0,0,0,96.05,52.99,0.0,0.0,0.0,0.0,0.0,0,90,0,0.02,0,0,0,0,0,0,0
1780641939.825,0,0,0,0,0,96.03,53.0,0.0,0.0,0.0,0.0,0.0,0,90,0,0.02,0,0,0,0,0,0,0
1780641939.844,0,0,0,0,0,96.01,53.01,0.0,0.0,0.0,0.0,0.0,0,90,0,0.02,0,0,0,0,0,0,0
1780641939.866,0,0,0,0,0,95.99,53.03,0.0,0.0,0.0,0.0,0.0,0,90,0,0.02,0,0,0,0,0,0,0
1780641939.89,0,0,0,0,0,96.0,53.05,0.0,0.0,0.0,0.0,0.0,0,90,0,0.02,0,0,0,0,0,0,0
1780641939.91,0,0,0,0,0,96.04,53.06,0.0,0.0,0.0,0.0,0.0,0,90,0,0.02,0,0,0,0,0,0,0
1780641939.934,0,0,0,0,0,96.09,53.07,0.0,0.0,0.0,0.0,0.0,0,90,0,0.02,0,0,0,0,0,0,0
1780641939.957,0,0,0,0,0,96.14,53.1,0.0,0.0,0.0,0.0,0.0,0,90,0,0.02,0,0,0,0,0,0,0
1780641939.98,0,0,0,0,0,96.16,53.12,0.0,0.0,0.0,0.0,0.0,0,90,0,0.02,0,0,0,0,0,0,0
1780641939.999,0,0,0,0,0,96.15,53.15,0.0,0.0,0.0,0.0,0.0,0,90,0,0.02,0,0,0,0,0,0,0
1780641940.023,0,0,0,0,0,96.14,53.17,0.0,0.0,0.0,0.0,0.0,0,90,0,0.02,0,0,0,0,0,0,0
1780641940.043,0,0,0,0,0,96.14,53.17,0.0,0.0,0.0,0.0,0.0,0,90,0,0.02,0,0,0,0,0,0,0
1780641940.066,0,0,0,0,0,96.15,53.17,0.0,0.0,0.0,0.0,0.0,0,90,0,0.02,0,0,0,0,0,0,0
1780641940.085,0,0,0,0,0,96.15,53.18,0.0,0.0,0.0,0.0,0.0,0,90,0,0.02,0,0,0,0,0,0,0
1780641940.109,0,0,0,0,0,96.13,53.19,0.0,0.0,0.0,0.0,0.0,0,90,0,0.02,0,0,0,0,0,0,0
1780641940.129,0,0,0,0,0,96.1,53.2,0.0,0.0,0.0,0.0,0.0,0,90,0,0.02,0,0,0,0,0,0,0
1780641940.152,0,0,0,0,0,96.1,53.2,0.0,0.0,0.0,0.0,0.0,0,90,0,0.02,0,0,0,0,0,0,0
1780641940.171,0,0,0,0,0,96.12,53.19,0.0,0.0,0.0,0.0,0.0,0,90,0,0.02,0,0,0,0,0,0,0
1780641940.195,0,0,0,0,0,96.13,53.19,0.0,0.0,0.0,0.0,0.0,0,90,0,0.02,0,0,0,0,0,0,0
1780641940.214,0,0,0,0,0,96.13,53.21,0.0,0.0,0.0,0.0,0.0,0,90,0,0.02,0,0,0,0,0,0,0
1780641940.237,0,0,0,0,0,96.12,53.26,0.0,0.0,0.0,0.0,0.0,0,90,0,0.02,0,0,0,0,0,0,0
1780641940.258,0,0,0,0,0,96.11,53.31,0.0,0.0,0.0,0.0,0.0,0,90,0,0.02,0,0,0,0,0,0,0
1780641940.28,0,0,0,0,0,96.09,53.34,0.0,0.0,0.0,0.0,0.0,0,90,0,0.02,0,0,0,0,0,0,0
1780641940.3,0,0,0,0,0,96.08,53.36,0.0,0.0,0.0,0.0,0.0,0,90,0,0.02,0,0,0,0,0,0,0
1780641940.324,0,0,0,0,0,96.07,53.36,0.0,0.0,0.0,0.0,0.0,0,90,0,0.02,0,0,0,0,0,0,0
1780641940.343,0,0,0,0,0,96.06,53.37,0.0,0.0,0.0,0.0,0.0,0,90,0,0.02,0,0,0,0,0,0,0
1780641940.366,0,0,0,0,0,96.04,53.37,0.0,0.0,0.0,0.0,0.0,0,90,0,0.02,0,0,0,0,0,0,0
1780641940.386,0,0,0,0,0,96.03,53.36,0.0,0.0,0.0,0.0,0.0,0,90,0,0.02,0,0,0,0,0,0,0
1780641940.409,0,0,0,0,0,96.05,53.34,0.0,0.0,0.0,0.0,0.0,0,90,0,0.02,0,0,0,0,0,0,0
1780641940.429,0,0,0,0,0,96.07,53.31,0.0,0.0,0.0,0.0,0.0,0,90,0,0.02,0,0,0,0,0,0,0
1780641940.452,0,0,0,0,0,96.08,53.28,0.0,0.0,0.0,0.0,0.0,0,90,0,0.02,0,0,0,0,0,0,0
1780641940.472,0,0,0,0,0,96.08,53.24,0.0,0.0,0.0,0.0,0.0,0,90,0,0.02,0,0,0,0,0,0,0
1780641940.495,0,0,0,0,0,96.07,53.2,0.0,0.0,0.0,0.0,0.0,0,90,0,0.02,0,0,0,0,0,0,0
1780641940.514,0,0,0,0,0,96.06,53.18,0.0,0.0,0.0,0.0,0.0,0,90,0,0.02,0,0,0,0,0,0,0
1780641940.537,0,0,0,0,0,96.05,53.17,0.0,0.0,0.0,0.0,0.0,0,90,0,0.02,0,0,0,0,0,0,0
1780641940.557,0,0,0,0,0,96.05,53.18,0.0,0.0,0.0,0.0,0.0,0,90,0,0.02,0,0,0,0,0,0,0
1780641940.581,0,0,0,0,0,96.06,53.18,0.0,0.0,0.0,0.0,0.0,0,90,0,0.02,0,0,0,0,0,0,0
1780641940.6,0,0,0,0,0,96.1,53.17,0.0,0.0,0.0,0.0,0.0,0,90,0,0.02,0,0,0,0,0,0,0
1780641940.624,0,0,0,0,0,96.15,53.17,0.0,0.0,0.0,0.0,0.0,0,90,0,0.02,0,0,0,0,0,0,0
1780641940.643,0,0,0,0,0,96.21,53.16,0.0,0.0,0.0,0.0,0.0,0,90,0,0.02,0,0,0,0,0,0,0
1780641940.667,0,0,0,0,0,96.27,53.16,0.0,0.0,0.0,0.0,0.0,0,90,0,0.02,0,0,0,0,0,0,0
1780641940.686,0,0,0,0,0,96.31,53.17,0.0,0.0,0.0,0.0,0.0,0,90,0,0.02,0,0,0,0,0,0,0
1780641940.709,0,0,0,0,0,96.35,53.17,0.0,0.0,0.0,0.0,0.0,0,90,0,0.02,0,0,0,0,0,0,0
1780641940.729,0,0,0,0,0,96.39,53.17,0.0,0.0,0.0,0.0,0.0,0,90,0,0.02,0,0,0,0,0,0,0
1780641940.752,0,0,0,0,0,96.43,53.18,0.0,0.0,0.0,0.0,0.0,0,90,0,0.01,0,0,0,0,0,0,0
1780641940.771,0,0,0,0,0,96.47,53.18,0.0,0.0,0.0,0.0,0.0,0,90,0,0.01,0,0,0,0,0,0,0
1780641940.796,0,0,0,0,0,96.5,53.19,0.0,0.0,0.0,0.0,0.0,0,90,0,0.01,0,0,0,0,0,0,0
1780641940.814,0,0,0,0,0,96.5,53.19,0.0,0.0,0.0,0.0,0.0,0,90,0,0.02,0,0,0,0,0,0,0
1780641940.837,0,0,0,0,0,96.47,53.19,0.0,0.0,0.0,0.0,0.0,0,90,0,0.02,0,0,0,0,0,0,0
1780641940.858,0,0,0,0,0,96.44,53.18,0.0,0.0,0.0,0.0,0.0,0,90,0,0.02,0,0,0,0,0,0,0
1780641940.88,0,0,0,0,0,96.41,53.17,0.0,0.0,0.0,0.0,0.0,0,90,0,0.02,0,0,0,0,0,0,0
1780641940.9,0,0,0,0,0,96.39,53.16,0.0,0.0,0.0,0.0,0.0,0,90,0,0.02,0,0,0,0,0,0,0
1780641940.922,0,0,0,0,0,96.38,53.14,0.0,0.0,0.0,0.0,0.0,0,90,0,0.02,0,0,0,0,0,0,0
1780641940.942,0,0,0,0,0,96.38,53.12,0.0,0.0,0.0,0.0,0.0,0,90,0,0.02,0,0,0,0,0,0,0
1780641940.966,0,0,0,0,0,96.38,53.11,0.0,0.0,0.0,0.0,0.0,0,90,0,0.02,0,0,0,0,0,0,0
1780641940.985,0,0,0,0,0,96.38,53.1,0.0,0.0,0.0,0.0,0.0,0,90,0,0.02,0,0,0,0,0,0,0
1780641941.009,0,0,0,0,0,96.37,53.09,0.0,0.0,0.0,0.0,0.0,0,90,0,0.02,0,0,0,0,0,0,0
1780641941.029,0,0,0,0,0,96.36,53.09,0.0,0.0,0.0,0.0,0.0,0,90,0,0.02,0,0,0,0,0,0,0
1780641941.053,0,0,0,0,0,96.35,53.08,0.0,0.0,0.0,0.0,0.0,0,90,0,0.02,0,0,0,0,0,0,0
1780641941.071,0,0,0,0,0,96.35,53.08,0.0,0.0,0.0,0.0,0.0,0,90,0,0.02,0,0,0,0,0,0,0
1780641941.096,0,0,0,0,0,96.35,53.07,0.0,0.0,0.0,0.0,0.0,0,90,0,0.02,0,0,0,0,0,0,0
1780641941.118,0,0,0,0,0,96.37,53.07,0.0,0.0,0.0,0.0,0.0,0,90,0,0.02,0,0,0,0,0,0,0
1780641941.142,0,0,0,0,0,96.37,53.07,0.0,0.0,0.0,0.0,0.0,0,90,0,0.02,0,0,0,0,0,0,0
1780641941.161,0,0,0,0,0,96.36,53.07,0.0,0.0,0.0,0.0,0.0,0,90,0,0.02,0,0,0,0,0,0,0
1780641941.184,0,0,0,0,0,96.35,53.09,0.0,0.0,0.0,0.0,0.0,0,90,0,0.02,0,0,0,0,0,0,0
1780641941.204,0,0,0,0,0,96.34,53.15,0.0,0.0,0.0,0.0,0.0,0,90,0,0.02,0,0,0,0,0,0,0
1780641941.228,0,0,0,0,0,96.32,53.22,0.0,0.0,0.0,0.0,0.0,0,90,0,0.02,0,0,0,0,0,0,0
1780641941.247,0,0,0,0,0,96.29,53.28,0.0,0.0,0.0,0.0,0.0,0,90,0,0.02,0,0,0,0,0,0,0
1780641941.269,0,0,0,0,0,96.24,53.32,0.0,0.0,0.0,0.0,0.0,0,90,0,0.02,0,0,0,0,0,0,0
1780641941.29,0,0,0,0,0,96.19,53.34,0.0,0.0,0.0,0.0,0.0,0,90,0,0.02,0,0,0,0,0,0,0
1780641941.314,0,0,0,0,0,96.17,53.35,0.0,0.0,0.0,0.0,0.0,0,90,0,0.02,0,0,0,0,0,0,0
1780641941.333,0,0,0,0,0,96.16,53.35,0.0,0.0,0.0,0.0,0.0,0,90,0,0.02,0,0,0,0,0,0,0
1780641941.356,0,0,0,0,0,96.19,53.35,0.0,0.0,0.0,0.0,0.0,0,90,0,0.02,0,0,0,0,0,0,0
1780641941.375,0,0,0,0,0,96.22,53.34,0.0,0.0,0.0,0.0,0.0,0,90,0,0.02,0,0,0,0,0,0,0
1780641941.398,0,0,0,0,0,96.24,53.33,0.0,0.0,0.0,0.0,0.0,0,90,0,0.02,0,0,0,0,0,0,0
1780641941.418,0,0,0,0,0,96.25,53.31,0.0,0.0,0.0,0.0,0.0,0,90,0,0.02,0,0,0,0,0,0,0
1780641941.442,0,0,0,0,0,96.26,53.3,0.0,0.0,0.0,0.0,0.0,0,90,0,0.02,0,0,0,0,0,0,0
1780641941.461,0,0,0,0,0,96.28,53.28,0.0,0.0,0.0,0.0,0.0,0,90,0,0.02,0,0,0,0,0,0,0
1780641941.486,0,0,0,0,0,96.3,53.26,0.0,0.0,0.0,0.0,0.0,0,90,0,0.02,0,0,0,0,0,0,0
1780641941.505,0,0,0,0,0,96.3,53.26,0.0,0.0,0.0,0.0,0.0,0,90,0,0.02,0,0,0,0,0,0,0
1780641941.527,0,0,0,0,0,96.28,53.26,0.0,0.0,0.0,0.0,0.0,0,90,0,0.02,0,0,0,0,0,0,0
1780641941.551,0,0,0,0,0,96.26,53.27,0.0,0.0,0.0,0.0,0.0,0,90,0,0.01,0,0,0,0,0,0,0
1780641941.574,0,0,0,0,0,96.25,53.27,0.0,0.0,0.0,0.0,0.0,0,90,0,0.01,0,0,0,0,0,0,0
1780641941.6,0,0,0,0,0,96.25,53.28,0.0,0.0,0.0,0.0,0.0,0,90,0,0.01,0,0,0,0,0,0,0
1780641941.617,0,0,0,0,0,96.26,53.29,0.0,0.0,0.0,0.0,0.0,0,90,0,0.01,0,0,0,0,0,0,0
1780641941.641,0,0,0,0,0,96.28,53.29,0.0,0.0,0.0,0.0,0.0,0,90,0,0.01,0,0,0,0,0,0,0
1780641941.661,0,0,0,0,0,96.31,53.29,0.0,0.0,0.0,0.0,0.0,0,90,0,0.01,0,0,0,0,0,0,0
1780641941.684,0,0,0,0,0,96.34,53.29,0.0,0.0,0.0,0.0,0.0,0,90,0,0.01,0,0,0,0,0,0,0
1780641941.703,0,0,0,0,0,96.35,53.3,0.0,0.0,0.0,0.0,0.0,0,90,0,0.01,0,0,0,0,0,0,0
1780641941.727,0,0,0,0,0,96.36,53.31,0.0,0.0,0.0,0.0,0.0,0,90,0,0.01,0,0,0,0,0,0,0
1780641941.747,0,0,0,0,0,96.38,53.31,0.0,0.0,0.0,0.0,0.0,0,90,0,0.01,0,0,0,0,0,0,0
1780641941.769,0,0,0,0,0,96.4,53.29,0.0,0.0,0.0,0.0,0.0,0,90,0,0.01,0,0,0,0,0,0,0
1780641941.792,0,0,0,0,0,96.41,53.26,0.0,0.0,0.0,0.0,0.0,0,90,0,0.01,0,0,0,0,0,0,0
1780641941.816,0,0,0,0,0,96.42,53.23,0.0,0.0,0.0,0.0,0.0,0,90,0,0.01,0,0,0,0,0,0,0
1780641941.836,0,0,0,0,0,96.42,53.2,0.0,0.0,0.0,0.0,0.0,0,90,0,0.01,0,0,0,0,0,0,0
1780641941.859,0,0,0,0,0,96.41,53.17,0.0,0.0,0.0,0.0,0.0,0,90,0,0.01,0,0,0,0,0,0,0
1780641941.879,0,0,0,0,0,96.41,53.16,0.0,0.0,0.0,0.0,0.0,0,90,0,0.01,0,0,0,0,0,0,0
1780641941.902,0,0,0,0,0,96.42,53.16,0.0,0.0,0.0,0.0,0.0,0,90,0,0.01,0,0,0,0,0,0,0
1780641941.921,0,0,0,0,0,96.44,53.15,0.0,0.0,0.0,0.0,0.0,0,90,0,0.01,0,0,0,0,0,0,0
1780641941.945,0,0,0,0,0,96.46,53.14,0.0,0.0,0.0,0.0,0.0,0,90,0,0.01,0,0,0,0,0,0,0
1780641941.964,0,0,0,0,0,96.45,53.14,0.0,0.0,0.0,0.0,0.0,0,90,0,0.01,0,0,0,0,0,0,0
1780641941.988,0,0,0,0,0,96.43,53.14,0.0,0.0,0.0,0.0,0.0,0,90,0,0.01,0,0,0,0,0,0,0
1780641942.007,0,0,0,0,0,96.4,53.15,0.0,0.0,0.0,0.0,0.0,0,90,0,0.01,0,0,0,0,0,0,0
1780641942.03,0,0,0,0,0,96.38,53.15,0.0,0.0,0.0,0.0,0.0,0,90,0,0.01,0,0,0,0,0,0,0
1780641942.05,0,0,0,0,0,96.35,53.16,0.0,0.0,0.0,0.0,0.0,0,90,0,0.01,0,0,0,0,0,0,0
1780641942.072,0,0,0,0,0,96.31,53.18,0.0,0.0,0.0,0.0,0.0,0,90,0,0.01,0,0,0,0,0,0,0
1780641942.097,0,0,0,0,0,96.29,53.2,0.0,0.0,0.0,0.0,0.0,0,90,0,0.01,0,0,0,0,0,0,0
1780641942.121,0,0,0,0,0,96.27,53.21,0.0,0.0,0.0,0.0,0.0,0,90,0,0.01,0,0,0,0,0,0,0
1780641942.139,0,0,0,0,0,96.24,53.21,0.0,0.0,0.0,0.0,0.0,0,90,0,0.01,0,0,0,0,0,0,0
1780641942.162,0,0,0,0,0,96.21,53.2,0.0,0.0,0.0,0.0,0.0,0,90,0,0.01,0,0,0,0,0,0,0
1780641942.182,0,0,0,0,0,96.18,53.2,0.0,0.0,0.0,0.0,0.0,0,90,0,0.01,0,0,0,0,0,0,0
1780641942.205,0,0,0,0,0,96.14,53.2,0.0,0.0,0.0,0.0,0.0,0,90,0,0.01,0,0,0,0,0,0,0
1780641942.226,0,0,0,0,0,96.1,53.2,0.0,0.0,0.0,0.0,0.0,0,90,0,0.01,0,0,0,0,0,0,0
1780641942.249,0,0,0,0,0,96.09,53.18,0.0,0.0,0.0,0.0,0.0,0,90,0,0.01,0,0,0,0,0,0,0
1780641942.268,0,0,0,0,0,96.09,53.17,0.0,0.0,0.0,0.0,0.0,0,90,0,0.01,0,0,0,0,0,0,0
1780641942.292,0,0,0,0,0,96.1,53.15,0.0,0.0,0.0,0.0,0.0,0,90,0,0.01,0,0,0,0,0,0,0
1780641942.311,0,0,0,0,0,96.12,53.11,0.0,0.0,0.0,0.0,0.0,0,90,0,0.01,0,0,0,0,0,0,0
1780641942.334,0,0,0,0,0,96.14,53.08,0.0,0.0,0.0,0.0,0.0,0,90,0,0.01,0,0,0,0,0,0,0
1780641942.354,0,0,0,0,0,96.16,53.04,0.0,0.0,0.0,0.0,0.0,0,90,0,0.01,0,0,0,0,0,0,0
1780641942.377,0,0,0,0,0,96.17,53.03,0.0,0.0,0.0,0.0,0.0,0,90,0,0.01,0,0,0,0,0,0,0
1780641942.398,0,0,0,0,0,96.16,53.03,0.0,0.0,0.0,0.0,0.0,0,90,0,0.01,0,0,0,0,0,0,0
1780641942.421,0,0,0,0,0,96.15,53.05,0.0,0.0,0.0,0.0,0.0,0,90,0,0.01,0,0,0,0,0,0,0
1780641942.44,0,0,0,0,0,96.14,53.07,0.0,0.0,0.0,0.0,0.0,0,90,0,0.01,0,0,0,0,0,0,0
1780641942.464,0,0,0,0,0,96.12,53.08,0.0,0.0,0.0,0.0,0.0,0,90,0,0.01,0,0,0,0,0,0,0
1780641942.483,0,0,0,0,0,96.1,53.08,0.0,0.0,0.0,0.0,0.0,0,90,0,0.01,0,0,0,0,0,0,0
1780641942.508,0,0,0,0,0,96.08,53.09,0.0,0.0,0.0,0.0,0.0,0,90,0,0.01,0,0,0,0,0,0,0
1780641942.527,0,0,0,0,0,96.05,53.11,0.0,0.0,0.0,0.0,0.0,0,90,0,0.01,0,0,0,0,0,0,0
1780641942.551,0,0,0,0,0,96.03,53.14,0.0,0.0,0.0,0.0,0.0,0,90,0,0.02,0,0,0,0,0,0,0
1780641942.569,0,0,0,0,0,96.01,53.15,0.0,0.0,0.0,0.0,0.0,0,90,0,0.02,0,0,0,0,0,0,0
1780641942.592,0,0,0,0,0,96.0,53.15,0.0,0.0,0.0,0.0,0.0,0,90,0,0.02,0,0,0,0,0,0,0
1780641942.613,0,0,0,0,0,96.0,53.15,0.0,0.0,0.0,0.0,0.0,0,90,0,0.02,0,0,0,0,0,0,0
1780641942.635,0,0,0,0,0,95.99,53.15,0.0,0.0,0.0,0.0,0.0,0,90,0,0.02,0,0,0,0,0,0,0
1780641942.655,0,0,0,0,0,95.96,53.16,0.0,0.0,0.0,0.0,0.0,0,90,0,0.02,0,0,0,0,0,0,0
1780641942.678,0,0,0,0,0,95.94,53.16,0.0,0.0,0.0,0.0,0.0,0,90,0,0.02,0,0,0,0,0,0,0
1780641942.697,0,0,0,0,0,95.91,53.16,0.0,0.0,0.0,0.0,0.0,0,90,0,0.03,0,0,0,0,0,0,0
1780641942.721,0,0,0,0,0,95.89,53.17,0.0,0.0,0.0,0.0,0.0,0,90,0,0.03,0,0,0,0,0,0,0
1780641942.741,0,0,0,0,0,95.87,53.19,0.0,0.0,0.0,0.0,0.0,0,90,0,0.03,0,0,0,0,0,0,0
1780641942.764,0,0,0,0,0,95.84,53.23,0.0,0.0,0.0,0.0,0.0,0,90,0,0.03,0,0,0,0,0,0,0
1780641942.783,0,0,0,0,0,95.82,53.26,0.0,0.0,0.0,0.0,0.0,0,90,0,0.03,0,0,0,0,0,0,0
1780641942.807,0,0,0,0,0,95.82,53.28,0.0,0.0,0.0,0.0,0.0,0,90,0,0.04,0,0,0,0,0,0,0
1780641942.826,0,0,0,0,0,95.84,53.27,0.0,0.0,0.0,0.0,0.0,0,90,0,0.04,0,0,0,0,0,0,0
1780641942.849,0,0,0,0,0,95.88,53.26,0.0,0.0,0.0,0.0,0.0,0,90,0,0.04,0,0,0,0,0,0,0
1780641942.868,0,0,0,0,0,95.92,53.27,0.0,0.0,0.0,0.0,0.0,0,90,0,0.04,0,0,0,0,0,0,0
1780641942.892,0,0,0,0,0,95.96,53.28,0.0,0.0,0.0,0.0,0.0,0,90,0,0.04,0,0,0,0,0,0,0
1780641942.911,0,0,0,0,0,95.98,53.3,0.0,0.0,0.0,0.0,0.0,0,90,0,0.04,0,0,0,0,0,0,0
1780641942.935,0,0,0,0,0,95.98,53.31,0.0,0.0,0.0,0.0,0.0,0,90,0,0.03,0,0,0,0,0,0,0
1780641942.955,0,0,0,0,0,95.97,53.3,0.0,0.0,0.0,0.0,0.0,0,90,0,0.03,0,0,0,0,0,0,0
1780641942.977,0,0,0,0,0,95.96,53.29,0.0,0.0,0.0,0.0,0.0,0,90,0,0.03,0,0,0,0,0,0,0
1780641942.996,0,0,0,0,0,95.97,53.29,0.0,0.0,0.0,0.0,0.0,0,90,0,0.03,0,0,0,0,0,0,0
1780641943.02,0,0,0,0,0,96.0,53.29,0.0,0.0,0.0,0.0,0.0,0,90,0,0.03,0,0,0,0,0,0,0
1780641943.044,0,0,0,0,0,96.03,53.28,0.0,0.0,0.0,0.0,0.0,0,90,0,0.02,0,0,0,0,0,0,0
1780641943.069,0,0,0,0,0,96.06,53.26,0.0,0.0,0.0,0.0,0.0,0,90,0,0.02,0,0,0,0,0,0,0
1780641943.091,0,0,0,0,0,96.07,53.25,0.0,0.0,0.0,0.0,0.0,0,90,0,0.02,0,0,0,0,0,0,0
1780641943.11,0,0,0,0,0,96.07,53.26,0.0,0.0,0.0,0.0,0.0,0,90,0,0.02,0,0,0,0,0,0,0
1780641943.134,0,0,0,0,0,96.07,53.27,0.0,0.0,0.0,0.0,0.0,0,90,0,0.01,0,0,0,0,0,0,0
1780641943.154,0,0,0,0,0,96.06,53.26,0.0,0.0,0.0,0.0,0.0,0,90,0,0.01,0,0,0,0,0,0,0
1780641943.177,0,0,0,0,0,96.05,53.25,0.0,0.0,0.0,0.0,0.0,0,90,0,0.01,0,0,0,0,0,0,0
1780641943.197,0,0,0,0,0,96.03,53.22,0.0,0.0,0.0,0.0,0.0,0,90,0,0.01,0,0,0,0,0,0,0
1780641943.22,0,0,0,0,0,96.01,53.2,0.0,0.0,0.0,0.0,0.0,0,90,0,0.01,0,0,0,0,0,0,0
1780641943.239,0,0,0,0,0,96.0,53.17,0.0,0.0,0.0,0.0,0.0,0,90,0,0.01,0,0,0,0,0,0,0
1780641943.262,0,0,0,0,0,96.02,53.16,0.0,0.0,0.0,0.0,0.0,0,90,0,0.01,0,0,0,0,0,0,0
1780641943.282,0,0,0,0,0,96.05,53.16,0.0,0.0,0.0,0.0,0.0,0,90,0,0.01,0,0,0,0,0,0,0
1780641943.305,0,0,0,0,0,96.09,53.16,0.0,0.0,0.0,0.0,0.0,0,90,0,0.01,0,0,0,0,0,0,0
1780641943.325,0,0,0,0,0,96.14,53.16,0.0,0.0,0.0,0.0,0.0,0,90,0,0.01,0,0,0,0,0,0,0
1780641943.349,0,0,0,0,0,96.17,53.15,0.0,0.0,0.0,0.0,0.0,0,90,0,0.01,0,0,0,0,0,0,0
1780641943.368,0,0,0,0,0,96.17,53.15,0.0,0.0,0.0,0.0,0.0,0,90,0,0.01,0,0,0,0,0,0,0
1780641943.392,0,0,0,0,0,96.18,53.15,0.0,0.0,0.0,0.0,0.0,0,90,0,0.01,0,0,0,0,0,0,0
1780641943.411,0,0,0,0,0,96.21,53.16,0.0,0.0,0.0,0.0,0.0,0,90,0,0.01,0,0,0,0,0,0,0
1780641943.434,0,0,0,0,0,96.25,53.17,0.0,0.0,0.0,0.0,0.0,0,90,0,0.01,0,0,0,0,0,0,0
1780641943.453,0,0,0,0,0,96.27,53.18,0.0,0.0,0.0,0.0,0.0,0,90,0,0.01,0,0,0,0,0,0,0
1780641943.477,0,0,0,0,0,96.3,53.19,0.0,0.0,0.0,0.0,0.0,0,90,0,0.01,0,0,0,0,0,0,0
1780641943.496,0,0,0,0,0,96.34,53.19,0.0,0.0,0.0,0.0,0.0,0,90,0,0.01,0,0,0,0,0,0,0
1780641943.52,0,0,0,0,0,96.38,53.18,0.0,0.0,0.0,0.0,0.0,0,90,0,0.02,0,0,0,0,0,0,0
1780641943.539,0,0,0,0,0,96.43,53.17,0.0,0.0,0.0,0.0,0.0,0,90,0,0.02,0,0,0,0,0,0,0
1780641943.563,0,0,0,0,0,96.48,53.15,0.0,0.0,0.0,0.0,0.0,0,90,0,0.02,0,0,0,0,0,0,0
1780641943.582,0,0,0,0,0,96.53,53.13,0.0,0.0,0.0,0.0,0.0,0,90,0,0.03,0,0,0,0,0,0,0
1780641943.605,0,0,0,0,0,96.58,53.11,0.0,0.0,0.0,0.0,0.0,0,90,0,0.03,0,0,0,0,0,0,0
1780641943.626,0,0,0,0,0,96.63,53.09,0.0,0.0,0.0,0.0,0.0,0,90,0,0.04,0,0,0,0,0,0,0
1780641943.649,0,0,0,0,0,96.64,53.08,0.0,0.0,0.0,0.0,0.0,0,90,0,0.04,0,0,0,0,0,0,0
1780641943.668,0,0,0,0,0,96.61,53.06,0.0,0.0,0.0,0.0,0.0,0,90,0,0.05,0,0,0,0,0,0,0
1780641943.691,0,0,0,0,0,96.55,53.06,0.0,0.0,0.0,0.0,0.0,0,90,0,0.05,0,0,0,0,0,0,0
1780641943.71,0,0,0,0,0,96.48,53.08,0.0,0.0,0.0,0.0,0.0,0,90,0,0.06,0,0,0,0,0,0,0
1780641943.733,0,0,0,0,0,96.4,53.08,0.0,0.0,0.0,0.0,0.0,0,90,0,0.06,0,0,0,0,0,0,0
1780641943.753,0,0,0,0,0,96.33,53.07,0.0,0.0,0.0,0.0,0.0,0,90,0,0.06,0,0,0,0,0,0,0
1780641943.777,0,0,0,0,0,96.29,53.05,0.0,0.0,0.0,0.0,0.0,0,90,0,0.06,0,0,0,0,0,0,0
1780641943.796,0,0,0,0,0,96.24,53.01,0.0,0.0,0.0,0.0,0.0,0,90,0,0.05,0,0,0,0,0,0,0
1780641943.819,0,0,0,0,0,96.2,52.99,0.0,0.0,0.0,0.0,0.0,0,90,0,0.05,0,0,0,0,0,0,0
1780641943.839,0,0,0,0,0,96.18,52.98,0.0,0.0,0.0,0.0,0.0,0,90,0,0.05,0,0,0,0,0,0,0
1780641943.863,0,0,0,0,0,96.17,53.0,0.0,0.0,0.0,0.0,0.0,0,90,0,0.05,0,0,0,0,0,0,0
1780641943.882,0,0,0,0,0,96.17,53.04,0.0,0.0,0.0,0.0,0.0,0,90,0,0.04,0,0,0,0,0,0,0
1780641943.906,0,0,0,0,0,96.17,53.08,0.0,0.0,0.0,0.0,0.0,0,90,0,0.04,0,0,0,0,0,0,0
1780641943.926,0,0,0,0,0,96.18,53.11,0.0,0.0,0.0,0.0,0.0,0,90,0,0.04,0,0,0,0,0,0,0
1780641943.95,0,0,0,0,0,96.19,53.12,0.0,0.0,0.0,0.0,0.0,0,90,0,0.04,0,0,0,0,0,0,0
1780641943.969,0,0,0,0,0,96.21,53.11,0.0,0.0,0.0,0.0,0.0,0,90,0,0.04,0,0,0,0,0,0,0
1780641943.992,0,0,0,0,0,96.24,53.08,0.0,0.0,0.0,0.0,0.0,0,90,0,0.04,0,0,0,0,0,0,0
1780641944.012,0,0,0,0,0,96.25,53.05,0.0,0.0,0.0,0.0,0.0,0,90,0,0.04,0,0,0,0,0,0,0
1780641944.036,0,0,0,0,0,96.24,53.01,0.0,0.0,0.0,0.0,0.0,0,90,0,0.03,0,0,0,0,0,0,0
1780641944.055,0,0,0,0,0,96.2,53.0,0.0,0.0,0.0,0.0,0.0,0,90,0,0.03,0,0,0,0,0,0,0
1780641944.077,0,0,0,0,0,96.15,52.99,0.0,0.0,0.0,0.0,0.0,0,90,0,0.03,0,0,0,0,0,0,0
1780641944.097,0,0,0,0,0,96.08,52.99,0.0,0.0,0.0,0.0,0.0,0,90,0,0.03,0,0,0,0,0,0,0
1780641944.121,0,0,0,0,0,96.01,52.99,0.0,0.0,0.0,0.0,0.0,0,90,0,0.03,0,0,0,0,0,0,0
1780641944.144,0,0,0,0,0,95.95,52.99,0.0,0.0,0.0,0.0,0.0,0,90,0,0.03,0,0,0,0,0,0,0
1780641944.168,0,0,0,0,0,95.93,52.98,0.0,0.0,0.0,0.0,0.0,0,90,0,0.03,0,0,0,0,0,0,0
1780641944.187,0,0,0,0,0,95.96,52.96,0.0,0.0,0.0,0.0,0.0,0,90,0,0.03,0,0,0,0,0,0,0
1780641944.211,0,0,0,0,0,95.99,52.94,0.0,0.0,0.0,0.0,0.0,0,90,0,0.03,0,0,0,0,0,0,0
1780641944.23,0,0,0,0,0,96.01,52.93,0.0,0.0,0.0,0.0,0.0,0,90,0,0.04,0,0,0,0,0,0,0
1780641944.253,0,0,0,0,0,96.01,52.92,0.0,0.0,0.0,0.0,0.0,0,90,0,0.04,0,0,0,0,0,0,0
1780641944.272,0,0,0,0,0,95.98,52.91,0.0,0.0,0.0,0.0,0.0,0,90,0,0.04,0,0,0,0,0,0,0
1780641944.297,0,0,0,0,0,95.96,52.91,0.0,0.0,0.0,0.0,0.0,0,90,0,0.04,0,0,0,0,0,0,0
1780641944.315,0,0,0,0,0,95.93,52.9,0.0,0.0,0.0,0.0,0.0,0,90,0,0.04,0,0,0,0,0,0,0
1780641944.339,0,0,0,0,0,95.9,52.9,0.0,0.0,0.0,0.0,0.0,0,90,0,0.04,0,0,0,0,0,0,0
1780641944.363,0,0,0,0,0,95.86,52.9,0.0,0.0,0.0,0.0,0.0,0,90,0,0.04,0,0,0,0,0,0,0
1780641944.386,0,0,0,0,0,95.81,52.91,0.0,0.0,0.0,0.0,0.0,0,90,0,0.04,0,0,0,0,0,0,0
1780641944.406,0,0,0,0,0,95.76,52.92,0.0,0.0,0.0,0.0,0.0,0,90,0,0.05,0,0,0,0,0,0,0
1780641944.429,0,0,0,0,0,95.72,52.94,0.0,0.0,0.0,0.0,0.0,0,90,0,0.05,0,0,0,0,0,0,0
1780641944.447,0,0,0,0,0,95.7,52.96,0.0,0.0,0.0,0.0,0.0,0,90,0,0.06,0,0,0,0,0,0,0
1780641944.472,0,0,0,0,0,95.7,52.99,0.0,0.0,0.0,0.0,0.0,0,90,0,0.06,0,0,0,0,0,0,0
1780641944.49,0,0,0,0,0,95.69,53.01,0.0,0.0,0.0,0.0,0.0,0,90,0,0.07,0,0,0,0,0,0,0
1780641944.513,0,0,0,0,0,95.67,53.04,0.0,0.0,0.0,0.0,0.0,0,90,0,0.07,0,0,0,0,0,0,0
1780641944.533,0,0,0,0,0,95.65,53.04,0.0,0.0,0.0,0.0,0.0,0,90,0,0.08,0,0,0,0,0,0,0
1780641944.557,0,0,0,0,0,95.64,53.03,0.0,0.0,0.0,0.0,0.0,0,90,0,0.08,0,0,0,0,0,0,0
1780641944.576,0,0,0,0,0,95.65,53.02,0.0,0.0,0.0,0.0,0.0,0,90,0,0.08,0,0,0,0,0,0,0
1780641944.6,0,0,0,0,0,95.65,53.03,0.0,0.0,0.0,0.0,0.0,0,90,0,0.09,0,0,0,0,0,0,0
1780641944.619,0,0,0,0,0,95.65,53.03,0.0,0.0,0.0,0.0,0.0,0,90,0,0.09,0,0,0,0,0,0,0
1780641944.643,0,0,0,0,0,95.66,53.04,0.0,0.0,0.0,0.0,0.0,0,90,0,0.09,0,0,0,0,0,0,0
1780641944.662,0,0,0,0,0,95.68,53.04,0.0,0.0,0.0,0.0,0.0,0,90,0,0.09,0,0,0,0,0,0,0
1780641944.686,0,0,0,0,0,95.73,53.03,0.0,0.0,0.0,0.0,0.0,0,90,0,0.08,0,0,0,0,0,0,0
1780641944.704,0,0,0,0,0,95.81,53.03,0.0,0.0,0.0,0.0,0.0,0,90,0,0.08,0,0,0,0,0,0,0
1780641944.728,0,0,0,0,0,95.88,53.01,0.0,0.0,0.0,0.0,0.0,0,90,0,0.07,0,0,0,0,0,0,0
1780641944.747,0,0,0,0,0,95.93,53.01,0.0,0.0,0.0,0.0,0.0,0,90,0,0.06,0,0,0,0,0,0,0
1780641944.77,0,0,0,0,0,95.96,53.0,0.0,0.0,0.0,0.0,0.0,0,90,0,0.05,0,0,0,0,0,0,0
1780641944.79,0,0,0,0,0,95.98,52.98,0.0,0.0,0.0,0.0,0.0,0,90,0,0.05,0,0,0,0,0,0,0
1780641944.814,0,0,0,0,0,95.99,52.98,0.0,0.0,0.0,0.0,0.0,0,90,0,0.05,0,0,0,0,0,0,0
1780641944.833,0,0,0,0,0,95.99,53.0,0.0,0.0,0.0,0.0,0.0,0,90,0,0.04,0,0,0,0,0,0,0
1780641944.858,0,0,0,0,0,96.0,53.01,0.0,0.0,0.0,0.0,0.0,0,90,0,0.04,0,0,0,0,0,0,0
1780641944.875,0,0,0,0,0,96.0,53.02,0.0,0.0,0.0,0.0,0.0,0,90,0,0.04,0,0,0,0,0,0,0
1780641944.901,0,0,0,0,0,96.01,53.01,0.0,0.0,0.0,0.0,0.0,0,90,0,0.04,0,0,0,0,0,0,0
1780641944.92,0,0,0,0,0,96.08,52.99,0.0,0.0,0.0,0.0,0.0,0,90,0,0.04,0,0,0,0,0,0,0
1780641944.943,0,0,0,0,0,96.16,52.98,0.0,0.0,0.0,0.0,0.0,0,90,0,0.04,0,0,0,0,0,0,0
1780641944.962,0,0,0,0,0,96.24,53.0,0.0,0.0,0.0,0.0,0.0,0,90,0,0.04,0,0,0,0,0,0,0
1780641944.986,0,0,0,0,0,96.3,53.03,0.0,0.0,0.0,0.0,0.0,0,90,0,0.04,0,0,0,0,0,0,0
1780641945.005,0,0,0,0,0,96.35,53.06,0.0,0.0,0.0,0.0,0.0,0,90,0,0.04,0,0,0,0,0,0,0
1780641945.028,0,0,0,0,0,96.38,53.09,0.0,0.0,0.0,0.0,0.0,0,90,0,0.04,0,0,0,0,0,0,0
1780641945.048,0,0,0,0,0,96.41,53.1,0.0,0.0,0.0,0.0,0.0,0,90,0,0.05,0,0,0,0,0,0,0
1780641945.071,0,0,0,0,0,96.42,53.1,0.0,0.0,0.0,0.0,0.0,0,90,0,0.05,0,0,0,0,0,0,0
1780641945.091,0,0,0,0,0,96.42,53.1,0.0,0.0,0.0,0.0,0.0,0,90,0,0.05,0,0,0,0,0,0,0
1780641945.114,0,0,0,0,0,96.41,53.1,0.0,0.0,0.0,0.0,0.0,0,90,0,0.05,0,0,0,0,0,0,0
1780641945.134,0,0,0,0,0,96.41,53.11,0.0,0.0,0.0,0.0,0.0,0,90,0,0.06,0,0,0,0,0,0,0
1780641945.157,0,0,0,0,0,96.42,53.13,0.0,0.0,0.0,0.0,0.0,0,90,0,0.06,0,0,0,0,0,0,0
1780641945.18,0,0,0,0,0,96.43,53.12,0.0,0.0,0.0,0.0,0.0,0,90,0,0.06,0,0,0,0,0,0,0
1780641945.203,0,0,0,0,0,96.44,53.11,0.0,0.0,0.0,0.0,0.0,0,90,0,0.07,0,0,0,0,0,0,0
1780641945.227,0,0,0,0,0,96.44,53.11,0.0,0.0,0.0,0.0,0.0,0,90,0,0.07,0,0,0,0,0,0,0
1780641945.247,0,0,0,0,0,96.44,53.12,0.0,0.0,0.0,0.0,0.0,0,90,0,0.08,0,0,0,0,0,0,0
1780641945.269,0,0,0,0,0,96.43,53.13,0.0,0.0,0.0,0.0,0.0,0,90,0,0.08,0,0,0,0,0,0,0
1780641945.289,0,0,0,0,0,96.44,53.12,0.0,0.0,0.0,0.0,0.0,0,90,0,0.08,0,0,0,0,0,0,0
1780641945.313,0,0,0,0,0,96.44,53.11,0.0,0.0,0.0,0.0,0.0,0,90,0,0.09,0,0,0,0,0,0,0
1780641945.332,0,0,0,0,0,96.42,53.12,0.0,0.0,0.0,0.0,0.0,0,90,0,0.09,0,0,0,0,0,0,0
1780641945.356,0,0,0,0,0,96.39,53.15,0.0,0.0,0.0,0.0,0.0,0,90,0,0.09,0,0,0,0,0,0,0
1780641945.378,0,0,0,0,0,96.37,53.18,0.0,0.0,0.0,0.0,0.0,0,90,0,0.09,0,0,0,0,0,0,0
1780641945.403,0,0,0,0,0,96.37,53.18,0.0,0.0,0.0,0.0,0.0,0,90,0,0.1,0,0,0,0,0,0,0
1780641945.421,0,0,0,0,0,96.38,53.16,0.0,0.0,0.0,0.0,0.0,0,90,0,0.1,0,0,0,0,0,0,0
1780641945.444,0,0,0,0,0,96.4,53.12,0.0,0.0,0.0,0.0,0.0,0,90,0,0.1,0,0,0,0,0,0,0
1780641945.465,0,0,0,0,0,96.42,53.11,0.0,0.0,0.0,0.0,0.0,0,90,0,0.1,0,0,0,0,0,0,0
1780641945.488,0,0,0,0,0,96.42,53.11,0.0,0.0,0.0,0.0,0.0,0,90,0,0.1,0,0,0,0,0,0,0
1780641945.507,0,0,0,0,0,96.4,53.11,0.0,0.0,0.0,0.0,0.0,0,90,0,0.1,0,0,0,0,0,0,0
1780641945.53,0,0,0,0,0,96.39,53.1,0.0,0.0,0.0,0.0,0.0,0,90,0,0.09,0,0,0,0,0,0,0
1780641945.549,0,0,0,0,0,96.38,53.07,0.0,0.0,0.0,0.0,0.0,0,90,0,0.09,0,0,0,0,0,0,0
1780641945.573,0,0,0,0,0,96.37,53.05,0.0,0.0,0.0,0.0,0.0,0,90,0,0.09,0,0,0,0,0,0,0
1780641945.593,0,0,0,0,0,96.36,53.04,0.0,0.0,0.0,0.0,0.0,0,90,0,0.08,0,0,0,0,0,0,0
1780641945.617,0,0,0,0,0,96.34,53.05,0.0,0.0,0.0,0.0,0.0,0,90,0,0.08,0,0,0,0,0,0,0
1780641945.637,0,0,0,0,0,96.3,53.04,0.0,0.0,0.0,0.0,0.0,0,90,0,0.07,0,0,0,0,0,0,0
1780641945.66,0,0,0,0,0,96.26,53.02,0.0,0.0,0.0,0.0,0.0,0,90,0,0.07,0,0,0,0,0,0,0
1780641945.678,0,0,0,0,0,96.23,52.98,0.0,0.0,0.0,0.0,0.0,0,90,0,0.06,0,0,0,0,0,0,0
1780641945.704,0,0,0,0,0,96.2,52.96,0.0,0.0,0.0,0.0,0.0,0,90,0,0.05,0,0,0,0,0,0,0
1780641945.721,0,0,0,0,0,96.18,52.95,0.0,0.0,0.0,0.0,0.0,0,90,0,0.05,0,0,0,0,0,0,0
1780641945.745,0,0,0,0,0,96.16,52.97,0.0,0.0,0.0,0.0,0.0,0,90,0,0.04,0,0,0,0,0,0,0
1780641945.77,0,0,0,0,0,96.14,52.97,0.0,0.0,0.0,0.0,0.0,0,90,0,0.03,0,0,0,0,0,0,0
1780641945.792,0,0,0,0,0,96.14,52.96,0.0,0.0,0.0,0.0,0.0,0,90,0,0.03,0,0,0,0,0,0,0
1780641945.813,0,0,0,0,0,96.13,52.94,0.0,0.0,0.0,0.0,0.0,0,90,0,0.03,0,0,0,0,0,0,0
1780641945.835,0,0,0,0,0,96.11,52.93,0.0,0.0,0.0,0.0,0.0,0,90,0,0.02,0,0,0,0,0,0,0
1780641945.854,0,0,0,0,0,96.09,52.94,0.0,0.0,0.0,0.0,0.0,0,90,0,0.02,0,0,0,0,0,0,0
1780641945.877,0,0,0,0,0,96.08,52.95,0.0,0.0,0.0,0.0,0.0,0,90,0,0.02,0,0,0,0,0,0,0
1780641945.897,0,0,0,0,0,96.08,52.94,0.0,0.0,0.0,0.0,0.0,0,90,0,0.02,0,0,0,0,0,1,0
1780641945.921,0,0,0,0,0,96.08,52.91,0.0,0.0,0.0,0.0,0.0,0,90,0,0.02,0,0,0,0,0,1,0
1780641945.94,0,0,0,0,0,96.09,52.88,0.0,0.0,0.0,0.0,0.0,0,90,0,0.02,0,0,0,0,0,1,0
1780641945.963,0,0,0,0,0,96.1,52.86,0.0,0.0,0.0,0.0,0.0,0,90,0,0.02,0,0,0,0,0,1,0
1780641945.983,0,0,0,0,0,96.1,52.85,0.0,0.0,0.0,0.0,0.0,0,90,0,0.02,0,0,0,0,0,1,0
1780641946.007,0,0,0,0,0,96.1,52.84,0.0,0.0,0.0,0.0,0.0,0,90,0,0.02,0,0,0,0,0,1,0
1780641946.027,0,0,0,0,0,96.12,52.83,0.0,0.0,0.0,0.0,0.0,0,90,0,0.02,0,0,0,0,0,1,0
1780641946.049,0,0,0,0,0,96.18,52.82,0.0,0.0,0.0,0.0,0.0,0,90,0,0.02,0,0,0,0,0,1,0
1780641946.07,0,0,0,0,0,96.25,52.83,0.0,0.0,0.0,0.0,0.0,0,90,0,0.02,0,0,0,0,0,1,0
1780641946.093,0,0,0,0,0,96.31,52.86,0.0,0.0,0.0,0.0,0.0,0,90,0,0.02,0,0,0,0,0,1,0
1780641946.113,0,0,0,0,0,96.34,52.89,0.0,0.0,0.0,0.0,0.0,0,90,0,0.02,0,0,0,0,0,1,0
1780641946.137,0,0,0,0,0,96.36,52.9,0.0,0.0,0.0,0.0,0.0,0,90,0,0.02,0,0,0,0,0,1,0
1780641946.155,0,0,0,0,0,96.36,52.88,0.0,0.0,0.0,0.0,0.0,0,90,0,0.02,0,0,0,0,0,1,0
1780641946.179,0,0,0,0,0,96.36,52.86,0.0,0.0,0.0,0.0,0.0,0,90,0,0.02,0,0,0,0,0,1,0
1780641946.198,0,0,0,0,0,96.35,52.84,0.0,0.0,0.0,0.0,0.0,0,90,0,0.02,0,0,0,0,0,0,0
1780641946.222,0,0,0,0,0,96.33,52.84,0.0,0.0,0.0,0.0,0.0,0,90,0,0.02,0,0,0,0,0,0,0
1780641946.241,0,0,0,0,0,96.29,52.84,0.0,0.0,0.0,0.0,0.0,0,90,0,0.02,0,0,0,0,0,0,0
1780641946.263,0,0,0,0,0,96.24,52.83,0.0,0.0,0.0,0.0,0.0,0,90,0,0.02,0,0,0,0,0,0,0
1780641946.284,0,0,0,0,0,96.21,52.83,0.0,0.0,0.0,0.0,0.0,0,90,0,0.02,0,0,0,0,0,0,0
1780641946.307,0,0,0,0,0,96.2,52.83,0.0,0.0,0.0,0.0,0.0,0,90,0,0.02,0,0,0,0,0,0,0
1780641946.327,0,0,0,0,0,96.17,52.84,0.0,0.0,0.0,0.0,0.0,0,90,0,0.01,0,0,0,0,0,0,0
1780641946.35,0,0,0,0,0,96.13,52.87,0.0,0.0,0.0,0.0,0.0,0,90,0,0.01,0,0,0,0,0,0,0
1780641946.37,0,0,0,0,0,96.07,52.91,0.0,0.0,0.0,0.0,0.0,0,90,0,0.01,0,0,0,0,0,0,0
1780641946.392,0,0,0,0,0,96.0,52.93,0.0,0.0,0.0,0.0,0.0,0,90,0,0.02,0,0,0,0,0,0,0
1780641946.412,0,0,0,0,0,95.92,52.95,0.0,0.0,0.0,0.0,0.0,0,90,0,0.02,0,0,0,0,0,0,0
1780641946.435,0,0,0,0,0,95.84,52.97,0.0,0.0,0.0,0.0,0.0,0,90,0,0.02,0,0,0,0,0,0,0
1780641946.454,0,0,0,0,0,95.77,52.99,0.0,0.0,0.0,0.0,0.0,0,90,0,0.02,0,0,0,0,0,0,0
1780641946.479,0,0,0,0,0,95.73,53.0,0.0,0.0,0.0,0.0,0.0,0,90,0,0.03,0,0,0,0,0,0,0
1780641946.497,0,0,0,0,0,95.71,53.02,0.0,0.0,0.0,0.0,0.0,0,90,0,0.03,0,0,0,0,0,0,0
1780641946.521,0,0,0,0,0,95.74,53.04,0.0,0.0,0.0,0.0,0.0,0,90,0,0.03,0,0,0,0,0,0,0
1780641946.541,0,0,0,0,0,95.8,53.05,0.0,0.0,0.0,0.0,0.0,0,90,0,0.03,0,0,0,0,0,0,0
1780641946.564,0,0,0,0,0,95.87,53.06,0.0,0.0,0.0,0.0,0.0,0,90,0,0.04,0,0,0,0,0,0,0
1780641946.584,0,0,0,0,0,95.94,53.06,0.0,0.0,0.0,0.0,0.0,0,90,0,0.03,0,0,0,0,0,0,0
1780641946.607,0,0,0,0,0,95.99,53.05,0.0,0.0,0.0,0.0,0.0,0,90,0,0.03,0,0,0,0,0,0,0
1780641946.626,0,0,0,0,0,96.02,53.03,0.0,0.0,0.0,0.0,0.0,0,90,0,0.03,0,0,0,0,0,0,0
1780641946.65,0,0,0,0,0,96.04,53.02,0.0,0.0,0.0,0.0,0.0,0,90,0,0.03,0,0,0,0,0,0,0
1780641946.669,0,0,0,0,0,96.03,52.99,0.0,0.0,0.0,0.0,0.0,0,90,0,0.03,0,0,0,0,0,0,0
1780641946.692,0,0,0,0,0,96.01,52.97,0.0,0.0,0.0,0.0,0.0,0,90,0,0.03,0,0,0,0,0,0,0
1780641946.712,0,0,0,0,0,96.0,52.95,0.0,0.0,0.0,0.0,0.0,0,90,0,0.03,0,0,0,0,0,0,0
1780641946.736,0,0,0,0,0,95.99,52.93,0.0,0.0,0.0,0.0,0.0,0,90,0,0.03,0,0,0,0,0,0,0
1780641946.755,0,0,0,0,0,95.99,52.91,0.0,0.0,0.0,0.0,0.0,0,90,0,0.03,0,0,0,0,0,0,0
1780641946.778,0,0,0,0,0,95.99,52.91,0.0,0.0,0.0,0.0,0.0,0,90,0,0.03,0,0,0,0,0,0,0
1780641946.798,0,0,0,0,0,95.99,52.93,0.0,0.0,0.0,0.0,0.0,0,90,0,0.03,0,0,0,0,0,0,0
1780641946.822,0,0,0,0,0,95.99,52.94,0.0,0.0,0.0,0.0,0.0,0,90,0,0.03,0,0,0,0,0,0,0
1780641946.841,0,0,0,0,0,96.0,52.95,0.0,0.0,0.0,0.0,0.0,0,90,0,0.03,0,0,0,0,0,0,0
1780641946.864,0,0,0,0,0,96.01,52.96,0.0,0.0,0.0,0.0,0.0,0,90,0,0.03,0,0,0,0,0,0,0
1780641946.883,0,0,0,0,0,96.02,52.95,0.0,0.0,0.0,0.0,0.0,0,90,0,0.03,0,0,0,0,0,0,0
1780641946.907,0,0,0,0,0,96.06,52.93,0.0,0.0,0.0,0.0,0.0,0,90,0,0.03,0,0,0,0,0,0,0
1780641946.931,0,0,0,0,0,96.11,52.92,0.0,0.0,0.0,0.0,0.0,0,90,0,0.03,0,0,0,0,0,0,0
1780641946.951,0,0,0,0,0,96.18,52.9,0.0,0.0,0.0,0.0,0.0,0,90,0,0.03,0,0,0,0,0,0,0
1780641946.973,0,0,0,0,0,96.26,52.89,0.0,0.0,0.0,0.0,0.0,0,90,0,0.03,0,0,0,0,0,0,0
1780641946.993,0,0,0,0,0,96.33,52.88,0.0,0.0,0.0,0.0,0.0,0,90,0,0.03,0,0,0,0,0,0,0
1780641947.016,0,0,0,0,0,96.38,52.87,0.0,0.0,0.0,0.0,0.0,0,90,0,0.03,0,0,0,0,0,0,0
1780641947.037,0,0,0,0,0,96.41,52.86,0.0,0.0,0.0,0.0,0.0,0,90,0,0.03,0,0,0,0,0,0,0
1780641947.061,0,0,0,0,0,96.42,52.85,0.0,0.0,0.0,0.0,0.0,0,90,0,0.04,0,0,0,0,0,0,0
1780641947.078,0,0,0,0,0,96.44,52.84,0.0,0.0,0.0,0.0,0.0,0,90,0,0.04,0,0,0,0,0,0,0
1780641947.102,0,0,0,0,0,96.45,52.83,0.0,0.0,0.0,0.0,0.0,0,90,0,0.04,0,0,0,0,0,1,0
1780641947.122,0,0,0,0,0,96.44,52.83,0.0,0.0,0.0,0.0,0.0,0,90,0,0.04,0,0,0,0,0,1,0
1780641947.146,0,0,0,0,0,96.42,52.84,0.0,0.0,0.0,0.0,0.0,0,90,0,0.04,0,0,0,0,0,1,0
1780641947.164,0,0,0,0,0,96.39,52.84,0.0,0.0,0.0,0.0,0.0,0,90,0,0.05,0,0,0,0,0,1,0
1780641947.188,0,0,0,0,0,96.37,52.84,0.0,0.0,0.0,0.0,0.0,0,90,0,0.05,0,0,0,0,0,1,0
1780641947.207,0,0,0,0,0,96.36,52.82,0.0,0.0,0.0,0.0,0.0,0,90,0,0.05,0,0,0,0,0,1,0
1780641947.231,0,0,0,0,0,96.37,52.79,0.0,0.0,0.0,0.0,0.0,0,90,0,0.05,0,0,0,0,0,1,0
1780641947.25,0,0,0,0,0,96.37,52.77,0.0,0.0,0.0,0.0,0.0,0,90,0,0.05,0,0,0,0,0,1,0
1780641947.274,0,0,0,0,0,96.37,52.78,0.0,0.0,0.0,0.0,0.0,0,90,0,0.05,0,0,0,0,0,1,0
1780641947.293,0,0,0,0,0,96.35,52.8,0.0,0.0,0.0,0.0,0.0,0,90,0,0.05,0,0,0,0,0,1,0
1780641947.317,0,0,0,0,0,96.35,52.82,0.0,0.0,0.0,0.0,0.0,0,90,0,0.05,0,0,0,0,0,0,0
1780641947.336,0,0,0,0,0,96.37,52.84,0.0,0.0,0.0,0.0,0.0,0,90,0,0.05,0,0,0,0,0,0,0
1780641947.36,0,0,0,0,0,96.39,52.85,0.0,0.0,0.0,0.0,0.0,0,90,0,0.05,0,0,0,0,0,0,0
1780641947.38,0,0,0,0,0,96.39,52.88,0.0,0.0,0.0,0.0,0.0,0,90,0,0.05,0,0,0,0,0,0,0
1780641947.403,0,0,0,0,0,96.36,52.9,0.0,0.0,0.0,0.0,0.0,0,90,0,0.05,0,0,0,0,0,0,0
1780641947.422,0,0,0,0,0,96.3,52.93,0.0,0.0,0.0,0.0,0.0,0,90,0,0.05,0,0,0,0,0,0,0
1780641947.446,0,0,0,0,0,96.24,52.94,0.0,0.0,0.0,0.0,0.0,0,90,0,0.05,0,0,0,0,0,0,0
1780641947.465,0,0,0,0,0,96.19,52.94,0.0,0.0,0.0,0.0,0.0,0,90,0,0.05,0,0,0,0,0,0,0
1780641947.488,0,0,0,0,0,96.16,52.91,0.0,0.0,0.0,0.0,0.0,0,90,0,0.05,0,0,0,0,0,0,0
1780641947.508,0,0,0,0,0,96.13,52.89,0.0,0.0,0.0,0.0,0.0,0,90,0,0.05,0,0,0,0,0,0,0
1780641947.533,0,0,0,0,0,96.12,52.88,0.0,0.0,0.0,0.0,0.0,0,90,0,0.05,0,0,0,0,0,0,0
1780641947.55,0,0,0,0,0,96.13,52.89,0.0,0.0,0.0,0.0,0.0,0,90,0,0.04,0,0,0,0,0,0,0
1780641947.574,0,0,0,0,0,96.16,52.9,0.0,0.0,0.0,0.0,0.0,0,90,0,0.04,0,0,0,0,0,0,0
1780641947.594,0,0,0,0,0,96.2,52.93,0.0,0.0,0.0,0.0,0.0,0,90,0,0.03,0,0,0,0,0,0,0
1780641947.617,0,0,0,0,0,96.22,52.94,0.0,0.0,0.0,0.0,0.0,0,90,0,0.03,0,0,0,0,0,0,0
1780641947.639,0,0,0,0,0,96.23,52.95,0.0,0.0,0.0,0.0,0.0,0,90,0,0.03,0,0,0,0,0,0,0
1780641947.662,0,0,0,0,0,96.23,52.94,0.0,0.0,0.0,0.0,0.0,0,90,0,0.03,0,0,0,0,0,0,0
1780641947.68,0,0,0,0,0,96.21,52.93,0.0,0.0,0.0,0.0,0.0,0,90,0,0.02,0,0,0,0,0,0,0
1780641947.704,0,0,0,0,0,96.18,52.93,0.0,0.0,0.0,0.0,0.0,0,90,0,0.02,0,0,0,0,0,0,0
1780641947.724,0,0,0,0,0,96.14,52.93,0.0,0.0,0.0,0.0,0.0,0,90,0,0.02,0,0,0,0,0,0,0
1780641947.747,0,0,0,0,0,96.12,52.92,0.0,0.0,0.0,0.0,0.0,0,90,0,0.02,0,0,0,0,0,0,0
1780641947.767,0,0,0,0,0,96.14,52.91,0.0,0.0,0.0,0.0,0.0,0,90,0,0.02,0,0,0,0,0,0,0
1780641947.791,0,0,0,0,0,96.17,52.89,0.0,0.0,0.0,0.0,0.0,0,90,0,0.02,0,0,0,0,0,0,0
1780641947.809,0,0,0,0,0,96.2,52.85,0.0,0.0,0.0,0.0,0.0,0,90,0,0.02,0,0,0,0,0,0,0
1780641947.833,0,0,0,0,0,96.21,52.82,0.0,0.0,0.0,0.0,0.0,0,90,0,0.02,0,0,0,0,0,0,0
1780641947.853,0,0,0,0,0,96.2,52.79,0.0,0.0,0.0,0.0,0.0,0,90,0,0.02,0,0,0,0,0,0,0
1780641947.875,0,0,0,0,0,96.18,52.77,0.0,0.0,0.0,0.0,0.0,0,90,0,0.02,0,0,0,0,0,0,0
1780641947.895,0,0,0,0,0,96.15,52.76,0.0,0.0,0.0,0.0,0.0,0,90,0,0.02,0,0,0,0,0,0,0
1780641947.919,0,0,0,0,0,96.13,52.76,0.0,0.0,0.0,0.0,0.0,0,90,0,0.01,0,0,0,0,0,0,0
1780641947.94,0,0,0,0,0,96.1,52.77,0.0,0.0,0.0,0.0,0.0,0,90,0,0.01,0,0,0,0,0,0,0
1780641947.963,0,0,0,0,0,96.09,52.78,0.0,0.0,0.0,0.0,0.0,0,90,0,0.01,0,0,0,0,0,0,0
1780641947.981,0,0,0,0,0,96.1,52.8,0.0,0.0,0.0,0.0,0.0,0,90,0,0.01,0,0,0,0,0,0,0
1780641948.007,0,0,0,0,0,96.13,52.8,0.0,0.0,0.0,0.0,0.0,0,90,0,0.01,0,0,0,0,0,0,0
1780641948.025,0,0,0,0,0,96.16,52.82,0.0,0.0,0.0,0.0,0.0,0,90,0,0.01,0,0,0,0,0,0,0
1780641948.048,0,0,0,0,0,96.2,52.85,0.0,0.0,0.0,0.0,0.0,0,90,0,0.01,0,0,0,0,0,0,0
1780641948.068,0,0,0,0,0,96.22,52.89,0.0,0.0,0.0,0.0,0.0,0,90,0,0.01,0,0,0,0,0,0,0
1780641948.091,0,0,0,0,0,96.22,52.93,0.0,0.0,0.0,0.0,0.0,0,90,0,0.01,0,0,0,0,0,0,0
1780641948.111,0,0,0,0,0,96.21,52.95,0.0,0.0,0.0,0.0,0.0,0,90,0,0.01,0,0,0,0,0,0,0
1780641948.135,0,0,0,0,0,96.21,52.97,0.0,0.0,0.0,0.0,0.0,0,90,0,0.01,0,0,0,0,0,0,0
1780641948.153,0,0,0,0,0,96.19,52.98,0.0,0.0,0.0,0.0,0.0,0,90,0,0.01,0,0,0,0,0,0,0
1780641948.177,0,0,0,0,0,96.18,52.97,0.0,0.0,0.0,0.0,0.0,0,90,0,0.01,0,0,0,0,0,0,0
1780641948.197,0,0,0,0,0,96.16,52.95,0.0,0.0,0.0,0.0,0.0,0,90,0,0.01,0,0,0,0,0,0,0
1780641948.22,0,0,0,0,0,96.15,52.93,0.0,0.0,0.0,0.0,0.0,0,90,0,0.01,0,0,0,0,0,0,0
1780641948.239,0,0,0,0,0,96.15,52.89,0.0,0.0,0.0,0.0,0.0,0,90,0,0.01,0,0,0,0,0,0,0
1780641948.264,0,0,0,0,0,96.16,52.85,0.0,0.0,0.0,0.0,0.0,0,90,0,0.01,0,0,0,0,0,0,0
1780641948.282,0,0,0,0,0,96.17,52.8,0.0,0.0,0.0,0.0,0.0,0,90,0,0.01,0,0,0,0,0,0,0
1780641948.306,0,0,0,0,0,96.18,52.76,0.0,0.0,0.0,0.0,0.0,0,90,0,0.01,0,0,0,0,0,0,0
1780641948.326,0,0,0,0,0,96.17,52.74,0.0,0.0,0.0,0.0,0.0,0,90,0,0.01,0,0,0,0,0,0,0
1780641948.349,0,0,0,0,0,96.16,52.72,0.0,0.0,0.0,0.0,0.0,0,90,0,0.01,0,0,0,0,0,0,0
1780641948.369,0,0,0,0,0,96.15,52.72,0.0,0.0,0.0,0.0,0.0,0,90,0,0.01,0,0,0,0,0,0,0
1780641948.392,0,0,0,0,0,96.13,52.72,0.0,0.0,0.0,0.0,0.0,0,90,0,0.01,0,0,0,0,0,0,0
1780641948.411,0,0,0,0,0,96.07,52.73,0.0,0.0,0.0,0.0,0.0,0,90,0,0.01,0,0,0,0,0,0,0
1780641948.435,0,0,0,0,0,96.0,52.74,0.0,0.0,0.0,0.0,0.0,0,90,0,0.01,0,0,0,0,0,0,0
1780641948.455,0,0,0,0,0,95.94,52.75,0.0,0.0,0.0,0.0,0.0,0,90,0,0.01,0,0,0,0,1,0,0
1780641948.477,0,0,0,0,0,95.92,52.77,0.0,0.0,0.0,0.0,0.0,0,90,0,0.01,0,0,0,0,1,0,0
1780641948.498,0,0,0,0,0,95.95,52.79,0.0,0.0,0.0,0.0,0.0,0,90,0,0.01,0,0,0,0,1,0,0
1780641948.52,0,0,0,0,0,95.99,52.81,0.0,0.0,0.0,0.0,0.0,0,90,0,0.01,0,0,0,0,1,0,0
1780641948.54,0,0,0,0,0,96.02,52.84,0.0,0.0,0.0,0.0,0.0,0,90,0,0.01,0,0,0,0,1,0,0
1780641948.564,0,0,0,0,0,96.03,52.89,0.0,0.0,0.0,0.0,0.0,0,90,0,0.01,0,0,0,0,1,0,0
1780641948.583,0,0,0,0,0,96.03,52.95,0.0,0.0,0.0,0.0,0.0,0,90,0,0.01,0,0,0,0,1,0,0
1780641948.607,0,0,0,0,0,96.04,53.0,0.0,0.0,0.0,0.0,0.0,0,90,0,0.01,0,0,0,0,0,0,0
1780641948.626,0,0,0,0,0,96.07,53.03,0.0,0.0,0.0,0.0,0.0,0,90,0,0.01,0,0,0,0,0,0,0
1780641948.65,0,0,0,0,0,96.11,53.05,0.0,0.0,0.0,0.0,0.0,0,90,0,0.01,0,0,0,0,0,0,0
1780641948.669,0,0,0,0,0,96.14,53.04,0.0,0.0,0.0,0.0,0.0,0,90,0,0.01,0,0,0,0,0,0,0
1780641948.693,0,0,0,0,0,96.15,53.01,0.0,0.0,0.0,0.0,0.0,0,90,0,0.01,0,0,0,0,0,0,0
1780641948.713,0,0,0,0,0,96.14,52.98,0.0,0.0,0.0,0.0,0.0,0,90,0,0.01,0,0,0,0,0,0,0
1780641948.735,0,0,0,0,0,96.11,52.95,0.0,0.0,0.0,0.0,0.0,0,90,0,0.01,0,0,0,0,0,0,0
1780641948.756,0,0,0,0,0,96.06,52.92,0.0,0.0,0.0,0.0,0.0,0,90,0,0.01,0,0,0,0,0,0,0
1780641948.779,0,0,0,0,0,96.04,52.9,0.0,0.0,0.0,0.0,0.0,0,90,0,0.01,0,0,0,0,0,0,0
1780641948.799,0,0,0,0,0,96.05,52.89,0.0,0.0,0.0,0.0,0.0,0,90,0,0.01,0,0,0,0,0,0,0
1780641948.823,0,0,0,0,0,96.06,52.88,0.0,0.0,0.0,0.0,0.0,0,90,0,0.01,0,0,0,0,0,0,0
1780641948.842,0,0,0,0,0,96.06,52.88,0.0,0.0,0.0,0.0,0.0,0,90,0,0.01,0,0,0,0,0,0,0
1780641948.865,0,0,0,0,0,96.05,52.88,0.0,0.0,0.0,0.0,0.0,0,90,0,0.01,0,0,0,0,0,0,0
1780641948.884,0,0,0,0,0,96.03,52.89,0.0,0.0,0.0,0.0,0.0,0,90,0,0.01,0,0,0,0,0,0,0
1780641948.908,0,0,0,0,0,96.01,52.9,0.0,0.0,0.0,0.0,0.0,0,90,0,0.01,0,0,0,0,0,0,0
1780641948.927,0,0,0,0,0,96.0,52.92,0.0,0.0,0.0,0.0,0.0,0,90,0,0.01,0,0,0,0,0,0,0
1780641948.951,0,0,0,0,0,96.01,52.94,0.0,0.0,0.0,0.0,0.0,0,90,0,0.01,0,0,0,0,0,0,0
1780641948.97,0,0,0,0,0,96.02,52.95,0.0,0.0,0.0,0.0,0.0,0,90,0,0.01,0,0,0,0,0,0,0
1780641948.995,0,0,0,0,0,96.02,52.94,0.0,0.0,0.0,0.0,0.0,0,90,0,0.01,0,0,0,0,0,0,0
1780641949.013,0,0,0,0,0,96.02,52.93,0.0,0.0,0.0,0.0,0.0,0,90,0,0.01,0,0,0,0,0,0,0
1780641949.037,0,0,0,0,0,96.02,52.93,0.0,0.0,0.0,0.0,0.0,0,90,0,0.01,0,0,0,0,0,0,0
1780641949.057,0,0,0,0,0,96.02,52.93,0.0,0.0,0.0,0.0,0.0,0,90,0,0.01,0,0,0,0,0,0,0
1780641949.079,0,0,0,0,0,96.02,52.93,0.0,0.0,0.0,0.0,0.0,0,90,0,0.01,0,0,0,0,0,0,0
1780641949.1,0,0,0,0,0,96.01,52.91,0.0,0.0,0.0,0.0,0.0,0,90,0,0.01,0,0,0,0,0,0,0
1780641949.123,0,0,0,0,0,96.01,52.9,0.0,0.0,0.0,0.0,0.0,0,90,0,0.01,0,0,0,0,0,0,0
1780641949.142,0,0,0,0,0,96.02,52.88,0.0,0.0,0.0,0.0,0.0,0,90,0,0.01,0,0,0,0,0,0,0
1780641949.165,0,0,0,0,0,96.04,52.87,0.0,0.0,0.0,0.0,0.0,0,90,0,0.01,0,0,0,0,0,0,0
1780641949.185,0,0,0,0,0,96.06,52.86,0.0,0.0,0.0,0.0,0.0,0,90,0,0.01,0,0,0,0,0,0,0
1780641949.209,0,0,0,0,0,96.06,52.85,0.0,0.0,0.0,0.0,0.0,0,90,0,0.01,0,0,0,0,0,0,0
1780641949.229,0,0,0,0,0,96.06,52.82,0.0,0.0,0.0,0.0,0.0,0,90,0,0.01,0,0,0,0,0,0,0
1780641949.252,0,0,0,0,0,96.06,52.79,0.0,0.0,0.0,0.0,0.0,0,90,0,0.01,0,0,0,0,0,0,0
1780641949.271,0,0,0,0,0,96.05,52.76,0.0,0.0,0.0,0.0,0.0,0,90,0,0.01,0,0,0,0,0,0,0
1780641949.295,0,0,0,0,0,96.03,52.74,0.0,0.0,0.0,0.0,0.0,0,90,0,0.01,0,0,0,0,0,0,0
1780641949.314,0,0,0,0,0,96.01,52.72,0.0,0.0,0.0,0.0,0.0,0,90,0,0.01,0,0,0,0,0,0,0
1780641949.338,0,0,0,0,0,96.01,52.72,0.0,0.0,0.0,0.0,0.0,0,90,0,0.01,0,0,0,0,0,0,0
1780641949.357,0,0,0,0,0,96.03,52.73,0.0,0.0,0.0,0.0,0.0,0,90,0,0.01,0,0,0,0,0,0,0
1780641949.381,0,0,0,0,0,96.07,52.73,0.0,0.0,0.0,0.0,0.0,0,90,0,0.01,0,0,0,0,0,0,0
1780641949.4,0,0,0,0,0,96.13,52.73,0.0,0.0,0.0,0.0,0.0,0,90,0,0.01,0,0,0,0,0,0,0
1780641949.425,0,0,0,0,0,96.2,52.72,0.0,0.0,0.0,0.0,0.0,0,90,0,0.01,0,0,0,0,0,0,0
1780641949.443,0,0,0,0,0,96.27,52.72,0.0,0.0,0.0,0.0,0.0,0,90,0,0.01,0,0,0,0,0,0,0
1780641949.467,0,0,0,0,0,96.33,52.72,0.0,0.0,0.0,0.0,0.0,0,90,0,0.01,0,0,0,0,0,0,0
1780641949.49,0,0,0,0,0,96.38,52.73,0.0,0.0,0.0,0.0,0.0,0,90,0,0.01,0,0,0,0,0,0,0
1780641949.509,0,0,0,0,0,96.43,52.75,0.0,0.0,0.0,0.0,0.0,0,90,0,0.01,0,0,0,0,0,0,0
1780641949.533,0,0,0,0,0,96.47,52.75,0.0,0.0,0.0,0.0,0.0,0,90,0,0.01,0,0,0,0,0,0,0
1780641949.552,0,0,0,0,0,96.5,52.76,0.0,0.0,0.0,0.0,0.0,0,90,0,0.02,0,0,0,0,0,0,0
1780641949.576,0,0,0,0,0,96.5,52.76,0.0,0.0,0.0,0.0,0.0,0,90,0,0.02,0,0,0,0,0,0,0
1780641949.595,0,0,0,0,0,96.5,52.79,0.0,0.0,0.0,0.0,0.0,0,90,0,0.02,0,0,0,0,0,0,0
1780641949.618,0,0,0,0,0,96.49,52.84,0.0,0.0,0.0,0.0,0.0,0,90,0,0.02,0,0,0,0,0,0,0
1780641949.639,0,0,0,0,0,96.47,52.89,0.0,0.0,0.0,0.0,0.0,0,90,0,0.03,0,0,0,0,0,0,0
1780641949.661,0,0,0,0,0,96.47,52.93,0.0,0.0,0.0,0.0,0.0,0,90,0,0.03,0,0,0,0,0,0,0
1780641949.68,0,0,0,0,0,96.47,52.95,0.0,0.0,0.0,0.0,0.0,0,90,0,0.03,0,0,0,0,0,0,0
1780641949.704,0,0,0,0,0,96.47,52.94,0.0,0.0,0.0,0.0,0.0,0,90,0,0.03,0,0,0,0,0,0,0
1780641949.724,0,0,0,0,0,96.46,52.91,0.0,0.0,0.0,0.0,0.0,0,90,0,0.03,0,0,0,0,0,0,0
1780641949.748,0,0,0,0,0,96.43,52.88,0.0,0.0,0.0,0.0,0.0,0,90,0,0.04,0,0,0,0,0,0,0
1780641949.767,0,0,0,0,0,96.37,52.85,0.0,0.0,0.0,0.0,0.0,0,90,0,0.04,0,0,0,0,0,0,0
1780641949.791,0,0,0,0,0,96.31,52.84,0.0,0.0,0.0,0.0,0.0,0,90,0,0.04,0,0,0,0,0,0,0
1780641949.811,0,0,0,0,0,96.27,52.83,0.0,0.0,0.0,0.0,0.0,0,90,0,0.04,0,0,0,0,0,0,0
1780641949.834,0,0,0,0,0,96.26,52.82,0.0,0.0,0.0,0.0,0.0,0,90,0,0.04,0,0,0,0,0,0,0
1780641949.853,0,0,0,0,0,96.27,52.82,0.0,0.0,0.0,0.0,0.0,0,90,0,0.04,0,0,0,0,0,0,0
1780641949.875,0,0,0,0,0,96.28,52.83,0.0,0.0,0.0,0.0,0.0,0,90,0,0.04,0,0,0,0,0,0,0
1780641949.9,0,0,0,0,0,96.29,52.85,0.0,0.0,0.0,0.0,0.0,0,90,0,0.04,0,0,0,0,0,0,0
1780641949.923,0,0,0,0,0,96.3,52.86,0.0,0.0,0.0,0.0,0.0,0,90,0,0.04,0,0,0,0,0,0,0
1780641949.943,0,0,0,0,0,96.3,52.87,0.0,0.0,0.0,0.0,0.0,0,90,0,0.03,0,0,0,0,0,0,0
1780641949.966,0,0,0,0,0,96.31,52.87,0.0,0.0,0.0,0.0,0.0,0,90,0,0.03,0,0,0,0,0,0,0
1780641949.985,0,0,0,0,0,96.29,52.88,0.0,0.0,0.0,0.0,0.0,0,90,0,0.03,0,0,0,0,0,0,0
1780641950.01,0,0,0,0,0,96.26,52.89,0.0,0.0,0.0,0.0,0.0,0,90,0,0.03,0,0,0,0,0,0,0
1780641950.028,0,0,0,0,0,96.24,52.89,0.0,0.0,0.0,0.0,0.0,0,90,0,0.03,0,0,0,0,0,0,0
1780641950.052,0,0,0,0,0,96.22,52.89,0.0,0.0,0.0,0.0,0.0,0,90,0,0.03,0,0,0,0,0,0,0
1780641950.071,0,0,0,0,0,96.21,52.88,0.0,0.0,0.0,0.0,0.0,0,90,0,0.03,0,0,0,0,0,0,0
1780641950.095,0,0,0,0,0,96.22,52.88,0.0,0.0,0.0,0.0,0.0,0,90,0,0.03,0,0,0,0,0,0,0
1780641950.113,0,0,0,0,0,96.22,52.87,0.0,0.0,0.0,0.0,0.0,0,90,0,0.03,0,0,0,0,0,0,0
1780641950.138,0,0,0,0,0,96.23,52.87,0.0,0.0,0.0,0.0,0.0,0,90,0,0.03,0,0,0,0,0,0,0
1780641950.157,0,0,0,0,0,96.24,52.88,0.0,0.0,0.0,0.0,0.0,0,90,0,0.03,0,0,0,0,0,0,0
1780641950.181,0,0,0,0,0,96.25,52.88,0.0,0.0,0.0,0.0,0.0,0,90,0,0.02,0,0,0,0,0,0,0
1780641950.2,0,0,0,0,0,96.25,52.88,0.0,0.0,0.0,0.0,0.0,0,90,0,0.02,0,0,0,0,0,0,0
1780641950.224,0,0,0,0,0,96.25,52.88,0.0,0.0,0.0,0.0,0.0,0,90,0,0.02,0,0,0,0,0,0,0
1780641950.243,0,0,0,0,0,96.25,52.88,0.0,0.0,0.0,0.0,0.0,0,90,0,0.02,0,0,0,0,0,0,0
1780641950.267,0,0,0,0,0,96.24,52.88,0.0,0.0,0.0,0.0,0.0,0,90,0,0.02,0,0,0,0,0,0,0
1780641950.286,0,0,0,0,0,96.23,52.87,0.0,0.0,0.0,0.0,0.0,0,90,0,0.02,0,0,0,0,0,0,0
1780641950.31,0,0,0,0,0,96.22,52.85,0.0,0.0,0.0,0.0,0.0,0,90,0,0.02,0,0,0,0,0,0,0
1780641950.329,0,0,0,0,0,96.21,52.84,0.0,0.0,0.0,0.0,0.0,0,90,0,0.02,0,0,0,0,0,0,0
1780641950.353,0,0,0,0,0,96.21,52.83,0.0,0.0,0.0,0.0,0.0,0,90,0,0.02,0,0,0,0,0,0,0
1780641950.372,0,0,0,0,0,96.19,52.82,0.0,0.0,0.0,0.0,0.0,0,90,0,0.02,0,0,0,0,0,0,0
1780641950.396,0,0,0,0,0,96.15,52.8,0.0,0.0,0.0,0.0,0.0,0,90,0,0.01,0,0,0,0,0,0,0
1780641950.419,0,0,0,0,0,96.1,52.79,0.0,0.0,0.0,0.0,0.0,0,90,0,0.01,0,0,0,0,0,0,0
1780641950.442,0,0,0,0,0,96.08,52.8,0.0,0.0,0.0,0.0,0.0,0,90,0,0.01,0,0,0,0,0,0,0
1780641950.462,0,0,0,0,0,96.1,52.81,0.0,0.0,0.0,0.0,0.0,0,90,0,0.01,0,0,0,0,0,0,0
1780641950.485,0,0,0,0,0,96.14,52.82,0.0,0.0,0.0,0.0,0.0,0,90,0,0.01,0,0,0,0,0,0,0
1780641950.505,0,0,0,0,0,96.2,52.83,0.0,0.0,0.0,0.0,0.0,0,90,0,0.01,0,0,0,0,0,0,0
1780641950.528,0,0,0,0,0,96.26,52.82,0.0,0.0,0.0,0.0,0.0,0,90,0,0.01,0,0,0,0,0,0,0
1780641950.547,0,0,0,0,0,96.28,52.82,0.0,0.0,0.0,0.0,0.0,0,90,0,0.01,0,0,0,0,0,0,0
1780641950.57,0,0,0,0,0,96.26,52.84,0.0,0.0,0.0,0.0,0.0,0,90,0,0.01,0,0,0,0,0,0,0
1780641950.59,0,0,0,0,0,96.21,52.86,0.0,0.0,0.0,0.0,0.0,0,90,0,0.01,0,0,0,0,0,0,0
1780641950.614,0,0,0,0,0,96.16,52.87,0.0,0.0,0.0,0.0,0.0,0,90,0,0.01,0,0,0,0,0,0,0
1780641950.633,0,0,0,0,0,96.13,52.86,0.0,0.0,0.0,0.0,0.0,0,90,0,0.01,0,0,0,0,0,0,0
1780641950.657,0,0,0,0,0,96.11,52.85,0.0,0.0,0.0,0.0,0.0,0,90,0,0.01,0,0,0,0,0,0,0
1780641950.675,0,0,0,0,0,96.1,52.83,0.0,0.0,0.0,0.0,0.0,0,90,0,0.01,0,0,0,0,0,0,0
1780641950.7,0,0,0,0,0,96.09,52.83,0.0,0.0,0.0,0.0,0.0,0,90,0,0.01,0,0,0,0,0,0,0
1780641950.719,0,0,0,0,0,96.1,52.84,0.0,0.0,0.0,0.0,0.0,0,90,0,0.01,0,0,0,0,0,0,0
1780641950.743,0,0,0,0,0,96.12,52.84,0.0,0.0,0.0,0.0,0.0,0,90,0,0.01,0,0,0,0,0,0,0
1780641950.761,0,0,0,0,0,96.13,52.84,0.0,0.0,0.0,0.0,0.0,0,90,0,0.01,0,0,0,0,0,0,0
1780641950.785,0,0,0,0,0,96.15,52.84,0.0,0.0,0.0,0.0,0.0,0,90,0,0.01,0,0,0,0,0,0,0
1780641950.805,0,0,0,0,0,96.16,52.84,0.0,0.0,0.0,0.0,0.0,0,90,0,0.01,0,0,0,0,0,0,0
1780641950.828,0,0,0,0,0,96.16,52.83,0.0,0.0,0.0,0.0,0.0,0,90,0,0.0,0,0,0,0,0,0,0
1780641950.849,0,0,0,0,0,96.15,52.82,0.0,0.0,0.0,0.0,0.0,0,90,0,0.0,0,0,0,0,0,0,0
1780641950.872,0,0,0,0,0,96.13,52.81,0.0,0.0,0.0,0.0,0.0,0,90,0,0.0,0,0,0,0,0,0,0
1780641950.892,0,0,0,0,0,96.12,52.78,0.0,0.0,0.0,0.0,0.0,0,90,0,0.0,0,0,0,0,0,0,0
1780641950.915,0,0,0,0,0,96.12,52.75,0.0,0.0,0.0,0.0,0.0,0,90,0,0.0,0,0,0,0,0,0,0
1780641950.934,0,0,0,0,0,96.13,52.75,0.0,0.0,0.0,0.0,0.0,0,90,0,0.0,0,0,0,0,0,0,0
1780641950.959,0,0,0,0,0,96.13,52.77,0.0,0.0,0.0,0.0,0.0,0,90,0,0.0,0,0,0,0,0,0,0
1780641950.978,0,0,0,0,0,96.13,52.8,0.0,0.0,0.0,0.0,0.0,0,90,0,0.0,0,0,0,0,0,0,0
1780641951.0,0,0,0,0,0,96.12,52.82,0.0,0.0,0.0,0.0,0.0,0,90,0,0.0,0,0,0,0,0,0,0
1780641951.02,0,0,0,0,0,96.11,52.83,0.0,0.0,0.0,0.0,0.0,0,90,0,0.0,0,0,0,0,0,0,0
1780641951.044,0,0,0,0,0,96.08,52.83,0.0,0.0,0.0,0.0,0.0,0,90,0,0.0,0,0,0,0,0,0,0
1780641951.067,0,0,0,0,0,96.04,52.83,0.0,0.0,0.0,0.0,0.0,0,90,0,0.0,0,0,0,0,0,0,0
1780641951.09,0,0,0,0,0,96.0,52.83,0.0,0.0,0.0,0.0,0.0,0,90,0,0.0,0,0,0,0,0,0,0
1780641951.113,0,0,0,0,0,95.96,52.83,0.0,0.0,0.0,0.0,0.0,0,90,0,0.0,0,0,0,0,0,0,0
1780641951.132,0,0,0,0,0,95.92,52.83,0.0,0.0,0.0,0.0,0.0,0,90,0,0.01,0,0,0,0,0,0,0
1780641951.157,0,0,0,0,0,95.89,52.82,0.0,0.0,0.0,0.0,0.0,0,90,0,0.01,0,0,0,0,0,0,0
1780641951.176,0,0,0,0,0,95.86,52.82,0.0,0.0,0.0,0.0,0.0,0,90,0,0.01,0,0,0,0,0,0,0
1780641951.199,0,0,0,0,0,95.85,52.82,0.0,0.0,0.0,0.0,0.0,0,90,0,0.01,0,0,0,0,0,0,0
1780641951.219,0,0,0,0,0,95.86,52.82,0.0,0.0,0.0,0.0,0.0,0,90,0,0.01,0,0,0,0,0,0,0
1780641951.242,0,0,0,0,0,95.88,52.84,0.0,0.0,0.0,0.0,0.0,0,90,0,0.01,0,0,0,0,0,0,0
1780641951.262,0,0,0,0,0,95.91,52.86,0.0,0.0,0.0,0.0,0.0,0,90,0,0.01,0,0,0,0,0,0,0
1780641951.284,0,0,0,0,0,95.93,52.86,0.0,0.0,0.0,0.0,0.0,0,90,0,0.01,0,0,0,0,0,0,0
1780641951.305,0,0,0,0,0,95.96,52.87,0.0,0.0,0.0,0.0,0.0,0,90,0,0.01,0,0,0,0,0,0,0
1780641951.328,0,0,0,0,0,95.99,52.87,0.0,0.0,0.0,0.0,0.0,0,90,0,0.01,0,0,0,0,0,0,0
1780641951.347,0,0,0,0,0,96.02,52.89,0.0,0.0,0.0,0.0,0.0,0,90,0,0.01,0,0,0,0,0,0,0
1780641951.371,0,0,0,0,0,96.06,52.9,0.0,0.0,0.0,0.0,0.0,0,90,0,0.01,0,0,0,0,0,0,0
1780641951.391,0,0,0,0,0,96.1,52.92,0.0,0.0,0.0,0.0,0.0,0,90,0,0.01,0,0,0,0,0,0,0
1780641951.413,0,0,0,0,0,96.15,52.93,0.0,0.0,0.0,0.0,0.0,0,90,0,0.01,0,0,0,0,0,0,0
1780641951.433,0,0,0,0,0,96.21,52.93,0.0,0.0,0.0,0.0,0.0,0,90,0,0.01,0,0,0,0,0,0,0
1780641951.457,0,0,0,0,0,96.25,52.92,0.0,0.0,0.0,0.0,0.0,0,90,0,0.01,0,0,0,0,0,0,0
1780641951.475,0,0,0,0,0,96.28,52.9,0.0,0.0,0.0,0.0,0.0,0,90,0,0.01,0,0,0,0,0,0,0
1780641951.5,0,0,0,0,0,96.31,52.87,0.0,0.0,0.0,0.0,0.0,0,90,0,0.01,0,0,0,0,0,0,0
1780641951.52,0,0,0,0,0,96.31,52.85,0.0,0.0,0.0,0.0,0.0,0,90,0,0.01,0,0,0,0,0,0,0
1780641951.542,0,0,0,0,0,96.29,52.84,0.0,0.0,0.0,0.0,0.0,0,90,0,0.02,0,0,0,0,0,0,0
1780641951.563,0,0,0,0,0,96.26,52.84,0.0,0.0,0.0,0.0,0.0,0,90,0,0.02,0,0,0,0,0,0,0
1780641951.587,0,0,0,0,0,96.25,52.84,0.0,0.0,0.0,0.0,0.0,0,90,0,0.02,0,0,0,0,0,0,0
1780641951.605,0,0,0,0,0,96.24,52.82,0.0,0.0,0.0,0.0,0.0,0,90,0,0.02,0,0,0,0,0,0,0
1780641951.628,0,0,0,0,0,96.24,52.79,0.0,0.0,0.0,0.0,0.0,0,90,0,0.02,0,0,0,0,0,0,0
1780641951.649,0,0,0,0,0,96.24,52.76,0.0,0.0,0.0,0.0,0.0,0,90,0,0.02,0,0,0,0,0,0,0
1780641951.674,0,0,0,0,0,96.27,52.74,0.0,0.0,0.0,0.0,0.0,0,90,0,0.02,0,0,0,0,0,0,0
1780641951.691,0,0,0,0,0,96.31,52.71,0.0,0.0,0.0,0.0,0.0,0,90,0,0.02,0,0,0,0,0,0,0
1780641951.713,0,0,0,0,0,96.36,52.7,0.0,0.0,0.0,0.0,0.0,0,90,0,0.02,0,0,0,0,0,0,0
1780641951.733,0,0,0,0,0,96.41,52.7,0.0,0.0,0.0,0.0,0.0,0,90,0,0.02,0,0,0,0,0,0,0
1780641951.756,0,0,0,0,0,96.46,52.72,0.0,0.0,0.0,0.0,0.0,0,90,0,0.02,0,0,0,0,0,0,0
1780641951.776,0,0,0,0,0,96.5,52.74,0.0,0.0,0.0,0.0,0.0,0,90,0,0.02,0,0,0,0,0,0,0
1780641951.8,0,0,0,0,0,96.5,52.77,0.0,0.0,0.0,0.0,0.0,0,90,0,0.03,0,0,0,0,0,0,0
1780641951.819,0,0,0,0,0,96.48,52.8,0.0,0.0,0.0,0.0,0.0,0,90,0,0.03,0,0,0,0,0,0,0
1780641951.842,0,0,0,0,0,96.44,52.81,0.0,0.0,0.0,0.0,0.0,0,90,0,0.03,0,0,0,0,0,0,0
1780641951.862,0,0,0,0,0,96.39,52.81,0.0,0.0,0.0,0.0,0.0,0,90,0,0.03,0,0,0,0,0,0,0
1780641951.885,0,0,0,0,0,96.34,52.79,0.0,0.0,0.0,0.0,0.0,0,90,0,0.03,0,0,0,0,0,0,0
1780641951.906,0,0,0,0,0,96.28,52.77,0.0,0.0,0.0,0.0,0.0,0,90,0,0.03,0,0,0,0,0,0,0
1780641951.929,0,0,0,0,0,96.22,52.76,0.0,0.0,0.0,0.0,0.0,0,90,0,0.03,0,0,0,0,0,0,0
1780641951.948,0,0,0,0,0,96.19,52.76,0.0,0.0,0.0,0.0,0.0,0,90,0,0.03,0,0,0,0,0,0,0
1780641951.973,0,0,0,0,0,96.17,52.78,0.0,0.0,0.0,0.0,0.0,0,90,0,0.03,0,0,0,0,0,0,0
1780641951.991,0,0,0,0,0,96.17,52.79,0.0,0.0,0.0,0.0,0.0,0,90,0,0.03,0,0,0,0,0,0,0
1780641952.014,0,0,0,0,0,96.17,52.8,0.0,0.0,0.0,0.0,0.0,0,90,0,0.03,0,0,0,0,0,0,0
1780641952.033,0,0,0,0,0,96.15,52.81,0.0,0.0,0.0,0.0,0.0,0,90,0,0.03,0,0,0,0,0,0,0
1780641952.058,0,0,0,0,0,96.13,52.81,0.0,0.0,0.0,0.0,0.0,0,90,0,0.03,0,0,0,0,0,0,0
1780641952.076,0,0,0,0,0,96.14,52.8,0.0,0.0,0.0,0.0,0.0,0,90,0,0.03,0,0,0,0,0,0,0
1780641952.101,0,0,0,0,0,96.17,52.79,0.0,0.0,0.0,0.0,0.0,0,90,0,0.03,0,0,0,0,0,0,0
1780641952.12,0,0,0,0,0,96.2,52.79,0.0,0.0,0.0,0.0,0.0,0,90,0,0.03,0,0,0,0,0,0,0
1780641952.144,0,0,0,0,0,96.21,52.8,0.0,0.0,0.0,0.0,0.0,0,90,0,0.03,0,0,0,0,0,0,0
1780641952.163,0,0,0,0,0,96.21,52.83,0.0,0.0,0.0,0.0,0.0,0,90,0,0.03,0,0,0,0,0,0,0
1780641952.186,0,0,0,0,0,96.19,52.87,0.0,0.0,0.0,0.0,0.0,0,90,0,0.03,0,0,0,0,0,0,0
1780641952.206,0,0,0,0,0,96.16,52.88,0.0,0.0,0.0,0.0,0.0,0,90,0,0.03,0,0,0,0,0,0,0
1780641952.23,0,0,0,0,0,96.11,52.88,0.0,0.0,0.0,0.0,0.0,0,90,0,0.03,0,0,0,0,0,0,0
1780641952.249,0,0,0,0,0,96.05,52.88,0.0,0.0,0.0,0.0,0.0,0,90,0,0.03,0,0,0,0,0,0,0
1780641952.273,0,0,0,0,0,95.99,52.87,0.0,0.0,0.0,0.0,0.0,0,90,0,0.02,0,0,0,0,0,0,0
1780641952.292,0,0,0,0,0,95.95,52.86,0.0,0.0,0.0,0.0,0.0,0,90,0,0.02,0,0,0,0,0,0,0
1780641952.315,0,0,0,0,0,95.91,52.86,0.0,0.0,0.0,0.0,0.0,0,90,0,0.02,0,0,0,0,0,0,0
1780641952.335,0,0,0,0,0,95.88,52.85,0.0,0.0,0.0,0.0,0.0,0,90,0,0.02,0,0,0,0,0,0,0
1780641952.358,0,0,0,0,0,95.87,52.84,0.0,0.0,0.0,0.0,0.0,0,90,0,0.02,0,0,0,0,0,0,0
1780641952.378,0,0,0,0,0,95.88,52.82,0.0,0.0,0.0,0.0,0.0,0,90,0,0.02,0,0,0,0,0,0,0
1780641952.401,0,0,0,0,0,95.89,52.8,0.0,0.0,0.0,0.0,0.0,0,90,0,0.03,0,0,0,0,0,0,0
1780641952.421,0,0,0,0,0,95.9,52.77,0.0,0.0,0.0,0.0,0.0,0,90,0,0.03,0,0,0,0,0,0,0
1780641952.444,0,0,0,0,0,95.89,52.75,0.0,0.0,0.0,0.0,0.0,0,90,0,0.03,0,0,0,0,0,0,0
1780641952.463,0,0,0,0,0,95.87,52.74,0.0,0.0,0.0,0.0,0.0,0,90,0,0.03,0,0,0,0,0,0,0
1780641952.486,0,0,0,0,0,95.84,52.72,0.0,0.0,0.0,0.0,0.0,0,90,0,0.03,0,0,0,0,0,0,0
1780641952.506,0,0,0,0,0,95.82,52.7,0.0,0.0,0.0,0.0,0.0,0,90,0,0.04,0,0,0,0,0,0,0
1780641952.529,0,0,0,0,0,95.79,52.7,0.0,0.0,0.0,0.0,0.0,0,90,0,0.04,0,0,0,0,0,0,0
1780641952.55,0,0,0,0,0,95.78,52.71,0.0,0.0,0.0,0.0,0.0,0,90,0,0.04,0,0,0,0,0,0,0
1780641952.573,0,0,0,0,0,95.78,52.73,0.0,0.0,0.0,0.0,0.0,0,90,0,0.04,0,0,0,0,0,0,0
1780641952.592,0,0,0,0,0,95.78,52.74,0.0,0.0,0.0,0.0,0.0,0,90,0,0.05,0,0,0,0,0,0,0
1780641952.617,0,0,0,0,0,95.78,52.76,0.0,0.0,0.0,0.0,0.0,0,90,0,0.05,0,0,0,0,0,0,0
1780641952.635,0,0,0,0,0,95.79,52.79,0.0,0.0,0.0,0.0,0.0,0,90,0,0.05,0,0,0,0,0,0,0
1780641952.659,0,0,0,0,0,95.79,52.82,0.0,0.0,0.0,0.0,0.0,0,90,0,0.05,0,0,0,0,0,0,0
1780641952.678,0,0,0,0,0,95.8,52.81,0.0,0.0,0.0,0.0,0.0,0,90,0,0.05,0,0,0,0,0,0,0
1780641952.7,0,0,0,0,0,95.81,52.79,0.0,0.0,0.0,0.0,0.0,0,90,0,0.05,0,0,0,0,0,0,0
1780641952.721,0,0,0,0,0,95.82,52.79,0.0,0.0,0.0,0.0,0.0,0,90,0,0.05,0,0,0,0,0,0,0
1780641952.743,0,0,0,0,0,95.82,52.79,0.0,0.0,0.0,0.0,0.0,0,90,0,0.05,0,0,0,0,0,0,0
1780641952.764,0,0,0,0,0,95.83,52.8,0.0,0.0,0.0,0.0,0.0,0,90,0,0.05,0,0,0,0,0,0,0
1780641952.788,0,0,0,0,0,95.84,52.83,0.0,0.0,0.0,0.0,0.0,0,90,0,0.05,0,0,0,0,0,0,0
1780641952.807,0,0,0,0,0,95.88,52.85,0.0,0.0,0.0,0.0,0.0,0,90,0,0.05,0,0,0,0,0,0,0
1780641952.831,0,0,0,0,0,95.91,52.88,0.0,0.0,0.0,0.0,0.0,0,90,0,0.05,0,0,0,0,0,0,0
1780641952.849,0,0,0,0,0,95.92,52.9,0.0,0.0,0.0,0.0,0.0,0,90,0,0.04,0,0,0,0,0,0,0
1780641952.873,0,0,0,0,0,95.94,52.92,0.0,0.0,0.0,0.0,0.0,0,90,0,0.04,0,0,0,0,0,0,0
1780641952.893,0,0,0,0,0,95.96,52.94,0.0,0.0,0.0,0.0,0.0,0,90,0,0.03,0,0,0,0,0,0,0
1780641952.915,0,0,0,0,0,95.99,52.95,0.0,0.0,0.0,0.0,0.0,0,90,0,0.03,0,0,0,0,0,0,0
1780641952.935,0,0,0,0,0,96.03,52.95,0.0,0.0,0.0,0.0,0.0,0,90,0,0.03,0,0,0,0,0,0,0
1780641952.96,0,0,0,0,0,96.07,52.95,0.0,0.0,0.0,0.0,0.0,0,90,0,0.02,0,0,0,0,0,0,0
1780641952.978,0,0,0,0,0,96.11,52.97,0.0,0.0,0.0,0.0,0.0,0,90,0,0.02,0,0,0,0,0,0,0
1780641953.0,0,0,0,0,0,96.15,52.98,0.0,0.0,0.0,0.0,0.0,0,90,0,0.02,0,0,0,0,0,0,0
1780641953.021,0,0,0,0,0,96.17,52.98,0.0,0.0,0.0,0.0,0.0,0,90,0,0.02,0,0,0,0,0,0,0
1780641953.044,0,0,0,0,0,96.17,52.97,0.0,0.0,0.0,0.0,0.0,0,90,0,0.02,0,0,0,0,0,0,0
1780641953.063,0,0,0,0,0,96.15,52.95,0.0,0.0,0.0,0.0,0.0,0,90,0,0.02,0,0,0,0,0,0,0
1780641953.088,0,0,0,0,0,96.13,52.94,0.0,0.0,0.0,0.0,0.0,0,90,0,0.02,0,0,0,0,0,0,0
1780641953.108,0,0,0,0,0,96.13,52.93,0.0,0.0,0.0,0.0,0.0,0,90,0,0.02,0,0,0,0,0,0,0
1780641953.133,0,0,0,0,0,96.14,52.93,0.0,0.0,0.0,0.0,0.0,0,90,0,0.02,0,0,0,0,0,0,0
1780641953.151,0,0,0,0,0,96.15,52.93,0.0,0.0,0.0,0.0,0.0,0,90,0,0.02,0,0,0,0,0,0,0
1780641953.174,0,0,0,0,0,96.16,52.91,0.0,0.0,0.0,0.0,0.0,0,90,0,0.02,0,0,0,0,0,0,0
1780641953.193,0,0,0,0,0,96.15,52.89,0.0,0.0,0.0,0.0,0.0,0,90,0,0.02,0,0,0,0,0,0,0
1780641953.216,0,0,0,0,0,96.14,52.86,0.0,0.0,0.0,0.0,0.0,0,90,0,0.02,0,0,0,0,0,0,0
1780641953.236,0,0,0,0,0,96.12,52.85,0.0,0.0,0.0,0.0,0.0,0,90,0,0.02,0,0,0,0,0,0,0
1780641953.261,0,0,0,0,0,96.1,52.83,0.0,0.0,0.0,0.0,0.0,0,90,0,0.02,0,0,0,0,0,0,0
1780641953.281,0,0,0,0,0,96.11,52.8,0.0,0.0,0.0,0.0,0.0,0,90,0,0.02,0,0,0,0,0,0,0
1780641953.304,0,0,0,0,0,96.12,52.76,0.0,0.0,0.0,0.0,0.0,0,90,0,0.02,0,0,0,0,0,0,0
1780641953.323,0,0,0,0,0,96.12,52.73,0.0,0.0,0.0,0.0,0.0,0,90,0,0.02,0,0,0,0,0,0,0
1780641953.345,0,0,0,0,0,96.11,52.73,0.0,0.0,0.0,0.0,0.0,0,90,0,0.02,0,0,0,0,0,0,0
1780641953.365,0,0,0,0,0,96.09,52.75,0.0,0.0,0.0,0.0,0.0,0,90,0,0.02,0,0,0,0,0,0,0
1780641953.389,0,0,0,0,0,96.07,52.78,0.0,0.0,0.0,0.0,0.0,0,90,0,0.02,0,0,0,0,0,0,0
1780641953.408,0,0,0,0,0,96.07,52.8,0.0,0.0,0.0,0.0,0.0,0,90,0,0.02,0,0,0,0,0,0,0
1780641953.432,0,0,0,0,0,96.09,52.81,0.0,0.0,0.0,0.0,0.0,0,90,0,0.02,0,0,0,0,0,0,0
1780641953.452,0,0,0,0,0,96.14,52.83,0.0,0.0,0.0,0.0,0.0,0,90,0,0.02,0,0,0,0,0,0,0
1780641953.474,0,0,0,0,0,96.2,52.86,0.0,0.0,0.0,0.0,0.0,0,90,0,0.02,0,0,0,0,0,0,0
1780641953.494,0,0,0,0,0,96.24,52.87,0.0,0.0,0.0,0.0,0.0,0,90,0,0.02,0,0,0,0,0,0,0
1780641953.519,0,0,0,0,0,96.28,52.87,0.0,0.0,0.0,0.0,0.0,0,90,0,0.02,0,0,0,0,0,0,0
1780641953.538,0,0,0,0,0,96.31,52.86,0.0,0.0,0.0,0.0,0.0,0,90,0,0.03,0,0,0,0,0,0,0
1780641953.561,0,0,0,0,0,96.33,52.85,0.0,0.0,0.0,0.0,0.0,0,90,0,0.03,0,0,0,0,0,0,0
1780641953.581,0,0,0,0,0,96.32,52.83,0.0,0.0,0.0,0.0,0.0,0,90,0,0.03,0,0,0,0,0,0,0
1780641953.603,0,0,0,0,0,96.31,52.81,0.0,0.0,0.0,0.0,0.0,0,90,0,0.03,0,0,0,0,0,0,0
1780641953.623,0,0,0,0,0,96.32,52.79,0.0,0.0,0.0,0.0,0.0,0,90,0,0.03,0,0,0,0,0,0,0
1780641953.646,0,0,0,0,0,96.33,52.79,0.0,0.0,0.0,0.0,0.0,0,90,0,0.03,0,0,0,0,0,0,0
1780641953.666,0,0,0,0,0,96.32,52.78,0.0,0.0,0.0,0.0,0.0,0,90,0,0.03,0,0,0,0,0,0,0
1780641953.69,0,0,0,0,0,96.31,52.78,0.0,0.0,0.0,0.0,0.0,0,90,0,0.03,0,0,0,0,0,0,0
1780641953.71,0,0,0,0,0,96.29,52.79,0.0,0.0,0.0,0.0,0.0,0,90,0,0.03,0,0,0,0,0,0,0
1780641953.738,0,0,0,0,0,96.28,52.79,0.0,0.0,0.0,0.0,0.0,0,90,0,0.02,0,0,0,0,0,0,0
1780641953.753,0,0,0,0,0,96.26,52.78,0.0,0.0,0.0,0.0,0.0,0,90,0,0.02,0,0,0,0,0,0,0
1780641953.777,0,0,0,0,0,96.25,52.78,0.0,0.0,0.0,0.0,0.0,0,90,0,0.02,0,0,0,0,0,0,0
1780641953.796,0,0,0,0,0,96.24,52.78,0.0,0.0,0.0,0.0,0.0,0,90,0,0.02,0,0,0,0,0,0,0
1780641953.819,0,0,0,0,0,96.25,52.77,0.0,0.0,0.0,0.0,0.0,0,90,0,0.02,0,0,0,0,0,0,0
1780641953.843,0,0,0,0,0,96.25,52.77,0.0,0.0,0.0,0.0,0.0,0,90,0,0.02,0,0,0,0,0,0,0
1780641953.863,0,0,0,0,0,96.27,52.76,0.0,0.0,0.0,0.0,0.0,0,90,0,0.01,0,0,0,0,0,0,0
1780641953.886,0,0,0,0,0,96.28,52.75,0.0,0.0,0.0,0.0,0.0,0,90,0,0.01,0,0,0,0,0,0,0
1780641953.905,0,0,0,0,0,96.29,52.73,0.0,0.0,0.0,0.0,0.0,0,90,0,0.01,0,0,0,0,0,0,0
1780641953.93,0,0,0,0,0,96.29,52.69,0.0,0.0,0.0,0.0,0.0,0,90,0,0.01,0,0,0,0,0,0,0
1780641953.956,0,0,0,0,0,96.28,52.65,0.0,0.0,0.0,0.0,0.0,0,90,0,0.01,0,0,0,0,0,0,0
1780641953.972,0,0,0,0,0,96.28,52.61,0.0,0.0,0.0,0.0,0.0,0,90,0,0.01,0,0,0,0,0,0,0
1780641953.992,0,0,0,0,0,96.3,52.58,0.0,0.0,0.0,0.0,0.0,0,90,0,0.01,0,0,0,0,0,0,0
1780641954.015,0,0,0,0,0,96.32,52.59,0.0,0.0,0.0,0.0,0.0,0,90,0,0.01,0,0,0,0,0,0,0
1780641954.037,0,0,0,0,0,96.34,52.61,0.0,0.0,0.0,0.0,0.0,0,90,0,0.01,0,0,0,0,0,0,0
1780641954.059,0,0,0,0,0,96.33,52.64,0.0,0.0,0.0,0.0,0.0,0,90,0,0.01,0,0,0,0,0,0,0
1780641954.078,0,0,0,0,0,96.29,52.67,0.0,0.0,0.0,0.0,0.0,0,90,0,0.01,0,0,0,0,0,0,0
1780641954.102,0,0,0,0,0,96.25,52.69,0.0,0.0,0.0,0.0,0.0,0,90,0,0.01,0,0,0,0,0,0,0
1780641954.121,0,0,0,0,0,96.22,52.71,0.0,0.0,0.0,0.0,0.0,0,90,0,0.01,0,0,0,0,0,0,0
1780641954.145,0,0,0,0,0,96.19,52.71,0.0,0.0,0.0,0.0,0.0,0,90,0,0.01,0,0,0,0,0,0,0
1780641954.165,0,0,0,0,0,96.18,52.7,0.0,0.0,0.0,0.0,0.0,0,90,0,0.01,0,0,0,0,0,0,0
1780641954.187,0,0,0,0,0,96.17,52.69,0.0,0.0,0.0,0.0,0.0,0,90,0,0.01,0,0,0,0,0,0,0
1780641954.207,0,0,0,0,0,96.17,52.69,0.0,0.0,0.0,0.0,0.0,0,90,0,0.01,0,0,0,0,0,0,0
1780641954.23,0,0,0,0,0,96.18,52.71,0.0,0.0,0.0,0.0,0.0,0,90,0,0.01,0,0,0,0,0,0,0
1780641954.251,0,0,0,0,0,96.2,52.74,0.0,0.0,0.0,0.0,0.0,0,90,0,0.01,0,0,0,0,0,0,0
1780641954.274,0,0,0,0,0,96.22,52.74,0.0,0.0,0.0,0.0,0.0,0,90,0,0.01,0,0,0,0,0,0,0
1780641954.292,0,0,0,0,0,96.25,52.74,0.0,0.0,0.0,0.0,0.0,0,90,0,0.01,0,0,0,0,0,0,0
1780641954.316,0,0,0,0,0,96.27,52.72,0.0,0.0,0.0,0.0,0.0,0,90,0,0.01,0,0,0,0,0,0,0
1780641954.336,0,0,0,0,0,96.28,52.7,0.0,0.0,0.0,0.0,0.0,0,90,0,0.01,0,0,0,0,0,0,0
1780641954.36,0,0,0,0,0,96.28,52.68,0.0,0.0,0.0,0.0,0.0,0,90,0,0.01,0,0,0,0,0,0,0
1780641954.38,0,0,0,0,0,96.27,52.65,0.0,0.0,0.0,0.0,0.0,0,90,0,0.01,0,0,0,0,0,0,0
1780641954.402,0,0,0,0,0,96.26,52.63,0.0,0.0,0.0,0.0,0.0,0,90,0,0.01,0,0,0,0,0,0,0
1780641954.422,0,0,0,0,0,96.26,52.61,0.0,0.0,0.0,0.0,0.0,0,90,0,0.01,0,0,0,0,0,0,0
1780641954.446,0,0,0,0,0,96.26,52.61,0.0,0.0,0.0,0.0,0.0,0,90,0,0.01,0,0,0,0,0,0,0
1780641954.466,0,0,0,0,0,96.26,52.64,0.0,0.0,0.0,0.0,0.0,0,90,0,0.01,0,0,0,0,0,0,0
1780641954.489,0,0,0,0,0,96.26,52.65,0.0,0.0,0.0,0.0,0.0,0,90,0,0.01,0,0,0,0,0,0,0
1780641954.508,0,0,0,0,0,96.25,52.66,0.0,0.0,0.0,0.0,0.0,0,90,0,0.01,0,0,0,0,0,0,0
1780641954.532,0,0,0,0,0,96.24,52.65,0.0,0.0,0.0,0.0,0.0,0,90,0,0.01,0,0,0,0,0,0,0
1780641954.551,0,0,0,0,0,96.23,52.66,0.0,0.0,0.0,0.0,0.0,0,90,0,0.01,0,0,0,0,0,0,0
1780641954.571,0,0,0,0,0,96.21,52.69,0.0,0.0,0.0,0.0,0.0,0,90,0,0.01,0,0,0,0,0,0,0
1780641954.591,0,0,0,0,0,96.19,52.71,0.0,0.0,0.0,0.0,0.0,0,90,0,0.0,0,0,0,0,0,0,0
1780641954.614,0,0,0,0,0,96.18,52.72,0.0,0.0,0.0,0.0,0.0,0,90,0,0.0,0,0,0,0,0,0,0
1780641954.634,0,0,0,0,0,96.18,52.71,0.0,0.0,0.0,0.0,0.0,0,90,0,0.0,0,0,0,0,0,0,0
1780641954.656,0,0,0,0,0,96.19,52.69,0.0,0.0,0.0,0.0,0.0,0,90,0,0.0,0,0,0,0,0,0,0
1780641954.677,0,0,0,0,0,96.2,52.67,0.0,0.0,0.0,0.0,0.0,0,90,0,0.0,0,0,0,0,0,0,0
1780641954.702,0,0,0,0,0,96.21,52.67,0.0,0.0,0.0,0.0,0.0,0,90,0,0.0,0,0,0,0,0,0,0
1780641954.72,0,0,0,0,0,96.22,52.67,0.0,0.0,0.0,0.0,0.0,0,90,0,0.0,0,0,0,0,0,0,0
1780641954.744,0,0,0,0,0,96.24,52.67,0.0,0.0,0.0,0.0,0.0,0,90,0,0.0,0,0,0,0,0,0,0
1780641954.762,0,0,0,0,0,96.25,52.66,0.0,0.0,0.0,0.0,0.0,0,90,0,0.0,0,0,0,0,0,0,0
1780641954.786,0,0,0,0,0,96.27,52.66,0.0,0.0,0.0,0.0,0.0,0,90,0,0.0,0,0,0,0,0,0,0
1780641954.807,0,0,0,0,0,96.28,52.68,0.0,0.0,0.0,0.0,0.0,0,90,0,0.0,0,0,0,0,0,0,0
1780641954.83,0,0,0,0,0,96.3,52.7,0.0,0.0,0.0,0.0,0.0,0,90,0,0.0,0,0,0,0,0,0,0
1780641954.848,0,0,0,0,0,96.33,52.7,0.0,0.0,0.0,0.0,0.0,0,90,0,0.0,0,0,0,0,0,0,0
1780641954.873,0,0,0,0,0,96.36,52.69,0.0,0.0,0.0,0.0,0.0,0,90,0,0.0,0,0,0,0,0,0,0
1780641954.892,0,0,0,0,0,96.41,52.68,0.0,0.0,0.0,0.0,0.0,0,90,0,0.0,0,0,0,0,0,0,0
1780641954.915,0,0,0,0,0,96.46,52.67,0.0,0.0,0.0,0.0,0.0,0,90,0,0.0,0,0,0,0,0,0,0
1780641954.933,0,0,0,0,0,96.52,52.65,0.0,0.0,0.0,0.0,0.0,0,90,0,0.0,0,0,0,0,0,0,0
1780641954.958,0,0,0,0,0,96.56,52.64,0.0,0.0,0.0,0.0,0.0,0,90,0,0.01,0,0,0,0,0,0,0
1780641954.977,0,0,0,0,0,96.59,52.65,0.0,0.0,0.0,0.0,0.0,0,90,0,0.01,0,0,0,0,0,0,0
1780641955.001,0,0,0,0,0,96.62,52.66,0.0,0.0,0.0,0.0,0.0,0,90,0,0.01,0,0,0,0,0,0,0
1780641955.021,0,0,0,0,0,96.64,52.66,0.0,0.0,0.0,0.0,0.0,0,90,0,0.01,0,0,0,0,0,0,0
1780641955.046,0,0,0,0,0,96.63,52.67,0.0,0.0,0.0,0.0,0.0,0,90,0,0.02,0,0,0,0,0,0,0
1780641955.063,0,0,0,0,0,96.62,52.69,0.0,0.0,0.0,0.0,0.0,0,90,0,0.02,0,0,0,0,0,0,0
1780641955.087,0,0,0,0,0,96.6,52.71,0.0,0.0,0.0,0.0,0.0,0,90,0,0.02,0,0,0,0,0,0,0
1780641955.106,0,0,0,0,0,96.58,52.73,0.0,0.0,0.0,0.0,0.0,0,90,0,0.02,0,0,0,0,0,0,0
1780641955.129,0,0,0,0,0,96.54,52.76,0.0,0.0,0.0,0.0,0.0,0,90,0,0.02,0,0,0,0,0,0,0
1780641955.149,0,0,0,0,0,96.51,52.78,0.0,0.0,0.0,0.0,0.0,0,90,0,0.02,0,0,0,0,0,0,0
1780641955.172,0,0,0,0,0,96.51,52.8,0.0,0.0,0.0,0.0,0.0,0,90,0,0.02,0,0,0,0,0,0,0
1780641955.193,0,0,0,0,0,96.54,52.82,0.0,0.0,0.0,0.0,0.0,0,90,0,0.02,0,0,0,0,0,0,0
1780641955.215,0,0,0,0,0,96.59,52.83,0.0,0.0,0.0,0.0,0.0,0,90,0,0.02,0,0,0,0,0,0,0
1780641955.237,0,0,0,0,0,96.63,52.83,0.0,0.0,0.0,0.0,0.0,0,90,0,0.03,0,0,0,0,0,0,0
1780641955.259,0,0,0,0,0,96.66,52.82,0.0,0.0,0.0,0.0,0.0,0,90,0,0.03,0,0,0,0,0,0,0
1780641955.278,0,0,0,0,0,96.68,52.82,0.0,0.0,0.0,0.0,0.0,0,90,0,0.03,0,0,0,0,0,0,0
1780641955.302,0,0,0,0,0,96.69,52.8,0.0,0.0,0.0,0.0,0.0,0,90,0,0.03,0,0,0,0,0,0,0
1780641955.32,0,0,0,0,0,96.7,52.79,0.0,0.0,0.0,0.0,0.0,0,90,0,0.03,0,0,0,0,0,0,0
1780641955.346,0,0,0,0,0,96.69,52.79,0.0,0.0,0.0,0.0,0.0,0,90,0,0.03,0,0,0,0,0,0,0
1780641955.363,0,0,0,0,0,96.7,52.8,0.0,0.0,0.0,0.0,0.0,0,90,0,0.03,0,0,0,0,0,0,0
1780641955.388,0,0,0,0,0,96.71,52.8,0.0,0.0,0.0,0.0,0.0,0,90,0,0.03,0,0,0,0,0,0,0
1780641955.407,0,0,0,0,0,96.75,52.8,0.0,0.0,0.0,0.0,0.0,0,90,0,0.04,0,0,0,0,0,0,0
1780641955.431,0,0,0,0,0,96.78,52.79,0.0,0.0,0.0,0.0,0.0,0,90,0,0.04,0,0,0,0,0,0,0
1780641955.45,0,0,0,0,0,96.78,52.78,0.0,0.0,0.0,0.0,0.0,0,90,0,0.04,0,0,0,0,0,0,0
1780641955.473,0,0,0,0,0,96.75,52.77,0.0,0.0,0.0,0.0,0.0,0,90,0,0.04,0,0,0,0,0,0,0
1780641955.493,0,0,0,0,0,96.69,52.77,0.0,0.0,0.0,0.0,0.0,0,90,0,0.04,0,0,0,0,0,0,0
1780641955.517,0,0,0,0,0,96.62,52.77,0.0,0.0,0.0,0.0,0.0,0,90,0,0.04,0,0,0,0,0,0,0
1780641955.536,0,0,0,0,0,96.54,52.77,0.0,0.0,0.0,0.0,0.0,0,90,0,0.04,0,0,0,0,0,0,0
1780641955.56,0,0,0,0,0,96.49,52.77,0.0,0.0,0.0,0.0,0.0,0,90,0,0.04,0,0,0,0,0,0,0
1780641955.583,0,0,0,0,0,96.47,52.76,0.0,0.0,0.0,0.0,0.0,0,90,0,0.04,0,0,0,0,0,0,0
1780641955.606,0,0,0,0,0,96.48,52.74,0.0,0.0,0.0,0.0,0.0,0,90,0,0.04,0,0,0,0,0,0,0
1780641955.625,0,0,0,0,0,96.49,52.71,0.0,0.0,0.0,0.0,0.0,0,90,0,0.04,0,0,0,0,0,0,0
1780641955.648,0,0,0,0,0,96.49,52.7,0.0,0.0,0.0,0.0,0.0,0,90,0,0.03,0,0,0,0,0,0,0
1780641955.667,0,0,0,0,0,96.49,52.69,0.0,0.0,0.0,0.0,0.0,0,90,0,0.03,0,0,0,0,0,0,0
1780641955.691,0,0,0,0,0,96.48,52.67,0.0,0.0,0.0,0.0,0.0,0,90,0,0.03,0,0,0,0,0,0,0
1780641955.711,0,0,0,0,0,96.47,52.66,0.0,0.0,0.0,0.0,0.0,0,90,0,0.03,0,0,0,0,0,0,0
1780641955.735,0,0,0,0,0,96.44,52.67,0.0,0.0,0.0,0.0,0.0,0,90,0,0.03,0,0,0,0,0,0,0
1780641955.754,0,0,0,0,0,96.43,52.69,0.0,0.0,0.0,0.0,0.0,0,90,0,0.02,0,0,0,0,0,0,0
1780641955.778,0,0,0,0,0,96.42,52.71,0.0,0.0,0.0,0.0,0.0,0,90,0,0.02,0,0,0,0,0,0,0
1780641955.801,0,0,0,0,0,96.42,52.73,0.0,0.0,0.0,0.0,0.0,0,90,0,0.02,0,0,0,0,0,0,0
1780641955.824,0,0,0,0,0,96.43,52.75,0.0,0.0,0.0,0.0,0.0,0,90,0,0.02,0,0,0,0,0,0,0
1780641955.844,0,0,0,0,0,96.44,52.77,0.0,0.0,0.0,0.0,0.0,0,90,0,0.02,0,0,0,0,0,0,0
1780641955.868,0,0,0,0,0,96.45,52.8,0.0,0.0,0.0,0.0,0.0,0,90,0,0.02,0,0,0,0,0,0,0
1780641955.891,0,0,0,0,0,96.45,52.81,0.0,0.0,0.0,0.0,0.0,0,90,0,0.01,0,0,0,0,0,0,0
1780641955.91,0,0,0,0,0,96.45,52.82,0.0,0.0,0.0,0.0,0.0,0,90,0,0.01,0,0,0,0,0,0,0
1780641955.934,0,0,0,0,0,96.45,52.84,0.0,0.0,0.0,0.0,0.0,0,90,0,0.01,0,0,0,0,0,0,0
1780641955.953,0,0,0,0,0,96.46,52.86,0.0,0.0,0.0,0.0,0.0,0,90,0,0.01,0,0,0,0,0,0,0
1780641955.976,0,0,0,0,0,96.47,52.89,0.0,0.0,0.0,0.0,0.0,0,90,0,0.01,0,0,0,0,0,0,0
1780641955.997,0,0,0,0,0,96.47,52.92,0.0,0.0,0.0,0.0,0.0,0,90,0,0.01,0,0,0,0,0,0,0
1780641956.019,0,0,0,0,0,96.49,52.94,0.0,0.0,0.0,0.0,0.0,0,90,0,0.01,0,0,0,0,0,0,0
1780641956.039,0,0,0,0,0,96.5,52.96,0.0,0.0,0.0,0.0,0.0,0,90,0,0.01,0,0,0,0,0,0,0
1780641956.063,0,0,0,0,0,96.51,52.98,0.0,0.0,0.0,0.0,0.0,0,90,0,0.01,0,0,0,0,0,0,0
1780641956.081,0,0,0,0,0,96.52,52.97,0.0,0.0,0.0,0.0,0.0,0,90,0,0.01,0,0,0,0,0,0,0
1780641956.106,0,0,0,0,0,96.52,52.97,0.0,0.0,0.0,0.0,0.0,0,90,0,0.01,0,0,0,0,0,0,0
1780641956.125,0,0,0,0,0,96.52,52.97,0.0,0.0,0.0,0.0,0.0,0,90,0,0.01,0,0,0,0,0,0,0
1780641956.147,0,0,0,0,0,96.51,52.97,0.0,0.0,0.0,0.0,0.0,0,90,0,0.01,0,0,0,0,0,0,0
1780641956.167,0,0,0,0,0,96.51,52.96,0.0,0.0,0.0,0.0,0.0,0,90,0,0.01,0,0,0,0,0,0,0
1780641956.189,0,0,0,0,0,96.5,52.95,0.0,0.0,0.0,0.0,0.0,0,90,0,0.01,0,0,0,0,0,0,0
1780641956.209,0,0,0,0,0,96.49,52.95,0.0,0.0,0.0,0.0,0.0,0,90,0,0.01,0,0,0,0,0,0,0
1780641956.234,0,0,0,0,0,96.49,52.95,0.0,0.0,0.0,0.0,0.0,0,90,0,0.01,0,0,0,0,0,0,0
1780641956.257,0,0,0,0,0,96.48,52.95,0.0,0.0,0.0,0.0,0.0,0,90,0,0.01,0,0,0,0,0,0,0
1780641956.28,0,0,0,0,0,96.46,52.95,0.0,0.0,0.0,0.0,0.0,0,90,0,0.01,0,0,0,0,0,0,0
1780641956.3,0,0,0,0,0,96.44,52.96,0.0,0.0,0.0,0.0,0.0,0,90,0,0.01,0,0,0,0,0,0,0
1780641956.323,0,0,0,0,0,96.44,52.95,0.0,0.0,0.0,0.0,0.0,0,90,0,0.01,0,0,0,0,0,0,0
1780641956.342,0,0,0,0,0,96.43,52.94,0.0,0.0,0.0,0.0,0.0,0,90,0,0.01,0,0,0,0,0,0,0
1780641956.366,0,0,0,0,0,96.43,52.94,0.0,0.0,0.0,0.0,0.0,0,90,0,0.01,0,0,0,0,0,0,0
1780641956.385,0,0,0,0,0,96.43,52.95,0.0,0.0,0.0,0.0,0.0,0,90,0,0.01,0,0,0,0,0,0,0
1780641956.409,0,0,0,0,0,96.45,52.96,0.0,0.0,0.0,0.0,0.0,0,90,0,0.01,0,0,0,0,0,0,0
1780641956.427,0,0,0,0,0,96.48,52.96,0.0,0.0,0.0,0.0,0.0,0,90,0,0.01,0,0,0,0,0,0,0
1780641956.452,0,0,0,0,0,96.51,52.97,0.0,0.0,0.0,0.0,0.0,0,90,0,0.01,0,0,0,0,0,0,0
1780641956.473,0,0,0,0,0,96.55,52.98,0.0,0.0,0.0,0.0,0.0,0,90,0,0.01,0,0,0,0,0,0,0
1780641956.499,0,0,0,0,0,96.58,52.98,0.0,0.0,0.0,0.0,0.0,0,90,0,0.01,0,0,0,0,0,0,0
1780641956.518,0,0,0,0,0,96.59,52.98,0.0,0.0,0.0,0.0,0.0,0,90,0,0.01,0,0,0,0,0,0,0
1780641956.545,0,0,0,0,0,96.59,52.98,0.0,0.0,0.0,0.0,0.0,0,90,0,0.01,0,0,0,0,0,0,0
1780641956.561,0,0,0,0,0,96.58,52.96,0.0,0.0,0.0,0.0,0.0,0,90,0,0.01,0,0,0,0,0,0,0
1780641956.583,0,0,0,0,0,96.57,52.95,0.0,0.0,0.0,0.0,0.0,0,90,0,0.01,0,0,0,0,0,0,0
1780641956.603,0,0,0,0,0,96.56,52.94,0.0,0.0,0.0,0.0,0.0,0,90,0,0.01,0,0,0,0,0,0,0
1780641956.627,0,0,0,0,0,96.54,52.95,0.0,0.0,0.0,0.0,0.0,0,90,0,0.01,0,0,0,0,0,0,0
1780641956.646,0,0,0,0,0,96.51,52.95,0.0,0.0,0.0,0.0,0.0,0,90,0,0.01,0,0,0,0,0,0,0
1780641956.67,0,0,0,0,0,96.5,52.94,0.0,0.0,0.0,0.0,0.0,0,90,0,0.01,0,0,0,0,0,0,0
1780641956.689,0,0,0,0,0,96.48,52.93,0.0,0.0,0.0,0.0,0.0,0,90,0,0.01,0,0,0,0,0,0,0
1780641956.712,0,0,0,0,0,96.46,52.95,0.0,0.0,0.0,0.0,0.0,0,90,0,0.01,0,0,0,0,0,0,0
1780641956.735,0,0,0,0,0,96.46,52.96,0.0,0.0,0.0,0.0,0.0,0,90,0,0.01,0,0,0,0,0,0,0
1780641956.761,0,0,0,0,0,96.48,52.97,0.0,0.0,0.0,0.0,0.0,0,90,0,0.01,0,0,0,0,0,0,0
1780641956.779,0,0,0,0,0,96.49,52.98,0.0,0.0,0.0,0.0,0.0,0,90,0,0.01,0,0,0,0,0,0,0
1780641956.803,0,0,0,0,0,96.51,52.99,0.0,0.0,0.0,0.0,0.0,0,90,0,0.01,0,0,0,0,0,0,0
1780641956.821,0,0,0,0,0,96.54,53.0,0.0,0.0,0.0,0.0,0.0,0,90,0,0.01,0,0,0,0,0,0,0
1780641956.845,0,0,0,0,0,96.56,52.99,0.0,0.0,0.0,0.0,0.0,0,90,0,0.01,0,0,0,0,0,0,0
1780641956.863,0,0,0,0,0,96.58,52.99,0.0,0.0,0.0,0.0,0.0,0,90,0,0.0,0,0,0,0,0,0,0
1780641956.888,0,0,0,0,0,96.58,52.98,0.0,0.0,0.0,0.0,0.0,0,90,0,0.0,0,0,0,0,0,0,0
1780641956.908,0,0,0,0,0,96.57,52.97,0.0,0.0,0.0,0.0,0.0,0,90,0,0.0,0,0,0,0,0,0,0
1780641956.931,0,0,0,0,0,96.57,52.96,0.0,0.0,0.0,0.0,0.0,0,90,0,0.0,0,0,0,0,0,0,0
1780641956.951,0,0,0,0,0,96.55,52.95,0.0,0.0,0.0,0.0,0.0,0,90,0,0.0,0,0,0,0,0,0,0
1780641956.975,0,0,0,0,0,96.53,52.92,0.0,0.0,0.0,0.0,0.0,0,90,0,0.0,0,0,0,0,0,0,0
1780641956.995,0,0,0,0,0,96.49,52.87,0.0,0.0,0.0,0.0,0.0,0,90,0,0.0,0,0,0,0,0,0,0
1780641957.016,0,0,0,0,0,96.45,52.82,0.0,0.0,0.0,0.0,0.0,0,90,0,0.0,0,0,0,0,0,0,0
1780641957.036,0,0,0,0,0,96.41,52.79,0.0,0.0,0.0,0.0,0.0,0,90,0,0.0,0,0,0,0,0,0,0
1780641957.059,0,0,0,0,0,96.39,52.77,0.0,0.0,0.0,0.0,0.0,0,90,0,0.0,0,0,0,0,0,0,0
1780641957.081,0,0,0,0,0,96.37,52.77,0.0,0.0,0.0,0.0,0.0,0,90,0,0.0,0,0,0,0,0,0,0
1780641957.104,0,0,0,0,0,96.37,52.77,0.0,0.0,0.0,0.0,0.0,0,90,0,0.0,0,0,0,0,0,0,0
1780641957.122,0,0,0,0,0,96.38,52.78,0.0,0.0,0.0,0.0,0.0,0,90,0,0.0,0,0,0,0,0,0,0
1780641957.146,0,0,0,0,0,96.4,52.79,0.0,0.0,0.0,0.0,0.0,0,90,0,0.0,0,0,0,0,0,0,0
1780641957.165,0,0,0,0,0,96.42,52.79,0.0,0.0,0.0,0.0,0.0,0,90,0,0.0,0,0,0,0,0,0,0
1780641957.189,0,0,0,0,0,96.44,52.79,0.0,0.0,0.0,0.0,0.0,0,90,0,0.0,0,0,0,0,0,0,0
1780641957.208,0,0,0,0,0,96.44,52.77,0.0,0.0,0.0,0.0,0.0,0,90,0,0.01,0,0,0,0,0,0,0
1780641957.232,0,0,0,0,0,96.44,52.75,0.0,0.0,0.0,0.0,0.0,0,90,0,0.01,0,0,0,0,0,0,0
1780641957.251,0,0,0,0,0,96.44,52.71,0.0,0.0,0.0,0.0,0.0,0,90,0,0.01,0,0,0,0,0,0,0
1780641957.275,0,0,0,0,0,96.43,52.68,0.0,0.0,0.0,0.0,0.0,0,90,0,0.01,0,0,0,0,0,0,0
1780641957.298,0,0,0,0,0,96.42,52.65,0.0,0.0,0.0,0.0,0.0,0,90,0,0.01,0,0,0,0,0,0,0
1780641957.317,0,0,0,0,0,96.43,52.62,0.0,0.0,0.0,0.0,0.0,0,90,0,0.01,0,0,0,0,0,0,0
1780641957.341,0,0,0,0,0,96.43,52.59,0.0,0.0,0.0,0.0,0.0,0,90,0,0.01,0,0,0,0,0,0,0
1780641957.362,0,0,0,0,0,96.42,52.56,0.0,0.0,0.0,0.0,0.0,0,90,0,0.01,0,0,0,0,0,0,0
1780641957.383,0,0,0,0,0,96.4,52.53,0.0,0.0,0.0,0.0,0.0,0,90,0,0.02,0,0,0,0,0,0,0
1780641957.404,0,0,0,0,0,96.39,52.51,0.0,0.0,0.0,0.0,0.0,0,90,0,0.02,0,0,0,0,0,0,0
1780641957.428,0,0,0,0,0,96.39,52.51,0.0,0.0,0.0,0.0,0.0,0,90,0,0.02,0,0,0,0,0,0,0
1780641957.445,0,0,0,0,0,96.4,52.52,0.0,0.0,0.0,0.0,0.0,0,90,0,0.02,0,0,0,0,0,0,0
1780641957.47,0,0,0,0,0,96.42,52.55,0.0,0.0,0.0,0.0,0.0,0,90,0,0.03,0,0,0,0,0,0,0
1780641957.49,0,0,0,0,0,96.44,52.57,0.0,0.0,0.0,0.0,0.0,0,90,0,0.03,0,0,0,0,0,0,0
1780641957.512,0,0,0,0,0,96.5,52.6,0.0,0.0,0.0,0.0,0.0,0,90,0,0.03,0,0,0,0,0,0,0
1780641957.532,0,0,0,0,0,96.59,52.64,0.0,0.0,0.0,0.0,0.0,0,90,0,0.03,0,0,0,0,0,0,0
1780641957.554,0,0,0,0,0,96.65,52.69,0.0,0.0,0.0,0.0,0.0,0,90,0,0.03,0,0,0,0,0,0,0
1780641957.576,0,0,0,0,0,96.7,52.74,0.0,0.0,0.0,0.0,0.0,0,90,0,0.03,0,0,0,0,0,0,0
1780641957.599,0,0,0,0,0,96.72,52.78,0.0,0.0,0.0,0.0,0.0,0,90,0,0.03,0,0,0,0,0,0,0
1780641957.621,0,0,0,0,0,96.73,52.8,0.0,0.0,0.0,0.0,0.0,0,90,0,0.02,0,0,0,0,0,0,0
1780641957.641,0,0,0,0,0,96.72,52.81,0.0,0.0,0.0,0.0,0.0,0,90,0,0.02,0,0,0,0,0,0,0
1780641957.662,0,0,0,0,0,96.7,52.8,0.0,0.0,0.0,0.0,0.0,0,90,0,0.02,0,0,0,0,0,0,0
1780641957.684,0,0,0,0,0,96.67,52.78,0.0,0.0,0.0,0.0,0.0,0,90,0,0.02,0,0,0,0,0,0,0
1780641957.704,0,0,0,0,0,96.64,52.77,0.0,0.0,0.0,0.0,0.0,0,90,0,0.02,0,0,0,0,0,0,0
1780641957.726,0,0,0,0,0,96.61,52.75,0.0,0.0,0.0,0.0,0.0,0,90,0,0.02,0,0,0,0,0,0,0
1780641957.746,0,0,0,0,0,96.59,52.74,0.0,0.0,0.0,0.0,0.0,0,90,0,0.02,0,0,0,0,0,0,0
1780641957.771,0,0,0,0,0,96.57,52.74,0.0,0.0,0.0,0.0,0.0,0,90,0,0.02,0,0,0,0,0,0,0
1780641957.789,0,0,0,0,0,96.56,52.75,0.0,0.0,0.0,0.0,0.0,0,90,0,0.02,0,0,0,0,0,0,0
1780641957.814,0,0,0,0,0,96.57,52.75,0.0,0.0,0.0,0.0,0.0,0,90,0,0.02,0,0,0,0,0,0,0
1780641957.834,0,0,0,0,0,96.6,52.75,0.0,0.0,0.0,0.0,0.0,0,90,0,0.02,0,0,0,0,0,0,0
1780641957.856,0,0,0,0,0,96.64,52.75,0.0,0.0,0.0,0.0,0.0,0,90,0,0.02,0,0,0,0,0,0,0
1780641957.876,0,0,0,0,0,96.66,52.76,0.0,0.0,0.0,0.0,0.0,0,90,0,0.02,0,0,0,0,0,0,0
1780641957.898,0,0,0,0,0,96.66,52.77,0.0,0.0,0.0,0.0,0.0,0,90,0,0.02,0,0,0,0,0,0,0
1780641957.92,0,0,0,0,0,96.64,52.78,0.0,0.0,0.0,0.0,0.0,0,90,0,0.01,0,0,0,0,0,0,0
1780641957.942,0,0,0,0,0,96.6,52.79,0.0,0.0,0.0,0.0,0.0,0,90,0,0.01,0,0,0,0,0,0,0
1780641957.962,0,0,0,0,0,96.54,52.78,0.0,0.0,0.0,0.0,0.0,0,90,0,0.01,0,0,0,0,0,0,0
1780641957.985,0,0,0,0,0,96.49,52.77,0.0,0.0,0.0,0.0,0.0,0,90,0,0.01,0,0,0,0,0,0,0
1780641958.005,0,0,0,0,0,96.44,52.77,0.0,0.0,0.0,0.0,0.0,0,90,0,0.01,0,0,0,0,0,0,0
1780641958.028,0,0,0,0,0,96.41,52.77,0.0,0.0,0.0,0.0,0.0,0,90,0,0.01,0,0,0,0,0,0,0
1780641958.049,0,0,0,0,0,96.4,52.77,0.0,0.0,0.0,0.0,0.0,0,90,0,0.01,0,0,0,0,0,0,0
1780641958.073,0,0,0,0,0,96.43,52.77,0.0,0.0,0.0,0.0,0.0,0,90,0,0.01,0,0,0,0,0,0,0
1780641958.091,0,0,0,0,0,96.46,52.77,0.0,0.0,0.0,0.0,0.0,0,90,0,0.01,0,0,0,0,0,0,0
1780641958.115,0,0,0,0,0,96.51,52.77,0.0,0.0,0.0,0.0,0.0,0,90,0,0.01,0,0,0,0,0,0,0
1780641958.135,0,0,0,0,0,96.55,52.77,0.0,0.0,0.0,0.0,0.0,0,90,0,0.01,0,0,0,0,0,0,0
1780641958.158,0,0,0,0,0,96.57,52.75,0.0,0.0,0.0,0.0,0.0,0,90,0,0.01,0,0,0,0,0,0,0
1780641958.176,0,0,0,0,0,96.57,52.74,0.0,0.0,0.0,0.0,0.0,0,90,0,0.01,0,0,0,0,0,0,0
1780641958.201,0,0,0,0,0,96.53,52.75,0.0,0.0,0.0,0.0,0.0,0,90,0,0.01,0,0,0,0,0,0,0
1780641958.219,0,0,0,0,0,96.49,52.78,0.0,0.0,0.0,0.0,0.0,0,90,0,0.01,0,0,0,0,0,0,0
1780641958.244,0,0,0,0,0,96.44,52.81,0.0,0.0,0.0,0.0,0.0,0,90,0,0.01,0,0,0,0,0,0,0
1780641958.264,0,0,0,0,0,96.43,52.81,0.0,0.0,0.0,0.0,0.0,0,90,0,0.01,0,0,0,0,0,0,0
1780641958.285,0,0,0,0,0,96.44,52.81,0.0,0.0,0.0,0.0,0.0,0,90,0,0.01,0,0,0,0,0,0,0
1780641958.306,0,0,0,0,0,96.45,52.81,0.0,0.0,0.0,0.0,0.0,0,90,0,0.01,0,0,0,0,0,0,0
1780641958.33,0,0,0,0,0,96.45,52.81,0.0,0.0,0.0,0.0,0.0,0,90,0,0.01,0,0,0,0,0,0,0
1780641958.349,0,0,0,0,0,96.45,52.79,0.0,0.0,0.0,0.0,0.0,0,90,0,0.01,0,0,0,0,0,0,0
1780641958.373,0,0,0,0,0,96.45,52.75,0.0,0.0,0.0,0.0,0.0,0,90,0,0.01,0,0,0,0,0,0,0
1780641958.392,0,0,0,0,0,96.43,52.71,0.0,0.0,0.0,0.0,0.0,0,90,0,0.01,0,0,0,0,0,0,0
1780641958.417,0,0,0,0,0,96.4,52.7,0.0,0.0,0.0,0.0,0.0,0,90,0,0.01,0,0,0,0,0,0,0
1780641958.436,0,0,0,0,0,96.39,52.71,0.0,0.0,0.0,0.0,0.0,0,90,0,0.01,0,0,0,0,0,0,0
1780641958.459,0,0,0,0,0,96.41,52.73,0.0,0.0,0.0,0.0,0.0,0,90,0,0.01,0,0,0,0,0,0,0
1780641958.478,0,0,0,0,0,96.46,52.75,0.0,0.0,0.0,0.0,0.0,0,90,0,0.01,0,0,0,0,0,0,0
1780641958.501,0,0,0,0,0,96.51,52.76,0.0,0.0,0.0,0.0,0.0,0,90,0,0.01,0,0,0,0,0,0,0
1780641958.52,0,0,0,0,0,96.55,52.77,0.0,0.0,0.0,0.0,0.0,0,90,0,0.01,0,0,0,0,0,0,0
1780641958.544,0,0,0,0,0,96.6,52.78,0.0,0.0,0.0,0.0,0.0,0,90,0,0.01,0,0,0,0,0,0,0
1780641958.564,0,0,0,0,0,96.65,52.78,0.0,0.0,0.0,0.0,0.0,0,90,0,0.01,0,0,0,0,0,0,0
1780641958.587,0,0,0,0,0,96.69,52.78,0.0,0.0,0.0,0.0,0.0,0,90,0,0.01,0,0,0,0,0,0,0
1780641958.607,0,0,0,0,0,96.72,52.76,0.0,0.0,0.0,0.0,0.0,0,90,0,0.01,0,0,0,0,0,0,0
1780641958.63,0,0,0,0,0,96.71,52.74,0.0,0.0,0.0,0.0,0.0,0,90,0,0.01,0,0,0,0,0,0,0
1780641958.65,0,0,0,0,0,96.67,52.73,0.0,0.0,0.0,0.0,0.0,0,90,0,0.01,0,0,0,0,0,0,0
1780641958.673,0,0,0,0,0,96.62,52.75,0.0,0.0,0.0,0.0,0.0,0,90,0,0.01,0,0,0,0,0,0,0
1780641958.693,0,0,0,0,0,96.58,52.78,0.0,0.0,0.0,0.0,0.0,0,90,0,0.01,0,0,0,0,0,0,0
1780641958.717,0,0,0,0,0,96.57,52.81,0.0,0.0,0.0,0.0,0.0,0,90,0,0.01,0,0,0,0,0,0,0
1780641958.735,0,0,0,0,0,96.57,52.83,0.0,0.0,0.0,0.0,0.0,0,90,0,0.01,0,0,0,0,0,0,0
1780641958.759,0,0,0,0,0,96.57,52.84,0.0,0.0,0.0,0.0,0.0,0,90,0,0.01,0,0,0,0,0,0,0
1780641958.779,0,0,0,0,0,96.57,52.85,0.0,0.0,0.0,0.0,0.0,0,90,0,0.01,0,0,0,0,0,0,0
1780641958.803,0,0,0,0,0,96.57,52.86,0.0,0.0,0.0,0.0,0.0,0,90,0,0.01,0,0,0,0,0,0,0
1780641958.822,0,0,0,0,0,96.57,52.87,0.0,0.0,0.0,0.0,0.0,0,90,0,0.01,0,0,0,0,0,0,0
1780641958.846,0,0,0,0,0,96.58,52.88,0.0,0.0,0.0,0.0,0.0,0,90,0,0.01,0,0,0,0,0,0,0
1780641958.864,0,0,0,0,0,96.59,52.88,0.0,0.0,0.0,0.0,0.0,0,90,0,0.01,0,0,0,0,0,0,0
1780641958.888,0,0,0,0,0,96.6,52.9,0.0,0.0,0.0,0.0,0.0,0,90,0,0.01,0,0,0,0,0,0,0
1780641958.908,0,0,0,0,0,96.6,52.93,0.0,0.0,0.0,0.0,0.0,0,90,0,0.01,0,0,0,0,0,0,0
1780641958.932,0,0,0,0,0,96.6,52.95,0.0,0.0,0.0,0.0,0.0,0,90,0,0.01,0,0,0,0,0,0,0
1780641958.951,0,0,0,0,0,96.6,52.96,0.0,0.0,0.0,0.0,0.0,0,90,0,0.01,0,0,0,0,0,0,0
1780641958.975,0,0,0,0,0,96.59,52.95,0.0,0.0,0.0,0.0,0.0,0,90,0,0.01,0,0,0,0,0,0,0
1780641958.994,0,0,0,0,0,96.58,52.93,0.0,0.0,0.0,0.0,0.0,0,90,0,0.01,0,0,0,0,0,1,0
1780641959.018,0,0,0,0,0,96.57,52.9,0.0,0.0,0.0,0.0,0.0,0,90,0,0.01,0,0,0,0,0,1,0
1780641959.037,0,0,0,0,0,96.57,52.86,0.0,0.0,0.0,0.0,0.0,0,90,0,0.01,0,0,0,0,0,1,0
1780641959.06,0,0,0,0,0,96.57,52.82,0.0,0.0,0.0,0.0,0.0,0,90,0,0.01,0,0,0,0,0,1,0
1780641959.08,0,0,0,0,0,96.56,52.78,0.0,0.0,0.0,0.0,0.0,0,90,0,0.01,0,0,0,0,0,1,0
1780641959.104,0,0,0,0,0,96.52,52.75,0.0,0.0,0.0,0.0,0.0,0,90,0,0.01,0,0,0,0,0,1,0
1780641959.122,0,0,0,0,0,96.47,52.74,0.0,0.0,0.0,0.0,0.0,0,90,0,0.01,0,0,0,0,0,1,0
1780641959.147,0,0,0,0,0,96.43,52.77,0.0,0.0,0.0,0.0,0.0,0,90,0,0.01,0,0,0,0,0,1,0
1780641959.165,0,0,0,0,0,96.41,52.81,0.0,0.0,0.0,0.0,0.0,0,90,0,0.01,0,0,0,0,0,1,0
1780641959.191,0,0,0,0,0,96.41,52.84,0.0,0.0,0.0,0.0,0.0,0,90,0,0.01,0,0,0,0,0,1,0
1780641959.209,0,0,0,0,0,96.41,52.84,0.0,0.0,0.0,0.0,0.0,0,90,0,0.01,0,0,0,0,0,1,0
1780641959.233,0,0,0,0,0,96.39,52.83,0.0,0.0,0.0,0.0,0.0,0,90,0,0.01,0,0,0,0,0,1,0
1780641959.253,0,0,0,0,0,96.36,52.81,0.0,0.0,0.0,0.0,0.0,0,90,0,0.01,0,0,0,0,0,0,0
1780641959.277,0,0,0,0,0,96.31,52.78,0.0,0.0,0.0,0.0,0.0,0,90,0,0.01,0,0,0,0,0,0,0
1780641959.297,0,0,0,0,0,96.29,52.75,0.0,0.0,0.0,0.0,0.0,0,90,0,0.01,0,0,0,0,0,0,0
1780641959.32,0,0,0,0,0,96.28,52.72,0.0,0.0,0.0,0.0,0.0,0,90,0,0.01,0,0,0,0,0,0,0
1780641959.34,0,0,0,0,0,96.26,52.69,0.0,0.0,0.0,0.0,0.0,0,90,0,0.01,0,0,0,0,0,0,0
1780641959.363,0,0,0,0,0,96.22,52.69,0.0,0.0,0.0,0.0,0.0,0,90,0,0.01,0,0,0,0,0,0,0
1780641959.383,0,0,0,0,0,96.17,52.7,0.0,0.0,0.0,0.0,0.0,0,90,0,0.02,0,0,0,0,0,0,0
1780641959.405,0,0,0,0,0,96.13,52.73,0.0,0.0,0.0,0.0,0.0,0,90,0,0.02,0,0,0,0,0,0,0
1780641959.426,0,0,0,0,0,96.12,52.76,0.0,0.0,0.0,0.0,0.0,0,90,0,0.02,0,0,0,0,0,0,0
1780641959.45,0,0,0,0,0,96.14,52.77,0.0,0.0,0.0,0.0,0.0,0,90,0,0.02,0,0,0,0,0,0,0
1780641959.469,0,0,0,0,0,96.19,52.78,0.0,0.0,0.0,0.0,0.0,0,90,0,0.03,0,0,0,0,0,0,0
1780641959.492,0,0,0,0,0,96.25,52.8,0.0,0.0,0.0,0.0,0.0,0,90,0,0.03,0,0,0,0,0,0,0
1780641959.511,0,0,0,0,0,96.31,52.83,0.0,0.0,0.0,0.0,0.0,0,90,0,0.03,0,0,0,0,0,0,0
1780641959.535,0,0,0,0,0,96.37,52.84,0.0,0.0,0.0,0.0,0.0,0,90,0,0.03,0,0,0,0,0,0,0
1780641959.556,0,0,0,0,0,96.43,52.84,0.0,0.0,0.0,0.0,0.0,0,90,0,0.03,0,0,0,0,0,0,0
1780641959.577,0,0,0,0,0,96.47,52.81,0.0,0.0,0.0,0.0,0.0,0,90,0,0.03,0,0,0,0,0,0,0
1780641959.597,0,0,0,0,0,96.51,52.79,0.0,0.0,0.0,0.0,0.0,0,90,0,0.03,0,0,0,0,0,0,0
1780641959.621,0,0,0,0,0,96.53,52.79,0.0,0.0,0.0,0.0,0.0,0,90,0,0.03,0,0,0,0,0,0,0
1780641959.64,0,0,0,0,0,96.56,52.82,0.0,0.0,0.0,0.0,0.0,0,90,0,0.03,0,0,0,0,0,0,0
1780641959.664,0,0,0,0,0,96.58,52.84,0.0,0.0,0.0,0.0,0.0,0,90,0,0.03,0,0,0,0,0,0,0
1780641959.683,0,0,0,0,0,96.6,52.86,0.0,0.0,0.0,0.0,0.0,0,90,0,0.02,0,0,0,0,0,0,0
1780641959.707,0,0,0,0,0,96.61,52.84,0.0,0.0,0.0,0.0,0.0,0,90,0,0.02,0,0,0,0,0,0,0
1780641959.73,0,0,0,0,0,96.62,52.82,0.0,0.0,0.0,0.0,0.0,0,90,0,0.02,0,0,0,0,0,0,0
1780641959.749,0,0,0,0,0,96.61,52.79,0.0,0.0,0.0,0.0,0.0,0,90,0,0.02,0,0,0,0,0,0,0
1780641959.774,0,0,0,0,0,96.58,52.77,0.0,0.0,0.0,0.0,0.0,0,90,0,0.02,0,0,0,0,0,0,0
1780641959.794,0,0,0,0,0,96.54,52.75,0.0,0.0,0.0,0.0,0.0,0,90,0,0.02,0,0,0,0,0,0,0
1780641959.816,0,0,0,0,0,96.5,52.73,0.0,0.0,0.0,0.0,0.0,0,90,0,0.02,0,0,0,0,0,0,0
1780641959.836,0,0,0,0,0,96.45,52.73,0.0,0.0,0.0,0.0,0.0,0,90,0,0.02,0,0,0,0,0,0,0
1780641959.859,0,0,0,0,0,96.41,52.73,0.0,0.0,0.0,0.0,0.0,0,90,0,0.02,0,0,0,0,0,0,0
1780641959.878,0,0,0,0,0,96.38,52.73,0.0,0.0,0.0,0.0,0.0,0,90,0,0.02,0,0,0,0,0,0,0
1780641959.902,0,0,0,0,0,96.35,52.73,0.0,0.0,0.0,0.0,0.0,0,90,0,0.02,0,0,0,0,0,0,0
1780641959.923,0,0,0,0,0,96.33,52.73,0.0,0.0,0.0,0.0,0.0,0,90,0,0.02,0,0,0,0,0,0,0
1780641959.945,0,0,0,0,0,96.32,52.74,0.0,0.0,0.0,0.0,0.0,0,90,0,0.02,0,0,0,0,0,0,0
1780641959.965,0,0,0,0,0,96.31,52.76,0.0,0.0,0.0,0.0,0.0,0,90,0,0.02,0,0,0,0,0,0,0
1780641959.989,0,0,0,0,0,96.28,52.79,0.0,0.0,0.0,0.0,0.0,0,90,0,0.02,0,0,0,0,0,0,0
1780641960.008,0,0,0,0,0,96.26,52.82,0.0,0.0,0.0,0.0,0.0,0,90,0,0.02,0,0,0,0,0,0,0
1780641960.031,0,0,0,0,0,96.26,52.84,0.0,0.0,0.0,0.0,0.0,0,90,0,0.02,0,0,0,0,0,0,0
1780641960.052,0,0,0,0,0,96.3,52.84,0.0,0.0,0.0,0.0,0.0,0,90,0,0.02,0,0,0,0,0,0,0
1780641960.075,0,0,0,0,0,96.35,52.84,0.0,0.0,0.0,0.0,0.0,0,90,0,0.02,0,0,0,0,0,0,0
1780641960.094,0,0,0,0,0,96.42,52.83,0.0,0.0,0.0,0.0,0.0,0,90,0,0.02,0,0,0,0,0,0,0
1780641960.117,0,0,0,0,0,96.48,52.82,0.0,0.0,0.0,0.0,0.0,0,90,0,0.02,0,0,0,0,0,0,0
1780641960.137,0,0,0,0,0,96.5,52.81,0.0,0.0,0.0,0.0,0.0,0,90,0,0.02,0,0,0,0,0,0,0
1780641960.161,0,0,0,0,0,96.49,52.8,0.0,0.0,0.0,0.0,0.0,0,90,0,0.02,0,0,0,0,0,0,0
1780641960.18,0,0,0,0,0,96.47,52.8,0.0,0.0,0.0,0.0,0.0,0,90,0,0.02,0,0,0,0,0,0,0
1780641960.205,0,0,0,0,0,96.48,52.8,0.0,0.0,0.0,0.0,0.0,0,90,0,0.02,0,0,0,0,0,0,0
1780641960.224,0,0,0,0,0,96.5,52.81,0.0,0.0,0.0,0.0,0.0,0,90,0,0.02,0,0,0,0,0,0,0
1780641960.246,0,0,0,0,0,96.51,52.81,0.0,0.0,0.0,0.0,0.0,0,90,0,0.02,0,0,0,0,0,0,0
1780641960.266,0,0,0,0,0,96.5,52.81,0.0,0.0,0.0,0.0,0.0,0,90,0,0.02,0,0,1,0,0,0,0
1780641960.291,0,0,0,0,0,96.5,52.78,0.0,0.0,0.0,0.0,0.0,0,90,0,0.02,0,0,1,0,0,0,0
1780641960.309,0,0,0,0,0,96.52,52.75,0.0,0.0,0.0,0.0,0.0,0,90,0,0.02,0,0,1,0,0,0,0
1780641960.334,0,0,0,0,0,96.54,52.7,0.0,0.0,0.0,0.0,0.0,0,90,0,0.02,0,0,1,0,0,0,0
1780641960.353,0,0,0,0,0,96.55,52.67,0.0,0.0,0.0,0.0,0.0,0,90,0,0.02,0,0,1,0,0,0,0
1780641960.372,0,0,0,0,0,96.56,52.66,0.0,0.0,0.0,0.0,0.0,0,90,0,0.02,0,0,1,0,0,0,0
1780641960.391,0,0,0,0,0,96.56,52.68,0.0,0.0,0.0,0.0,0.0,0,90,0,0.02,0,0,1,0,0,0,0
1780641960.416,0,0,0,0,0,96.56,52.68,0.0,0.0,0.0,0.0,0.0,0,90,0,0.02,0,0,1,0,0,0,0
1780641960.434,0,0,0,0,0,96.57,52.68,0.0,0.0,0.0,0.0,0.0,0,90,0,0.02,0,0,1,0,0,0,0
1780641960.458,0,0,0,0,0,96.58,52.65,0.0,0.0,0.0,0.0,0.0,0,90,0,0.02,0,0,1,0,0,0,0
1780641960.477,0,0,0,0,0,96.58,52.64,0.0,0.0,0.0,0.0,0.0,0,90,0,0.02,0,0,1,0,0,0,0
1780641960.502,0,0,0,0,0,96.57,52.63,0.0,0.0,0.0,0.0,0.0,0,90,0,0.01,0,0,0,0,0,0,0
1780641960.52,0,0,0,0,0,96.56,52.64,0.0,0.0,0.0,0.0,0.0,0,90,0,0.01,0,0,0,0,0,0,0
1780641960.545,0,0,0,0,0,96.57,52.63,0.0,0.0,0.0,0.0,0.0,0,90,0,0.01,0,0,0,0,0,0,0
1780641960.564,0,0,0,0,0,96.59,52.61,0.0,0.0,0.0,0.0,0.0,0,90,0,0.01,0,0,0,0,0,0,0
1780641960.587,0,0,0,0,0,96.59,52.6,0.0,0.0,0.0,0.0,0.0,0,90,0,0.01,0,0,0,0,0,0,0
1780641960.607,0,0,0,0,0,96.57,52.61,0.0,0.0,0.0,0.0,0.0,0,90,0,0.01,0,0,0,0,0,0,0
1780641960.631,0,0,0,0,0,96.53,52.62,0.0,0.0,0.0,0.0,0.0,0,90,0,0.01,0,0,0,0,0,0,0
1780641960.649,0,0,0,0,0,96.5,52.63,0.0,0.0,0.0,0.0,0.0,0,90,0,0.01,0,0,0,0,0,0,0
1780641960.673,0,0,0,0,0,96.49,52.64,0.0,0.0,0.0,0.0,0.0,0,90,0,0.01,0,0,0,0,0,0,0
1780641960.694,0,0,0,0,0,96.49,52.64,0.0,0.0,0.0,0.0,0.0,0,90,0,0.01,0,0,0,0,0,0,0
1780641960.717,0,0,0,0,0,96.5,52.66,0.0,0.0,0.0,0.0,0.0,0,90,0,0.01,0,0,0,0,0,0,0
1780641960.737,0,0,0,0,0,96.49,52.67,0.0,0.0,0.0,0.0,0.0,0,90,0,0.01,0,0,0,0,0,0,0
1780641960.759,0,0,0,0,0,96.46,52.67,0.0,0.0,0.0,0.0,0.0,0,90,0,0.01,0,0,0,0,0,0,0
1780641960.78,0,0,0,0,0,96.44,52.65,0.0,0.0,0.0,0.0,0.0,0,90,0,0.01,0,0,0,0,0,0,0
1780641960.802,0,0,0,0,0,96.43,52.64,0.0,0.0,0.0,0.0,0.0,0,90,0,0.01,0,0,0,0,0,0,0
1780641960.822,0,0,0,0,0,96.43,52.65,0.0,0.0,0.0,0.0,0.0,0,90,0,0.01,0,0,0,0,0,0,0
1780641960.846,0,0,0,0,0,96.42,52.67,0.0,0.0,0.0,0.0,0.0,0,90,0,0.01,0,0,0,0,0,0,0
1780641960.865,0,0,0,0,0,96.42,52.7,0.0,0.0,0.0,0.0,0.0,0,90,0,0.01,0,0,0,0,0,0,0
1780641960.889,0,0,0,0,0,96.44,52.72,0.0,0.0,0.0,0.0,0.0,0,90,0,0.01,0,0,0,0,0,0,0
1780641960.908,0,0,0,0,0,96.45,52.73,0.0,0.0,0.0,0.0,0.0,0,90,0,0.01,0,0,0,0,0,0,0
1780641960.932,0,0,0,0,0,96.46,52.74,0.0,0.0,0.0,0.0,0.0,0,90,0,0.01,0,0,0,0,0,0,0
1780641960.951,0,0,0,0,0,96.45,52.74,0.0,0.0,0.0,0.0,0.0,0,90,0,0.01,0,0,0,0,0,0,0
1780641960.975,0,0,0,0,0,96.44,52.72,0.0,0.0,0.0,0.0,0.0,0,90,0,0.01,0,0,0,0,0,0,0
1780641960.994,0,0,0,0,0,96.43,52.7,0.0,0.0,0.0,0.0,0.0,0,90,0,0.01,0,0,0,0,0,0,0
1780641961.018,0,0,0,0,0,96.41,52.7,0.0,0.0,0.0,0.0,0.0,0,90,0,0.01,0,0,0,0,0,0,0
1780641961.037,0,0,0,0,0,96.4,52.7,0.0,0.0,0.0,0.0,0.0,0,90,0,0.01,0,0,0,0,0,0,0
1780641961.062,0,0,0,0,0,96.41,52.71,0.0,0.0,0.0,0.0,0.0,0,90,0,0.01,0,0,0,0,0,0,0
1780641961.08,0,0,0,0,0,96.45,52.71,0.0,0.0,0.0,0.0,0.0,0,90,0,0.01,0,0,0,0,0,0,0
1780641961.104,0,0,0,0,0,96.49,52.71,0.0,0.0,0.0,0.0,0.0,0,90,0,0.0,0,0,0,0,0,0,0
1780641961.123,0,0,0,0,0,96.51,52.7,0.0,0.0,0.0,0.0,0.0,0,90,0,0.0,0,0,0,0,0,0,0
1780641961.147,0,0,0,0,0,96.51,52.7,0.0,0.0,0.0,0.0,0.0,0,90,0,0.0,0,0,0,0,0,0,0
1780641961.167,0,0,0,0,0,96.53,52.7,0.0,0.0,0.0,0.0,0.0,0,90,0,0.0,0,0,0,0,0,0,0
1780641961.191,0,0,0,0,0,96.56,52.7,0.0,0.0,0.0,0.0,0.0,0,90,0,0.0,0,0,0,0,0,0,0
1780641961.21,0,0,0,0,0,96.6,52.7,0.0,0.0,0.0,0.0,0.0,0,90,0,0.0,0,0,0,0,0,0,0
1780641961.233,0,0,0,0,0,96.63,52.7,0.0,0.0,0.0,0.0,0.0,0,90,0,0.0,0,0,0,0,0,0,0
1780641961.253,0,0,0,0,0,96.65,52.71,0.0,0.0,0.0,0.0,0.0,0,90,0,0.0,0,0,0,0,0,0,0
1780641961.277,0,0,0,0,0,96.66,52.71,0.0,0.0,0.0,0.0,0.0,0,90,0,0.0,0,0,0,0,0,0,0
1780641961.296,0,0,0,0,0,96.66,52.72,0.0,0.0,0.0,0.0,0.0,0,90,0,0.0,0,0,0,0,0,0,0
1780641961.319,0,0,0,0,0,96.65,52.72,0.0,0.0,0.0,0.0,0.0,0,90,0,0.01,0,0,0,0,0,0,0
1780641961.339,0,0,0,0,0,96.63,52.71,0.0,0.0,0.0,0.0,0.0,0,90,0,0.01,0,0,0,0,0,0,0
1780641961.362,0,0,0,0,0,96.61,52.71,0.0,0.0,0.0,0.0,0.0,0,90,0,0.01,0,0,0,0,0,0,0
1780641961.382,0,0,0,0,0,96.6,52.7,0.0,0.0,0.0,0.0,0.0,0,90,0,0.01,0,0,0,0,0,0,0
1780641961.405,0,0,0,0,0,96.59,52.69,0.0,0.0,0.0,0.0,0.0,0,90,0,0.01,0,0,0,0,0,0,0
1780641961.425,0,0,0,0,0,96.57,52.68,0.0,0.0,0.0,0.0,0.0,0,90,0,0.01,0,0,0,0,0,0,0
1780641961.448,0,0,0,0,0,96.56,52.68,0.0,0.0,0.0,0.0,0.0,0,90,0,0.01,0,0,0,0,0,0,0
1780641961.468,0,0,0,0,0,96.55,52.69,0.0,0.0,0.0,0.0,0.0,0,90,0,0.01,0,0,0,0,0,0,0
1780641961.492,0,0,0,0,0,96.54,52.71,0.0,0.0,0.0,0.0,0.0,0,90,0,0.01,0,0,0,0,0,0,0
1780641961.51,0,0,0,0,0,96.54,52.73,0.0,0.0,0.0,0.0,0.0,0,90,0,0.01,0,0,0,0,0,0,0
1780641961.534,0,0,0,0,0,96.55,52.76,0.0,0.0,0.0,0.0,0.0,0,90,0,0.01,0,0,0,0,0,0,0
1780641961.553,0,0,0,0,0,96.57,52.77,0.0,0.0,0.0,0.0,0.0,0,90,0,0.01,0,0,0,0,0,0,0
1780641961.578,0,0,0,0,0,96.6,52.76,0.0,0.0,0.0,0.0,0.0,0,90,0,0.01,0,0,0,0,0,0,0
1780641961.597,0,0,0,0,0,96.63,52.75,0.0,0.0,0.0,0.0,0.0,0,90,0,0.01,0,0,0,0,0,0,0
1780641961.621,0,0,0,0,0,96.65,52.73,0.0,0.0,0.0,0.0,0.0,0,90,0,0.01,0,0,0,0,0,0,0
1780641961.64,0,0,0,0,0,96.65,52.71,0.0,0.0,0.0,0.0,0.0,0,90,0,0.01,0,0,0,0,0,0,0
1780641961.662,0,0,0,0,0,96.65,52.7,0.0,0.0,0.0,0.0,0.0,0,90,0,0.01,0,0,0,0,0,0,0
1780641961.682,0,0,0,0,0,96.66,52.69,0.0,0.0,0.0,0.0,0.0,0,90,0,0.01,0,0,0,0,0,0,0
1780641961.706,0,0,0,0,0,96.67,52.7,0.0,0.0,0.0,0.0,0.0,0,90,0,0.01,0,0,0,0,0,0,0
1780641961.726,0,0,0,0,0,96.67,52.72,0.0,0.0,0.0,0.0,0.0,0,90,0,0.01,0,0,0,0,0,0,0
1780641961.749,0,0,0,0,0,96.68,52.74,0.0,0.0,0.0,0.0,0.0,0,90,0,0.01,0,0,0,0,0,0,0
1780641961.77,0,0,0,0,0,96.68,52.74,0.0,0.0,0.0,0.0,0.0,0,90,0,0.01,0,0,0,0,0,0,0
1780641961.792,0,0,0,0,0,96.69,52.74,0.0,0.0,0.0,0.0,0.0,0,90,0,0.01,0,0,0,0,0,0,0
1780641961.812,0,0,0,0,0,96.7,52.74,0.0,0.0,0.0,0.0,0.0,0,90,0,0.01,0,0,0,0,0,0,0
1780641961.835,0,0,0,0,0,96.7,52.76,0.0,0.0,0.0,0.0,0.0,0,90,0,0.01,0,0,0,0,0,0,0
1780641961.854,0,0,0,0,0,96.71,52.76,0.0,0.0,0.0,0.0,0.0,0,90,0,0.01,0,0,0,0,0,0,0
1780641961.878,0,0,0,0,0,96.71,52.75,0.0,0.0,0.0,0.0,0.0,0,90,0,0.01,0,0,0,0,0,0,0
1780641961.897,0,0,0,0,0,96.71,52.74,0.0,0.0,0.0,0.0,0.0,0,90,0,0.01,0,0,0,0,0,0,0
1780641961.921,0,0,0,0,0,96.7,52.73,0.0,0.0,0.0,0.0,0.0,0,90,0,0.01,0,0,0,0,0,0,0
1780641961.941,0,0,0,0,0,96.69,52.73,0.0,0.0,0.0,0.0,0.0,0,90,0,0.01,0,0,0,0,0,0,0
1780641961.963,0,0,0,0,0,96.68,52.73,0.0,0.0,0.0,0.0,0.0,0,90,0,0.01,0,0,0,0,0,0,0
1780641961.983,0,0,0,0,0,96.63,52.73,0.0,0.0,0.0,0.0,0.0,0,90,0,0.01,0,0,0,0,0,0,0
1780641962.007,0,0,0,0,0,96.55,52.73,0.0,0.0,0.0,0.0,0.0,0,90,0,0.01,0,0,0,0,0,0,0
1780641962.026,0,0,0,0,0,96.47,52.72,0.0,0.0,0.0,0.0,0.0,0,90,0,0.01,0,0,0,0,0,0,0
1780641962.05,0,0,0,0,0,96.38,52.71,0.0,0.0,0.0,0.0,0.0,0,90,0,0.01,0,0,0,0,0,0,0
1780641962.069,0,0,0,0,0,96.3,52.72,0.0,0.0,0.0,0.0,0.0,0,90,0,0.01,0,0,0,0,0,0,0
1780641962.092,0,0,0,0,0,96.23,52.71,0.0,0.0,0.0,0.0,0.0,0,90,0,0.01,0,0,0,0,0,0,0
1780641962.111,0,0,0,0,0,96.18,52.7,0.0,0.0,0.0,0.0,0.0,0,90,0,0.01,0,0,0,0,0,0,0
1780641962.135,0,0,0,0,0,96.14,52.69,0.0,0.0,0.0,0.0,0.0,0,90,0,0.02,0,0,0,0,0,0,0
1780641962.156,0,0,0,0,0,96.11,52.66,0.0,0.0,0.0,0.0,0.0,0,90,0,0.02,0,0,0,0,0,0,0
1780641962.178,0,0,0,0,0,96.09,52.64,0.0,0.0,0.0,0.0,0.0,0,90,0,0.03,0,0,0,0,0,0,0
1780641962.198,0,0,0,0,0,96.07,52.63,0.0,0.0,0.0,0.0,0.0,0,90,0,0.03,0,0,0,0,0,0,0
1780641962.222,0,0,0,0,0,96.03,52.63,0.0,0.0,0.0,0.0,0.0,0,90,0,0.04,0,0,0,0,0,0,0
1780641962.242,0,0,0,0,0,95.99,52.63,0.0,0.0,0.0,0.0,0.0,0,90,0,0.04,0,0,0,0,0,0,0
1780641962.264,0,0,0,0,0,95.96,52.62,0.0,0.0,0.0,0.0,0.0,0,90,0,0.05,0,0,0,0,0,0,0
1780641962.284,0,0,0,0,0,95.95,52.63,0.0,0.0,0.0,0.0,0.0,0,90,0,0.05,0,0,0,0,0,0,0
1780641962.306,0,0,0,0,0,95.95,52.64,0.0,0.0,0.0,0.0,0.0,0,90,0,0.06,0,0,0,0,0,0,0
1780641962.328,0,0,0,0,0,95.95,52.65,0.0,0.0,0.0,0.0,0.0,0,90,0,0.07,0,0,0,1,0,0,0
1780641962.351,0,0,0,0,0,95.94,52.65,0.0,0.0,0.0,0.0,0.0,0,90,0,0.07,0,0,0,1,0,0,0
1780641962.369,0,0,0,0,0,95.92,52.63,0.0,0.0,0.0,0.0,0.0,0,90,0,0.08,0,0,0,1,0,0,0
1780641962.393,0,0,0,0,0,95.93,52.62,0.0,0.0,0.0,0.0,0.0,0,90,0,0.08,0,0,0,1,0,0,0
1780641962.412,0,0,0,0,0,95.95,52.62,0.0,0.0,0.0,0.0,0.0,0,90,0,0.08,0,0,0,1,0,0,0
1780641962.433,0,0,0,0,0,95.98,52.62,0.0,0.0,0.0,0.0,0.0,0,90,0,0.09,0,0,0,1,0,0,0
1780641962.452,0,0,0,0,0,96.04,52.61,0.0,0.0,0.0,0.0,0.0,0,90,0,0.09,0,0,0,1,0,0,0
1780641962.476,0,0,0,0,0,96.09,52.59,0.0,0.0,0.0,0.0,0.0,0,90,0,0.09,0,0,0,1,0,0,0
1780641962.526,0,0,0,0,0,96.14,52.56,0.0,0.0,0.0,0.0,0.0,0,90,0,0.09,0,0,0,0,0,0,0
1780641962.531,0,0,0,0,0,96.17,52.53,0.0,0.0,0.0,0.0,0.0,0,90,0,0.09,0,0,0,0,0,0,0
1780641962.539,0,0,0,0,0,96.18,52.5,0.0,0.0,0.0,0.0,0.0,0,90,0,0.09,0,0,0,0,0,0,0
1780641962.562,0,0,0,0,0,96.17,52.47,0.0,0.0,0.0,0.0,0.0,0,90,0,0.09,0,0,0,0,0,0,0
1780641962.582,0,0,0,0,0,96.13,52.45,0.0,0.0,0.0,0.0,0.0,0,90,0,0.09,0,0,0,0,0,0,0
1780641962.605,0,0,0,0,0,96.09,52.43,0.0,0.0,0.0,0.0,0.0,0,90,0,0.09,0,0,0,0,0,0,0
1780641962.624,0,0,0,0,0,96.05,52.4,0.0,0.0,0.0,0.0,0.0,0,90,0,0.09,0,0,0,0,0,0,0
1780641962.647,0,0,0,0,0,96.0,52.39,0.0,0.0,0.0,0.0,0.0,0,90,0,0.09,0,0,0,0,0,0,0
1780641962.667,0,0,0,0,0,95.97,52.41,0.0,0.0,0.0,0.0,0.0,0,90,0,0.09,0,0,0,0,0,0,0
1780641962.691,0,0,0,0,0,95.95,52.45,0.0,0.0,0.0,0.0,0.0,0,90,0,0.09,0,0,0,0,0,0,0
1780641962.71,0,0,0,0,0,95.94,52.5,0.0,0.0,0.0,0.0,0.0,0,90,0,0.09,0,0,0,0,0,0,0
1780641962.734,0,0,0,0,0,95.94,52.54,0.0,0.0,0.0,0.0,0.0,0,90,0,0.09,0,0,0,0,0,0,0
1780641962.753,0,0,0,0,0,95.94,52.57,0.0,0.0,0.0,0.0,0.0,0,90,0,0.09,0,0,0,0,0,0,0
1780641962.776,0,0,0,0,0,95.94,52.59,0.0,0.0,0.0,0.0,0.0,0,90,0,0.09,0,0,0,0,0,0,0
1780641962.796,0,0,0,0,0,95.93,52.6,0.0,0.0,0.0,0.0,0.0,0,90,0,0.09,0,0,0,0,0,0,0
1780641962.821,0,0,0,0,0,95.9,52.6,0.0,0.0,0.0,0.0,0.0,0,90,0,0.09,0,0,0,0,0,0,0
1780641962.84,0,0,0,0,0,95.87,52.6,0.0,0.0,0.0,0.0,0.0,0,90,0,0.08,0,0,0,0,0,0,0
1780641962.863,0,0,0,0,0,95.86,52.6,0.0,0.0,0.0,0.0,0.0,0,90,0,0.08,0,0,0,0,0,0,0
1780641962.883,0,0,0,0,0,95.89,52.61,0.0,0.0,0.0,0.0,0.0,0,90,0,0.08,0,0,0,0,0,0,1
1780641962.905,0,0,0,0,0,95.93,52.62,0.0,0.0,0.0,0.0,0.0,0,90,0,0.07,0,0,0,0,0,0,1
1780641962.925,0,0,0,0,0,95.99,52.63,0.0,0.0,0.0,0.0,0.0,0,90,0,0.06,0,0,0,0,0,0,1
1780641962.948,0,0,0,0,0,96.05,52.64,0.0,0.0,0.0,0.0,0.0,0,90,0,0.06,0,0,0,0,0,0,1
1780641962.969,0,0,0,0,0,96.1,52.64,0.0,0.0,0.0,0.0,0.0,0,90,0,0.05,0,0,0,0,0,0,1
1780641962.992,0,0,0,0,0,96.13,52.64,0.0,0.0,0.0,0.0,0.0,0,90,0,0.04,0,0,0,0,0,0,1
1780641963.012,0,0,0,0,0,96.14,52.63,0.0,0.0,0.0,0.0,0.0,0,90,0,0.04,0,0,0,0,0,0,1
1780641963.036,0,0,0,0,0,96.14,52.63,0.0,0.0,0.0,0.0,0.0,0,90,0,0.03,0,0,0,0,0,0,1
1780641963.058,0,0,0,0,0,96.14,52.63,0.0,0.0,0.0,0.0,0.0,0,90,0,0.02,0,0,0,0,0,0,1
1780641963.078,0,0,0,0,0,96.14,52.63,0.0,0.0,0.0,0.0,0.0,0,90,0,0.02,0,0,0,0,0,0,1
1780641963.154,0,0,0,0,0,96.16,52.64,0.0,0.0,0.0,0.0,0.0,0,90,0,0.01,0,0,0,0,0,0,0
1780641963.158,0,0,0,0,0,96.21,52.64,0.0,0.0,0.0,0.0,0.0,0,90,0,0.01,0,0,0,0,0,0,0
1780641963.16,0,0,0,0,0,96.29,52.64,0.0,0.0,0.0,0.0,0.0,0,90,0,0.01,0,0,0,0,0,0,0
1780641963.164,0,0,0,0,0,96.36,52.63,0.0,0.0,0.0,0.0,0.0,0,90,0,0.01,0,0,0,0,0,0,0
1780641963.186,0,0,0,0,0,96.42,52.61,0.0,0.0,0.0,0.0,0.0,1,90,0,0.02,0,0,0,0,0,0,0
1780641963.21,0,0,0,0,0,96.44,52.6,0.0,0.0,0.0,0.0,0.0,1,90,0,0.02,0,0,0,0,0,0,1
1780641963.23,0,0,0,0,0,96.45,52.59,0.0,0.0,0.0,0.0,0.0,1,90,0,0.02,0,0,0,0,0,0,1
1780641963.25,0,0,0,0,0,96.46,52.58,0.0,0.0,0.0,0.0,0.0,1,90,0,0.02,0,0,0,0,0,0,1
1780641963.273,0,0,0,0,0,96.47,52.58,0.0,0.0,0.0,0.0,0.0,1,90,0,0.03,0,0,0,0,0,0,1
1780641963.293,0,0,0,0,0,96.49,52.57,0.0,0.0,0.0,0.0,0.0,1,90,0,0.03,0,0,0,0,0,0,1
1780641963.317,0,0,0,0,0,96.55,52.57,0.0,0.0,0.0,0.0,0.0,1,90,0,0.03,0,0,0,0,0,0,1
1780641963.388,0,0,0,0,0,96.64,52.57,0.0,0.0,0.0,0.0,0.0,1,90,0,0.04,0,0,0,0,0,0,0
1780641963.392,0,0,0,0,0,96.72,52.57,0.0,0.0,0.0,0.0,0.0,1,90,0,0.05,0,0,0,0,0,0,0
1780641963.394,0,0,0,0,0,96.77,52.58,0.0,0.0,0.0,0.0,0.0,1,90,0,0.05,0,0,0,0,0,0,0
1780641963.403,0,0,0,0,0,96.78,52.59,0.0,0.0,0.0,0.0,0.0,1,90,0,0.06,0,0,0,0,0,0,0
1780641963.423,0,0,0,0,0,96.76,52.6,0.0,0.0,0.0,0.0,0.0,1,90,0,0.07,0,0,0,0,0,0,0
1780641963.446,0,0,0,0,0,96.71,52.61,0.0,0.0,0.0,0.0,0.0,1,90,0,0.07,0,0,0,0,0,0,0
1780641963.466,0,0,0,0,0,96.66,52.61,0.0,0.0,0.0,0.0,0.0,1,90,0,0.07,0,0,0,0,0,0,0
1780641963.49,0,0,0,0,0,96.63,52.6,0.0,0.0,0.0,0.0,0.0,1,90,0,0.08,0,0,0,0,0,0,0
1780641963.509,0,0,0,0,0,96.61,52.59,0.0,0.0,0.0,0.0,0.0,1,90,0,0.08,0,0,0,0,0,0,0
1780641963.532,0,0,0,0,0,96.6,52.6,0.0,0.0,0.0,0.0,0.0,1,90,0,0.08,0,0,0,0,0,0,0
1780641963.551,0,0,0,0,0,96.6,52.6,0.0,0.0,0.0,0.0,0.0,1,90,0,0.08,0,0,0,0,0,0,0
1780641963.575,0,0,0,0,0,96.61,52.59,0.0,0.0,0.0,0.0,0.0,1,90,0,0.08,0,0,0,0,0,0,0
1780641963.599,0,0,0,0,0,96.61,52.59,0.0,0.0,0.0,0.0,0.0,1,90,0,0.09,0,0,0,0,0,0,0
1780641963.622,0,0,0,0,0,96.6,52.59,0.0,0.0,0.0,0.0,0.0,1,90,0,0.09,0,0,0,0,0,0,0
1780641963.643,0,0,0,0,0,96.58,52.6,0.0,0.0,0.0,0.0,0.0,1,90,0,0.09,0,0,0,0,0,0,0
1780641963.665,0,0,0,0,0,96.57,52.62,0.0,0.0,0.0,0.0,0.0,1,90,0,0.09,0,0,0,0,0,0,0
1780641963.685,0,0,0,0,0,96.57,52.65,0.0,0.0,0.0,0.0,0.0,1,90,0,0.09,0,0,0,0,0,0,0
1780641963.708,0,0,0,0,0,96.55,52.68,0.0,0.0,0.0,0.0,0.0,0,90,0,0.09,0,0,0,0,0,0,0
1780641963.727,0,0,0,0,0,96.54,52.72,0.0,0.0,0.0,0.0,0.0,0,90,0,0.09,0,0,0,0,0,0,0
1780641963.75,0,0,0,0,0,96.54,52.74,0.0,0.0,0.0,0.0,0.0,0,90,0,0.09,0,0,0,0,0,0,0
1780641963.77,0,0,0,0,0,96.55,52.75,0.0,0.0,0.0,0.0,0.0,0,90,0,0.09,0,0,0,0,0,0,0
1780641963.794,0,0,0,0,0,96.57,52.76,0.0,0.0,0.0,0.0,0.0,0,90,0,0.08,0,0,0,0,0,0,0
1780641963.813,0,0,0,0,0,96.6,52.75,0.0,0.0,0.0,0.0,0.0,0,90,0,0.08,0,0,0,0,0,0,0
1780641963.837,0,0,0,0,0,96.62,52.74,0.0,0.0,0.0,0.0,0.0,0,90,0,0.08,0,0,0,0,0,0,0
1780641963.857,0,0,0,0,0,96.62,52.72,0.0,0.0,0.0,0.0,0.0,0,90,0,0.08,0,0,0,0,0,0,0
1780641963.88,0,0,0,0,0,96.6,52.69,0.0,0.0,0.0,0.0,0.0,0,90,0,0.07,0,0,0,0,0,0,0
1780641963.899,0,0,0,0,0,96.59,52.65,0.0,0.0,0.0,0.0,0.0,0,90,0,0.07,0,0,0,0,0,0,0
1780641963.923,0,0,0,0,0,96.57,52.63,0.0,0.0,0.0,0.0,0.0,0,90,0,0.06,0,0,0,0,0,0,0
1780641963.942,0,0,0,0,0,96.55,52.64,0.0,0.0,0.0,0.0,0.0,0,90,0,0.05,0,0,0,0,0,0,0
1780641963.966,0,0,0,0,0,96.51,52.68,0.0,0.0,0.0,0.0,0.0,0,90,0,0.05,0,0,0,0,0,0,0
1780641963.985,0,0,0,0,0,96.49,52.73,0.0,0.0,0.0,0.0,0.0,0,90,0,0.04,0,0,0,0,0,0,0
1780641964.009,0,0,0,0,0,96.47,52.76,0.0,0.0,0.0,0.0,0.0,0,90,0,0.04,0,0,0,0,0,0,0
1780641964.032,0,0,0,0,0,96.47,52.77,0.0,0.0,0.0,0.0,0.0,0,90,0,0.03,0,0,0,0,0,0,0
1780641964.055,0,0,0,0,0,96.49,52.77,0.0,0.0,0.0,0.0,0.0,0,90,0,0.03,0,0,0,0,0,0,0
1780641964.075,0,0,0,0,0,96.51,52.77,0.0,0.0,0.0,0.0,0.0,0,90,0,0.03,0,0,0,0,0,0,0
1780641964.099,0,0,0,0,0,96.53,52.77,0.0,0.0,0.0,0.0,0.0,0,90,0,0.02,0,0,0,0,0,0,0
1780641964.117,0,0,0,0,0,96.55,52.78,0.0,0.0,0.0,0.0,0.0,0,90,0,0.02,0,0,0,0,0,0,0
1780641964.14,0,0,0,0,0,96.56,52.8,0.0,0.0,0.0,0.0,0.0,0,90,0,0.02,0,0,0,0,0,0,0
1780641964.159,0,0,0,0,0,96.58,52.84,0.0,0.0,0.0,0.0,0.0,0,90,0,0.01,0,0,0,0,0,0,0
1780641964.183,0,0,0,0,0,96.58,52.87,0.0,0.0,0.0,0.0,0.0,0,90,0,0.01,0,0,0,0,0,0,0
1780641964.201,0,0,0,0,0,96.57,52.9,0.0,0.0,0.0,0.0,0.0,0,90,0,0.01,0,0,0,0,0,0,0
1780641964.227,0,0,0,0,0,96.55,52.92,0.0,0.0,0.0,0.0,0.0,0,90,0,0.01,0,0,0,0,0,0,0
1780641964.245,0,0,0,0,0,96.52,52.93,0.0,0.0,0.0,0.0,0.0,0,90,0,0.01,0,0,0,0,0,0,0
1780641964.269,0,0,0,0,0,96.5,52.91,0.0,0.0,0.0,0.0,0.0,0,90,0,0.01,0,0,0,0,0,0,0
1780641964.289,0,0,0,0,0,96.48,52.9,0.0,0.0,0.0,0.0,0.0,0,90,0,0.01,0,0,0,0,0,0,0
1780641964.313,0,0,0,0,0,96.46,52.89,0.0,0.0,0.0,0.0,0.0,0,90,0,0.01,0,0,0,0,0,0,0
1780641964.332,0,0,0,0,0,96.44,52.88,0.0,0.0,0.0,0.0,0.0,0,90,0,0.01,0,0,0,0,0,0,0
1780641964.354,0,0,0,0,0,96.44,52.88,0.0,0.0,0.0,0.0,0.0,0,90,0,0.01,0,0,0,0,0,0,0
1780641964.375,0,0,0,0,0,96.45,52.89,0.0,0.0,0.0,0.0,0.0,0,90,0,0.01,0,0,0,0,0,0,0
1780641964.398,0,0,0,0,0,96.49,52.9,0.0,0.0,0.0,0.0,0.0,0,90,0,0.01,0,0,0,0,0,0,0
1780641964.418,0,0,0,0,0,96.52,52.91,0.0,0.0,0.0,0.0,0.0,0,90,0,0.01,0,0,0,0,0,0,0
1780641964.441,0,0,0,0,0,96.55,52.9,0.0,0.0,0.0,0.0,0.0,0,90,0,0.01,0,0,0,0,0,0,0
1780641964.46,0,0,0,0,0,96.57,52.88,0.0,0.0,0.0,0.0,0.0,0,90,0,0.01,0,0,0,0,0,0,0
1780641964.484,0,0,0,0,0,96.58,52.86,0.0,0.0,0.0,0.0,0.0,0,90,0,0.01,0,0,0,0,0,0,0
1780641964.504,0,0,0,0,0,96.58,52.85,0.0,0.0,0.0,0.0,0.0,0,90,0,0.01,0,0,0,0,0,0,0
1780641964.527,0,0,0,0,0,96.57,52.85,0.0,0.0,0.0,0.0,0.0,0,90,0,0.01,0,0,0,0,0,0,0
1780641964.545,0,0,0,0,0,96.56,52.86,0.0,0.0,0.0,0.0,0.0,0,90,0,0.01,0,0,0,0,0,0,0
1780641964.57,0,0,0,0,0,96.55,52.86,0.0,0.0,0.0,0.0,0.0,0,90,0,0.01,0,0,0,0,0,0,0
1780641964.589,0,0,0,0,0,96.54,52.86,0.0,0.0,0.0,0.0,0.0,0,90,0,0.01,0,0,0,0,0,0,0
1780641964.611,0,0,0,0,0,96.51,52.84,0.0,0.0,0.0,0.0,0.0,0,90,0,0.01,0,0,0,0,0,0,0
1780641964.631,0,0,0,0,0,96.47,52.82,0.0,0.0,0.0,0.0,0.0,0,90,0,0.01,0,0,0,0,0,0,0
1780641964.655,0,0,0,0,0,96.46,52.81,0.0,0.0,0.0,0.0,0.0,0,90,0,0.01,0,0,0,0,0,0,0
1780641964.675,0,0,0,0,0,96.46,52.82,0.0,0.0,0.0,0.0,0.0,0,90,0,0.01,0,0,0,0,0,0,0
1780641964.698,0,0,0,0,0,96.48,52.85,0.0,0.0,0.0,0.0,0.0,0,90,0,0.01,0,0,0,0,0,0,0
1780641964.722,0,0,0,0,0,96.5,52.87,0.0,0.0,0.0,0.0,0.0,0,90,0,0.01,0,0,0,0,0,0,0
1780641964.74,0,0,0,0,0,96.52,52.87,0.0,0.0,0.0,0.0,0.0,0,90,0,0.01,0,0,0,0,0,0,0
1780641964.765,0,0,0,0,0,96.55,52.85,0.0,0.0,0.0,0.0,0.0,0,90,0,0.01,0,0,0,0,0,0,0
1780641964.784,0,0,0,0,0,96.55,52.83,0.0,0.0,0.0,0.0,0.0,0,90,0,0.01,0,0,0,0,0,0,0
1780641964.807,0,0,0,0,0,96.54,52.83,0.0,0.0,0.0,0.0,0.0,0,90,0,0.01,0,0,0,0,0,0,0
1780641964.826,0,0,0,0,0,96.51,52.83,0.0,0.0,0.0,0.0,0.0,0,90,0,0.01,0,0,0,0,0,0,0
1780641964.851,0,0,0,0,0,96.49,52.84,0.0,0.0,0.0,0.0,0.0,0,90,0,0.01,0,0,0,0,0,0,0
1780641964.869,0,0,0,0,0,96.47,52.83,0.0,0.0,0.0,0.0,0.0,0,90,0,0.01,0,0,0,0,0,0,0
1780641964.893,0,0,0,0,0,96.46,52.81,0.0,0.0,0.0,0.0,0.0,0,90,0,0.01,0,0,0,0,0,0,0
1780641964.913,0,0,0,0,0,96.49,52.79,0.0,0.0,0.0,0.0,0.0,0,90,0,0.01,0,0,0,0,0,0,0
1780641964.938,0,0,0,0,0,96.53,52.76,0.0,0.0,0.0,0.0,0.0,0,90,0,0.01,0,0,0,0,0,0,0
1780641964.955,0,0,0,0,0,96.57,52.74,0.0,0.0,0.0,0.0,0.0,0,90,0,0.01,0,0,0,0,0,0,0
1780641964.98,0,0,0,0,0,96.59,52.72,0.0,0.0,0.0,0.0,0.0,0,90,0,0.0,0,0,0,0,0,0,0
1780641965.0,0,0,0,0,0,96.61,52.69,0.0,0.0,0.0,0.0,0.0,0,90,0,0.0,0,0,0,0,0,0,0
1780641965.023,0,0,0,0,0,96.6,52.66,0.0,0.0,0.0,0.0,0.0,0,90,0,0.0,0,0,0,0,0,0,0
1780641965.042,0,0,0,0,0,96.58,52.65,0.0,0.0,0.0,0.0,0.0,0,90,0,0.0,0,0,0,0,0,0,0
1780641965.067,0,0,0,0,0,96.55,52.66,0.0,0.0,0.0,0.0,0.0,0,90,0,0.0,0,0,0,0,0,0,0
1780641965.086,0,0,0,0,0,96.55,52.65,0.0,0.0,0.0,0.0,0.0,0,90,0,0.01,0,0,0,0,0,0,0
1780641965.11,0,0,0,0,0,96.56,52.64,0.0,0.0,0.0,0.0,0.0,0,90,0,0.01,0,0,0,0,0,0,0
1780641965.13,0,0,0,0,0,96.58,52.63,0.0,0.0,0.0,0.0,0.0,0,90,0,0.01,0,0,0,0,0,0,0
1780641965.153,0,0,0,0,0,96.57,52.62,0.0,0.0,0.0,0.0,0.0,0,90,0,0.01,0,0,0,0,0,0,0
1780641965.172,0,0,0,0,0,96.56,52.61,0.0,0.0,0.0,0.0,0.0,0,90,0,0.01,0,0,0,0,0,0,0
1780641965.195,0,0,0,0,0,96.55,52.61,0.0,0.0,0.0,0.0,0.0,0,90,0,0.01,0,0,0,0,0,0,0
1780641965.214,0,0,0,0,0,96.52,52.61,0.0,0.0,0.0,0.0,0.0,0,90,0,0.01,0,0,0,0,0,0,0
1780641965.239,0,0,0,0,0,96.5,52.61,0.0,0.0,0.0,0.0,0.0,0,90,0,0.01,0,0,0,0,0,0,0
1780641965.256,0,0,0,0,0,96.49,52.61,0.0,0.0,0.0,0.0,0.0,0,90,0,0.01,0,0,0,0,0,0,0
1780641965.281,0,0,0,0,0,96.48,52.61,0.0,0.0,0.0,0.0,0.0,0,90,0,0.01,0,0,0,0,0,0,0
1780641965.3,0,0,0,0,0,96.48,52.63,0.0,0.0,0.0,0.0,0.0,0,90,0,0.01,0,0,0,0,0,0,0
1780641965.324,0,0,0,0,0,96.48,52.64,0.0,0.0,0.0,0.0,0.0,0,90,0,0.01,0,0,0,0,0,0,0
1780641965.347,0,0,0,0,0,96.48,52.63,0.0,0.0,0.0,0.0,0.0,0,90,0,0.01,0,0,0,0,0,0,0
1780641965.372,0,0,0,0,0,96.5,52.62,0.0,0.0,0.0,0.0,0.0,0,90,0,0.01,0,0,0,0,0,0,0
1780641965.39,0,0,0,0,0,96.54,52.62,0.0,0.0,0.0,0.0,0.0,0,90,0,0.01,0,0,0,0,0,0,0
1780641965.414,0,0,0,0,0,96.61,52.63,0.0,0.0,0.0,0.0,0.0,0,90,0,0.01,0,0,0,0,0,0,0
1780641965.433,0,0,0,0,0,96.66,52.65,0.0,0.0,0.0,0.0,0.0,0,90,0,0.01,0,0,0,0,0,0,0
1780641965.457,0,0,0,0,0,96.7,52.68,0.0,0.0,0.0,0.0,0.0,0,90,0,0.01,0,0,0,0,0,0,0
1780641965.477,0,0,0,0,0,96.72,52.69,0.0,0.0,0.0,0.0,0.0,0,90,0,0.01,0,0,0,0,0,0,0
1780641965.5,0,0,0,0,0,96.76,52.69,0.0,0.0,0.0,0.0,0.0,0,90,0,0.01,0,0,0,0,0,0,0
1780641965.52,0,0,0,0,0,96.78,52.69,0.0,0.0,0.0,0.0,0.0,0,90,0,0.01,0,0,0,0,0,0,0
1780641965.543,0,0,0,0,0,96.77,52.7,0.0,0.0,0.0,0.0,0.0,0,90,0,0.01,0,0,0,0,0,0,0
1780641965.563,0,0,0,0,0,96.74,52.71,0.0,0.0,0.0,0.0,0.0,0,90,0,0.01,0,0,0,0,0,0,0
1780641965.587,0,0,0,0,0,96.7,52.71,0.0,0.0,0.0,0.0,0.0,0,90,0,0.01,0,0,0,0,0,0,0
1780641965.606,0,0,0,0,0,96.66,52.71,0.0,0.0,0.0,0.0,0.0,0,90,0,0.01,0,0,0,0,0,0,0
1780641965.628,0,0,0,0,0,96.62,52.71,0.0,0.0,0.0,0.0,0.0,0,90,0,0.01,0,0,0,0,0,0,0
1780641965.648,0,0,0,0,0,96.58,52.72,0.0,0.0,0.0,0.0,0.0,0,90,0,0.01,0,0,0,0,0,0,0
1780641965.672,0,0,0,0,0,96.55,52.71,0.0,0.0,0.0,0.0,0.0,0,90,0,0.01,0,0,0,0,0,0,0
1780641965.691,0,0,0,0,0,96.56,52.7,0.0,0.0,0.0,0.0,0.0,0,90,0,0.01,0,0,0,0,0,0,0
1780641965.716,0,0,0,0,0,96.58,52.7,0.0,0.0,0.0,0.0,0.0,0,90,0,0.01,0,0,0,0,0,0,0
1780641965.735,0,0,0,0,0,96.62,52.71,0.0,0.0,0.0,0.0,0.0,0,90,0,0.01,0,0,0,0,0,0,0
1780641965.758,0,0,0,0,0,96.66,52.72,0.0,0.0,0.0,0.0,0.0,0,90,0,0.01,0,0,0,0,0,0,0
1780641965.778,0,0,0,0,0,96.69,52.73,0.0,0.0,0.0,0.0,0.0,0,90,0,0.01,0,0,0,0,0,0,0
1780641965.802,0,0,0,0,0,96.71,52.73,0.0,0.0,0.0,0.0,0.0,0,90,0,0.01,0,0,0,0,0,0,0
1780641965.821,0,0,0,0,0,96.73,52.73,0.0,0.0,0.0,0.0,0.0,0,90,0,0.01,0,0,0,0,0,0,0
1780641965.844,0,0,0,0,0,96.75,52.72,0.0,0.0,0.0,0.0,0.0,0,90,0,0.01,0,0,0,0,0,0,0
1780641965.865,0,0,0,0,0,96.77,52.72,0.0,0.0,0.0,0.0,0.0,0,90,0,0.01,0,0,0,0,0,0,0
1780641965.886,0,0,0,0,0,96.76,52.72,0.0,0.0,0.0,0.0,0.0,0,90,0,0.01,0,0,0,0,0,0,0
1780641965.906,0,0,0,0,0,96.74,52.71,0.0,0.0,0.0,0.0,0.0,0,90,0,0.01,0,0,0,0,0,0,0
1780641965.931,0,0,0,0,0,96.71,52.71,0.0,0.0,0.0,0.0,0.0,0,90,0,0.01,0,0,0,0,0,0,0
1780641965.949,0,0,0,0,0,96.68,52.7,0.0,0.0,0.0,0.0,0.0,0,90,0,0.01,0,0,0,0,0,0,0
1780641965.972,0,0,0,0,0,96.63,52.69,0.0,0.0,0.0,0.0,0.0,0,90,0,0.01,0,0,0,0,0,0,0
1780641965.993,0,0,0,0,0,96.58,52.68,0.0,0.0,0.0,0.0,0.0,0,90,0,0.01,0,0,0,0,0,0,0
1780641966.017,0,0,0,0,0,96.57,52.67,0.0,0.0,0.0,0.0,0.0,0,90,0,0.01,0,0,0,0,0,0,0
1780641966.036,0,0,0,0,0,96.58,52.66,0.0,0.0,0.0,0.0,0.0,0,90,0,0.01,0,0,0,0,0,0,0
1780641966.059,0,0,0,0,0,96.59,52.64,0.0,0.0,0.0,0.0,0.0,0,90,0,0.01,0,0,0,0,0,0,0
1780641966.078,0,0,0,0,0,96.57,52.64,0.0,0.0,0.0,0.0,0.0,0,90,0,0.01,0,0,0,0,0,0,0
1780641966.102,0,0,0,0,0,96.54,52.65,0.0,0.0,0.0,0.0,0.0,0,90,0,0.01,0,0,0,0,0,0,0
1780641966.122,0,0,0,0,0,96.51,52.64,0.0,0.0,0.0,0.0,0.0,0,90,0,0.01,0,0,0,0,0,0,0
1780641966.144,0,0,0,0,0,96.49,52.63,0.0,0.0,0.0,0.0,0.0,0,90,0,0.01,0,0,0,0,0,0,0
1780641966.165,0,0,0,0,0,96.5,52.62,0.0,0.0,0.0,0.0,0.0,0,90,0,0.01,0,0,0,0,0,0,0
1780641966.188,0,0,0,0,0,96.5,52.62,0.0,0.0,0.0,0.0,0.0,0,90,0,0.01,0,0,0,0,0,0,0
1780641966.207,0,0,0,0,0,96.48,52.63,0.0,0.0,0.0,0.0,0.0,0,90,0,0.01,0,0,0,0,0,0,0
1780641966.231,0,0,0,0,0,96.47,52.64,0.0,0.0,0.0,0.0,0.0,0,90,0,0.01,0,0,0,0,0,0,0
1780641966.25,0,0,0,0,0,96.46,52.64,0.0,0.0,0.0,0.0,0.0,0,90,0,0.01,0,0,0,0,0,0,0
1780641966.275,0,0,0,0,0,96.46,52.62,0.0,0.0,0.0,0.0,0.0,0,90,0,0.01,0,0,0,0,0,0,0
1780641966.294,0,0,0,0,0,96.47,52.6,0.0,0.0,0.0,0.0,0.0,0,90,0,0.01,0,0,0,0,0,0,0
1780641966.317,0,0,0,0,0,96.48,52.6,0.0,0.0,0.0,0.0,0.0,0,90,0,0.01,0,0,0,0,0,0,0
1780641966.337,0,0,0,0,0,96.5,52.61,0.0,0.0,0.0,0.0,0.0,0,90,0,0.01,0,0,0,0,0,0,0
1780641966.36,0,0,0,0,0,96.52,52.62,0.0,0.0,0.0,0.0,0.0,0,90,0,0.01,0,0,0,0,0,0,0
1780641966.38,0,0,0,0,0,96.52,52.63,0.0,0.0,0.0,0.0,0.0,0,90,0,0.01,0,0,0,0,0,0,0
1780641966.404,0,0,0,0,0,96.51,52.63,0.0,0.0,0.0,0.0,0.0,0,90,0,0.01,0,0,0,0,0,0,0
1780641966.423,0,0,0,0,0,96.48,52.62,0.0,0.0,0.0,0.0,0.0,0,90,0,0.01,0,0,0,0,0,0,0
1780641966.446,0,0,0,0,0,96.43,52.62,0.0,0.0,0.0,0.0,0.0,0,90,0,0.01,0,0,0,0,0,0,0
1780641966.467,0,0,0,0,0,96.37,52.62,0.0,0.0,0.0,0.0,0.0,0,90,0,0.01,0,0,0,0,0,0,0
1780641966.49,0,0,0,0,0,96.33,52.62,0.0,0.0,0.0,0.0,0.0,0,90,0,0.01,0,0,0,0,0,0,0
1780641966.508,0,0,0,0,0,96.32,52.63,0.0,0.0,0.0,0.0,0.0,0,90,0,0.01,0,0,0,0,0,0,0
1780641966.533,0,0,0,0,0,96.32,52.65,0.0,0.0,0.0,0.0,0.0,0,90,0,0.02,0,0,0,0,0,0,0
1780641966.553,0,0,0,0,0,96.33,52.66,0.0,0.0,0.0,0.0,0.0,0,90,0,0.02,0,0,0,0,0,0,0
1780641966.575,0,0,0,0,0,96.34,52.66,0.0,0.0,0.0,0.0,0.0,0,90,0,0.02,0,0,0,0,0,0,0
1780641966.595,0,0,0,0,0,96.35,52.65,0.0,0.0,0.0,0.0,0.0,0,90,0,0.02,0,0,0,0,0,0,0
1780641966.618,0,0,0,0,0,96.38,52.63,0.0,0.0,0.0,0.0,0.0,0,90,0,0.02,0,0,0,0,0,0,0
1780641966.642,0,0,0,0,0,96.4,52.62,0.0,0.0,0.0,0.0,0.0,0,90,0,0.02,0,0,0,0,0,0,0
1780641966.665,0,0,0,0,0,96.42,52.62,0.0,0.0,0.0,0.0,0.0,0,90,0,0.02,0,0,0,0,0,0,0
1780641966.689,0,0,0,0,0,96.44,52.61,0.0,0.0,0.0,0.0,0.0,0,90,0,0.02,0,0,0,0,0,0,0
1780641966.709,0,0,0,0,0,96.45,52.61,0.0,0.0,0.0,0.0,0.0,0,90,0,0.02,0,0,0,0,0,0,0
1780641966.73,0,0,0,0,0,96.44,52.6,0.0,0.0,0.0,0.0,0.0,0,90,0,0.02,0,0,0,0,0,0,0
1780641966.751,0,0,0,0,0,96.4,52.6,0.0,0.0,0.0,0.0,0.0,0,90,0,0.02,0,0,0,0,0,0,0
1780641966.774,0,0,0,0,0,96.35,52.59,0.0,0.0,0.0,0.0,0.0,0,90,0,0.02,0,0,0,0,0,0,0
1780641966.794,0,0,0,0,0,96.32,52.57,0.0,0.0,0.0,0.0,0.0,0,90,0,0.02,0,0,0,0,0,0,0
1780641966.818,0,0,0,0,0,96.31,52.55,0.0,0.0,0.0,0.0,0.0,0,90,0,0.02,0,0,0,0,0,0,0
1780641966.837,0,0,0,0,0,96.33,52.56,0.0,0.0,0.0,0.0,0.0,0,90,0,0.02,0,0,0,0,0,0,0
1780641966.86,0,0,0,0,0,96.37,52.58,0.0,0.0,0.0,0.0,0.0,0,90,0,0.02,0,0,0,0,0,0,0
1780641966.88,0,0,0,0,0,96.43,52.6,0.0,0.0,0.0,0.0,0.0,0,90,0,0.02,0,0,0,0,0,0,0
1780641966.904,0,0,0,0,0,96.47,52.6,0.0,0.0,0.0,0.0,0.0,0,90,0,0.02,0,0,0,0,0,0,0
1780641966.922,0,0,0,0,0,96.49,52.59,0.0,0.0,0.0,0.0,0.0,0,90,0,0.01,0,0,0,0,0,0,0
1780641966.945,0,0,0,0,0,96.48,52.57,0.0,0.0,0.0,0.0,0.0,0,90,0,0.01,0,0,0,0,0,0,0
1780641966.966,0,0,0,0,0,96.46,52.57,0.0,0.0,0.0,0.0,0.0,0,90,0,0.01,0,0,0,0,0,0,0
1780641966.989,0,0,0,0,0,96.45,52.57,0.0,0.0,0.0,0.0,0.0,0,90,0,0.01,0,0,0,0,0,0,0
1780641967.008,0,0,0,0,0,96.46,52.56,0.0,0.0,0.0,0.0,0.0,0,90,0,0.01,0,0,0,0,0,0,0
1780641967.031,0,0,0,0,0,96.49,52.54,0.0,0.0,0.0,0.0,0.0,0,90,0,0.01,0,0,0,0,0,0,0
1780641967.051,0,0,0,0,0,96.52,52.53,0.0,0.0,0.0,0.0,0.0,0,90,0,0.01,0,0,0,0,0,0,0
1780641967.074,0,0,0,0,0,96.52,52.52,0.0,0.0,0.0,0.0,0.0,0,90,0,0.01,0,0,0,0,0,0,0
1780641967.095,0,0,0,0,0,96.49,52.53,0.0,0.0,0.0,0.0,0.0,0,90,0,0.01,0,0,0,0,0,0,0
1780641967.118,0,0,0,0,0,96.44,52.56,0.0,0.0,0.0,0.0,0.0,0,90,0,0.0,0,0,0,0,0,0,0
1780641967.137,0,0,0,0,0,96.38,52.61,0.0,0.0,0.0,0.0,0.0,0,90,0,0.0,0,0,0,0,0,0,0
1780641967.16,0,0,0,0,0,96.32,52.66,0.0,0.0,0.0,0.0,0.0,0,90,0,0.0,0,0,0,0,0,0,0
1780641967.18,0,0,0,0,0,96.25,52.7,0.0,0.0,0.0,0.0,0.0,0,90,0,0.0,0,0,0,0,0,0,0
1780641967.204,0,0,0,0,0,96.19,52.72,0.0,0.0,0.0,0.0,0.0,0,90,0,0.01,0,0,0,0,0,0,0
1780641967.223,0,0,0,0,0,96.14,52.72,0.0,0.0,0.0,0.0,0.0,0,90,0,0.01,0,0,0,0,0,0,0
1780641967.246,0,0,0,0,0,96.12,52.7,0.0,0.0,0.0,0.0,0.0,0,90,0,0.01,0,0,0,0,0,0,0
1780641967.267,0,0,0,0,0,96.1,52.68,0.0,0.0,0.0,0.0,0.0,0,90,0,0.01,0,0,0,0,0,0,0
1780641967.29,0,0,0,0,0,96.1,52.68,0.0,0.0,0.0,0.0,0.0,0,90,0,0.01,0,0,0,0,0,0,0
1780641967.31,0,0,0,0,0,96.1,52.7,0.0,0.0,0.0,0.0,0.0,0,90,0,0.01,0,0,0,0,0,0,0
1780641967.333,0,0,0,0,0,96.12,52.72,0.0,0.0,0.0,0.0,0.0,0,90,0,0.01,0,0,0,0,0,0,0
1780641967.353,0,0,0,0,0,96.16,52.72,0.0,0.0,0.0,0.0,0.0,0,90,0,0.02,0,0,0,0,0,0,0
1780641967.376,0,0,0,0,0,96.21,52.73,0.0,0.0,0.0,0.0,0.0,0,90,0,0.02,0,0,0,0,0,0,0
1780641967.396,0,0,0,0,0,96.23,52.71,0.0,0.0,0.0,0.0,0.0,0,90,0,0.02,0,0,0,0,0,0,0
1780641967.419,0,0,0,0,0,96.24,52.69,0.0,0.0,0.0,0.0,0.0,0,90,0,0.02,0,0,0,0,0,0,0
1780641967.439,0,0,0,0,0,96.23,52.65,0.0,0.0,0.0,0.0,0.0,0,90,0,0.02,0,0,0,0,0,0,0
1780641967.462,0,0,0,0,0,96.22,52.62,0.0,0.0,0.0,0.0,0.0,0,90,0,0.02,0,0,0,0,0,0,0
1780641967.481,0,0,0,0,0,96.2,52.59,0.0,0.0,0.0,0.0,0.0,0,90,0,0.02,0,0,0,0,0,0,0
1780641967.505,0,0,0,0,0,96.19,52.55,0.0,0.0,0.0,0.0,0.0,0,90,0,0.02,0,0,0,0,0,0,0
1780641967.525,0,0,0,0,0,96.19,52.52,0.0,0.0,0.0,0.0,0.0,0,90,0,0.02,0,0,0,0,0,0,0
1780641967.548,0,0,0,0,0,96.21,52.5,0.0,0.0,0.0,0.0,0.0,0,90,0,0.02,0,0,0,0,0,0,0
1780641967.568,0,0,0,0,0,96.23,52.48,0.0,0.0,0.0,0.0,0.0,0,90,0,0.02,0,0,0,0,0,0,0
1780641967.59,0,0,0,0,0,96.27,52.5,0.0,0.0,0.0,0.0,0.0,0,90,0,0.02,0,0,0,0,0,0,0
1780641967.609,0,0,0,0,0,96.32,52.52,0.0,0.0,0.0,0.0,0.0,0,90,0,0.02,0,0,0,0,0,0,0
1780641967.634,0,0,0,0,0,96.38,52.55,0.0,0.0,0.0,0.0,0.0,0,90,0,0.02,0,0,0,0,0,0,0
1780641967.654,0,0,0,0,0,96.42,52.57,0.0,0.0,0.0,0.0,0.0,0,90,0,0.02,0,0,0,0,0,0,0
1780641967.676,0,0,0,0,0,96.43,52.57,0.0,0.0,0.0,0.0,0.0,0,90,0,0.02,0,0,0,0,0,0,0
1780641967.696,0,0,0,0,0,96.41,52.56,0.0,0.0,0.0,0.0,0.0,0,90,0,0.02,0,0,0,0,0,0,0
1780641967.72,0,0,0,0,0,96.38,52.57,0.0,0.0,0.0,0.0,0.0,0,90,0,0.02,0,0,0,0,0,0,0
1780641967.74,0,0,0,0,0,96.34,52.57,0.0,0.0,0.0,0.0,0.0,0,90,0,0.02,0,0,0,0,0,0,0
1780641967.763,0,0,0,0,0,96.29,52.57,0.0,0.0,0.0,0.0,0.0,0,90,0,0.02,0,0,0,0,0,0,0
1780641967.782,0,0,0,0,0,96.23,52.56,0.0,0.0,0.0,0.0,0.0,0,90,0,0.02,0,0,0,0,0,0,0
1780641967.807,0,0,0,0,0,96.19,52.55,0.0,0.0,0.0,0.0,0.0,0,90,0,0.02,0,0,0,0,0,0,0
1780641967.824,0,0,0,0,0,96.17,52.54,0.0,0.0,0.0,0.0,0.0,0,90,0,0.02,0,0,0,0,0,0,0
1780641967.849,0,0,0,0,0,96.16,52.54,0.0,0.0,0.0,0.0,0.0,0,90,0,0.02,0,0,0,0,0,0,0
1780641967.87,0,0,0,0,0,96.18,52.55,0.0,0.0,0.0,0.0,0.0,0,90,0,0.02,0,0,0,0,0,0,0
1780641967.891,0,0,0,0,0,96.22,52.55,0.0,0.0,0.0,0.0,0.0,0,90,0,0.02,0,0,0,0,0,0,0
1780641967.911,0,0,0,0,0,96.28,52.55,0.0,0.0,0.0,0.0,0.0,0,90,0,0.02,0,0,0,0,0,0,0
1780641967.935,0,0,0,0,0,96.34,52.55,0.0,0.0,0.0,0.0,0.0,0,90,0,0.02,0,0,0,0,0,0,0
1780641967.957,0,0,0,0,0,96.39,52.55,0.0,0.0,0.0,0.0,0.0,0,90,0,0.02,0,0,0,0,0,0,0
1780641967.981,0,0,0,0,0,96.41,52.57,0.0,0.0,0.0,0.0,0.0,0,90,0,0.02,0,0,0,0,0,0,0
1780641968.001,0,0,0,0,0,96.43,52.57,0.0,0.0,0.0,0.0,0.0,0,90,0,0.02,0,0,0,0,0,0,0
1780641968.024,0,0,0,0,0,96.45,52.56,0.0,0.0,0.0,0.0,0.0,0,90,0,0.02,0,0,0,0,0,0,0
1780641968.045,0,0,0,0,0,96.46,52.56,0.0,0.0,0.0,0.0,0.0,0,90,0,0.02,0,0,0,0,0,0,0
1780641968.068,0,0,0,0,0,96.45,52.56,0.0,0.0,0.0,0.0,0.0,0,90,0,0.02,0,0,0,0,0,0,0
1780641968.087,0,0,0,0,0,96.46,52.56,0.0,0.0,0.0,0.0,0.0,0,90,0,0.02,0,0,0,0,0,0,0
1780641968.11,0,0,0,0,0,96.48,52.56,0.0,0.0,0.0,0.0,0.0,0,90,0,0.02,0,0,0,0,0,0,0
1780641968.129,0,0,0,0,0,96.52,52.57,0.0,0.0,0.0,0.0,0.0,0,90,0,0.02,0,0,0,0,0,0,0
1780641968.153,0,0,0,0,0,96.56,52.59,0.0,0.0,0.0,0.0,0.0,0,90,0,0.02,0,0,0,0,0,0,0
1780641968.174,0,0,0,0,0,96.6,52.62,0.0,0.0,0.0,0.0,0.0,0,90,0,0.02,0,0,0,0,0,0,0
1780641968.196,0,0,0,0,0,96.63,52.65,0.0,0.0,0.0,0.0,0.0,0,90,0,0.02,0,0,0,0,0,0,0
1780641968.214,0,0,0,0,0,96.65,52.65,0.0,0.0,0.0,0.0,0.0,0,90,0,0.02,0,0,0,0,0,0,0
1780641968.239,0,0,0,0,0,96.65,52.62,0.0,0.0,0.0,0.0,0.0,0,90,0,0.02,0,0,0,0,0,0,0
1780641968.258,0,0,0,0,0,96.63,52.59,0.0,0.0,0.0,0.0,0.0,0,90,0,0.03,0,0,0,0,0,0,0
1780641968.281,0,0,0,0,0,96.59,52.56,0.0,0.0,0.0,0.0,0.0,0,90,0,0.03,0,0,0,0,0,0,0
1780641968.306,0,0,0,0,0,96.55,52.53,0.0,0.0,0.0,0.0,0.0,0,90,0,0.03,0,0,0,0,0,0,0
1780641968.329,0,0,0,0,0,96.53,52.52,0.0,0.0,0.0,0.0,0.0,0,90,0,0.03,0,0,0,0,0,0,0
1780641968.352,0,0,0,0,0,96.53,52.52,0.0,0.0,0.0,0.0,0.0,0,90,0,0.03,0,0,0,0,0,0,0
1780641968.372,0,0,0,0,0,96.53,52.53,0.0,0.0,0.0,0.0,0.0,0,90,0,0.03,0,0,0,0,0,0,0
1780641968.396,0,0,0,0,0,96.54,52.55,0.0,0.0,0.0,0.0,0.0,0,90,0,0.02,0,0,0,0,0,0,0
1780641968.415,0,0,0,0,0,96.55,52.56,0.0,0.0,0.0,0.0,0.0,0,90,0,0.02,0,0,0,0,0,0,0
1780641968.438,0,0,0,0,0,96.55,52.58,0.0,0.0,0.0,0.0,0.0,0,90,0,0.02,0,0,0,0,0,0,0
1780641968.458,0,0,0,0,0,96.55,52.6,0.0,0.0,0.0,0.0,0.0,0,90,0,0.02,0,0,0,0,0,0,0
1780641968.481,0,0,0,0,0,96.57,52.62,0.0,0.0,0.0,0.0,0.0,0,90,0,0.02,0,0,0,0,0,0,0
1780641968.5,0,0,0,0,0,96.59,52.63,0.0,0.0,0.0,0.0,0.0,0,90,0,0.02,0,0,0,0,0,0,0
1780641968.525,0,0,0,0,0,96.61,52.63,0.0,0.0,0.0,0.0,0.0,0,90,0,0.02,0,0,0,0,0,0,0
1780641968.543,0,0,0,0,0,96.62,52.64,0.0,0.0,0.0,0.0,0.0,0,90,0,0.02,0,0,0,0,0,0,0
1780641968.567,0,0,0,0,0,96.61,52.64,0.0,0.0,0.0,0.0,0.0,0,90,0,0.02,0,0,0,0,0,0,0
1780641968.587,0,0,0,0,0,96.61,52.64,0.0,0.0,0.0,0.0,0.0,0,90,0,0.02,0,0,0,0,0,0,0
1780641968.61,0,0,0,0,0,96.59,52.65,0.0,0.0,0.0,0.0,0.0,0,90,0,0.02,0,0,0,0,0,0,0
1780641968.629,0,0,0,0,0,96.54,52.65,0.0,0.0,0.0,0.0,0.0,0,90,0,0.02,0,0,0,0,0,0,0
1780641968.652,0,0,0,0,0,96.47,52.66,0.0,0.0,0.0,0.0,0.0,0,90,0,0.02,0,0,0,0,0,0,0
1780641968.671,0,0,0,0,0,96.41,52.66,0.0,0.0,0.0,0.0,0.0,0,90,0,0.02,0,0,0,0,0,0,0
1780641968.695,0,0,0,0,0,96.38,52.66,0.0,0.0,0.0,0.0,0.0,0,90,0,0.02,0,0,0,0,0,0,0
1780641968.715,0,0,0,0,0,96.38,52.66,0.0,0.0,0.0,0.0,0.0,0,90,0,0.02,0,0,0,0,0,0,0
1780641968.737,0,0,0,0,0,96.4,52.69,0.0,0.0,0.0,0.0,0.0,0,90,0,0.02,0,0,0,0,0,0,0
1780641968.757,0,0,0,0,0,96.41,52.72,0.0,0.0,0.0,0.0,0.0,0,90,0,0.02,0,0,0,0,0,0,0
1780641968.781,0,0,0,0,0,96.42,52.74,0.0,0.0,0.0,0.0,0.0,0,90,0,0.02,0,0,0,0,0,0,0
1780641968.801,0,0,0,0,0,96.43,52.73,0.0,0.0,0.0,0.0,0.0,0,90,0,0.02,0,0,0,0,0,0,0
1780641968.825,0,0,0,0,0,96.44,52.72,0.0,0.0,0.0,0.0,0.0,0,90,0,0.02,0,0,0,0,0,0,0
1780641968.847,0,0,0,0,0,96.44,52.71,0.0,0.0,0.0,0.0,0.0,0,90,0,0.02,0,0,0,0,0,0,0
1780641968.871,0,0,0,0,0,96.44,52.72,0.0,0.0,0.0,0.0,0.0,0,90,0,0.02,0,0,0,0,0,0,0
1780641968.89,0,0,0,0,0,96.45,52.72,0.0,0.0,0.0,0.0,0.0,0,90,0,0.02,0,0,0,0,0,0,0
1780641968.913,0,0,0,0,0,96.45,52.71,0.0,0.0,0.0,0.0,0.0,0,90,0,0.01,0,0,0,0,0,0,0
1780641968.933,0,0,0,0,0,96.44,52.69,0.0,0.0,0.0,0.0,0.0,0,90,0,0.01,0,0,0,0,0,0,0
1780641968.956,0,0,0,0,0,96.41,52.68,0.0,0.0,0.0,0.0,0.0,0,90,0,0.01,0,0,0,0,0,0,0
1780641968.976,0,0,0,0,0,96.4,52.69,0.0,0.0,0.0,0.0,0.0,0,90,0,0.01,0,0,0,0,0,0,0
1780641968.999,0,0,0,0,0,96.4,52.72,0.0,0.0,0.0,0.0,0.0,0,90,0,0.01,0,0,0,0,0,0,0
1780641969.019,0,0,0,0,0,96.41,52.76,0.0,0.0,0.0,0.0,0.0,0,90,0,0.01,0,0,0,0,0,0,0
1780641969.043,0,0,0,0,0,96.42,52.8,0.0,0.0,0.0,0.0,0.0,0,90,0,0.01,0,0,0,0,0,0,0
1780641969.061,0,0,0,0,0,96.44,52.81,0.0,0.0,0.0,0.0,0.0,0,90,0,0.01,0,0,0,0,0,0,0
1780641969.085,0,0,0,0,0,96.46,52.82,0.0,0.0,0.0,0.0,0.0,0,90,0,0.01,0,0,0,0,0,0,0
1780641969.104,0,0,0,0,0,96.46,52.81,0.0,0.0,0.0,0.0,0.0,0,90,0,0.01,0,0,0,0,0,0,0
1780641969.128,0,0,0,0,0,96.45,52.81,0.0,0.0,0.0,0.0,0.0,0,90,0,0.01,0,0,0,0,0,0,0
1780641969.148,0,0,0,0,0,96.42,52.81,0.0,0.0,0.0,0.0,0.0,0,90,0,0.01,0,0,0,0,0,0,0
1780641969.171,0,0,0,0,0,96.4,52.81,0.0,0.0,0.0,0.0,0.0,0,90,0,0.01,0,0,0,0,0,0,0
1780641969.189,0,0,0,0,0,96.41,52.81,0.0,0.0,0.0,0.0,0.0,0,90,0,0.01,0,0,0,0,0,0,0
1780641969.213,0,0,0,0,0,96.45,52.8,0.0,0.0,0.0,0.0,0.0,0,90,0,0.01,0,0,0,0,0,0,0
1780641969.232,0,0,0,0,0,96.49,52.79,0.0,0.0,0.0,0.0,0.0,0,90,0,0.01,0,0,0,0,0,0,0
1780641969.257,0,0,0,0,0,96.51,52.79,0.0,0.0,0.0,0.0,0.0,0,90,0,0.01,0,0,0,0,0,0,0
1780641969.275,0,0,0,0,0,96.5,52.78,0.0,0.0,0.0,0.0,0.0,0,90,0,0.01,0,0,0,0,0,0,0
1780641969.299,0,0,0,0,0,96.46,52.77,0.0,0.0,0.0,0.0,0.0,0,90,0,0.01,0,0,0,0,0,0,0
1780641969.32,0,0,0,0,0,96.4,52.76,0.0,0.0,0.0,0.0,0.0,0,90,0,0.01,0,0,0,0,0,0,0
1780641969.341,0,0,0,0,0,96.33,52.77,0.0,0.0,0.0,0.0,0.0,0,90,0,0.01,0,0,0,0,0,0,0
1780641969.362,0,0,0,0,0,96.25,52.78,0.0,0.0,0.0,0.0,0.0,0,90,0,0.01,0,0,0,0,0,0,0
1780641969.385,0,0,0,0,0,96.19,52.79,0.0,0.0,0.0,0.0,0.0,0,90,0,0.01,0,0,0,0,0,0,0
1780641969.404,0,0,0,0,0,96.16,52.78,0.0,0.0,0.0,0.0,0.0,0,90,0,0.01,0,0,0,0,0,0,0
1780641969.428,0,0,0,0,0,96.16,52.76,0.0,0.0,0.0,0.0,0.0,0,90,0,0.01,0,0,0,0,0,0,0
1780641969.447,0,0,0,0,0,96.18,52.75,0.0,0.0,0.0,0.0,0.0,0,90,0,0.01,0,0,0,0,0,0,0
1780641969.471,0,0,0,0,0,96.19,52.74,0.0,0.0,0.0,0.0,0.0,0,90,0,0.01,0,0,0,0,0,0,0
1780641969.49,0,0,0,0,0,96.2,52.73,0.0,0.0,0.0,0.0,0.0,0,90,0,0.01,0,0,0,0,0,0,0
1780641969.514,0,0,0,0,0,96.22,52.71,0.0,0.0,0.0,0.0,0.0,0,90,0,0.01,0,0,0,0,0,0,0
1780641969.538,0,0,0,0,0,96.23,52.7,0.0,0.0,0.0,0.0,0.0,0,90,0,0.01,0,0,0,0,0,0,0
1780641969.561,0,0,0,0,0,96.24,52.7,0.0,0.0,0.0,0.0,0.0,0,90,0,0.01,0,0,0,0,0,0,0
1780641969.58,0,0,0,0,0,96.23,52.72,0.0,0.0,0.0,0.0,0.0,0,90,0,0.01,0,0,0,0,0,0,0
1780641969.604,0,0,0,0,0,96.21,52.74,0.0,0.0,0.0,0.0,0.0,0,90,0,0.01,0,0,0,0,0,0,0
1780641969.626,0,0,0,0,0,96.17,52.75,0.0,0.0,0.0,0.0,0.0,0,90,0,0.01,0,0,0,0,0,0,0
1780641969.65,0,0,0,0,0,96.14,52.74,0.0,0.0,0.0,0.0,0.0,0,90,0,0.01,0,0,0,0,0,0,0
1780641969.674,0,0,0,0,0,96.13,52.73,0.0,0.0,0.0,0.0,0.0,0,90,0,0.01,0,0,0,0,0,0,0
1780641969.694,0,0,0,0,0,96.12,52.72,0.0,0.0,0.0,0.0,0.0,0,90,0,0.01,0,0,0,0,0,0,0
1780641969.716,0,0,0,0,0,96.12,52.71,0.0,0.0,0.0,0.0,0.0,0,90,0,0.01,0,0,0,0,0,0,0
1780641969.736,0,0,0,0,0,96.13,52.72,0.0,0.0,0.0,0.0,0.0,0,90,0,0.02,0,0,0,0,0,0,0
1780641969.76,0,0,0,0,0,96.15,52.73,0.0,0.0,0.0,0.0,0.0,0,90,0,0.02,0,0,0,0,0,0,0
1780641969.779,0,0,0,0,0,96.18,52.72,0.0,0.0,0.0,0.0,0.0,0,90,0,0.02,0,0,0,0,0,0,0
1780641969.802,0,0,0,0,0,96.21,52.72,0.0,0.0,0.0,0.0,0.0,0,90,0,0.02,0,0,0,0,0,0,0
1780641969.822,0,0,0,0,0,96.25,52.74,0.0,0.0,0.0,0.0,0.0,0,90,0,0.02,0,0,0,0,0,0,0
1780641969.846,0,0,0,0,0,96.3,52.76,0.0,0.0,0.0,0.0,0.0,0,90,0,0.02,0,0,0,0,0,0,0
1780641969.865,0,0,0,0,0,96.35,52.77,0.0,0.0,0.0,0.0,0.0,0,90,0,0.02,0,0,0,0,0,0,0
1780641969.889,0,0,0,0,0,96.4,52.77,0.0,0.0,0.0,0.0,0.0,0,90,0,0.02,0,0,0,0,0,0,0
1780641969.909,0,0,0,0,0,96.45,52.76,0.0,0.0,0.0,0.0,0.0,0,90,0,0.02,0,0,0,0,0,0,0
1780641969.932,0,0,0,0,0,96.49,52.76,0.0,0.0,0.0,0.0,0.0,0,90,0,0.02,0,0,0,0,0,0,0
1780641969.951,0,0,0,0,0,96.5,52.76,0.0,0.0,0.0,0.0,0.0,0,90,0,0.02,0,0,0,0,0,0,0
1780641969.974,0,0,0,0,0,96.48,52.75,0.0,0.0,0.0,0.0,0.0,0,90,0,0.02,0,0,0,0,0,0,0
1780641969.994,0,0,0,0,0,96.44,52.75,0.0,0.0,0.0,0.0,0.0,0,90,0,0.02,0,0,0,0,0,0,0
1780641970.018,0,0,0,0,0,96.39,52.74,0.0,0.0,0.0,0.0,0.0,0,90,0,0.02,0,0,0,0,0,0,0
1780641970.037,0,0,0,0,0,96.37,52.73,0.0,0.0,0.0,0.0,0.0,0,90,0,0.02,0,0,0,0,0,0,0
1780641970.061,0,0,0,0,0,96.39,52.73,0.0,0.0,0.0,0.0,0.0,0,90,0,0.02,0,0,0,0,0,0,0
1780641970.079,0,0,0,0,0,96.4,52.73,0.0,0.0,0.0,0.0,0.0,0,90,0,0.02,0,0,0,0,0,0,0
1780641970.102,0,0,0,0,0,96.4,52.73,0.0,0.0,0.0,0.0,0.0,0,90,0,0.02,0,0,0,0,0,0,0
1780641970.122,0,0,0,0,0,96.39,52.72,0.0,0.0,0.0,0.0,0.0,0,90,0,0.02,0,0,0,0,0,0,0
1780641970.145,0,0,0,0,0,96.39,52.72,0.0,0.0,0.0,0.0,0.0,0,90,0,0.02,0,0,0,0,0,0,0
1780641970.165,0,0,0,0,0,96.41,52.71,0.0,0.0,0.0,0.0,0.0,0,90,0,0.02,0,0,0,0,0,0,0
1780641970.188,0,0,0,0,0,96.43,52.68,0.0,0.0,0.0,0.0,0.0,0,90,0,0.02,0,0,0,0,0,0,0
1780641970.208,0,0,0,0,0,96.44,52.65,0.0,0.0,0.0,0.0,0.0,0,90,0,0.02,0,0,0,0,0,0,0
1780641970.232,0,0,0,0,0,96.43,52.63,0.0,0.0,0.0,0.0,0.0,0,90,0,0.02,0,0,0,0,0,0,0
1780641970.252,0,0,0,0,0,96.4,52.61,0.0,0.0,0.0,0.0,0.0,0,90,0,0.02,0,0,0,0,0,0,0
1780641970.274,0,0,0,0,0,96.37,52.61,0.0,0.0,0.0,0.0,0.0,0,90,0,0.02,0,0,0,0,0,0,0
1780641970.294,0,0,0,0,0,96.35,52.61,0.0,0.0,0.0,0.0,0.0,0,90,0,0.02,0,0,0,0,0,0,0
1780641970.317,0,0,0,0,0,96.34,52.61,0.0,0.0,0.0,0.0,0.0,0,90,0,0.01,0,0,0,0,0,0,0
1780641970.336,0,0,0,0,0,96.34,52.61,0.0,0.0,0.0,0.0,0.0,0,90,0,0.01,0,0,0,0,0,0,0
1780641970.36,0,0,0,0,0,96.32,52.62,0.0,0.0,0.0,0.0,0.0,0,90,0,0.01,0,0,0,0,0,0,0
1780641970.379,0,0,0,0,0,96.31,52.62,0.0,0.0,0.0,0.0,0.0,0,90,0,0.01,0,0,0,0,0,0,0
1780641970.403,0,0,0,0,0,96.31,52.62,0.0,0.0,0.0,0.0,0.0,0,90,0,0.01,0,0,0,0,0,0,0
1780641970.423,0,0,0,0,0,96.3,52.62,0.0,0.0,0.0,0.0,0.0,0,90,0,0.01,0,0,0,0,0,0,0
1780641970.447,0,0,0,0,0,96.3,52.63,0.0,0.0,0.0,0.0,0.0,0,90,0,0.01,0,0,0,0,0,0,0
1780641970.466,0,0,0,0,0,96.31,52.67,0.0,0.0,0.0,0.0,0.0,0,90,0,0.01,0,0,0,0,0,0,0
1780641970.489,0,0,0,0,0,96.31,52.7,0.0,0.0,0.0,0.0,0.0,0,90,0,0.01,0,0,0,0,0,0,0
1780641970.509,0,0,0,0,0,96.33,52.71,0.0,0.0,0.0,0.0,0.0,0,90,0,0.01,0,0,0,0,0,0,0
1780641970.533,0,0,0,0,0,96.39,52.71,0.0,0.0,0.0,0.0,0.0,0,90,0,0.01,0,0,0,0,0,0,0
1780641970.552,0,0,0,0,0,96.48,52.71,0.0,0.0,0.0,0.0,0.0,0,90,0,0.01,0,0,0,0,0,0,0
1780641970.575,0,0,0,0,0,96.56,52.71,0.0,0.0,0.0,0.0,0.0,0,90,0,0.01,0,0,0,0,0,0,0
1780641970.594,0,0,0,0,0,96.62,52.71,0.0,0.0,0.0,0.0,0.0,0,90,0,0.01,0,0,0,0,0,0,0
1780641970.619,0,0,0,0,0,96.66,52.72,0.0,0.0,0.0,0.0,0.0,0,90,0,0.02,0,0,0,0,0,0,0
1780641970.638,0,0,0,0,0,96.68,52.72,0.0,0.0,0.0,0.0,0.0,0,90,0,0.02,0,0,0,0,0,0,0
1780641970.662,0,0,0,0,0,96.68,52.74,0.0,0.0,0.0,0.0,0.0,0,90,0,0.02,0,0,0,0,0,0,0
1780641970.681,0,0,0,0,0,96.67,52.75,0.0,0.0,0.0,0.0,0.0,0,90,0,0.02,0,0,0,0,0,0,0
1780641970.703,0,0,0,0,0,96.66,52.75,0.0,0.0,0.0,0.0,0.0,0,90,0,0.02,0,0,0,0,0,0,0
1780641970.724,0,0,0,0,0,96.67,52.75,0.0,0.0,0.0,0.0,0.0,0,90,0,0.02,0,0,0,0,0,0,0
1780641970.747,0,0,0,0,0,96.69,52.77,0.0,0.0,0.0,0.0,0.0,0,90,0,0.02,0,0,0,0,0,0,0
1780641970.767,0,0,0,0,0,96.69,52.79,0.0,0.0,0.0,0.0,0.0,0,90,0,0.02,0,0,0,0,0,0,0
1780641970.79,0,0,0,0,0,96.68,52.8,0.0,0.0,0.0,0.0,0.0,0,90,0,0.02,0,0,0,0,0,0,0
1780641970.809,0,0,0,0,0,96.67,52.81,0.0,0.0,0.0,0.0,0.0,0,90,0,0.02,0,0,0,0,0,0,0
1780641970.833,0,0,0,0,0,96.66,52.84,0.0,0.0,0.0,0.0,0.0,0,90,0,0.02,0,0,0,0,0,0,0
1780641970.852,0,0,0,0,0,96.67,52.87,0.0,0.0,0.0,0.0,0.0,0,90,0,0.02,0,0,0,0,0,0,0
1780641970.876,0,0,0,0,0,96.69,52.89,0.0,0.0,0.0,0.0,0.0,0,90,0,0.02,0,0,0,0,0,0,0
1780641970.896,0,0,0,0,0,96.69,52.92,0.0,0.0,0.0,0.0,0.0,0,90,0,0.02,0,0,0,0,0,0,0
1780641970.919,0,0,0,0,0,96.69,52.93,0.0,0.0,0.0,0.0,0.0,0,90,0,0.02,0,0,0,0,0,0,0
1780641970.939,0,0,0,0,0,96.68,52.93,0.0,0.0,0.0,0.0,0.0,0,90,0,0.02,0,0,0,0,0,0,0
1780641970.963,0,0,0,0,0,96.66,52.92,0.0,0.0,0.0,0.0,0.0,0,90,0,0.02,0,0,0,0,0,0,0
1780641970.982,0,0,0,0,0,96.63,52.91,0.0,0.0,0.0,0.0,0.0,0,90,0,0.02,0,0,0,0,0,0,0
1780641971.006,0,0,0,0,0,96.62,52.89,0.0,0.0,0.0,0.0,0.0,0,90,0,0.02,0,0,0,0,0,0,0
1780641971.025,0,0,0,0,0,96.61,52.87,0.0,0.0,0.0,0.0,0.0,0,90,0,0.02,0,0,0,0,0,0,0
1780641971.049,0,0,0,0,0,96.61,52.86,0.0,0.0,0.0,0.0,0.0,0,90,0,0.02,0,0,0,0,0,0,0
1780641971.073,0,0,0,0,0,96.61,52.85,0.0,0.0,0.0,0.0,0.0,0,90,0,0.02,0,0,0,0,0,0,0
1780641971.096,0,0,0,0,0,96.6,52.84,0.0,0.0,0.0,0.0,0.0,0,90,0,0.02,0,0,0,0,0,0,0
1780641971.115,0,0,0,0,0,96.57,52.82,0.0,0.0,0.0,0.0,0.0,0,90,0,0.02,0,0,0,0,0,0,0
1780641971.138,0,0,0,0,0,96.55,52.82,0.0,0.0,0.0,0.0,0.0,0,90,0,0.02,0,0,0,0,0,0,0
1780641971.158,0,0,0,0,0,96.53,52.81,0.0,0.0,0.0,0.0,0.0,0,90,0,0.02,0,0,0,0,0,0,0
1780641971.183,0,0,0,0,0,96.54,52.8,0.0,0.0,0.0,0.0,0.0,0,90,0,0.02,0,0,0,0,0,0,0
1780641971.202,0,0,0,0,0,96.54,52.78,0.0,0.0,0.0,0.0,0.0,0,90,0,0.02,0,0,0,0,0,0,0
1780641971.224,0,0,0,0,0,96.56,52.75,0.0,0.0,0.0,0.0,0.0,0,90,0,0.02,0,0,0,0,0,0,0
1780641971.243,0,0,0,0,0,96.57,52.74,0.0,0.0,0.0,0.0,0.0,0,90,0,0.02,0,0,0,0,0,0,0
1780641971.266,0,0,0,0,0,96.59,52.72,0.0,0.0,0.0,0.0,0.0,0,90,0,0.02,0,0,0,0,0,0,0
1780641971.287,0,0,0,0,0,96.59,52.7,0.0,0.0,0.0,0.0,0.0,0,90,0,0.02,0,0,0,0,0,0,0
1780641971.31,0,0,0,0,0,96.6,52.68,0.0,0.0,0.0,0.0,0.0,0,90,0,0.02,0,0,0,0,0,0,0
1780641971.328,0,0,0,0,0,96.6,52.68,0.0,0.0,0.0,0.0,0.0,0,90,0,0.02,0,0,0,0,0,0,0
1780641971.352,0,0,0,0,0,96.59,52.69,0.0,0.0,0.0,0.0,0.0,0,90,0,0.02,0,0,0,0,0,0,0
1780641971.375,0,0,0,0,0,96.58,52.68,0.0,0.0,0.0,0.0,0.0,0,90,0,0.02,0,0,0,0,0,0,0
1780641971.398,0,0,0,0,0,96.57,52.65,0.0,0.0,0.0,0.0,0.0,0,90,0,0.02,0,0,0,0,0,0,0
1780641971.422,0,0,0,0,0,96.57,52.62,0.0,0.0,0.0,0.0,0.0,0,90,0,0.02,0,0,0,0,0,0,0
1780641971.442,0,0,0,0,0,96.59,52.59,0.0,0.0,0.0,0.0,0.0,0,90,0,0.01,0,0,0,0,0,0,0
1780641971.465,0,0,0,0,0,96.62,52.57,0.0,0.0,0.0,0.0,0.0,0,90,0,0.01,0,0,0,0,0,0,0
1780641971.485,0,0,0,0,0,96.63,52.57,0.0,0.0,0.0,0.0,0.0,0,90,0,0.01,0,0,0,0,0,0,0
1780641971.508,0,0,0,0,0,96.63,52.57,0.0,0.0,0.0,0.0,0.0,0,90,0,0.01,0,0,0,0,0,0,0
1780641971.527,0,0,0,0,0,96.62,52.56,0.0,0.0,0.0,0.0,0.0,0,90,0,0.01,0,0,0,0,0,0,0
1780641971.552,0,0,0,0,0,96.6,52.55,0.0,0.0,0.0,0.0,0.0,0,90,0,0.01,0,0,0,0,0,0,0
1780641971.571,0,0,0,0,0,96.57,52.56,0.0,0.0,0.0,0.0,0.0,0,90,0,0.01,0,0,0,0,0,0,0
1780641971.595,0,0,0,0,0,96.57,52.57,0.0,0.0,0.0,0.0,0.0,0,90,0,0.01,0,0,0,0,0,0,0
1780641971.614,0,0,0,0,0,96.59,52.56,0.0,0.0,0.0,0.0,0.0,0,90,0,0.01,0,0,0,0,0,0,0
1780641971.639,0,0,0,0,0,96.61,52.55,0.0,0.0,0.0,0.0,0.0,0,90,0,0.01,0,0,0,0,0,0,0
1780641971.657,0,0,0,0,0,96.63,52.55,0.0,0.0,0.0,0.0,0.0,0,90,0,0.01,0,0,0,0,0,0,0
1780641971.682,0,0,0,0,0,96.63,52.57,0.0,0.0,0.0,0.0,0.0,0,90,0,0.01,0,0,0,0,0,0,0
1780641971.7,0,0,0,0,0,96.6,52.58,0.0,0.0,0.0,0.0,0.0,0,90,0,0.02,0,0,0,0,0,0,0
1780641971.723,0,0,0,0,0,96.55,52.6,0.0,0.0,0.0,0.0,0.0,0,90,0,0.02,0,0,0,0,0,0,0
1780641971.743,0,0,0,0,0,96.49,52.6,0.0,0.0,0.0,0.0,0.0,0,90,0,0.02,0,0,0,0,0,0,0
1780641971.766,0,0,0,0,0,96.43,52.58,0.0,0.0,0.0,0.0,0.0,0,90,0,0.02,0,0,0,0,0,0,0
1780641971.787,0,0,0,0,0,96.4,52.56,0.0,0.0,0.0,0.0,0.0,0,90,0,0.02,0,0,0,0,0,0,0
1780641971.809,0,0,0,0,0,96.39,52.54,0.0,0.0,0.0,0.0,0.0,0,90,0,0.02,0,0,0,0,0,0,0
1780641971.828,0,0,0,0,0,96.42,52.53,0.0,0.0,0.0,0.0,0.0,0,90,0,0.02,0,0,0,0,0,0,0
1780641971.852,0,0,0,0,0,96.45,52.53,0.0,0.0,0.0,0.0,0.0,0,90,0,0.02,0,0,0,0,0,0,0
1780641971.87,0,0,0,0,0,96.49,52.55,0.0,0.0,0.0,0.0,0.0,0,90,0,0.02,0,0,0,0,0,0,0
1780641971.894,0,0,0,0,0,96.52,52.58,0.0,0.0,0.0,0.0,0.0,0,90,0,0.02,0,0,0,0,0,0,0
1780641971.914,0,0,0,0,0,96.56,52.6,0.0,0.0,0.0,0.0,0.0,0,90,0,0.02,0,0,0,0,0,0,0
1780641971.938,0,0,0,0,0,96.59,52.62,0.0,0.0,0.0,0.0,0.0,0,90,0,0.02,0,0,0,0,0,0,0
1780641971.957,0,0,0,0,0,96.65,52.63,0.0,0.0,0.0,0.0,0.0,0,90,0,0.02,0,0,0,0,0,0,0
1780641971.981,0,0,0,0,0,96.74,52.63,0.0,0.0,0.0,0.0,0.0,0,90,0,0.02,0,0,0,0,0,0,0
1780641972.001,0,0,0,0,0,96.81,52.62,0.0,0.0,0.0,0.0,0.0,0,90,0,0.01,0,0,0,0,0,0,0
1780641972.024,0,0,0,0,0,96.86,52.6,0.0,0.0,0.0,0.0,0.0,0,90,0,0.01,0,0,0,0,0,0,0
1780641972.043,0,0,0,0,0,96.88,52.59,0.0,0.0,0.0,0.0,0.0,0,90,0,0.01,0,0,0,0,0,0,0
1780641972.067,0,0,0,0,0,96.9,52.59,0.0,0.0,0.0,0.0,0.0,0,90,0,0.01,0,0,0,0,0,0,0
1780641972.086,0,0,0,0,0,96.94,52.59,0.0,0.0,0.0,0.0,0.0,0,90,0,0.01,0,0,0,0,0,0,0
1780641972.111,0,0,0,0,0,96.98,52.58,0.0,0.0,0.0,0.0,0.0,0,90,0,0.02,0,0,0,0,0,0,0
1780641972.129,0,0,0,0,0,97.01,52.56,0.0,0.0,0.0,0.0,0.0,0,90,0,0.02,0,0,0,0,0,0,0
1780641972.153,0,0,0,0,0,97.02,52.55,0.0,0.0,0.0,0.0,0.0,0,90,0,0.02,0,0,0,0,0,0,0
1780641972.176,0,0,0,0,0,97.0,52.56,0.0,0.0,0.0,0.0,0.0,0,90,0,0.02,0,0,0,0,0,0,0
1780641972.199,0,0,0,0,0,96.98,52.57,0.0,0.0,0.0,0.0,0.0,0,90,0,0.03,0,0,0,0,0,0,0
1780641972.218,0,0,0,0,0,96.98,52.58,0.0,0.0,0.0,0.0,0.0,0,90,0,0.03,0,0,0,0,0,0,0
1780641972.243,0,0,0,0,0,96.99,52.57,0.0,0.0,0.0,0.0,0.0,0,90,0,0.03,0,0,0,0,0,0,0
1780641972.263,0,0,0,0,0,96.98,52.56,0.0,0.0,0.0,0.0,0.0,0,90,0,0.03,0,0,0,0,0,0,0
1780641972.285,0,0,0,0,0,96.96,52.56,0.0,0.0,0.0,0.0,0.0,0,90,0,0.03,0,0,0,0,0,0,0
1780641972.305,0,0,0,0,0,96.92,52.58,0.0,0.0,0.0,0.0,0.0,0,90,0,0.04,0,0,0,0,0,0,0
1780641972.328,0,0,0,0,0,96.9,52.6,0.0,0.0,0.0,0.0,0.0,0,90,0,0.04,0,0,0,0,0,0,0
1780641972.347,0,0,0,0,0,96.89,52.61,0.0,0.0,0.0,0.0,0.0,0,90,0,0.04,0,0,0,0,0,0,0
1780641972.372,0,0,0,0,0,96.89,52.62,0.0,0.0,0.0,0.0,0.0,0,90,0,0.04,0,0,0,0,0,0,0
1780641972.391,0,0,0,0,0,96.87,52.62,0.0,0.0,0.0,0.0,0.0,0,90,0,0.04,0,0,0,0,0,0,0
1780641972.415,0,0,0,0,0,96.84,52.61,0.0,0.0,0.0,0.0,0.0,0,90,0,0.04,0,0,0,0,0,0,0
1780641972.433,0,0,0,0,0,96.8,52.6,0.0,0.0,0.0,0.0,0.0,0,90,0,0.04,0,0,0,0,0,0,0
1780641972.457,0,0,0,0,0,96.75,52.6,0.0,0.0,0.0,0.0,0.0,0,90,0,0.04,0,0,0,0,0,0,0
1780641972.476,0,0,0,0,0,96.7,52.6,0.0,0.0,0.0,0.0,0.0,0,90,0,0.04,0,0,0,0,0,0,0
1780641972.502,0,0,0,0,0,96.66,52.61,0.0,0.0,0.0,0.0,0.0,0,90,0,0.04,0,0,0,0,0,0,0
1780641972.519,0,0,0,0,0,96.64,52.61,0.0,0.0,0.0,0.0,0.0,0,90,0,0.04,0,0,0,0,0,0,0
1780641972.542,0,0,0,0,0,96.65,52.6,0.0,0.0,0.0,0.0,0.0,0,90,0,0.04,0,0,0,0,0,0,0
1780641972.563,0,0,0,0,0,96.67,52.59,0.0,0.0,0.0,0.0,0.0,0,90,0,0.04,0,0,0,0,0,0,0
1780641972.588,0,0,0,0,0,96.7,52.59,0.0,0.0,0.0,0.0,0.0,0,90,0,0.04,0,0,0,0,0,0,0
1780641972.607,0,0,0,0,0,96.72,52.59,0.0,0.0,0.0,0.0,0.0,0,90,0,0.04,0,0,0,0,0,0,0
1780641972.63,0,0,0,0,0,96.73,52.62,0.0,0.0,0.0,0.0,0.0,0,90,0,0.03,0,0,0,0,0,0,0
1780641972.648,0,0,0,0,0,96.75,52.65,0.0,0.0,0.0,0.0,0.0,0,90,0,0.03,0,0,0,0,0,0,0
1780641972.672,0,0,0,0,0,96.77,52.67,0.0,0.0,0.0,0.0,0.0,0,90,0,0.03,0,0,0,0,0,0,0
1780641972.691,0,0,0,0,0,96.78,52.68,0.0,0.0,0.0,0.0,0.0,0,90,0,0.03,0,0,0,0,0,0,0
1780641972.718,0,0,0,0,0,96.76,52.67,0.0,0.0,0.0,0.0,0.0,0,90,0,0.03,0,0,0,0,0,0,0
1780641972.736,0,0,0,0,0,96.75,52.65,0.0,0.0,0.0,0.0,0.0,0,90,0,0.03,0,0,0,0,0,0,0
1780641972.759,0,0,0,0,0,96.77,52.63,0.0,0.0,0.0,0.0,0.0,0,90,0,0.03,0,0,0,0,0,0,0
1780641972.779,0,0,0,0,0,96.79,52.62,0.0,0.0,0.0,0.0,0.0,0,90,0,0.03,0,0,0,0,0,0,0
1780641972.8,0,0,0,0,0,96.8,52.61,0.0,0.0,0.0,0.0,0.0,0,90,0,0.03,0,0,0,0,0,0,0
1780641972.82,0,0,0,0,0,96.79,52.62,0.0,0.0,0.0,0.0,0.0,0,90,0,0.03,0,0,0,0,0,0,0
1780641972.844,0,0,0,0,0,96.76,52.63,0.0,0.0,0.0,0.0,0.0,0,90,0,0.03,0,0,0,0,0,0,0
1780641972.863,0,0,0,0,0,96.74,52.64,0.0,0.0,0.0,0.0,0.0,0,90,0,0.02,0,0,0,0,0,0,0
1780641972.888,0,0,0,0,0,96.75,52.63,0.0,0.0,0.0,0.0,0.0,0,90,0,0.02,0,0,0,0,0,0,0
1780641972.907,0,0,0,0,0,96.76,52.63,0.0,0.0,0.0,0.0,0.0,0,90,0,0.02,0,0,0,0,0,0,0
1780641972.93,0,0,0,0,0,96.77,52.65,0.0,0.0,0.0,0.0,0.0,0,90,0,0.02,0,0,0,0,0,0,0
1780641972.95,0,0,0,0,0,96.75,52.67,0.0,0.0,0.0,0.0,0.0,0,90,0,0.02,0,0,0,0,0,0,0
1780641972.973,0,0,0,0,0,96.7,52.68,0.0,0.0,0.0,0.0,0.0,0,90,0,0.01,0,0,0,0,0,0,0
1780641972.993,0,0,0,0,0,96.65,52.68,0.0,0.0,0.0,0.0,0.0,0,90,0,0.01,0,0,0,0,0,0,0
1780641973.017,0,0,0,0,0,96.61,52.68,0.0,0.0,0.0,0.0,0.0,0,90,0,0.01,0,0,0,0,0,0,0
1780641973.035,0,0,0,0,0,96.57,52.68,0.0,0.0,0.0,0.0,0.0,0,90,0,0.01,0,0,0,0,0,0,0
1780641973.059,0,0,0,0,0,96.53,52.69,0.0,0.0,0.0,0.0,0.0,0,90,0,0.01,0,0,0,0,0,0,0
1780641973.083,0,0,0,0,0,96.51,52.71,0.0,0.0,0.0,0.0,0.0,0,90,0,0.02,0,0,0,0,0,0,0
1780641973.107,0,0,0,0,0,96.51,52.71,0.0,0.0,0.0,0.0,0.0,0,90,0,0.02,0,0,0,0,0,0,0
1780641973.129,0,0,0,0,0,96.53,52.71,0.0,0.0,0.0,0.0,0.0,0,90,0,0.02,0,0,0,0,0,0,0
1780641973.151,0,0,0,0,0,96.56,52.7,0.0,0.0,0.0,0.0,0.0,0,90,0,0.02,0,0,0,0,0,0,0
1780641973.172,0,0,0,0,0,96.59,52.69,0.0,0.0,0.0,0.0,0.0,0,90,0,0.02,0,0,0,0,0,0,0
1780641973.192,0,0,0,0,0,96.6,52.69,0.0,0.0,0.0,0.0,0.0,0,90,0,0.02,0,0,0,0,0,0,0
1780641973.215,0,0,0,0,0,96.57,52.69,0.0,0.0,0.0,0.0,0.0,0,90,0,0.02,0,0,0,0,0,0,0
1780641973.235,0,0,0,0,0,96.53,52.7,0.0,0.0,0.0,0.0,0.0,0,90,0,0.02,0,0,0,0,0,0,0
1780641973.258,0,0,0,0,0,96.48,52.7,0.0,0.0,0.0,0.0,0.0,0,90,0,0.02,0,0,0,0,0,0,0
1780641973.277,0,0,0,0,0,96.44,52.69,0.0,0.0,0.0,0.0,0.0,0,90,0,0.02,0,0,0,0,0,0,0
1780641973.301,0,0,0,0,0,96.42,52.68,0.0,0.0,0.0,0.0,0.0,0,90,0,0.02,0,0,0,0,0,0,0
1780641973.32,0,0,0,0,0,96.41,52.67,0.0,0.0,0.0,0.0,0.0,0,90,0,0.02,0,0,0,0,0,0,0
1780641973.343,0,0,0,0,0,96.41,52.65,0.0,0.0,0.0,0.0,0.0,0,90,0,0.02,0,0,0,0,0,0,0
1780641973.363,0,0,0,0,0,96.42,52.64,0.0,0.0,0.0,0.0,0.0,0,90,0,0.02,0,0,0,0,0,0,0
1780641973.388,0,0,0,0,0,96.42,52.64,0.0,0.0,0.0,0.0,0.0,0,90,0,0.02,0,0,0,0,0,0,0
1780641973.405,0,0,0,0,0,96.42,52.65,0.0,0.0,0.0,0.0,0.0,0,90,0,0.02,0,0,0,0,0,0,0
1780641973.428,0,0,0,0,0,96.43,52.65,0.0,0.0,0.0,0.0,0.0,0,90,0,0.02,0,0,0,0,0,0,0
1780641973.447,0,0,0,0,0,96.45,52.65,0.0,0.0,0.0,0.0,0.0,0,90,0,0.02,0,0,0,0,0,0,0
1780641973.472,0,0,0,0,0,96.49,52.65,0.0,0.0,0.0,0.0,0.0,0,90,0,0.02,0,0,0,0,0,0,0
1780641973.491,0,0,0,0,0,96.51,52.64,0.0,0.0,0.0,0.0,0.0,0,90,0,0.02,0,0,0,0,0,0,0
1780641973.514,0,0,0,0,0,96.52,52.64,0.0,0.0,0.0,0.0,0.0,0,90,0,0.02,0,0,0,0,0,0,0
1780641973.532,0,0,0,0,0,96.52,52.64,0.0,0.0,0.0,0.0,0.0,0,90,0,0.02,0,0,0,0,0,0,0
1780641973.557,0,0,0,0,0,96.51,52.64,0.0,0.0,0.0,0.0,0.0,0,90,0,0.02,0,0,0,0,0,0,0
1780641973.577,0,0,0,0,0,96.49,52.64,0.0,0.0,0.0,0.0,0.0,0,90,0,0.02,0,0,0,0,0,0,0
1780641973.6,0,0,0,0,0,96.47,52.63,0.0,0.0,0.0,0.0,0.0,0,90,0,0.02,0,0,0,0,0,0,0
1780641973.62,0,0,0,0,0,96.44,52.62,0.0,0.0,0.0,0.0,0.0,0,90,0,0.02,0,0,0,0,0,0,0
1780641973.643,0,0,0,0,0,96.4,52.62,0.0,0.0,0.0,0.0,0.0,0,90,0,0.02,0,0,0,0,0,0,0
1780641973.662,0,0,0,0,0,96.39,52.61,0.0,0.0,0.0,0.0,0.0,0,90,0,0.02,0,0,0,0,0,0,0
1780641973.687,0,0,0,0,0,96.39,52.6,0.0,0.0,0.0,0.0,0.0,0,90,0,0.02,0,0,0,0,0,0,0
1780641973.705,0,0,0,0,0,96.4,52.61,0.0,0.0,0.0,0.0,0.0,0,90,0,0.02,0,0,0,0,0,0,0
1780641973.729,0,0,0,0,0,96.38,52.63,0.0,0.0,0.0,0.0,0.0,0,90,0,0.02,0,0,0,0,0,0,0
1780641973.748,0,0,0,0,0,96.34,52.64,0.0,0.0,0.0,0.0,0.0,0,90,0,0.02,0,0,0,0,0,0,0
1780641973.771,0,0,0,0,0,96.29,52.65,0.0,0.0,0.0,0.0,0.0,0,90,0,0.02,0,0,0,0,0,0,0
1780641973.792,0,0,0,0,0,96.25,52.64,0.0,0.0,0.0,0.0,0.0,0,90,0,0.02,0,0,0,0,0,0,0
1780641973.815,0,0,0,0,0,96.23,52.63,0.0,0.0,0.0,0.0,0.0,0,90,0,0.02,0,0,0,0,0,0,0
1780641973.834,0,0,0,0,0,96.22,52.63,0.0,0.0,0.0,0.0,0.0,0,90,0,0.02,0,0,0,0,0,0,0
1780641973.858,0,0,0,0,0,96.21,52.63,0.0,0.0,0.0,0.0,0.0,0,90,0,0.02,0,0,0,0,0,0,0
1780641973.877,0,0,0,0,0,96.22,52.64,0.0,0.0,0.0,0.0,0.0,0,90,0,0.02,0,0,0,0,0,0,0
1780641973.901,0,0,0,0,0,96.24,52.66,0.0,0.0,0.0,0.0,0.0,0,90,0,0.02,0,0,0,0,0,0,0
1780641973.92,0,0,0,0,0,96.3,52.69,0.0,0.0,0.0,0.0,0.0,0,90,0,0.02,0,0,0,0,0,0,0
1780641973.943,0,0,0,0,0,96.38,52.74,0.0,0.0,0.0,0.0,0.0,0,90,0,0.02,0,0,0,0,0,0,0
1780641973.962,0,0,0,0,0,96.45,52.78,0.0,0.0,0.0,0.0,0.0,0,90,0,0.02,0,0,0,0,0,0,0
1780641973.987,0,0,0,0,0,96.51,52.81,0.0,0.0,0.0,0.0,0.0,0,90,0,0.02,0,0,0,0,0,0,0
1780641974.007,0,0,0,0,0,96.56,52.82,0.0,0.0,0.0,0.0,0.0,0,90,0,0.02,0,0,0,0,0,0,0
1780641974.03,0,0,0,0,0,96.59,52.82,0.0,0.0,0.0,0.0,0.0,0,90,0,0.01,0,0,0,0,0,0,0
1780641974.048,0,0,0,0,0,96.58,52.83,0.0,0.0,0.0,0.0,0.0,0,90,0,0.01,0,0,0,0,0,0,0
1780641974.071,0,0,0,0,0,96.57,52.84,0.0,0.0,0.0,0.0,0.0,0,90,0,0.01,0,0,0,0,0,0,0
1780641974.091,0,0,0,0,0,96.59,52.84,0.0,0.0,0.0,0.0,0.0,0,90,0,0.01,0,0,0,0,0,0,0
1780641974.116,0,0,0,0,0,96.63,52.83,0.0,0.0,0.0,0.0,0.0,0,90,0,0.01,0,0,0,0,0,0,0
1780641974.133,0,0,0,0,0,96.69,52.82,0.0,0.0,0.0,0.0,0.0,0,90,0,0.01,0,0,0,0,0,0,0
1780641974.159,0,0,0,0,0,96.76,52.81,0.0,0.0,0.0,0.0,0.0,0,90,0,0.02,0,0,0,0,0,0,0
1780641974.183,0,0,0,0,0,96.81,52.8,0.0,0.0,0.0,0.0,0.0,0,90,0,0.02,0,0,0,0,0,0,0
1780641974.204,0,0,0,0,0,96.83,52.81,0.0,0.0,0.0,0.0,0.0,0,90,0,0.02,0,0,0,0,0,0,0
1780641974.224,0,0,0,0,0,96.82,52.81,0.0,0.0,0.0,0.0,0.0,0,90,0,0.02,0,0,0,0,0,0,0
1780641974.247,0,0,0,0,0,96.82,52.81,0.0,0.0,0.0,0.0,0.0,0,90,0,0.02,0,0,0,0,0,0,0
1780641974.266,0,0,0,0,0,96.83,52.82,0.0,0.0,0.0,0.0,0.0,0,90,0,0.03,0,0,0,0,0,0,0
1780641974.29,0,0,0,0,0,96.84,52.84,0.0,0.0,0.0,0.0,0.0,0,90,0,0.03,0,0,0,0,0,0,0
1780641974.309,0,0,0,0,0,96.86,52.86,0.0,0.0,0.0,0.0,0.0,0,90,0,0.03,0,0,0,0,0,0,0
1780641974.332,0,0,0,0,0,96.88,52.88,0.0,0.0,0.0,0.0,0.0,0,90,0,0.03,0,0,0,0,0,0,0
1780641974.352,0,0,0,0,0,96.88,52.89,0.0,0.0,0.0,0.0,0.0,0,90,0,0.04,0,0,0,0,0,0,0
1780641974.378,0,0,0,0,0,96.88,52.89,0.0,0.0,0.0,0.0,0.0,0,90,0,0.04,0,0,0,0,0,0,0
