Timestamp,JX,JY,B1_Dur,B2_Dur,Grip,Pitch,Roll,FSR_L_KG,FSR_R_KG,FSR_L_Newton,FSR_R_Newton,Fatigue_Live_KG,Vib_Active,Servo_Angle,Tremor_Flag,Tremor_Var,UI_Mode,FS_Up,FS_Down,FS_Left,FS_Right,FS_Trigger,FS_Thumb
1781254504.003,0,0,0,0,0,-0.01,-0.19,0.0,0.0,0.0,0.0,0.0,0,90,0,0.0,0,0,0,0,0,0,0
1781254504.025,0,0,0,0,0,-0.06,-0.79,0.0,0.0,0.0,0.0,0.0,0,90,0,0.0,0,0,0,0,0,0,0
1781254504.049,0,0,0,0,0,-0.14,-1.6,0.0,0.0,0.0,0.0,0.0,0,90,0,0.0,0,0,0,0,0,0,0
1781254504.072,0,0,0,0,0,-0.21,-2.29,0.0,0.0,0.0,0.0,0.0,0,90,0,0.0,0,0,0,0,0,0,0
1781254504.095,0,0,0,0,0,-0.24,-2.74,0.0,0.0,0.0,0.0,0.0,0,90,0,0.0,0,0,0,0,0,0,0
1781254504.118,0,0,0,0,0,-0.24,-2.96,0.0,0.0,0.0,0.0,0.0,0,90,0,0.0,0,0,0,0,0,0,0
1781254504.143,0,0,0,0,0,-0.24,-3.04,0.0,0.0,0.0,0.0,0.0,0,90,0,0.0,0,0,0,0,0,0,0
1781254504.166,0,0,0,0,0,-0.23,-3.04,0.0,0.0,0.0,0.0,0.0,0,90,0,0.0,0,0,0,0,0,0,0
1781254504.19,0,0,0,0,0,-0.22,-3.01,0.0,0.0,0.0,0.0,0.0,0,90,0,0.0,0,0,0,0,0,0,0
1781254504.212,0,0,0,0,0,-0.19,-2.95,0.0,0.0,0.0,0.0,0.0,0,90,0,0.0,0,0,0,0,0,0,0
1781254504.237,0,0,0,0,0,-0.19,-2.9,0.0,0.0,0.0,0.0,0.0,0,90,0,0.0,0,0,0,0,0,0,0
1781254504.26,0,0,0,0,0,-0.22,-2.86,0.0,0.0,0.0,0.0,0.0,0,90,0,0.0,0,0,0,0,0,0,0
1781254504.284,0,0,0,0,0,-0.27,-2.84,0.0,0.0,0.0,0.0,0.0,0,90,0,0.0,0,0,0,0,0,0,0
1781254504.305,0,0,0,0,0,-0.3,-2.85,0.0,0.0,0.0,0.0,0.0,0,90,0,0.0,0,0,0,0,0,0,0
1781254504.329,0,0,0,0,0,-0.3,-2.85,0.0,0.0,0.0,0.0,0.0,0,90,0,0.0,0,0,0,0,0,0,0
1781254504.355,0,0,0,0,0,-0.3,-2.84,0.0,0.0,0.0,0.0,0.0,0,90,0,0.0,0,0,0,0,0,0,0
1781254504.377,0,0,0,0,0,-0.33,-2.83,0.0,0.0,0.0,0.0,0.0,0,90,0,0.0,0,0,0,0,0,0,0
1781254504.401,0,0,0,0,0,-0.38,-2.79,0.0,0.0,0.0,0.0,0.0,0,90,0,0.0,0,0,0,0,0,0,0
1781254504.424,0,0,0,0,0,-0.42,-2.75,0.0,0.0,0.0,0.0,0.0,0,90,0,0.0,0,0,0,0,0,0,0
1781254504.447,0,0,0,0,0,-0.43,-2.72,0.0,0.0,0.0,0.0,0.0,0,90,0,0.0,0,0,0,0,0,0,0
1781254504.472,0,0,0,0,0,-0.42,-2.71,0.0,0.0,0.0,0.0,0.0,0,90,0,0.0,0,0,0,0,0,0,0
1781254504.493,0,0,0,0,0,-0.4,-2.71,0.0,0.0,0.0,0.0,0.0,0,90,0,0.0,0,0,0,0,0,0,0
1781254504.518,0,0,0,0,0,-0.39,-2.72,0.0,0.0,0.0,0.0,0.0,0,90,0,0.0,0,0,0,0,0,0,0
1781254504.542,0,0,0,0,0,-0.38,-2.73,0.0,0.0,0.0,0.0,0.0,0,90,0,0.0,0,0,0,0,0,0,0
1781254504.564,0,0,0,0,0,-0.37,-2.78,0.0,0.0,0.0,0.0,0.0,0,90,0,0.0,0,0,0,0,0,0,0
1781254504.588,0,0,0,0,0,-0.37,-2.83,0.0,0.0,0.0,0.0,0.0,0,90,0,0.0,0,0,0,0,0,0,0
1781254504.611,0,0,0,0,0,-0.37,-2.86,0.0,0.0,0.0,0.0,0.0,0,90,0,0.0,0,0,0,0,0,0,0
1781254504.635,0,0,0,0,0,-0.36,-2.87,0.0,0.0,0.0,0.0,0.0,0,90,0,0.0,0,0,0,0,0,0,0
1781254504.659,0,0,0,0,0,-0.34,-2.87,0.0,0.0,0.0,0.0,0.0,0,90,0,0.0,0,0,0,0,0,0,0
1781254504.681,0,0,0,0,0,-0.31,-2.86,0.0,0.0,0.0,0.0,0.0,0,90,0,0.0,0,0,0,0,0,0,0
1781254504.707,0,0,0,0,0,-0.26,-2.85,0.0,0.0,0.0,0.0,0.0,0,90,0,0.0,0,0,0,0,0,0,0
1781254504.729,0,0,0,0,0,-0.22,-2.84,0.0,0.0,0.0,0.0,0.0,0,90,0,0.0,0,0,0,0,0,0,0
1781254504.753,0,0,0,0,0,-0.21,-2.81,0.0,0.0,0.0,0.0,0.0,0,90,0,0.0,0,0,0,0,0,0,0
1781254504.775,0,0,0,0,0,-0.25,-2.78,0.0,0.0,0.0,0.0,0.0,0,90,0,0.0,0,0,0,0,0,0,0
1781254504.799,0,0,0,0,0,-0.31,-2.75,0.0,0.0,0.0,0.0,0.0,0,90,0,0.0,0,0,0,0,0,0,0
1781254504.825,0,0,0,0,0,-0.35,-2.75,0.0,0.0,0.0,0.0,0.0,0,90,0,0.0,0,0,0,0,0,0,0
1781254504.846,0,0,0,0,0,-0.38,-2.75,0.0,0.0,0.0,0.0,0.0,0,90,0,0.0,0,0,0,0,0,0,0
1781254504.87,0,0,0,0,0,-0.4,-2.77,0.0,0.0,0.0,0.0,0.0,0,90,0,0.0,0,0,0,0,0,0,0
1781254504.893,0,0,0,0,0,-0.43,-2.79,0.0,0.0,0.0,0.0,0.0,0,90,0,0.0,0,0,0,0,0,0,0
1781254504.918,0,0,0,0,0,-0.44,-2.8,0.0,0.0,0.0,0.0,0.0,0,90,0,0.0,0,0,0,0,0,0,0
1781254504.943,0,0,0,0,0,-0.41,-2.79,0.0,0.0,0.0,0.0,0.0,0,90,0,0.0,0,0,0,0,0,0,0
1781254504.963,0,0,0,0,0,-0.38,-2.78,0.0,0.0,0.0,0.0,0.0,0,90,0,0.0,0,0,0,0,0,0,0
1781254504.988,0,0,0,0,0,-0.37,-2.77,0.0,0.0,0.0,0.0,0.0,0,90,0,0.0,0,0,0,0,0,0,0
1781254505.011,0,0,0,0,0,-0.39,-2.77,0.0,0.0,0.0,0.0,0.0,0,90,0,0.0,0,0,0,0,0,0,0
1781254505.035,0,0,0,0,0,-0.42,-2.8,0.0,0.0,0.0,0.0,0.0,0,90,0,0.0,0,0,0,0,0,0,0
1781254505.058,0,0,0,0,0,-0.41,-2.82,0.0,0.0,0.0,0.0,0.0,0,90,0,0.0,0,0,0,0,0,0,0
1781254505.081,0,0,0,0,0,-0.37,-2.83,0.0,0.0,0.0,0.0,0.0,0,90,0,0.0,0,0,0,0,0,0,0
1781254505.106,0,0,0,0,0,-0.34,-2.81,0.0,0.0,0.0,0.0,0.0,0,90,0,0.0,0,0,0,0,0,0,0
1781254505.127,0,0,0,0,0,-0.33,-2.76,0.0,0.0,0.0,0.0,0.0,0,90,0,0.0,0,0,0,0,0,0,0
1781254505.152,0,0,0,0,0,-0.35,-2.72,0.0,0.0,0.0,0.0,0.0,0,90,0,0.25,0,0,0,0,0,0,0
1781254505.177,0,0,0,0,0,-0.37,-2.7,0.0,0.0,0.0,0.0,0.0,0,90,0,0.12,0,0,0,0,0,0,0
1781254505.198,0,0,0,0,0,-0.35,-2.69,0.0,0.0,0.0,0.0,0.0,0,90,0,0.04,0,0,0,0,0,0,0
1781254505.224,0,0,0,0,0,-0.32,-2.68,0.0,0.0,0.0,0.0,0.0,0,90,0,0.01,0,0,0,0,0,0,0
1781254505.245,0,0,0,0,0,-0.31,-2.67,0.0,0.0,0.0,0.0,0.0,0,90,0,0.01,0,0,0,0,0,0,0
1781254505.27,0,0,0,0,0,-0.33,-2.67,0.0,0.0,0.0,0.0,0.0,0,90,0,0.01,0,0,0,0,0,0,0
1781254505.293,0,0,0,0,0,-0.39,-2.69,0.0,0.0,0.0,0.0,0.0,0,90,0,0.01,0,0,0,0,0,0,0
1781254505.316,0,0,0,0,0,-0.45,-2.71,0.0,0.0,0.0,0.0,0.0,0,90,0,0.01,0,0,0,0,0,0,0
1781254505.339,0,0,0,0,0,-0.49,-2.73,0.0,0.0,0.0,0.0,0.0,0,90,0,0.01,0,0,0,0,0,0,0
1781254505.363,0,0,0,0,0,-0.5,-2.72,0.0,0.0,0.0,0.0,0.0,0,90,0,0.01,0,0,0,0,0,0,0
1781254505.387,0,0,0,0,0,-0.48,-2.7,0.0,0.0,0.0,0.0,0.0,0,90,0,0.0,0,0,0,0,0,0,0
1781254505.412,0,0,0,0,0,-0.44,-2.68,0.0,0.0,0.0,0.0,0.0,0,90,0,0.0,0,0,0,0,0,0,0
1781254505.433,0,0,0,0,0,-0.38,-2.67,0.0,0.0,0.0,0.0,0.0,0,90,0,0.0,0,0,0,0,0,0,0
1781254505.458,0,0,0,0,0,-0.33,-2.67,0.0,0.0,0.0,0.0,0.0,0,90,0,0.0,0,0,0,0,0,0,0
1781254505.479,0,0,0,0,0,-0.33,-2.66,0.0,0.0,0.0,0.0,0.0,0,90,0,0.0,0,0,0,0,0,0,0
1781254505.504,0,0,0,0,0,-0.4,-2.65,0.0,0.0,0.0,0.0,0.0,0,90,0,0.0,0,0,0,0,0,0,0
1781254505.528,0,0,0,0,0,-0.51,-2.64,0.0,0.0,0.0,0.0,0.0,0,90,0,0.0,0,0,0,0,0,0,0
1781254505.551,0,0,0,0,0,-0.61,-2.62,0.0,0.0,0.0,0.0,0.0,0,90,0,0.01,0,0,0,0,0,0,0
1781254505.575,0,0,0,0,0,-0.66,-2.6,0.0,0.0,0.0,0.0,0.0,0,90,0,0.01,0,0,0,0,0,0,0
1781254505.597,0,0,0,0,0,-0.67,-2.58,0.0,0.0,0.0,0.0,0.0,0,90,0,0.01,0,0,0,0,0,0,0
1781254505.621,0,0,0,0,0,-0.66,-2.57,0.0,0.0,0.0,0.0,0.0,0,90,0,0.01,0,0,0,0,0,0,0
1781254505.647,0,0,0,0,0,-0.63,-2.56,0.0,0.0,0.0,0.0,0.0,0,90,0,0.01,0,0,0,0,0,0,0
1781254505.667,0,0,0,0,0,-0.6,-2.55,0.0,0.0,0.0,0.0,0.0,0,90,0,0.01,0,0,0,0,0,0,0
1781254505.692,0,0,0,0,0,-0.57,-2.55,0.0,0.0,0.0,0.0,0.0,0,90,0,0.01,0,0,0,0,0,0,0
1781254505.714,0,0,0,0,0,-0.54,-2.54,0.0,0.0,0.0,0.0,0.0,0,90,0,0.01,0,0,0,0,0,0,0
1781254505.739,0,0,0,0,0,-0.52,-2.56,0.0,0.0,0.0,0.0,0.0,0,90,0,0.01,0,0,0,0,0,0,0
1781254505.764,0,0,0,0,0,-0.52,-2.59,0.0,0.0,0.0,0.0,0.0,0,90,0,0.01,0,0,0,0,0,0,0
1781254505.787,0,0,0,0,0,-0.52,-2.63,0.0,0.0,0.0,0.0,0.0,0,90,0,0.01,0,0,0,0,0,0,0
1781254505.81,0,0,0,0,0,-0.51,-2.67,0.0,0.0,0.0,0.0,0.0,0,90,0,0.01,0,0,0,0,0,0,0
1781254505.832,0,0,0,0,0,-0.5,-2.67,0.0,0.0,0.0,0.0,0.0,0,90,0,0.01,0,0,0,0,0,0,0
1781254505.857,0,0,0,0,0,-0.5,-2.65,0.0,0.0,0.0,0.0,0.0,0,90,0,0.01,0,0,0,0,0,0,0
1781254505.881,0,0,0,0,0,-0.51,-2.6,0.0,0.0,0.0,0.0,0.0,0,90,0,0.01,0,0,0,0,0,0,0
1781254505.904,0,0,0,0,0,-0.53,-2.58,0.0,0.0,0.0,0.0,0.0,0,90,0,0.01,0,0,0,0,0,0,0
1781254505.927,0,0,0,0,0,-0.52,-2.57,0.0,0.0,0.0,0.0,0.0,0,90,0,0.01,0,0,0,0,0,0,0
1781254505.951,0,0,0,0,0,-0.49,-2.56,0.0,0.0,0.0,0.0,0.0,0,90,0,0.01,0,0,0,0,0,0,0
1781254505.974,0,0,0,0,0,-0.47,-2.54,0.0,0.0,0.0,0.0,0.0,0,90,0,0.01,0,0,0,0,0,0,0
1781254505.997,0,0,0,0,0,-0.49,-2.49,0.0,0.0,0.0,0.0,0.0,0,90,0,0.01,0,0,0,0,0,0,0
1781254506.02,0,0,0,0,0,-0.55,-2.46,0.0,0.0,0.0,0.0,0.0,0,90,0,0.01,0,0,0,0,0,0,0
1781254506.044,0,0,0,0,0,-0.6,-2.45,0.0,0.0,0.0,0.0,0.0,0,90,0,0.01,0,0,0,0,0,0,0
1781254506.067,0,0,0,0,0,-0.62,-2.46,0.0,0.0,0.0,0.0,0.0,0,90,0,0.01,0,0,0,0,0,0,0
1781254506.092,0,0,0,0,0,-0.59,-2.47,0.0,0.0,0.0,0.0,0.0,0,90,0,0.01,0,0,0,0,0,0,0
1781254506.115,0,0,0,0,0,-0.54,-2.48,0.0,0.0,0.0,0.0,0.0,0,90,0,0.01,0,0,0,0,0,0,0
1781254506.138,0,0,0,0,0,-0.53,-2.5,0.0,0.0,0.0,0.0,0.0,0,90,0,0.01,0,0,0,0,0,0,0
1781254506.16,0,0,0,0,0,-0.54,-2.53,0.0,0.0,0.0,0.0,0.0,0,90,0,0.01,0,0,0,0,0,0,0
1781254506.185,0,0,0,0,0,-0.55,-2.57,0.0,0.0,0.0,0.0,0.0,0,90,0,0.01,0,0,0,0,0,0,0
1781254506.208,0,0,0,0,0,-0.55,-2.6,0.0,0.0,0.0,0.0,0.0,0,90,0,0.01,0,0,0,0,0,0,0
1781254506.232,0,0,0,0,0,-0.54,-2.61,0.0,0.0,0.0,0.0,0.0,0,90,0,0.01,0,0,0,0,0,0,0
1781254506.256,0,0,0,0,0,-0.54,-2.61,0.0,0.0,0.0,0.0,0.0,0,90,0,0.01,0,0,0,0,0,0,0
1781254506.279,0,0,0,0,0,-0.55,-2.6,0.0,0.0,0.0,0.0,0.0,0,90,0,0.01,0,0,0,0,0,0,0
1781254506.305,0,0,0,0,0,-0.56,-2.59,0.0,0.0,0.0,0.0,0.0,0,90,0,0.01,0,0,0,0,0,0,0
1781254506.327,0,0,0,0,0,-0.57,-2.56,0.0,0.0,0.0,0.0,0.0,0,90,0,0.01,0,0,0,0,0,0,0
1781254506.351,0,0,0,0,0,-0.58,-2.54,0.0,0.0,0.0,0.0,0.0,0,90,0,0.01,0,0,0,0,0,0,0
1781254506.373,0,0,0,0,0,-0.58,-2.54,0.0,0.0,0.0,0.0,0.0,0,90,0,0.01,0,0,0,0,0,0,0
1781254506.397,0,0,0,0,0,-0.57,-2.55,0.0,0.0,0.0,0.0,0.0,0,90,0,0.01,0,0,0,0,0,0,0
1781254506.421,0,0,0,0,0,-0.56,-2.56,0.0,0.0,0.0,0.0,0.0,0,90,0,0.01,0,0,0,0,0,0,0
1781254506.442,0,0,0,0,0,-0.54,-2.56,0.0,0.0,0.0,0.0,0.0,0,90,0,0.01,0,0,0,0,0,0,0
1781254506.468,0,0,0,0,0,-0.54,-2.55,0.0,0.0,0.0,0.0,0.0,0,90,0,0.01,0,0,0,0,0,0,0
1781254506.489,0,0,0,0,0,-0.59,-2.54,0.0,0.0,0.0,0.0,0.0,0,90,0,0.0,0,0,0,0,0,0,0
1781254506.514,0,0,0,0,0,-0.62,-2.53,0.0,0.0,0.0,0.0,0.0,0,90,0,0.01,0,0,0,0,0,0,0
1781254506.538,0,0,0,0,0,-0.62,-2.52,0.0,0.0,0.0,0.0,0.0,0,90,0,0.01,0,0,0,0,0,0,0
1781254506.56,0,0,0,0,0,-0.59,-2.51,0.0,0.0,0.0,0.0,0.0,0,90,0,0.01,0,0,0,0,0,0,0
1781254506.585,0,0,0,0,0,-0.57,-2.5,0.0,0.0,0.0,0.0,0.0,0,90,0,0.0,0,0,0,0,0,0,0
1781254506.608,0,0,0,0,0,-0.59,-2.49,0.0,0.0,0.0,0.0,0.0,0,90,0,0.0,0,0,0,0,0,0,0
1781254506.63,0,0,0,0,0,-0.63,-2.47,0.0,0.0,0.0,0.0,0.0,0,90,0,0.0,0,0,0,0,0,0,0
1781254506.654,0,0,0,0,0,-0.65,-2.45,0.0,0.0,0.0,0.0,0.0,0,90,0,0.0,0,0,0,0,0,0,0
1781254506.677,0,0,0,0,0,-0.64,-2.43,0.0,0.0,0.0,0.0,0.0,0,90,0,0.0,0,0,0,0,0,0,0
1781254506.702,0,0,0,0,0,-0.61,-2.4,0.0,0.0,0.0,0.0,0.0,0,90,0,0.0,0,0,0,0,0,0,0
1781254506.726,0,0,0,0,0,-0.59,-2.39,0.0,0.0,0.0,0.0,0.0,0,90,0,0.0,0,0,0,0,0,0,0
1781254506.748,0,0,0,0,0,-0.58,-2.41,0.0,0.0,0.0,0.0,0.0,0,90,0,0.0,0,0,0,0,0,0,0
1781254506.772,0,0,0,0,0,-0.59,-2.44,0.0,0.0,0.0,0.0,0.0,0,90,0,0.0,0,0,0,0,0,0,0
1781254506.795,0,0,0,0,0,-0.59,-2.44,0.0,0.0,0.0,0.0,0.0,0,90,0,0.0,0,0,0,0,0,0,0
1781254506.821,0,0,0,0,0,-0.6,-2.42,0.0,0.0,0.0,0.0,0.0,0,90,0,0.0,0,0,0,0,0,0,0
1781254506.842,0,0,0,0,0,-0.6,-2.38,0.0,0.0,0.0,0.0,0.0,0,90,0,0.01,0,0,0,0,0,0,0
1781254506.865,0,0,0,0,0,-0.6,-2.35,0.0,0.0,0.0,0.0,0.0,0,90,0,0.01,0,0,0,0,0,0,0
1781254506.889,0,0,0,0,0,-0.68,-2.32,0.0,0.0,0.0,0.0,0.0,0,90,0,0.01,0,0,0,0,0,0,0
1781254506.912,0,0,0,0,0,-0.98,-2.29,0.0,0.0,0.0,0.0,0.0,0,90,0,0.01,0,0,0,0,0,0,0
1781254506.938,0,0,0,0,0,-1.41,-2.27,0.0,0.0,0.0,0.0,0.0,0,90,0,0.02,0,0,0,0,0,0,0
1781254506.959,0,0,0,0,0,-1.67,-2.27,0.0,0.0,0.0,0.0,0.0,0,90,0,0.04,0,0,0,0,0,0,0
1781254506.983,0,0,0,0,0,-2.12,-2.29,0.0,0.0,0.0,0.0,0.0,0,90,0,0.09,0,0,0,0,0,0,0
1781254507.007,0,0,0,0,0,-3.26,-2.31,0.0,0.0,0.0,0.0,0.0,0,90,0,0.22,0,0,0,0,0,0,0
1781254507.03,0,0,0,0,0,-4.43,-2.54,0.0,0.0,0.0,0.0,0.0,0,90,0,0.49,0,0,0,0,0,0,0
1781254507.055,0,0,0,0,0,-4.64,-3.22,0.0,0.0,0.0,0.0,0.0,0,90,0,0.78,0,0,0,0,0,0,0
1781254507.077,0,0,0,0,0,-3.55,-4.14,0.0,0.0,0.0,0.0,0.0,0,90,0,0.92,0,0,0,0,0,0,0
1781254507.1,0,0,0,0,0,-1.42,-4.92,0.0,0.0,0.0,0.0,0.0,0,90,0,0.92,0,0,0,0,0,0,0
1781254507.124,0,0,0,0,0,1.14,-5.44,0.0,0.0,0.0,0.0,0.0,0,90,0,1.0,0,0,0,0,0,0,0
1781254507.146,0,0,0,0,0,3.71,-5.73,0.0,0.0,0.0,0.0,0.0,0,90,0,1.42,0,0,0,0,0,0,0
1781254507.171,0,0,0,0,0,6.38,-5.77,0.0,0.0,0.0,0.0,0.0,0,90,0,2.43,0,0,0,0,0,0,0
1781254507.193,0,0,0,0,0,9.53,-5.53,0.0,0.0,0.0,0.0,0.0,0,90,1,4.48,0,0,0,0,0,0,0
1781254507.217,0,0,0,0,0,13.35,-5.15,0.0,0.0,0.0,0.0,0.0,0,90,1,8.23,0,0,0,0,0,0,0
1781254507.241,0,0,0,0,0,17.64,-4.77,0.0,0.0,0.0,0.0,0.0,0,90,1,14.46,0,0,0,0,0,0,0
1781254507.265,0,0,0,0,0,21.89,-4.15,0.0,0.0,0.0,0.0,0.0,0,90,1,23.7,0,0,0,0,0,0,0
1781254507.289,0,0,0,0,0,25.6,-3.37,0.0,0.0,0.0,0.0,0.0,0,90,1,35.89,0,0,0,0,0,0,0
1781254507.311,0,0,0,0,0,28.52,-2.76,0.0,0.0,0.0,0.0,0.0,0,90,1,50.5,0,0,0,0,0,0,0
1781254507.336,0,0,0,0,0,30.63,-2.47,0.0,0.0,0.0,0.0,0.0,0,90,1,66.73,0,0,0,0,0,0,0
1781254507.359,0,0,0,0,0,32.09,-2.44,0.0,0.0,0.0,0.0,0.0,0,90,1,83.85,0,0,0,0,0,0,0
1781254507.382,0,0,0,0,0,33.13,-2.58,0.0,0.0,0.0,0.0,0.0,0,90,1,101.31,0,0,0,0,0,0,0
1781254507.406,0,0,0,0,0,33.96,-2.77,0.0,0.0,0.0,0.0,0.0,0,90,1,118.85,0,0,0,0,0,0,0
1781254507.429,0,0,0,0,0,34.74,-2.93,0.0,0.0,0.0,0.0,0.0,0,90,1,136.34,0,0,0,0,0,0,0
1781254507.451,0,0,0,0,0,35.54,-3.03,0.0,0.0,0.0,0.0,0.0,0,90,1,153.77,0,0,0,0,0,0,0
1781254507.475,0,0,0,0,0,36.39,-3.09,0.0,0.0,0.0,0.0,0.0,0,90,1,171.17,0,0,0,0,0,0,0
1781254507.498,0,0,0,0,0,37.22,-3.1,0.0,0.0,0.0,0.0,0.0,0,90,1,188.44,0,0,0,0,0,0,0
1781254507.524,0,0,0,0,0,37.87,-3.08,0.0,0.0,0.0,0.0,0.0,0,90,1,205.34,0,0,0,0,0,0,0
1781254507.546,0,0,0,0,0,38.14,-3.06,0.0,0.0,0.0,0.0,0.0,0,90,1,221.37,0,0,0,0,0,0,0
1781254507.569,0,0,0,0,0,37.9,-3.05,0.0,0.0,0.0,0.0,0.0,0,90,1,235.93,0,0,0,0,0,0,0
1781254507.593,0,0,0,0,0,37.23,-2.96,0.0,0.0,0.0,0.0,0.0,0,90,1,248.59,0,0,0,0,0,0,0
1781254507.616,0,0,0,0,0,36.42,-2.71,0.0,0.0,0.0,0.0,0.0,0,90,1,259.27,0,0,0,0,0,0,0
1781254507.641,0,0,0,0,0,35.81,-2.41,0.0,0.0,0.0,0.0,0.0,0,90,1,268.27,0,0,0,0,0,0,0
1781254507.663,0,0,0,0,0,35.51,-2.15,0.0,0.0,0.0,0.0,0.0,0,90,1,275.91,0,0,0,0,0,0,0
1781254507.687,0,0,0,0,0,35.34,-1.94,0.0,0.0,0.0,0.0,0.0,0,90,1,282.34,0,0,0,0,0,0,0
1781254507.711,0,0,0,0,0,35.16,-1.8,0.0,0.0,0.0,0.0,0.0,0,90,1,287.58,0,0,0,0,0,0,0
1781254507.735,0,0,0,0,0,35.06,-1.75,0.0,0.0,0.0,0.0,0.0,0,90,1,291.74,0,0,0,0,0,0,0
1781254507.759,0,0,0,0,0,34.99,-1.69,0.0,0.0,0.0,0.0,0.0,0,90,1,294.84,0,0,0,0,0,0,0
1781254507.781,0,0,0,0,0,34.23,-1.51,0.0,0.0,0.0,0.0,0.0,0,90,1,296.35,0,0,0,0,0,0,0
1781254507.805,0,0,0,0,0,31.85,-1.28,0.0,0.0,0.0,0.0,0.0,0,90,1,295.31,0,0,0,0,0,0,0
1781254507.828,0,0,0,0,0,28.01,-1.14,0.0,0.0,0.0,0.0,0.0,0,90,1,291.48,0,0,0,0,0,0,0
1781254507.851,0,0,0,0,0,23.37,-1.18,0.0,0.0,0.0,0.0,0.0,0,90,1,285.54,0,0,0,0,0,0,0
1781254507.875,0,0,0,0,0,18.25,-1.3,0.0,0.0,0.0,0.0,0.0,0,90,1,278.63,0,0,0,0,0,0,0
1781254507.899,0,0,0,0,0,12.89,-1.53,0.0,0.0,0.0,0.0,0.0,0,90,1,272.08,0,0,0,0,0,0,0
1781254507.922,0,0,0,0,0,7.61,-2.15,0.0,0.0,0.0,0.0,0.0,0,90,1,267.17,0,0,0,0,0,0,0
1781254507.945,0,0,0,0,0,2.86,-3.18,0.0,0.0,0.0,0.0,0.0,0,90,1,264.75,0,0,0,0,0,0,0
1781254507.968,0,0,0,0,0,-0.93,-4.35,0.0,0.0,0.0,0.0,0.0,0,90,1,265.01,0,0,0,0,0,0,0
1781254507.992,0,0,0,0,0,-3.45,-5.38,0.0,0.0,0.0,0.0,0.0,0,90,1,267.37,0,0,0,0,0,0,0
1781254508.015,0,0,0,0,0,-4.62,-6.06,0.0,0.0,0.0,0.0,0.0,0,90,1,270.78,0,0,0,0,0,0,0
1781254508.038,0,0,0,0,0,-4.6,-6.36,0.0,0.0,0.0,0.0,0.0,0,90,1,274.15,0,0,0,0,0,0,0
1781254508.061,0,0,0,0,0,-3.74,-6.31,0.0,0.0,0.0,0.0,0.0,0,90,1,276.67,0,0,0,0,0,0,0
1781254508.085,0,0,0,0,0,-2.55,-6.04,0.0,0.0,0.0,0.0,0.0,0,90,1,277.94,0,0,0,0,0,0,0
1781254508.11,0,0,0,0,0,-1.61,-5.68,0.0,0.0,0.0,0.0,0.0,0,90,1,278.1,0,0,0,0,0,0,0
1781254508.132,0,0,0,0,0,-1.4,-5.32,0.0,0.0,0.0,0.0,0.0,0,90,1,277.89,0,0,0,0,0,0,0
1781254508.155,0,0,0,0,0,-2.18,-5.05,0.0,0.0,0.0,0.0,0.0,0,90,1,277.94,0,0,0,0,0,0,0
1781254508.179,0,0,0,0,0,-3.34,-4.9,0.0,0.0,0.0,0.0,0.0,0,90,1,278.01,0,0,0,0,0,0,0
1781254508.201,0,0,0,0,0,-4.37,-4.9,0.0,0.0,0.0,0.0,0.0,0,90,1,277.95,0,0,0,0,0,0,0
1781254508.225,0,0,0,0,0,-5.76,-4.97,0.0,0.0,0.0,0.0,0.0,0,90,1,279.01,0,0,0,0,0,0,0
1781254508.249,0,0,0,0,0,-7.32,-4.97,0.0,0.0,0.0,0.0,0.0,0,90,1,282.59,0,0,0,0,0,0,0
1781254508.272,0,0,0,0,0,-8.26,-4.88,0.0,0.0,0.0,0.0,0.0,0,90,1,288.89,0,0,0,0,0,0,0
1781254508.295,0,0,0,0,0,-8.35,-4.82,0.0,0.0,0.0,0.0,0.0,0,90,1,297.09,0,0,0,0,0,0,0
1781254508.318,0,0,0,0,0,-7.75,-4.62,0.0,0.0,0.0,0.0,0.0,0,90,1,306.18,0,0,0,0,0,0,0
1781254508.346,0,0,0,0,0,-6.81,-3.97,0.0,0.0,0.0,0.0,0.0,0,90,1,315.57,0,0,0,0,0,0,0
1781254508.365,0,0,0,0,0,-5.91,-2.97,0.0,0.0,0.0,0.0,0.0,0,90,1,325.12,0,0,0,0,0,0,0
1781254508.389,0,0,0,0,0,-5.32,-1.87,0.0,0.0,0.0,0.0,0.0,0,90,1,334.77,0,0,0,0,0,0,0
1781254508.414,0,0,0,0,0,-5.15,-0.78,0.0,0.0,0.0,0.0,0.0,0,90,1,344.14,0,0,0,0,0,0,0
1781254508.437,0,0,0,0,0,-5.31,0.27,0.0,0.0,0.0,0.0,0.0,0,90,1,352.55,0,0,0,0,0,0,0
1781254508.459,0,0,0,0,0,-5.67,1.28,0.0,0.0,0.0,0.0,0.0,0,90,1,359.4,0,0,0,0,0,0,0
1781254508.484,0,0,0,0,0,-6.19,2.2,0.0,0.0,0.0,0.0,0.0,0,90,1,364.42,0,0,0,0,0,0,0
1781254508.507,0,0,0,0,0,-6.93,2.99,0.0,0.0,0.0,0.0,0.0,0,90,1,367.74,0,0,0,0,0,0,0
1781254508.529,0,0,0,0,0,-7.68,3.64,0.0,0.0,0.0,0.0,0.0,0,90,1,369.46,0,0,0,0,0,0,0
1781254508.552,0,0,0,0,0,-8.49,4.12,0.0,0.0,0.0,0.0,0.0,0,90,1,369.71,0,0,0,0,0,0,0
1781254508.577,0,0,0,0,0,-10.07,4.46,0.0,0.0,0.0,0.0,0.0,0,90,1,369.12,0,0,0,0,0,0,0
1781254508.601,0,0,0,0,0,-12.5,4.69,0.0,0.0,0.0,0.0,0.0,0,90,1,368.33,0,0,0,0,0,0,0
1781254508.625,0,0,0,0,0,-15.17,4.91,0.0,0.0,0.0,0.0,0.0,0,90,1,367.39,0,0,0,0,0,0,0
1781254508.648,0,0,0,0,0,-17.73,5.18,0.0,0.0,0.0,0.0,0.0,0,90,1,365.97,0,0,0,0,0,0,0
1781254508.67,0,0,0,0,0,-19.99,5.53,0.0,0.0,0.0,0.0,0.0,0,90,1,363.55,0,0,0,0,0,0,0
1781254508.695,0,0,0,0,0,-21.87,5.88,0.0,0.0,0.0,0.0,0.0,0,90,1,359.71,0,0,0,0,0,0,0
1781254508.719,0,0,0,0,0,-23.46,6.13,0.0,0.0,0.0,0.0,0.0,0,90,1,354.38,0,0,0,0,0,0,0
1781254508.741,0,0,0,0,0,-24.93,6.21,0.0,0.0,0.0,0.0,0.0,0,90,1,347.95,0,0,0,0,0,0,0
1781254508.765,0,0,0,0,0,-26.33,6.11,0.0,0.0,0.0,0.0,0.0,0,90,1,340.88,0,0,0,0,0,0,0
1781254508.79,0,0,0,0,0,-27.59,5.89,0.0,0.0,0.0,0.0,0.0,0,90,1,333.14,0,0,0,0,0,0,0
1781254508.814,0,0,0,0,0,-28.59,5.66,0.0,0.0,0.0,0.0,0.0,0,90,1,324.12,0,0,0,0,0,0,0
1781254508.836,0,0,0,0,0,-29.31,5.55,0.0,0.0,0.0,0.0,0.0,0,90,1,313.02,0,0,0,0,0,0,0
1781254508.86,0,0,0,0,0,-29.85,5.64,0.0,0.0,0.0,0.0,0.0,0,90,1,299.38,0,0,0,0,0,0,0
1781254508.882,0,0,0,0,0,-30.36,5.92,0.0,0.0,0.0,0.0,0.0,0,90,1,283.15,0,0,0,0,0,0,0
1781254508.905,0,0,0,0,0,-30.95,6.27,0.0,0.0,0.0,0.0,0.0,0,90,1,264.24,0,0,0,0,0,0,0
1781254508.931,0,0,0,0,0,-31.58,6.56,0.0,0.0,0.0,0.0,0.0,0,90,1,242.57,0,0,0,0,0,0,0
1781254508.951,0,0,0,0,0,-32.09,6.66,0.0,0.0,0.0,0.0,0.0,0,90,1,219.14,0,0,0,0,0,0,0
1781254508.977,0,0,0,0,0,-32.17,6.53,0.0,0.0,0.0,0.0,0.0,0,90,1,196.32,0,0,0,0,0,0,0
1781254509.0,0,0,0,0,0,-31.85,6.3,0.0,0.0,0.0,0.0,0.0,0,90,1,176.25,0,0,0,0,0,0,0
1781254509.023,0,0,0,0,0,-31.58,6.04,0.0,0.0,0.0,0.0,0.0,0,90,1,160.1,0,0,0,0,0,0,0
1781254509.048,0,0,0,0,0,-30.6,5.6,0.0,0.0,0.0,0.0,0.0,0,90,1,147.77,0,0,0,0,0,0,0
1781254509.069,0,0,0,0,0,-27.55,4.96,0.0,0.0,0.0,0.0,0.0,0,90,1,137.98,0,0,0,0,0,0,0
1781254509.094,0,0,0,0,0,-23.08,4.29,0.0,0.0,0.0,0.0,0.0,0,90,1,130.17,0,0,0,0,0,0,0
1781254509.117,0,0,0,0,0,-18.94,3.67,0.0,0.0,0.0,0.0,0.0,0,90,1,124.43,0,0,0,0,0,0,0
1781254509.14,0,0,0,0,0,-16.18,3.09,0.0,0.0,0.0,0.0,0.0,0,90,1,120.51,0,0,0,0,0,0,0
1781254509.165,0,0,0,0,0,-15.14,2.51,0.0,0.0,0.0,0.0,0.0,0,90,1,117.72,0,0,0,0,0,0,0
1781254509.188,0,0,0,0,0,-15.58,1.95,0.0,0.0,0.0,0.0,0.0,0,90,1,115.36,0,0,0,0,0,0,0
1781254509.211,0,0,0,0,0,-16.9,1.52,0.0,0.0,0.0,0.0,0.0,0,90,1,112.91,0,0,0,0,0,0,0
1781254509.235,0,0,0,0,0,-18.43,1.36,0.0,0.0,0.0,0.0,0.0,0,90,1,110.03,0,0,0,0,0,0,0
1781254509.259,0,0,0,0,0,-19.72,1.54,0.0,0.0,0.0,0.0,0.0,0,90,1,106.48,0,0,0,0,0,0,0
1781254509.281,0,0,0,0,0,-20.59,2.02,0.0,0.0,0.0,0.0,0.0,0,90,1,102.26,0,0,0,0,0,0,0
1781254509.306,0,0,0,0,0,-21.09,2.67,0.0,0.0,0.0,0.0,0.0,0,90,1,97.68,0,0,0,0,0,0,0
1781254509.329,0,0,0,0,0,-21.29,3.29,0.0,0.0,0.0,0.0,0.0,0,90,1,93.32,0,0,0,0,0,0,0
1781254509.351,0,0,0,0,0,-21.23,3.76,0.0,0.0,0.0,0.0,0.0,0,90,1,89.36,0,0,0,0,0,0,0
1781254509.376,0,0,0,0,0,-21.09,4.09,0.0,0.0,0.0,0.0,0.0,0,90,1,85.73,0,0,0,0,0,0,0
1781254509.4,0,0,0,0,0,-20.95,4.41,0.0,0.0,0.0,0.0,0.0,0,90,1,82.62,0,0,0,0,0,0,0
1781254509.423,0,0,0,0,0,-20.6,4.78,0.0,0.0,0.0,0.0,0.0,0,90,1,80.07,0,0,0,0,0,0,0
1781254509.446,0,0,0,0,0,-18.44,5.13,0.0,0.0,0.0,0.0,0.0,0,90,1,77.77,0,0,0,0,0,0,0
1781254509.469,0,0,0,0,0,-12.94,5.31,0.0,0.0,0.0,0.0,0.0,0,90,1,76.21,0,0,0,0,0,0,0
1781254509.492,0,0,0,0,0,-5.81,5.25,0.0,0.0,0.0,0.0,0.0,0,90,1,77.17,0,0,0,0,0,0,0
1781254509.516,0,0,0,0,0,0.08,4.92,0.0,0.0,0.0,0.0,0.0,0,90,1,81.5,0,0,0,0,0,0,0
1781254509.539,0,0,0,0,0,3.42,4.38,0.0,0.0,0.0,0.0,0.0,0,90,1,88.09,0,0,0,0,0,0,0
1781254509.563,0,0,0,0,0,4.17,3.73,0.0,0.0,0.0,0.0,0.0,0,90,1,94.99,0,0,0,0,0,0,0
1781254509.586,0,0,0,0,0,3.13,3.09,0.0,0.0,0.0,0.0,0.0,0,90,1,100.8,0,0,0,0,0,0,0
1781254509.609,0,0,0,0,0,1.45,2.58,0.0,0.0,0.0,0.0,0.0,0,90,1,105.25,0,0,0,0,0,0,0
1781254509.633,0,0,0,0,0,0.13,2.3,0.0,0.0,0.0,0.0,0.0,0,90,1,108.85,0,0,0,0,0,0,0
1781254509.657,0,0,0,0,0,-0.38,2.27,0.0,0.0,0.0,0.0,0.0,0,90,1,112.31,0,0,0,0,0,0,0
1781254509.679,0,0,0,0,0,-0.19,2.43,0.0,0.0,0.0,0.0,0.0,0,90,1,116.21,0,0,0,0,0,0,0
1781254509.703,0,0,0,0,0,0.23,2.65,0.0,0.0,0.0,0.0,0.0,0,90,1,120.7,0,0,0,0,0,0,0
1781254509.727,0,0,0,0,0,0.45,2.8,0.0,0.0,0.0,0.0,0.0,0,90,1,125.59,0,0,0,0,0,0,0
1781254509.751,0,0,0,0,0,0.25,2.84,0.0,0.0,0.0,0.0,0.0,0,90,1,130.8,0,0,0,0,0,0,0
1781254509.773,0,0,0,0,0,-0.32,2.77,0.0,0.0,0.0,0.0,0.0,0,90,1,136.11,0,0,0,0,0,0,0
1781254509.797,0,0,0,0,0,-1.06,2.66,0.0,0.0,0.0,0.0,0.0,0,90,1,141.15,0,0,0,0,0,0,0
1781254509.82,0,0,0,0,0,-1.79,2.57,0.0,0.0,0.0,0.0,0.0,0,90,1,145.6,0,0,0,0,0,0,0
1781254509.844,0,0,0,0,0,-2.37,2.53,0.0,0.0,0.0,0.0,0.0,0,90,1,149.29,0,0,0,0,0,0,0
1781254509.868,0,0,0,0,0,-2.81,2.54,0.0,0.0,0.0,0.0,0.0,0,90,1,152.11,0,0,0,0,0,0,0
1781254509.891,0,0,0,0,0,-3.2,2.55,0.0,0.0,0.0,0.0,0.0,0,90,1,153.98,0,0,0,0,0,0,0
1781254509.913,0,0,0,0,0,-3.52,2.57,0.0,0.0,0.0,0.0,0.0,0,90,1,154.84,0,0,0,0,0,0,0
1781254509.937,0,0,0,0,0,-3.8,2.61,0.0,0.0,0.0,0.0,0.0,0,90,1,154.59,0,0,0,0,0,0,0
1781254509.961,0,0,0,0,0,-4.3,2.63,0.0,0.0,0.0,0.0,0.0,0,90,1,153.09,0,0,0,0,0,0,0
1781254509.985,0,0,0,0,0,-4.95,2.65,0.0,0.0,0.0,0.0,0.0,0,90,1,150.34,0,0,0,0,0,0,0
1781254510.008,0,0,0,0,0,-5.52,2.73,0.0,0.0,0.0,0.0,0.0,0,90,1,146.51,0,0,0,0,0,0,0
1781254510.03,0,0,0,0,0,-5.95,3.32,0.0,0.0,0.0,0.0,0.0,0,90,1,141.74,0,0,0,0,0,0,0
1781254510.054,0,0,0,0,0,-6.18,4.95,0.0,0.0,0.0,0.0,0.0,0,90,1,136.09,0,0,0,0,0,0,0
1781254510.079,0,0,0,0,0,-6.27,7.29,0.0,0.0,0.0,0.0,0.0,0,90,1,129.51,0,0,0,0,0,0,0
1781254510.103,0,0,0,0,0,-7.32,9.53,0.0,0.0,0.0,0.0,0.0,0,90,1,121.75,0,0,0,0,0,0,0
1781254510.125,0,0,0,0,0,-10.56,11.16,0.0,0.0,0.0,0.0,0.0,0,90,1,112.85,0,0,0,0,0,0,0
1781254510.148,0,0,0,0,0,-15.03,12.03,0.0,0.0,0.0,0.0,0.0,0,90,1,103.95,0,0,0,0,0,0,0
1781254510.173,0,0,0,0,0,-18.86,12.27,0.0,0.0,0.0,0.0,0.0,0,90,1,96.13,0,0,0,0,0,0,0
1781254510.196,0,0,0,0,0,-21.2,12.13,0.0,0.0,0.0,0.0,0.0,0,90,1,89.35,0,0,0,0,0,0,0
1781254510.22,0,0,0,0,0,-21.99,11.83,0.0,0.0,0.0,0.0,0.0,0,90,1,83.69,0,0,0,0,0,0,0
1781254510.242,0,0,0,0,0,-21.66,11.5,0.0,0.0,0.0,0.0,0.0,0,90,1,80.19,0,0,0,0,0,0,0
1781254510.266,0,0,0,0,0,-20.79,11.21,0.0,0.0,0.0,0.0,0.0,0,90,1,79.07,0,0,0,0,0,0,0
1781254510.29,0,0,0,0,0,-19.88,10.99,0.0,0.0,0.0,0.0,0.0,0,90,1,79.43,0,0,0,0,0,0,0
1781254510.312,0,0,0,0,0,-19.16,10.84,0.0,0.0,0.0,0.0,0.0,0,90,1,80.38,0,0,0,0,0,0,0
1781254510.338,0,0,0,0,0,-18.7,10.74,0.0,0.0,0.0,0.0,0.0,0,90,1,81.4,0,0,0,0,0,0,0
1781254510.359,0,0,0,0,0,-18.47,10.66,0.0,0.0,0.0,0.0,0.0,0,90,1,82.24,0,0,0,0,0,0,0
1781254510.383,0,0,0,0,0,-18.43,10.58,0.0,0.0,0.0,0.0,0.0,0,90,1,82.71,0,0,0,0,0,0,0
1781254510.407,0,0,0,0,0,-18.51,10.47,0.0,0.0,0.0,0.0,0.0,0,90,1,82.74,0,0,0,0,0,0,0
1781254510.43,0,0,0,0,0,-18.6,10.32,0.0,0.0,0.0,0.0,0.0,0,90,1,82.33,0,0,0,0,0,0,0
1781254510.455,0,0,0,0,0,-18.69,10.1,0.0,0.0,0.0,0.0,0.0,0,90,1,81.58,0,0,0,0,0,0,0
1781254510.478,0,0,0,0,0,-18.7,9.86,0.0,0.0,0.0,0.0,0.0,0,90,1,80.61,0,0,0,0,0,0,0
1781254510.501,0,0,0,0,0,-18.59,9.6,0.0,0.0,0.0,0.0,0.0,0,90,1,79.51,0,0,0,0,0,0,0
1781254510.526,0,0,0,0,0,-18.54,9.07,0.0,0.0,0.0,0.0,0.0,0,90,1,78.41,0,0,0,0,0,0,0
1781254510.548,0,0,0,0,0,-18.54,8.29,0.0,0.0,0.0,0.0,0.0,0,90,1,77.37,0,0,0,0,0,0,0
1781254510.573,0,0,0,0,0,-17.27,7.49,0.0,0.0,0.0,0.0,0.0,0,90,1,75.97,0,0,0,0,0,0,0
1781254510.595,0,0,0,0,0,-13.28,6.8,0.0,0.0,0.0,0.0,0.0,0,90,1,73.78,0,0,0,0,0,0,0
1781254510.618,0,0,0,0,0,-7.38,6.28,0.0,0.0,0.0,0.0,0.0,0,90,1,72.17,0,0,0,0,0,0,0
1781254510.642,0,0,0,0,0,-1.39,5.87,0.0,0.0,0.0,0.0,0.0,0,90,1,73.04,0,0,0,0,0,0,0
1781254510.664,0,0,0,0,0,3.58,5.51,0.0,0.0,0.0,0.0,0.0,0,90,1,75.95,0,0,0,0,0,0,0
1781254510.69,0,0,0,0,0,7.07,5.18,0.0,0.0,0.0,0.0,0.0,0,90,1,79.37,0,0,0,0,0,0,0
1781254510.712,0,0,0,0,0,9.05,4.88,0.0,0.0,0.0,0.0,0.0,0,90,1,82.7,0,0,0,0,0,0,0
1781254510.735,0,0,0,0,0,9.8,4.62,0.0,0.0,0.0,0.0,0.0,0,90,1,86.17,0,0,0,0,0,0,0
1781254510.758,0,0,0,0,0,9.69,4.44,0.0,0.0,0.0,0.0,0.0,0,90,1,90.03,0,0,0,0,0,0,0
1781254510.782,0,0,0,0,0,9.13,4.33,0.0,0.0,0.0,0.0,0.0,0,90,1,94.16,0,0,0,0,0,0,0
1781254510.807,0,0,0,0,0,8.46,4.28,0.0,0.0,0.0,0.0,0.0,0,90,1,98.26,0,0,0,0,0,0,0
1781254510.829,0,0,0,0,0,7.95,4.27,0.0,0.0,0.0,0.0,0.0,0,90,1,102.14,0,0,0,0,0,0,0
1781254510.853,0,0,0,0,0,7.72,4.26,0.0,0.0,0.0,0.0,0.0,0,90,1,105.76,0,0,0,0,0,0,0
1781254510.877,0,0,0,0,0,7.78,4.27,0.0,0.0,0.0,0.0,0.0,0,90,1,109.24,0,0,0,0,0,0,0
1781254510.9,0,0,0,0,0,8.05,4.24,0.0,0.0,0.0,0.0,0.0,0,90,1,112.77,0,0,0,0,0,0,0
1781254510.925,0,0,0,0,0,8.4,4.12,0.0,0.0,0.0,0.0,0.0,0,90,1,116.54,0,0,0,0,0,0,0
1781254510.946,0,0,0,0,0,8.73,3.94,0.0,0.0,0.0,0.0,0.0,0,90,1,120.61,0,0,0,0,0,0,0
1781254510.969,0,0,0,0,0,8.93,3.77,0.0,0.0,0.0,0.0,0.0,0,90,1,124.93,0,0,0,0,0,0,0
1781254510.994,0,0,0,0,0,8.96,3.63,0.0,0.0,0.0,0.0,0.0,0,90,1,129.33,0,0,0,0,0,0,0
1781254511.017,0,0,0,0,0,8.83,3.52,0.0,0.0,0.0,0.0,0.0,0,90,1,133.66,0,0,0,0,0,0,0
1781254511.041,0,0,0,0,0,8.58,3.44,0.0,0.0,0.0,0.0,0.0,0,90,1,137.8,0,0,0,0,0,0,0
1781254511.064,0,0,0,0,0,8.26,3.39,0.0,0.0,0.0,0.0,0.0,0,90,1,141.7,0,0,0,0,0,0,0
1781254511.087,0,0,0,0,0,7.91,3.36,0.0,0.0,0.0,0.0,0.0,0,90,1,145.33,0,0,0,0,0,0,0
1781254511.11,0,0,0,0,0,7.55,3.33,0.0,0.0,0.0,0.0,0.0,0,90,1,148.69,0,0,0,0,0,0,0
1781254511.135,0,0,0,0,0,7.23,3.3,0.0,0.0,0.0,0.0,0.0,0,90,1,151.8,0,0,0,0,0,0,0
1781254511.157,0,0,0,0,0,6.94,3.26,0.0,0.0,0.0,0.0,0.0,0,90,1,154.68,0,0,0,0,0,0,0
1781254511.18,0,0,0,0,0,6.67,3.21,0.0,0.0,0.0,0.0,0.0,0,90,1,157.3,0,0,0,0,0,0,0
1781254511.204,0,0,0,0,0,6.39,3.16,0.0,0.0,0.0,0.0,0.0,0,90,1,159.67,0,0,0,0,0,0,0
1781254511.227,0,0,0,0,0,6.08,3.12,0.0,0.0,0.0,0.0,0.0,0,90,1,161.76,0,0,0,0,0,0,0
1781254511.25,0,0,0,0,0,5.74,3.06,0.0,0.0,0.0,0.0,0.0,0,90,1,163.6,0,0,0,0,0,0,0
1781254511.275,0,0,0,0,0,5.42,2.97,0.0,0.0,0.0,0.0,0.0,0,90,1,165.07,0,0,0,0,0,0,0
1781254511.296,0,0,0,0,0,5.14,2.85,0.0,0.0,0.0,0.0,0.0,0,90,1,165.59,0,0,0,0,0,0,0
1781254511.319,0,0,0,0,0,4.94,2.72,0.0,0.0,0.0,0.0,0.0,0,90,1,164.12,0,0,0,0,0,0,0
1781254511.343,0,0,0,0,0,4.79,2.61,0.0,0.0,0.0,0.0,0.0,0,90,1,160.07,0,0,0,0,0,0,0
1781254511.367,0,0,0,0,0,4.67,2.53,0.0,0.0,0.0,0.0,0.0,0,90,1,153.86,0,0,0,0,0,0,0
1781254511.391,0,0,0,0,0,4.53,2.47,0.0,0.0,0.0,0.0,0.0,0,90,1,146.44,0,0,0,0,0,0,0
1781254511.413,0,0,0,0,0,4.36,2.42,0.0,0.0,0.0,0.0,0.0,0,90,1,138.7,0,0,0,0,0,0,0
1781254511.437,0,0,0,0,0,4.17,2.38,0.0,0.0,0.0,0.0,0.0,0,90,1,131.1,0,0,0,0,0,0,0
1781254511.46,0,0,0,0,0,4.0,2.35,0.0,0.0,0.0,0.0,0.0,0,90,1,123.72,0,0,0,0,0,0,0
1781254511.483,0,0,0,0,0,3.84,2.32,0.0,0.0,0.0,0.0,0.0,0,90,1,116.44,0,0,0,0,0,0,0
1781254511.507,0,0,0,0,0,3.7,2.29,0.0,0.0,0.0,0.0,0.0,0,90,1,109.09,0,0,0,0,0,0,0
1781254511.531,0,0,0,0,0,3.54,2.27,0.0,0.0,0.0,0.0,0.0,0,90,1,101.5,0,0,0,0,0,0,0
1781254511.552,0,0,0,0,0,3.36,2.24,0.0,0.0,0.0,0.0,0.0,0,90,1,93.55,0,0,0,0,0,0,0
1781254511.577,0,0,0,0,0,3.17,2.18,0.0,0.0,0.0,0.0,0.0,0,90,1,85.14,0,0,0,0,0,0,0
1781254511.601,0,0,0,0,0,2.96,2.08,0.0,0.0,0.0,0.0,0.0,0,90,1,76.28,0,0,0,0,0,0,0
1781254511.624,0,0,0,0,0,2.74,1.97,0.0,0.0,0.0,0.0,0.0,0,90,1,66.97,0,0,0,0,0,0,0
1781254511.647,0,0,0,0,0,2.51,1.84,0.0,0.0,0.0,0.0,0.0,0,90,1,57.29,0,0,0,0,0,0,0
1781254511.67,0,0,0,0,0,2.26,1.71,0.0,0.0,0.0,0.0,0.0,0,90,1,47.37,0,0,0,0,0,0,0
1781254511.696,0,0,0,0,0,1.98,1.56,0.0,0.0,0.0,0.0,0.0,0,90,1,37.17,0,0,0,0,0,0,0
1781254511.719,0,0,0,0,0,1.68,1.41,0.0,0.0,0.0,0.0,0.0,0,90,1,26.66,0,0,0,0,0,0,0
1781254511.741,0,0,0,0,0,1.37,1.27,0.0,0.0,0.0,0.0,0.0,0,90,1,17.04,0,0,0,0,0,0,0
1781254511.765,0,0,0,0,0,1.06,1.15,0.0,0.0,0.0,0.0,0.0,0,90,1,10.51,0,0,0,0,0,0,0
1781254511.788,0,0,0,0,0,0.74,1.03,0.0,0.0,0.0,0.0,0.0,0,90,1,7.65,0,0,0,0,0,0,0
1781254511.812,0,0,0,0,0,0.41,0.89,0.0,0.0,0.0,0.0,0.0,0,90,1,7.21,0,0,0,0,0,0,0
1781254511.837,0,0,0,0,0,0.07,0.72,0.0,0.0,0.0,0.0,0.0,0,90,1,7.74,0,0,0,0,0,0,0
1781254511.859,0,0,0,0,0,-0.26,0.52,0.0,0.0,0.0,0.0,0.0,0,90,1,8.34,0,0,0,0,0,0,0
1781254511.884,0,0,0,0,0,-0.56,0.33,0.0,0.0,0.0,0.0,0.0,0,90,1,8.75,0,0,0,0,0,0,0
1781254511.905,0,0,0,0,0,-0.82,0.16,0.0,0.0,0.0,0.0,0.0,0,90,1,9.01,0,0,0,0,0,0,0
1781254511.928,0,0,0,0,0,-1.03,0.04,0.0,0.0,0.0,0.0,0.0,0,90,1,9.25,0,0,0,0,0,0,0
1781254511.953,0,0,0,0,0,-1.19,-0.04,0.0,0.0,0.0,0.0,0.0,0,90,1,9.54,0,0,0,0,0,0,0
1781254511.977,0,0,0,0,0,-1.28,-0.07,0.0,0.0,0.0,0.0,0.0,0,90,1,9.89,0,0,0,0,0,0,0
1781254512.0,0,0,0,0,0,-1.3,-0.08,0.0,0.0,0.0,0.0,0.0,0,90,1,10.24,0,0,0,0,0,0,0
1781254512.022,0,0,0,0,0,-1.28,-0.08,0.0,0.0,0.0,0.0,0.0,0,90,1,10.56,0,0,0,0,0,0,0
1781254512.045,0,0,0,0,0,-1.25,-0.08,0.0,0.0,0.0,0.0,0.0,0,90,1,10.8,0,0,0,0,0,0,0
1781254512.07,0,0,0,0,0,-1.2,-0.08,0.0,0.0,0.0,0.0,0.0,0,90,1,10.92,0,0,0,0,0,0,0
1781254512.094,0,0,0,0,0,-1.14,-0.1,0.0,0.0,0.0,0.0,0.0,0,90,1,10.89,0,0,0,0,0,0,0
1781254512.117,0,0,0,0,0,-1.08,-0.12,0.0,0.0,0.0,0.0,0.0,0,90,1,10.71,0,0,0,0,0,0,0
1781254512.139,0,0,0,0,0,-1.02,-0.11,0.0,0.0,0.0,0.0,0.0,0,90,1,10.39,0,0,0,0,0,0,0
1781254512.163,0,0,0,0,0,-0.98,-0.06,0.0,0.0,0.0,0.0,0.0,0,90,1,9.98,0,0,0,0,0,0,0
1781254512.187,0,0,0,0,0,-0.94,0.0,0.0,0.0,0.0,0.0,0.0,0,90,1,9.52,0,0,0,0,0,0,0
1781254512.212,0,0,0,0,0,-0.88,0.06,0.0,0.0,0.0,0.0,0.0,0,90,1,9.04,0,0,0,0,0,0,0
1781254512.234,0,0,0,0,0,-0.83,0.1,0.0,0.0,0.0,0.0,0.0,0,90,1,8.56,0,0,0,0,0,0,0
1781254512.258,0,0,0,0,0,-0.79,0.12,0.0,0.0,0.0,0.0,0.0,0,90,1,8.09,0,0,0,0,0,0,0
1781254512.28,0,0,0,0,0,-0.79,0.14,0.0,0.0,0.0,0.0,0.0,0,90,1,7.64,0,0,0,0,0,0,0
1781254512.304,0,0,0,0,0,-0.8,0.13,0.0,0.0,0.0,0.0,0.0,0,90,1,7.21,0,0,0,0,0,0,0
1781254512.33,0,0,0,0,0,-0.81,0.13,0.0,0.0,0.0,0.0,0.0,0,90,1,6.79,0,0,0,0,0,0,0
1781254512.352,0,0,0,0,0,-0.8,0.12,0.0,0.0,0.0,0.0,0.0,0,90,1,6.39,0,0,0,0,0,0,0
1781254512.375,0,0,0,0,0,-0.77,0.13,0.0,0.0,0.0,0.0,0.0,0,90,1,5.99,0,0,0,0,0,0,0
1781254512.397,0,0,0,0,0,-0.72,0.16,0.0,0.0,0.0,0.0,0.0,0,90,1,5.61,0,0,0,0,0,0,0
1781254512.421,0,0,0,0,0,-0.69,0.19,0.0,0.0,0.0,0.0,0.0,0,90,1,5.25,0,0,0,0,0,0,0
1781254512.447,0,0,0,0,0,-0.68,0.22,0.0,0.0,0.0,0.0,0.0,0,90,1,4.93,0,0,0,0,0,0,0
1781254512.469,0,0,0,0,0,-0.67,0.24,0.0,0.0,0.0,0.0,0.0,0,90,1,4.62,0,0,0,0,0,0,0
1781254512.494,0,0,0,0,0,-0.67,0.25,0.0,0.0,0.0,0.0,0.0,0,90,1,4.31,0,0,0,0,0,0,0
1781254512.515,0,0,0,0,0,-0.67,0.25,0.0,0.0,0.0,0.0,0.0,0,90,1,4.01,0,0,0,0,0,0,0
1781254512.539,0,0,0,0,0,-0.65,0.26,0.0,0.0,0.0,0.0,0.0,0,90,0,3.71,0,0,0,0,0,0,0
1781254512.563,0,0,0,0,0,-0.61,0.27,0.0,0.0,0.0,0.0,0.0,0,90,0,3.4,0,0,0,0,0,0,0
1781254512.585,0,0,0,0,0,-0.56,0.28,0.0,0.0,0.0,0.0,0.0,0,90,0,3.1,0,0,0,0,0,0,0
1781254512.611,0,0,0,0,0,-0.52,0.28,0.0,0.0,0.0,0.0,0.0,0,90,0,2.8,0,0,0,0,0,0,0
1781254512.633,0,0,0,0,0,-0.48,0.29,0.0,0.0,0.0,0.0,0.0,0,90,0,2.52,0,0,0,0,0,0,0
1781254512.655,0,0,0,0,0,-0.46,0.3,0.0,0.0,0.0,0.0,0.0,0,90,0,2.25,0,0,0,0,0,0,0
1781254512.683,0,0,0,0,0,-0.45,0.33,0.0,0.0,0.0,0.0,0.0,0,90,0,1.98,0,0,0,0,0,0,0
1781254512.704,0,0,0,0,0,-0.45,0.34,0.0,0.0,0.0,0.0,0.0,0,90,0,1.72,0,0,0,0,0,0,0
1781254512.727,0,0,0,0,0,-0.47,0.33,0.0,0.0,0.0,0.0,0.0,0,90,0,1.47,0,0,0,0,0,0,0
1781254512.751,0,0,0,0,0,-0.47,0.3,0.0,0.0,0.0,0.0,0.0,0,90,0,1.24,0,0,0,0,0,0,0
1781254512.775,0,0,0,0,0,-0.46,0.27,0.0,0.0,0.0,0.0,0.0,0,90,0,1.03,0,0,0,0,0,0,0
1781254512.8,0,0,0,0,0,-0.43,0.27,0.0,0.0,0.0,0.0,0.0,0,90,0,0.84,0,0,0,0,0,0,0
1781254512.821,0,0,0,0,0,-0.4,0.27,0.0,0.0,0.0,0.0,0.0,0,90,0,0.67,0,0,0,0,0,0,0
1781254512.845,0,0,0,0,0,-0.38,0.29,0.0,0.0,0.0,0.0,0.0,0,90,0,0.52,0,0,0,0,0,0,0
1781254512.869,0,0,0,0,0,-0.37,0.29,0.0,0.0,0.0,0.0,0.0,0,90,0,0.39,0,0,0,0,0,0,0
1781254512.893,0,0,0,0,0,-0.36,0.28,0.0,0.0,0.0,0.0,0.0,0,90,0,0.29,0,0,0,0,0,0,0
1781254512.916,0,0,0,0,0,-0.36,0.26,0.0,0.0,0.0,0.0,0.0,0,90,0,0.21,0,0,0,0,0,0,0
1781254512.939,0,0,0,0,0,-0.35,0.24,0.0,0.0,0.0,0.0,0.0,0,90,0,0.16,0,0,0,0,0,0,0
1781254512.961,0,0,0,0,0,-0.3,0.21,0.0,0.0,0.0,0.0,0.0,0,90,0,0.12,0,0,0,0,0,0,0
1781254512.985,0,0,0,0,0,-0.24,0.19,0.0,0.0,0.0,0.0,0.0,0,90,0,0.1,0,0,0,0,0,0,0
1781254513.009,0,0,0,0,0,-0.17,0.18,0.0,0.0,0.0,0.0,0.0,0,90,0,0.09,0,0,0,0,0,0,0
1781254513.034,0,0,0,0,0,-0.1,0.17,0.0,0.0,0.0,0.0,0.0,0,90,0,0.1,0,0,0,0,0,0,0
1781254513.055,0,0,0,0,0,-0.04,0.17,0.0,0.0,0.0,0.0,0.0,0,90,0,0.11,0,0,0,0,0,0,0
1781254513.08,0,0,0,0,0,-0.01,0.16,0.0,0.0,0.0,0.0,0.0,0,90,0,0.11,0,0,0,0,0,0,0
1781254513.104,0,0,0,0,0,-0.03,0.16,0.0,0.0,0.0,0.0,0.0,0,90,0,0.12,0,0,0,0,0,0,0
1781254513.127,0,0,0,0,0,-0.08,0.16,0.0,0.0,0.0,0.0,0.0,0,90,0,0.12,0,0,0,0,0,0,0
1781254513.151,0,0,0,0,0,-0.11,0.16,0.0,0.0,0.0,0.0,0.0,0,90,0,0.12,0,0,0,0,0,0,0
1781254513.174,0,0,0,0,0,-0.11,0.16,0.0,0.0,0.0,0.0,0.0,0,90,0,0.11,0,0,0,0,0,0,0
1781254513.197,0,0,0,0,0,-0.09,0.16,0.0,0.0,0.0,0.0,0.0,0,90,0,0.1,0,0,0,0,0,0,0
1781254513.221,0,0,0,0,0,-0.06,0.17,0.0,0.0,0.0,0.0,0.0,0,90,0,0.1,0,0,0,0,0,0,0
1781254513.244,0,0,0,0,0,-0.02,0.16,0.0,0.0,0.0,0.0,0.0,0,90,0,0.09,0,0,0,0,0,0,0
1781254513.269,0,0,0,0,0,0.02,0.15,0.0,0.0,0.0,0.0,0.0,0,90,0,0.09,0,0,0,0,0,0,0
1781254513.291,0,0,0,0,0,0.07,0.14,0.0,0.0,0.0,0.0,0.0,0,90,0,0.09,0,0,0,0,0,0,0
1781254513.314,0,0,0,0,0,0.1,0.13,0.0,0.0,0.0,0.0,0.0,0,90,0,0.09,0,0,0,0,0,0,0
1781254513.338,0,0,0,0,0,0.1,0.11,0.0,0.0,0.0,0.0,0.0,0,90,0,0.09,0,0,0,0,0,0,0
1781254513.361,0,0,0,0,0,0.05,0.08,0.0,0.0,0.0,0.0,0.0,0,90,0,0.09,0,0,0,0,0,0,0
1781254513.387,0,0,0,0,0,-0.0,0.03,0.0,0.0,0.0,0.0,0.0,0,90,0,0.09,0,0,0,0,0,0,0
1781254513.409,0,0,0,0,0,-0.0,-0.01,0.0,0.0,0.0,0.0,0.0,0,90,0,0.08,0,0,0,0,0,0,0
1781254513.432,0,0,0,0,0,0.06,-0.01,0.0,0.0,0.0,0.0,0.0,0,90,0,0.08,0,0,0,0,0,0,0
1781254513.455,0,0,0,0,0,0.11,0.03,0.0,0.0,0.0,0.0,0.0,0,90,0,0.08,0,0,0,0,0,0,0
1781254513.479,0,0,0,0,0,0.13,0.09,0.0,0.0,0.0,0.0,0.0,0,90,0,0.08,0,0,0,0,0,0,0
1781254513.503,0,0,0,0,0,0.09,0.14,0.0,0.0,0.0,0.0,0.0,0,90,0,0.08,0,0,0,0,0,0,0
1781254513.527,0,0,0,0,0,0.05,0.15,0.0,0.0,0.0,0.0,0.0,0,90,0,0.08,0,0,0,0,0,0,0
1781254513.551,0,0,0,0,0,0.03,0.15,0.0,0.0,0.0,0.0,0.0,0,90,0,0.07,0,0,0,0,0,0,0
1781254513.573,0,0,0,0,0,0.03,0.14,0.0,0.0,0.0,0.0,0.0,0,90,0,0.07,0,0,0,0,0,0,0
1781254513.596,0,0,0,0,0,0.04,0.12,0.0,0.0,0.0,0.0,0.0,0,90,0,0.07,0,0,0,0,0,0,0
1781254513.623,0,0,0,0,0,0.06,0.11,0.0,0.0,0.0,0.0,0.0,0,90,0,0.07,0,0,0,0,0,0,0
1781254513.643,0,0,0,0,0,0.09,0.1,0.0,0.0,0.0,0.0,0.0,0,90,0,0.06,0,0,0,0,0,0,0
1781254513.668,0,0,0,0,0,0.12,0.08,0.0,0.0,0.0,0.0,0.0,0,90,0,0.06,0,0,0,0,0,0,0
1781254513.691,0,0,0,0,0,0.14,0.04,0.0,0.0,0.0,0.0,0.0,0,90,0,0.06,0,0,0,0,0,0,0
1781254513.714,0,0,0,0,0,0.16,-0.02,0.0,0.0,0.0,0.0,0.0,0,90,0,0.05,0,0,0,0,0,0,0
1781254513.739,0,0,0,0,0,0.14,-0.07,0.0,0.0,0.0,0.0,0.0,0,90,0,0.05,0,0,0,0,0,0,0
1781254513.761,0,0,0,0,0,0.09,-0.1,0.0,0.0,0.0,0.0,0.0,0,90,0,0.05,0,0,0,0,0,0,0
1781254513.785,0,0,0,0,0,0.05,-0.1,0.0,0.0,0.0,0.0,0.0,0,90,0,0.05,0,0,0,0,0,0,0
1781254513.809,0,0,0,0,0,0.02,-0.09,0.0,0.0,0.0,0.0,0.0,0,90,0,0.04,0,0,0,0,0,0,0
1781254513.83,0,0,0,0,0,0.01,-0.08,0.0,0.0,0.0,0.0,0.0,0,90,0,0.04,0,0,0,0,0,0,0
1781254513.855,0,0,0,0,0,0.01,-0.08,0.0,0.0,0.0,0.0,0.0,0,90,0,0.04,0,0,0,0,0,0,0
1781254513.877,0,0,0,0,0,0.02,-0.07,0.0,0.0,0.0,0.0,0.0,0,90,0,0.04,0,0,0,0,0,0,0
1781254513.901,0,0,0,0,0,0.05,-0.04,0.0,0.0,0.0,0.0,0.0,0,90,0,0.03,0,0,0,0,0,0,0
1781254513.925,0,0,0,0,0,0.1,-0.02,0.0,0.0,0.0,0.0,0.0,0,90,0,0.03,0,0,0,0,0,0,0
1781254513.948,0,0,0,0,0,0.14,-0.0,0.0,0.0,0.0,0.0,0.0,0,90,0,0.03,0,0,0,0,0,0,0
1781254513.971,0,0,0,0,0,0.13,-0.01,0.0,0.0,0.0,0.0,0.0,0,90,0,0.02,0,0,0,0,0,0,0
1781254513.996,0,0,0,0,0,0.1,-0.03,0.0,0.0,0.0,0.0,0.0,0,90,0,0.02,0,0,0,0,0,0,0
1781254514.02,0,0,0,0,0,0.09,-0.05,0.0,0.0,0.0,0.0,0.0,0,90,0,0.02,0,0,0,0,0,0,0
1781254514.043,0,0,0,0,0,0.11,-0.08,0.0,0.0,0.0,0.0,0.0,0,90,0,0.02,0,0,0,0,0,0,0
1781254514.065,0,0,0,0,0,0.15,-0.11,0.0,0.0,0.0,0.0,0.0,0,90,0,0.01,0,0,0,0,0,0,0
1781254514.089,0,0,0,0,0,0.17,-0.14,0.0,0.0,0.0,0.0,0.0,0,90,0,0.01,0,0,0,0,0,0,0
1781254514.113,0,0,0,0,0,0.15,-0.14,0.0,0.0,0.0,0.0,0.0,0,90,0,0.01,0,0,0,0,0,0,0
1781254514.137,0,0,0,0,0,0.1,-0.12,0.0,0.0,0.0,0.0,0.0,0,90,0,0.01,0,0,0,0,0,0,0
1781254514.159,0,0,0,0,0,0.04,-0.1,0.0,0.0,0.0,0.0,0.0,0,90,0,0.01,0,0,0,0,0,0,0
1781254514.183,0,0,0,0,0,-0.0,-0.07,0.0,0.0,0.0,0.0,0.0,0,90,0,0.01,0,0,0,0,0,0,0
1781254514.205,0,0,0,0,0,-0.01,-0.05,0.0,0.0,0.0,0.0,0.0,0,90,0,0.01,0,0,0,0,0,0,0
1781254514.229,0,0,0,0,0,0.01,-0.04,0.0,0.0,0.0,0.0,0.0,0,90,0,0.01,0,0,0,0,0,0,0
1781254514.253,0,0,0,0,0,0.03,-0.02,0.0,0.0,0.0,0.0,0.0,0,90,0,0.01,0,0,0,0,0,0,0
1781254514.275,0,0,0,0,0,0.03,-0.01,0.0,0.0,0.0,0.0,0.0,0,90,0,0.01,0,0,0,0,0,0,0
1781254514.3,0,0,0,0,0,0.02,-0.01,0.0,0.0,0.0,0.0,0.0,0,90,0,0.01,0,0,0,0,0,0,0
1781254514.323,0,0,0,0,0,0.01,-0.02,0.0,0.0,0.0,0.0,0.0,0,90,0,0.01,0,0,0,0,0,0,0
1781254514.347,0,0,0,0,0,0.03,-0.02,0.0,0.0,0.0,0.0,0.0,0,90,0,0.01,0,0,0,0,0,0,0
1781254514.37,0,0,0,0,0,0.07,-0.02,0.0,0.0,0.0,0.0,0.0,0,90,0,0.01,0,0,0,0,0,0,0
1781254514.393,0,0,0,0,0,0.09,-0.02,0.0,0.0,0.0,0.0,0.0,0,90,0,0.01,0,0,0,0,0,0,0
1781254514.418,0,0,0,0,0,0.06,-0.01,0.0,0.0,0.0,0.0,0.0,0,90,0,0.01,0,0,0,0,0,0,0
1781254514.441,0,0,0,0,0,-0.02,-0.01,0.0,0.0,0.0,0.0,0.0,0,90,0,0.01,0,0,0,0,0,0,0
1781254514.463,0,0,0,0,0,-0.1,-0.01,0.0,0.0,0.0,0.0,0.0,0,90,0,0.01,0,0,0,0,0,0,0
1781254514.488,0,0,0,0,0,-0.14,-0.02,0.0,0.0,0.0,0.0,0.0,0,90,0,0.01,0,0,0,0,0,0,0
1781254514.511,0,0,0,0,0,-0.14,-0.03,0.0,0.0,0.0,0.0,0.0,0,90,0,0.01,0,0,0,0,0,0,0
1781254514.534,0,0,0,0,0,-0.1,-0.04,0.0,0.0,0.0,0.0,0.0,0,90,0,0.01,0,0,0,0,0,0,0
1781254514.558,0,0,0,0,0,-0.06,-0.05,0.0,0.0,0.0,0.0,0.0,0,90,0,0.01,0,0,0,0,0,0,0
1781254514.581,0,0,0,0,0,-0.05,-0.05,0.0,0.0,0.0,0.0,0.0,0,90,0,0.01,0,0,0,0,0,0,0
1781254514.604,0,0,0,0,0,-0.08,-0.04,0.0,0.0,0.0,0.0,0.0,0,90,0,0.01,0,0,0,0,0,0,0
1781254514.628,0,0,0,0,0,-0.16,-0.01,0.0,0.0,0.0,0.0,0.0,0,90,0,0.01,0,0,0,0,0,0,0
1781254514.652,0,0,0,0,0,-0.23,0.02,0.0,0.0,0.0,0.0,0.0,0,90,0,0.01,0,0,0,0,0,0,0
1781254514.675,0,0,0,0,0,-0.27,0.03,0.0,0.0,0.0,0.0,0.0,0,90,0,0.01,0,0,0,0,0,0,0
1781254514.698,0,0,0,0,0,-0.26,0.03,0.0,0.0,0.0,0.0,0.0,0,90,0,0.01,0,0,0,0,0,0,0
1781254514.722,0,0,0,0,0,-0.22,0.03,0.0,0.0,0.0,0.0,0.0,0,90,0,0.01,0,0,0,0,0,0,0
1781254514.746,0,0,0,0,0,-0.2,0.02,0.0,0.0,0.0,0.0,0.0,0,90,0,0.01,0,0,0,0,0,0,0
1781254514.769,0,0,0,0,0,-0.2,-0.0,0.0,0.0,0.0,0.0,0.0,0,90,0,0.01,0,0,0,0,0,0,0
1781254514.792,0,0,0,0,0,-0.22,-0.02,0.0,0.0,0.0,0.0,0.0,0,90,0,0.02,0,0,0,0,0,0,0
1781254514.815,0,0,0,0,0,-0.22,-0.04,0.0,0.0,0.0,0.0,0.0,0,90,0,0.02,0,0,0,0,0,0,0
1781254514.839,0,0,0,0,0,-0.19,-0.05,0.0,0.0,0.0,0.0,0.0,0,90,0,0.02,0,0,0,0,0,0,0
1781254514.862,0,0,0,0,0,-0.14,-0.05,0.0,0.0,0.0,0.0,0.0,0,90,0,0.02,0,0,0,0,0,0,0
1781254514.885,0,0,0,0,0,-0.11,-0.03,0.0,0.0,0.0,0.0,0.0,0,90,0,0.02,0,0,0,0,0,0,0
1781254514.91,0,0,0,0,0,-0.13,-0.01,0.0,0.0,0.0,0.0,0.0,0,90,0,0.02,0,0,0,0,0,0,0
1781254514.934,0,0,0,0,0,-0.17,-0.0,0.0,0.0,0.0,0.0,0.0,0,90,0,0.02,0,0,0,0,0,0,0
1781254514.957,0,0,0,0,0,-0.19,0.01,0.0,0.0,0.0,0.0,0.0,0,90,0,0.02,0,0,0,0,0,0,0
1781254514.98,0,0,0,0,0,-0.18,0.03,0.0,0.0,0.0,0.0,0.0,0,90,0,0.02,0,0,0,0,0,0,0
1781254515.003,0,0,0,0,0,-0.14,0.05,0.0,0.0,0.0,0.0,0.0,0,90,0,0.02,0,0,0,0,0,0,0
1781254515.027,0,0,0,0,0,-0.11,0.05,0.0,0.0,0.0,0.0,0.0,0,90,0,0.02,0,0,0,0,0,0,0
1781254515.051,0,0,0,0,0,-0.08,0.05,0.0,0.0,0.0,0.0,0.0,0,90,0,0.02,0,0,0,0,0,0,0
1781254515.073,0,0,0,0,0,-0.07,0.04,0.0,0.0,0.0,0.0,0.0,0,90,0,0.02,0,0,0,0,0,0,0
1781254515.097,0,0,0,0,0,-0.07,0.02,0.0,0.0,0.0,0.0,0.0,0,90,0,0.02,0,0,0,0,0,0,0
1781254515.121,0,0,0,0,0,-0.07,-0.01,0.0,0.0,0.0,0.0,0.0,0,90,0,0.01,0,0,0,0,0,0,0
1781254515.145,0,0,0,0,0,-0.07,-0.05,0.0,0.0,0.0,0.0,0.0,0,90,0,0.01,0,0,0,0,0,0,0
1781254515.168,0,0,0,0,0,-0.06,-0.1,0.0,0.0,0.0,0.0,0.0,0,90,0,0.01,0,0,0,0,0,0,0
1781254515.191,0,0,0,0,0,-0.04,-0.13,0.0,0.0,0.0,0.0,0.0,0,90,0,0.01,0,0,0,0,0,0,0
1781254515.214,0,0,0,0,0,-0.03,-0.15,0.0,0.0,0.0,0.0,0.0,0,90,0,0.01,0,0,0,0,0,0,0
1781254515.238,0,0,0,0,0,-0.06,-0.15,0.0,0.0,0.0,0.0,0.0,0,90,0,0.01,0,0,0,0,0,0,0
1781254515.261,0,0,0,0,0,-0.12,-0.13,0.0,0.0,0.0,0.0,0.0,0,90,0,0.01,0,0,0,0,0,0,0
1781254515.285,0,0,0,0,0,-0.18,-0.11,0.0,0.0,0.0,0.0,0.0,0,90,0,0.01,0,0,0,0,0,0,0
1781254515.308,0,0,0,0,0,-0.21,-0.07,0.0,0.0,0.0,0.0,0.0,0,90,0,0.01,0,0,0,0,0,0,0
1781254515.331,0,0,0,0,0,-0.22,-0.02,0.0,0.0,0.0,0.0,0.0,0,90,0,0.01,0,0,0,0,0,0,0
1781254515.355,0,0,0,0,0,-0.23,0.01,0.0,0.0,0.0,0.0,0.0,0,90,0,0.01,0,0,0,0,0,0,0
1781254515.379,0,0,0,0,0,-0.22,0.02,0.0,0.0,0.0,0.0,0.0,0,90,0,0.01,0,0,0,0,0,0,0
1781254515.402,0,0,0,0,0,-0.2,0.02,0.0,0.0,0.0,0.0,0.0,0,90,0,0.01,0,0,0,0,0,0,0
1781254515.425,0,0,0,0,0,-0.16,0.02,0.0,0.0,0.0,0.0,0.0,0,90,0,0.01,0,0,0,0,0,0,0
1781254515.449,0,0,0,0,0,-0.14,0.02,0.0,0.0,0.0,0.0,0.0,0,90,0,0.01,0,0,0,0,0,0,0
1781254515.473,0,0,0,0,0,-0.14,0.02,0.0,0.0,0.0,0.0,0.0,0,90,0,0.01,0,0,0,0,0,0,0
1781254515.496,0,0,0,0,0,-0.12,0.01,0.0,0.0,0.0,0.0,0.0,0,90,0,0.01,0,0,0,0,0,0,0
1781254515.52,0,0,0,0,0,-0.11,0.01,0.0,0.0,0.0,0.0,0.0,0,90,0,0.01,0,0,0,0,0,0,0
1781254515.543,0,0,0,0,0,-0.09,-0.0,0.0,0.0,0.0,0.0,0.0,0,90,0,0.01,0,0,0,0,0,0,0
1781254515.566,0,0,0,0,0,-0.09,0.0,0.0,0.0,0.0,0.0,0.0,0,90,0,0.0,0,0,0,0,0,0,0
1781254515.589,0,0,0,0,0,-0.07,0.01,0.0,0.0,0.0,0.0,0.0,0,90,0,0.0,0,0,0,0,0,0,0
1781254515.612,0,0,0,0,0,-0.06,0.03,0.0,0.0,0.0,0.0,0.0,0,90,0,0.0,0,0,0,0,0,0,0
1781254515.635,0,0,0,0,0,-0.06,0.03,0.0,0.0,0.0,0.0,0.0,0,90,0,0.0,0,0,0,0,0,0,0
1781254515.659,0,0,0,0,0,-0.07,0.01,0.0,0.0,0.0,0.0,0.0,0,90,0,0.0,0,0,0,0,0,0,0
1781254515.683,0,0,0,0,0,-0.07,-0.02,0.0,0.0,0.0,0.0,0.0,0,90,0,0.0,0,0,0,0,0,0,0
1781254515.707,0,0,0,0,0,-0.04,-0.06,0.0,0.0,0.0,0.0,0.0,0,90,0,0.0,0,0,0,0,0,0,0
1781254515.73,0,0,0,0,0,-0.02,-0.09,0.0,0.0,0.0,0.0,0.0,0,90,0,0.0,0,0,0,0,0,0,0
1781254515.753,0,0,0,0,0,-0.03,-0.12,0.0,0.0,0.0,0.0,0.0,0,90,0,0.0,0,0,0,0,0,0,0
1781254515.777,0,0,0,0,0,-0.07,-0.14,0.0,0.0,0.0,0.0,0.0,0,90,0,0.0,0,0,0,0,0,0,0
1781254515.8,0,0,0,0,0,-0.12,-0.14,0.0,0.0,0.0,0.0,0.0,0,90,0,0.0,0,0,0,0,0,0,0
1781254515.824,0,0,0,0,0,-0.16,-0.11,0.0,0.0,0.0,0.0,0.0,0,90,0,0.0,0,0,0,0,0,0,0
1781254515.847,0,0,0,0,0,-0.18,-0.06,0.0,0.0,0.0,0.0,0.0,0,90,0,0.0,0,0,0,0,0,0,0
1781254515.87,0,0,0,0,0,-0.16,-0.02,0.0,0.0,0.0,0.0,0.0,0,90,0,0.0,0,0,0,0,0,0,0
1781254515.894,0,0,0,0,0,-0.14,0.01,0.0,0.0,0.0,0.0,0.0,0,90,0,0.0,0,0,0,0,0,0,0
1781254515.918,0,0,0,0,0,-0.11,0.02,0.0,0.0,0.0,0.0,0.0,0,90,0,0.0,0,0,0,0,0,0,0
1781254515.941,0,0,0,0,0,-0.06,0.03,0.0,0.0,0.0,0.0,0.0,0,90,0,0.0,0,0,0,0,0,0,0
1781254515.965,0,0,0,0,0,-0.03,0.05,0.0,0.0,0.0,0.0,0.0,0,90,0,0.0,0,0,0,0,0,0,0
1781254515.988,0,0,0,0,0,-0.05,0.09,0.0,0.0,0.0,0.0,0.0,0,90,0,0.0,0,0,0,0,0,0,0
1781254516.011,0,0,0,0,0,-0.1,0.13,0.0,0.0,0.0,0.0,0.0,0,90,0,0.0,0,0,0,0,0,0,0
1781254516.035,0,0,0,0,0,-0.14,0.16,0.0,0.0,0.0,0.0,0.0,0,90,0,0.01,0,0,0,0,0,0,0
1781254516.058,0,0,0,0,0,-0.18,0.17,0.0,0.0,0.0,0.0,0.0,0,90,0,0.01,0,0,0,0,0,0,0
1781254516.082,0,0,0,0,0,-0.2,0.17,0.0,0.0,0.0,0.0,0.0,0,90,0,0.01,0,0,0,0,0,0,0
1781254516.106,0,0,0,0,0,-0.21,0.16,0.0,0.0,0.0,0.0,0.0,0,90,0,0.01,0,0,0,0,0,0,0
1781254516.129,0,0,0,0,0,-0.22,0.1,0.0,0.0,0.0,0.0,0.0,0,90,0,0.01,0,0,0,0,0,0,0
1781254516.152,0,0,0,0,0,-0.24,-0.03,0.0,0.0,0.0,0.0,0.0,0,90,0,0.01,0,0,0,0,0,0,0
1781254516.175,0,0,0,0,0,-0.28,-0.19,0.0,0.0,0.0,0.0,0.0,0,90,0,0.01,0,0,0,0,0,0,0
1781254516.2,0,0,0,0,0,-0.31,-0.33,0.0,0.0,0.0,0.0,0.0,0,90,0,0.01,0,0,0,0,0,0,0
1781254516.223,0,0,0,0,0,-0.3,-0.41,0.0,0.0,0.0,0.0,0.0,0,90,0,0.01,0,0,0,0,0,0,0
1781254516.246,0,0,0,0,0,-0.29,-0.45,0.0,0.0,0.0,0.0,0.0,0,90,0,0.02,0,0,0,0,0,0,0
1781254516.27,0,0,0,0,0,-0.27,-0.45,0.0,0.0,0.0,0.0,0.0,0,90,0,0.02,0,0,0,0,0,0,0
1781254516.293,0,0,0,0,0,-0.28,-0.44,0.0,0.0,0.0,0.0,0.0,0,90,0,0.02,0,0,0,0,0,0,0
1781254516.318,0,0,0,0,0,-0.3,-0.4,0.0,0.0,0.0,0.0,0.0,0,90,0,0.02,0,0,0,0,0,0,0
1781254516.341,0,0,0,0,0,-0.32,-0.36,0.0,0.0,0.0,0.0,0.0,0,90,0,0.03,0,0,0,0,0,0,0
1781254516.364,0,0,0,0,0,-0.33,-0.33,0.0,0.0,0.0,0.0,0.0,0,90,0,0.03,0,0,0,0,0,0,0
1781254516.387,0,0,0,0,0,-0.32,-0.32,0.0,0.0,0.0,0.0,0.0,0,90,0,0.03,0,0,0,0,0,0,0
1781254516.411,0,0,0,0,0,-0.3,-0.31,0.0,0.0,0.0,0.0,0.0,0,90,0,0.03,0,0,0,0,0,0,0
1781254516.435,0,0,0,0,0,-0.28,-0.32,0.0,0.0,0.0,0.0,0.0,0,90,0,0.03,0,0,0,0,0,0,0
1781254516.458,0,0,0,0,0,-0.29,-0.32,0.0,0.0,0.0,0.0,0.0,0,90,0,0.03,0,0,0,0,0,0,0
1781254516.481,0,0,0,0,0,-0.33,-0.31,0.0,0.0,0.0,0.0,0.0,0,90,0,0.03,0,0,0,0,0,0,0
1781254516.504,0,0,0,0,0,-0.38,-0.3,0.0,0.0,0.0,0.0,0.0,0,90,0,0.03,0,0,0,0,0,0,0
1781254516.528,0,0,0,0,0,-0.41,-0.31,0.0,0.0,0.0,0.0,0.0,0,90,0,0.03,0,0,0,0,0,0,0
1781254516.553,0,0,0,0,0,-0.4,-0.31,0.0,0.0,0.0,0.0,0.0,0,90,0,0.04,0,0,0,0,0,0,0
1781254516.575,0,0,0,0,0,-0.37,-0.3,0.0,0.0,0.0,0.0,0.0,0,90,0,0.04,0,0,0,0,0,0,0
1781254516.598,0,0,0,0,0,-0.35,-0.28,0.0,0.0,0.0,0.0,0.0,0,90,0,0.04,0,0,0,0,0,0,0
1781254516.623,0,0,0,0,0,-0.35,-0.26,0.0,0.0,0.0,0.0,0.0,0,90,0,0.04,0,0,0,0,0,0,0
1781254516.646,0,0,0,0,0,-0.4,-0.25,0.0,0.0,0.0,0.0,0.0,0,90,0,0.04,0,0,0,0,0,0,0
1781254516.67,0,0,0,0,0,-0.48,-0.24,0.0,0.0,0.0,0.0,0.0,0,90,0,0.04,0,0,0,0,0,0,0
1781254516.693,0,0,0,0,0,-0.54,-0.25,0.0,0.0,0.0,0.0,0.0,0,90,0,0.04,0,0,0,0,0,0,0
1781254516.716,0,0,0,0,0,-0.56,-0.27,0.0,0.0,0.0,0.0,0.0,0,90,0,0.03,0,0,0,0,0,0,0
1781254516.74,0,0,0,0,0,-0.54,-0.27,0.0,0.0,0.0,0.0,0.0,0,90,0,0.03,0,0,0,0,0,0,0
1781254516.763,0,0,0,0,0,-0.5,-0.27,0.0,0.0,0.0,0.0,0.0,0,90,0,0.03,0,0,0,0,0,0,0
1781254516.787,0,0,0,0,0,-0.49,-0.27,0.0,0.0,0.0,0.0,0.0,0,90,0,0.03,0,0,0,0,0,0,0
1781254516.81,0,0,0,0,0,-0.53,-0.27,0.0,0.0,0.0,0.0,0.0,0,90,0,0.03,0,0,0,0,0,0,0
1781254516.834,0,0,0,0,0,-0.58,-0.28,0.0,0.0,0.0,0.0,0.0,0,90,0,0.03,0,0,0,0,0,0,0
1781254516.857,0,0,0,0,0,-0.63,-0.29,0.0,0.0,0.0,0.0,0.0,0,90,0,0.03,0,0,0,0,0,0,0
1781254516.88,0,0,0,0,0,-0.66,-0.29,0.0,0.0,0.0,0.0,0.0,0,90,0,0.03,0,0,0,0,0,0,0
1781254516.904,0,0,0,0,0,-0.66,-0.29,0.0,0.0,0.0,0.0,0.0,0,90,0,0.03,0,0,0,0,0,0,0
1781254516.927,0,0,0,0,0,-0.64,-0.28,0.0,0.0,0.0,0.0,0.0,0,90,0,0.03,0,0,0,0,0,0,0
1781254516.951,0,0,0,0,0,-0.61,-0.27,0.0,0.0,0.0,0.0,0.0,0,90,0,0.03,0,0,0,0,0,0,0
1781254516.974,0,0,0,0,0,-0.57,-0.23,0.0,0.0,0.0,0.0,0.0,0,90,0,0.03,0,0,0,0,0,0,0
1781254516.998,0,0,0,0,0,-0.54,-0.18,0.0,0.0,0.0,0.0,0.0,0,90,0,0.03,0,0,0,0,0,0,0
1781254517.021,0,0,0,0,0,-0.52,-0.13,0.0,0.0,0.0,0.0,0.0,0,90,0,0.03,0,0,0,0,0,0,0
1781254517.045,0,0,0,0,0,-0.5,-0.1,0.0,0.0,0.0,0.0,0.0,0,90,0,0.03,0,0,0,0,0,0,0
1781254517.068,0,0,0,0,0,-0.48,-0.09,0.0,0.0,0.0,0.0,0.0,0,90,0,0.03,0,0,0,0,0,0,0
1781254517.092,0,0,0,0,0,-0.47,-0.1,0.0,0.0,0.0,0.0,0.0,0,90,0,0.03,0,0,0,0,0,0,0
1781254517.115,0,0,0,0,0,-0.48,-0.13,0.0,0.0,0.0,0.0,0.0,0,90,0,0.03,0,0,0,0,0,0,0
1781254517.139,0,0,0,0,0,-0.49,-0.16,0.0,0.0,0.0,0.0,0.0,0,90,0,0.03,0,0,0,0,0,0,0
1781254517.162,0,0,0,0,0,-0.52,-0.18,0.0,0.0,0.0,0.0,0.0,0,90,0,0.03,0,0,0,0,0,0,0
1781254517.186,0,0,0,0,0,-0.57,-0.2,0.0,0.0,0.0,0.0,0.0,0,90,0,0.02,0,0,0,0,0,0,0
1781254517.209,0,0,0,0,0,-0.61,-0.21,0.0,0.0,0.0,0.0,0.0,0,90,0,0.02,0,0,0,0,0,0,0
1781254517.233,0,0,0,0,0,-0.65,-0.2,0.0,0.0,0.0,0.0,0.0,0,90,0,0.02,0,0,0,0,0,0,0
1781254517.257,0,0,0,0,0,-0.69,-0.19,0.0,0.0,0.0,0.0,0.0,0,90,0,0.02,0,0,0,0,0,0,0
1781254517.28,0,0,0,0,0,-0.72,-0.18,0.0,0.0,0.0,0.0,0.0,0,90,0,0.02,0,0,0,0,0,0,0
1781254517.303,0,0,0,0,0,-0.74,-0.17,0.0,0.0,0.0,0.0,0.0,0,90,0,0.02,0,0,0,0,0,0,0
1781254517.327,0,0,0,0,0,-0.75,-0.15,0.0,0.0,0.0,0.0,0.0,0,90,0,0.02,0,0,0,0,0,0,0
1781254517.35,0,0,0,0,0,-0.74,-0.13,0.0,0.0,0.0,0.0,0.0,0,90,0,0.02,0,0,0,0,0,0,0
1781254517.373,0,0,0,0,0,-0.73,-0.11,0.0,0.0,0.0,0.0,0.0,0,90,0,0.02,0,0,0,0,0,0,0
1781254517.397,0,0,0,0,0,-0.74,-0.08,0.0,0.0,0.0,0.0,0.0,0,90,0,0.02,0,0,0,0,0,0,0
1781254517.421,0,0,0,0,0,-0.76,-0.04,0.0,0.0,0.0,0.0,0.0,0,90,0,0.02,0,0,0,0,0,0,0
1781254517.444,0,0,0,0,0,-0.75,-0.01,0.0,0.0,0.0,0.0,0.0,0,90,0,0.02,0,0,0,0,0,0,0
1781254517.467,0,0,0,0,0,-0.72,0.01,0.0,0.0,0.0,0.0,0.0,0,90,0,0.02,0,0,0,0,0,0,0
1781254517.491,0,0,0,0,0,-0.68,0.0,0.0,0.0,0.0,0.0,0.0,0,90,0,0.02,0,0,0,0,0,0,0
1781254517.514,0,0,0,0,0,-0.64,-0.02,0.0,0.0,0.0,0.0,0.0,0,90,0,0.02,0,0,0,0,0,0,0
1781254517.538,0,0,0,0,0,-0.64,-0.06,0.0,0.0,0.0,0.0,0.0,0,90,0,0.02,0,0,0,0,0,0,0
1781254517.561,0,0,0,0,0,-0.67,-0.1,0.0,0.0,0.0,0.0,0.0,0,90,0,0.02,0,0,0,0,0,0,0
1781254517.585,0,0,0,0,0,-0.7,-0.14,0.0,0.0,0.0,0.0,0.0,0,90,0,0.02,0,0,0,0,0,0,0
1781254517.61,0,0,0,0,0,-0.71,-0.17,0.0,0.0,0.0,0.0,0.0,0,90,0,0.02,0,0,0,0,0,0,0
1781254517.632,0,0,0,0,0,-0.68,-0.18,0.0,0.0,0.0,0.0,0.0,0,90,0,0.02,0,0,0,0,0,0,0
1781254517.655,0,0,0,0,0,-0.66,-0.18,0.0,0.0,0.0,0.0,0.0,0,90,0,0.01,0,0,0,0,0,0,0
1781254517.679,0,0,0,0,0,-0.66,-0.17,0.0,0.0,0.0,0.0,0.0,0,90,0,0.01,0,0,0,0,0,0,0
1781254517.702,0,0,0,0,0,-0.68,-0.15,0.0,0.0,0.0,0.0,0.0,0,90,0,0.01,0,0,0,0,0,0,0
1781254517.725,0,0,0,0,0,-0.69,-0.11,0.0,0.0,0.0,0.0,0.0,0,90,0,0.01,0,0,0,0,0,0,0
1781254517.749,0,0,0,0,0,-0.68,-0.07,0.0,0.0,0.0,0.0,0.0,0,90,0,0.01,0,0,0,0,0,0,0
1781254517.772,0,0,0,0,0,-0.66,-0.05,0.0,0.0,0.0,0.0,0.0,0,90,0,0.01,0,0,0,0,0,0,0
1781254517.795,0,0,0,0,0,-0.64,-0.06,0.0,0.0,0.0,0.0,0.0,0,90,0,0.01,0,0,0,0,0,0,0
1781254517.82,0,0,0,0,0,-0.63,-0.08,0.0,0.0,0.0,0.0,0.0,0,90,0,0.01,0,0,0,0,0,0,0
1781254517.844,0,0,0,0,0,-0.62,-0.09,0.0,0.0,0.0,0.0,0.0,0,90,0,0.01,0,0,0,0,0,0,0
1781254517.867,0,0,0,0,0,-0.62,-0.09,0.0,0.0,0.0,0.0,0.0,0,90,0,0.01,0,0,0,0,0,0,0
1781254517.891,0,0,0,0,0,-0.62,-0.08,0.0,0.0,0.0,0.0,0.0,0,90,0,0.01,0,0,0,0,0,0,0
1781254517.914,0,0,0,0,0,-0.63,-0.07,0.0,0.0,0.0,0.0,0.0,0,90,0,0.01,0,0,0,0,0,0,0
1781254517.937,0,0,0,0,0,-0.66,-0.07,0.0,0.0,0.0,0.0,0.0,0,90,0,0.01,0,0,0,0,0,0,0
1781254517.961,0,0,0,0,0,-0.66,-0.07,0.0,0.0,0.0,0.0,0.0,0,90,0,0.01,0,0,0,0,0,0,0
1781254517.984,0,0,0,0,0,-0.62,-0.05,0.0,0.0,0.0,0.0,0.0,0,90,0,0.01,0,0,0,0,0,0,0
1781254518.008,0,0,0,0,0,-0.56,-0.03,0.0,0.0,0.0,0.0,0.0,0,90,0,0.01,0,0,0,0,0,0,0
1781254518.031,0,0,0,0,0,-0.5,0.01,0.0,0.0,0.0,0.0,0.0,0,90,0,0.01,0,0,0,0,0,0,0
1781254518.054,0,0,0,0,0,-0.48,0.03,0.0,0.0,0.0,0.0,0.0,0,90,0,0.01,0,0,0,0,0,0,0
1781254518.079,0,0,0,0,0,-0.48,0.02,0.0,0.0,0.0,0.0,0.0,0,90,0,0.01,0,0,0,0,0,0,0
1781254518.102,0,0,0,0,0,-0.49,-0.01,0.0,0.0,0.0,0.0,0.0,0,90,0,0.01,0,0,0,0,0,0,0
1781254518.125,0,0,0,0,0,-0.5,-0.06,0.0,0.0,0.0,0.0,0.0,0,90,0,0.01,0,0,0,0,0,0,0
1781254518.148,0,0,0,0,0,-0.5,-0.1,0.0,0.0,0.0,0.0,0.0,0,90,0,0.01,0,0,0,0,0,0,0
1781254518.172,0,0,0,0,0,-0.49,-0.13,0.0,0.0,0.0,0.0,0.0,0,90,0,0.01,0,0,0,0,0,0,0
1781254518.196,0,0,0,0,0,-0.48,-0.15,0.0,0.0,0.0,0.0,0.0,0,90,0,0.01,0,0,0,0,0,0,0
1781254518.219,0,0,0,0,0,-0.49,-0.18,0.0,0.0,0.0,0.0,0.0,0,90,0,0.01,0,0,0,0,0,0,0
1781254518.242,0,0,0,0,0,-0.49,-0.2,0.0,0.0,0.0,0.0,0.0,0,90,0,0.01,0,0,0,0,0,0,0
1781254518.266,0,0,0,0,0,-0.48,-0.2,0.0,0.0,0.0,0.0,0.0,0,90,0,0.01,0,0,0,0,0,0,0
1781254518.289,0,0,0,0,0,-0.47,-0.18,0.0,0.0,0.0,0.0,0.0,0,90,0,0.01,0,0,0,0,0,0,0
1781254518.313,0,0,0,0,0,-0.47,-0.14,0.0,0.0,0.0,0.0,0.0,0,90,0,0.01,0,0,0,0,0,0,0
1781254518.337,0,0,0,0,0,-0.49,-0.1,0.0,0.0,0.0,0.0,0.0,0,90,0,0.01,0,0,0,0,0,0,0
1781254518.36,0,0,0,0,0,-0.49,-0.06,0.0,0.0,0.0,0.0,0.0,0,90,0,0.01,0,0,0,0,0,0,0
1781254518.384,0,0,0,0,0,-0.47,-0.04,0.0,0.0,0.0,0.0,0.0,0,90,0,0.01,0,0,0,0,0,0,0
1781254518.407,0,0,0,0,0,-0.43,-0.03,0.0,0.0,0.0,0.0,0.0,0,90,0,0.01,0,0,0,0,0,0,0
1781254518.431,0,0,0,0,0,-0.4,-0.03,0.0,0.0,0.0,0.0,0.0,0,90,0,0.01,0,0,0,0,0,0,0
1781254518.454,0,0,0,0,0,-0.39,-0.05,0.0,0.0,0.0,0.0,0.0,0,90,0,0.01,0,0,0,0,0,0,0
1781254518.478,0,0,0,0,0,-0.38,-0.08,0.0,0.0,0.0,0.0,0.0,0,90,0,0.01,0,0,0,0,0,0,0
1781254518.501,0,0,0,0,0,-0.36,-0.13,0.0,0.0,0.0,0.0,0.0,0,90,0,0.01,0,0,0,0,0,0,0
1781254518.524,0,0,0,0,0,-0.35,-0.17,0.0,0.0,0.0,0.0,0.0,0,90,0,0.01,0,0,0,0,0,0,0
1781254518.548,0,0,0,0,0,-0.36,-0.2,0.0,0.0,0.0,0.0,0.0,0,90,0,0.01,0,0,0,0,0,0,0
1781254518.572,0,0,0,0,0,-0.39,-0.22,0.0,0.0,0.0,0.0,0.0,0,90,0,0.01,0,0,0,0,0,0,0
1781254518.594,0,0,0,0,0,-0.41,-0.21,0.0,0.0,0.0,0.0,0.0,0,90,0,0.01,0,0,0,0,0,0,0
1781254518.618,0,0,0,0,0,-0.39,-0.19,0.0,0.0,0.0,0.0,0.0,0,90,0,0.01,0,0,0,0,0,0,0
1781254518.642,0,0,0,0,0,-0.35,-0.14,0.0,0.0,0.0,0.0,0.0,0,90,0,0.01,0,0,0,0,0,0,0
1781254518.665,0,0,0,0,0,-0.3,-0.08,0.0,0.0,0.0,0.0,0.0,0,90,0,0.01,0,0,0,0,0,0,0
1781254518.689,0,0,0,0,0,-0.28,-0.02,0.0,0.0,0.0,0.0,0.0,0,90,0,0.01,0,0,0,0,0,0,0
1781254518.712,0,0,0,0,0,-0.29,0.01,0.0,0.0,0.0,0.0,0.0,0,90,0,0.02,0,0,0,0,0,0,0
1781254518.736,0,0,0,0,0,-0.33,0.02,0.0,0.0,0.0,0.0,0.0,0,90,0,0.02,0,0,0,0,0,0,0
1781254518.759,0,0,0,0,0,-0.35,-0.01,0.0,0.0,0.0,0.0,0.0,0,90,0,0.02,0,0,0,0,0,0,0
1781254518.782,0,0,0,0,0,-0.34,-0.05,0.0,0.0,0.0,0.0,0.0,0,90,0,0.01,0,0,0,0,0,0,0
1781254518.807,0,0,0,0,0,-0.33,-0.08,0.0,0.0,0.0,0.0,0.0,0,90,0,0.01,0,0,0,0,0,0,0
1781254518.83,0,0,0,0,0,-0.33,-0.07,0.0,0.0,0.0,0.0,0.0,0,90,0,0.01,0,0,0,0,0,0,0
1781254518.853,0,0,0,0,0,-0.36,-0.07,0.0,0.0,0.0,0.0,0.0,0,90,0,0.01,0,0,0,0,0,0,0
1781254518.877,0,0,0,0,0,-0.37,-0.08,0.0,0.0,0.0,0.0,0.0,0,90,0,0.01,0,0,0,0,0,0,0
1781254518.9,0,0,0,0,0,-0.36,-0.1,0.0,0.0,0.0,0.0,0.0,0,90,0,0.01,0,0,0,0,0,0,0
1781254518.924,0,0,0,0,0,-0.32,-0.1,0.0,0.0,0.0,0.0,0.0,0,90,0,0.01,0,0,0,0,0,0,0
1781254518.947,0,0,0,0,0,-0.27,-0.1,0.0,0.0,0.0,0.0,0.0,0,90,0,0.01,0,0,0,0,0,0,0
1781254518.971,0,0,0,0,0,-0.26,-0.09,0.0,0.0,0.0,0.0,0.0,0,90,0,0.01,0,0,0,0,0,0,0
1781254518.993,0,0,0,0,0,-0.27,-0.09,0.0,0.0,0.0,0.0,0.0,0,90,0,0.01,0,0,0,0,0,0,0
1781254519.018,0,0,0,0,0,-0.3,-0.08,0.0,0.0,0.0,0.0,0.0,0,90,0,0.01,0,0,0,0,0,0,0
1781254519.041,0,0,0,0,0,-0.3,-0.07,0.0,0.0,0.0,0.0,0.0,0,90,0,0.01,0,0,0,0,0,0,0
1781254519.064,0,0,0,0,0,-0.28,-0.05,0.0,0.0,0.0,0.0,0.0,0,90,0,0.01,0,0,0,0,0,0,0
1781254519.088,0,0,0,0,0,-0.26,-0.04,0.0,0.0,0.0,0.0,0.0,0,90,0,0.01,0,0,0,0,0,0,0
1781254519.111,0,0,0,0,0,-0.25,-0.03,0.0,0.0,0.0,0.0,0.0,0,90,0,0.01,0,0,0,0,0,0,0
1781254519.134,0,0,0,0,0,-0.27,-0.02,0.0,0.0,0.0,0.0,0.0,0,90,0,0.01,0,0,0,0,0,0,0
1781254519.159,0,0,0,0,0,-0.33,0.01,0.0,0.0,0.0,0.0,0.0,0,90,0,0.01,0,0,0,0,0,0,0
1781254519.182,0,0,0,0,0,-0.4,0.02,0.0,0.0,0.0,0.0,0.0,0,90,0,0.01,0,0,0,0,0,0,0
1781254519.206,0,0,0,0,0,-0.48,0.01,0.0,0.0,0.0,0.0,0.0,0,90,0,0.01,0,0,0,0,0,0,0
1781254519.228,0,0,0,0,0,-0.54,-0.02,0.0,0.0,0.0,0.0,0.0,0,90,0,0.01,0,0,0,0,0,0,0
1781254519.252,0,0,0,0,0,-0.58,-0.06,0.0,0.0,0.0,0.0,0.0,0,90,0,0.01,0,0,0,0,0,0,0
1781254519.275,0,0,0,0,0,-0.57,-0.09,0.0,0.0,0.0,0.0,0.0,0,90,0,0.01,0,0,0,0,0,0,0
1781254519.299,0,0,0,0,0,-0.53,-0.11,0.0,0.0,0.0,0.0,0.0,0,90,0,0.01,0,0,0,0,0,0,0
1781254519.323,0,0,0,0,0,-0.49,-0.12,0.0,0.0,0.0,0.0,0.0,0,90,0,0.01,0,0,0,0,0,0,0
1781254519.345,0,0,0,0,0,-0.47,-0.15,0.0,0.0,0.0,0.0,0.0,0,90,0,0.01,0,0,0,0,0,0,0
1781254519.369,0,0,0,0,0,-0.45,-0.19,0.0,0.0,0.0,0.0,0.0,0,90,0,0.01,0,0,0,0,0,0,0
1781254519.392,0,0,0,0,0,-0.43,-0.23,0.0,0.0,0.0,0.0,0.0,0,90,0,0.01,0,0,0,0,0,0,0
1781254519.417,0,0,0,0,0,-0.42,-0.24,0.0,0.0,0.0,0.0,0.0,0,90,0,0.01,0,0,0,0,0,0,0
1781254519.44,0,0,0,0,0,-0.43,-0.23,0.0,0.0,0.0,0.0,0.0,0,90,0,0.01,0,0,0,0,0,0,0
1781254519.463,0,0,0,0,0,-0.46,-0.21,0.0,0.0,0.0,0.0,0.0,0,90,0,0.01,0,0,0,0,0,0,0
1781254519.487,0,0,0,0,0,-0.47,-0.19,0.0,0.0,0.0,0.0,0.0,0,90,0,0.01,0,0,0,0,0,0,0
1781254519.51,0,0,0,0,0,-0.48,-0.2,0.0,0.0,0.0,0.0,0.0,0,90,0,0.01,0,0,0,0,0,0,0
1781254519.534,0,0,0,0,0,-0.48,-0.23,0.0,0.0,0.0,0.0,0.0,0,90,0,0.01,0,0,0,0,0,0,0
1781254519.558,0,0,0,0,0,-0.47,-0.27,0.0,0.0,0.0,0.0,0.0,0,90,0,0.01,0,0,0,0,0,0,0
1781254519.581,0,0,0,0,0,-0.46,-0.29,0.0,0.0,0.0,0.0,0.0,0,90,0,0.01,0,0,0,0,0,0,0
1781254519.605,0,0,0,0,0,-0.45,-0.28,0.0,0.0,0.0,0.0,0.0,0,90,0,0.01,0,0,0,0,0,0,0
1781254519.628,0,0,0,0,0,-0.43,-0.26,0.0,0.0,0.0,0.0,0.0,0,90,0,0.01,0,0,0,0,0,0,0
1781254519.651,0,0,0,0,0,-0.38,-0.27,0.0,0.0,0.0,0.0,0.0,0,90,0,0.01,0,0,0,0,0,0,0
1781254519.674,0,0,0,0,0,-0.34,-0.3,0.0,0.0,0.0,0.0,0.0,0,90,0,0.01,0,0,0,0,0,0,0
1781254519.698,0,0,0,0,0,-0.32,-0.35,0.0,0.0,0.0,0.0,0.0,0,90,0,0.01,0,0,0,0,0,0,0
1781254519.722,0,0,0,0,0,-0.31,-0.41,0.0,0.0,0.0,0.0,0.0,0,90,0,0.01,0,0,0,0,0,0,0
1781254519.745,0,0,0,0,0,-0.31,-0.47,0.0,0.0,0.0,0.0,0.0,0,90,0,0.01,0,0,0,0,0,0,0
1781254519.768,0,0,0,0,0,-0.32,-0.52,0.0,0.0,0.0,0.0,0.0,0,90,0,0.02,0,0,0,0,0,0,0
1781254519.792,0,0,0,0,0,-0.34,-0.55,0.0,0.0,0.0,0.0,0.0,0,90,0,0.02,0,0,0,0,0,0,0
1781254519.815,0,0,0,0,0,-0.36,-0.56,0.0,0.0,0.0,0.0,0.0,0,90,0,0.02,0,0,0,0,0,0,0
1781254519.839,0,0,0,0,0,-0.35,-0.54,0.0,0.0,0.0,0.0,0.0,0,90,0,0.03,0,0,0,0,0,0,0
1781254519.863,0,0,0,0,0,-0.31,-0.51,0.0,0.0,0.0,0.0,0.0,0,90,0,0.03,0,0,0,0,0,0,0
1781254519.886,0,0,0,0,0,-0.29,-0.45,0.0,0.0,0.0,0.0,0.0,0,90,0,0.03,0,0,0,0,0,0,0
1781254519.909,0,0,0,0,0,-0.3,-0.4,0.0,0.0,0.0,0.0,0.0,0,90,0,0.03,0,0,0,0,0,0,0
1781254519.933,0,0,0,0,0,-0.36,-0.36,0.0,0.0,0.0,0.0,0.0,0,90,0,0.03,0,0,0,0,0,0,0
1781254519.957,0,0,0,0,0,-0.45,-0.34,0.0,0.0,0.0,0.0,0.0,0,90,0,0.03,0,0,0,0,0,0,0
1781254519.979,0,0,0,0,0,-0.54,-0.34,0.0,0.0,0.0,0.0,0.0,0,90,0,0.03,0,0,0,0,0,0,0
1781254520.004,0,0,0,0,0,-0.59,-0.35,0.0,0.0,0.0,0.0,0.0,0,90,0,0.03,0,0,0,0,0,0,0
1781254520.027,0,0,0,0,0,-0.59,-0.37,0.0,0.0,0.0,0.0,0.0,0,90,0,0.03,0,0,0,0,0,0,0
1781254520.05,0,0,0,0,0,-0.58,-0.38,0.0,0.0,0.0,0.0,0.0,0,90,0,0.03,0,0,0,0,0,0,0
1781254520.074,0,0,0,0,0,-0.57,-0.38,0.0,0.0,0.0,0.0,0.0,0,90,0,0.03,0,0,0,0,0,0,0
1781254520.098,0,0,0,0,0,-0.56,-0.39,0.0,0.0,0.0,0.0,0.0,0,90,0,0.03,0,0,0,0,0,0,0
1781254520.12,0,0,0,0,0,-0.53,-0.4,0.0,0.0,0.0,0.0,0.0,0,90,0,0.03,0,0,0,0,0,0,0
1781254520.144,0,0,0,0,0,-0.48,-0.41,0.0,0.0,0.0,0.0,0.0,0,90,0,0.03,0,0,0,0,0,0,0
1781254520.168,0,0,0,0,0,-0.41,-0.42,0.0,0.0,0.0,0.0,0.0,0,90,0,0.03,0,0,0,0,0,0,0
1781254520.191,0,0,0,0,0,-0.36,-0.43,0.0,0.0,0.0,0.0,0.0,0,90,0,0.03,0,0,0,0,0,0,0
1781254520.214,0,0,0,0,0,-0.35,-0.43,0.0,0.0,0.0,0.0,0.0,0,90,0,0.03,0,0,0,0,0,0,0
1781254520.238,0,0,0,0,0,-0.37,-0.43,0.0,0.0,0.0,0.0,0.0,0,90,0,0.03,0,0,0,0,0,0,0
1781254520.262,0,0,0,0,0,-0.41,-0.44,0.0,0.0,0.0,0.0,0.0,0,90,0,0.03,0,0,0,0,0,0,0
1781254520.286,0,0,0,0,0,-0.43,-0.45,0.0,0.0,0.0,0.0,0.0,0,90,0,0.02,0,0,0,0,0,0,0
1781254520.308,0,0,0,0,0,-0.43,-0.47,0.0,0.0,0.0,0.0,0.0,0,90,0,0.02,0,0,0,0,0,0,0
1781254520.332,0,0,0,0,0,-0.43,-0.49,0.0,0.0,0.0,0.0,0.0,0,90,0,0.02,0,0,0,0,0,0,0
1781254520.356,0,0,0,0,0,-0.44,-0.5,0.0,0.0,0.0,0.0,0.0,0,90,0,0.02,0,0,0,0,0,0,0
1781254520.379,0,0,0,0,0,-0.43,-0.5,0.0,0.0,0.0,0.0,0.0,0,90,0,0.02,0,0,0,0,0,0,0
1781254520.403,0,0,0,0,0,-0.42,-0.49,0.0,0.0,0.0,0.0,0.0,0,90,0,0.02,0,0,0,0,0,0,0
1781254520.425,0,0,0,0,0,-0.4,-0.47,0.0,0.0,0.0,0.0,0.0,0,90,0,0.02,0,0,0,0,0,0,0
1781254520.45,0,0,0,0,0,-0.41,-0.47,0.0,0.0,0.0,0.0,0.0,0,90,0,0.01,0,0,0,0,0,0,0
1781254520.473,0,0,0,0,0,-0.42,-0.48,0.0,0.0,0.0,0.0,0.0,0,90,0,0.01,0,0,0,0,0,0,0
1781254520.497,0,0,0,0,0,-0.43,-0.5,0.0,0.0,0.0,0.0,0.0,0,90,0,0.01,0,0,0,0,0,0,0
1781254520.521,0,0,0,0,0,-0.38,-0.54,0.0,0.0,0.0,0.0,0.0,0,90,0,0.01,0,0,0,0,0,0,0
1781254520.544,0,0,0,0,0,-0.3,-0.6,0.0,0.0,0.0,0.0,0.0,0,90,0,0.01,0,0,0,0,0,0,0
1781254520.567,0,0,0,0,0,-0.2,-0.64,0.0,0.0,0.0,0.0,0.0,0,90,0,0.01,0,0,0,0,0,0,0
1781254520.591,0,0,0,0,0,-0.15,-0.67,0.0,0.0,0.0,0.0,0.0,0,90,0,0.01,0,0,0,0,0,0,0
1781254520.614,0,0,0,0,0,-0.14,-0.7,0.0,0.0,0.0,0.0,0.0,0,90,0,0.01,0,0,0,0,0,0,0
1781254520.637,0,0,0,0,0,-0.14,-0.72,0.0,0.0,0.0,0.0,0.0,0,90,0,0.01,0,0,0,0,0,0,0
1781254520.661,0,0,0,0,0,-0.13,-0.72,0.0,0.0,0.0,0.0,0.0,0,90,0,0.02,0,0,0,0,0,0,0
1781254520.684,0,0,0,0,0,-0.13,-0.71,0.0,0.0,0.0,0.0,0.0,0,90,0,0.02,0,0,0,0,0,0,0
1781254520.708,0,0,0,0,0,-0.17,-0.68,0.0,0.0,0.0,0.0,0.0,0,90,0,0.02,0,0,0,0,0,0,0
1781254520.731,0,0,0,0,0,-0.22,-0.67,0.0,0.0,0.0,0.0,0.0,0,90,0,0.02,0,0,0,0,0,0,0
1781254520.755,0,0,0,0,0,-0.26,-0.68,0.0,0.0,0.0,0.0,0.0,0,90,0,0.02,0,0,0,0,0,0,0
1781254520.778,0,0,0,0,0,-0.29,-0.69,0.0,0.0,0.0,0.0,0.0,0,90,0,0.02,0,0,0,0,0,0,0
1781254520.801,0,0,0,0,0,-0.28,-0.69,0.0,0.0,0.0,0.0,0.0,0,90,0,0.02,0,0,0,0,0,0,0
1781254520.825,0,0,0,0,0,-0.24,-0.69,0.0,0.0,0.0,0.0,0.0,0,90,0,0.02,0,0,0,0,0,0,0
1781254520.849,0,0,0,0,0,-0.21,-0.69,0.0,0.0,0.0,0.0,0.0,0,90,0,0.02,0,0,0,0,0,0,0
1781254520.872,0,0,0,0,0,-0.21,-0.69,0.0,0.0,0.0,0.0,0.0,0,90,0,0.02,0,0,0,0,0,0,0
1781254520.895,0,0,0,0,0,-0.24,-0.69,0.0,0.0,0.0,0.0,0.0,0,90,0,0.02,0,0,0,0,0,0,0
1781254520.919,0,0,0,0,0,-0.26,-0.69,0.0,0.0,0.0,0.0,0.0,0,90,0,0.02,0,0,0,0,0,0,0
1781254520.943,0,0,0,0,0,-0.24,-0.69,0.0,0.0,0.0,0.0,0.0,0,90,0,0.02,0,0,0,0,0,0,0
1781254520.966,0,0,0,0,0,-0.19,-0.68,0.0,0.0,0.0,0.0,0.0,0,90,0,0.02,0,0,0,0,0,0,0
1781254520.989,0,0,0,0,0,-0.13,-0.66,0.0,0.0,0.0,0.0,0.0,0,90,0,0.02,0,0,0,0,0,0,0
1781254521.013,0,0,0,0,0,-0.1,-0.64,0.0,0.0,0.0,0.0,0.0,0,90,0,0.02,0,0,0,0,0,0,0
1781254521.036,0,0,0,0,0,-0.1,-0.64,0.0,0.0,0.0,0.0,0.0,0,90,0,0.02,0,0,0,0,0,0,0
1781254521.061,0,0,0,0,0,-0.09,-0.68,0.0,0.0,0.0,0.0,0.0,0,90,0,0.02,0,0,0,0,0,0,0
1781254521.083,0,0,0,0,0,-0.06,-0.71,0.0,0.0,0.0,0.0,0.0,0,90,0,0.02,0,0,0,0,0,0,0
1781254521.107,0,0,0,0,0,-0.02,-0.73,0.0,0.0,0.0,0.0,0.0,0,90,0,0.02,0,0,0,0,0,0,0
1781254521.13,0,0,0,0,0,-0.01,-0.75,0.0,0.0,0.0,0.0,0.0,0,90,0,0.03,0,0,0,0,0,0,0
1781254521.153,0,0,0,0,0,-0.05,-0.76,0.0,0.0,0.0,0.0,0.0,0,90,0,0.03,0,0,0,0,0,0,0
1781254521.177,0,0,0,0,0,-0.11,-0.77,0.0,0.0,0.0,0.0,0.0,0,90,0,0.03,0,0,0,0,0,0,0
1781254521.2,0,0,0,0,0,-0.14,-0.77,0.0,0.0,0.0,0.0,0.0,0,90,0,0.02,0,0,0,0,0,0,0
1781254521.223,0,0,0,0,0,-0.11,-0.76,0.0,0.0,0.0,0.0,0.0,0,90,0,0.02,0,0,0,0,0,0,0
1781254521.247,0,0,0,0,0,-0.05,-0.74,0.0,0.0,0.0,0.0,0.0,0,90,0,0.02,0,0,0,0,0,0,0
1781254521.27,0,0,0,0,0,-0.01,-0.71,0.0,0.0,0.0,0.0,0.0,0,90,0,0.02,0,0,0,0,0,0,0
1781254521.294,0,0,0,0,0,0.0,-0.7,0.0,0.0,0.0,0.0,0.0,0,90,0,0.02,0,0,0,0,0,0,0
1781254521.318,0,0,0,0,0,-0.02,-0.7,0.0,0.0,0.0,0.0,0.0,0,90,0,0.02,0,0,0,0,0,0,0
1781254521.341,0,0,0,0,0,-0.01,-0.7,0.0,0.0,0.0,0.0,0.0,0,90,0,0.02,0,0,0,0,0,0,0
1781254521.364,0,0,0,0,0,0.02,-0.7,0.0,0.0,0.0,0.0,0.0,0,90,0,0.02,0,0,0,0,0,0,0
1781254521.388,0,0,0,0,0,0.06,-0.69,0.0,0.0,0.0,0.0,0.0,0,90,0,0.02,0,0,0,0,0,0,0
1781254521.411,0,0,0,0,0,0.07,-0.71,0.0,0.0,0.0,0.0,0.0,0,90,0,0.02,0,0,0,0,0,0,0
1781254521.435,0,0,0,0,0,0.06,-0.74,0.0,0.0,0.0,0.0,0.0,0,90,0,0.02,0,0,0,0,0,0,0
1781254521.459,0,0,0,0,0,0.06,-0.78,0.0,0.0,0.0,0.0,0.0,0,90,0,0.02,0,0,0,0,0,0,0
1781254521.482,0,0,0,0,0,0.07,-0.81,0.0,0.0,0.0,0.0,0.0,0,90,0,0.02,0,0,0,0,0,0,0
1781254521.505,0,0,0,0,0,0.09,-0.83,0.0,0.0,0.0,0.0,0.0,0,90,0,0.02,0,0,0,0,0,0,0
1781254521.529,0,0,0,0,0,0.08,-0.85,0.0,0.0,0.0,0.0,0.0,0,90,0,0.02,0,0,0,0,0,0,0
1781254521.552,0,0,0,0,0,0.06,-0.86,0.0,0.0,0.0,0.0,0.0,0,90,0,0.02,0,0,0,0,0,0,0
1781254521.576,0,0,0,0,0,0.06,-0.84,0.0,0.0,0.0,0.0,0.0,0,90,0,0.02,0,0,0,0,0,0,0
1781254521.599,0,0,0,0,0,0.06,-0.79,0.0,0.0,0.0,0.0,0.0,0,90,0,0.02,0,0,0,0,0,0,0
1781254521.623,0,0,0,0,0,0.06,-0.75,0.0,0.0,0.0,0.0,0.0,0,90,0,0.02,0,0,0,0,0,0,0
1781254521.648,0,0,0,0,0,0.06,-0.73,0.0,0.0,0.0,0.0,0.0,0,90,0,0.02,0,0,0,0,0,0,0
1781254521.67,0,0,0,0,0,0.06,-0.72,0.0,0.0,0.0,0.0,0.0,0,90,0,0.02,0,0,0,0,0,0,0
1781254521.693,0,0,0,0,0,0.06,-0.72,0.0,0.0,0.0,0.0,0.0,0,90,0,0.01,0,0,0,0,0,0,0
1781254521.717,0,0,0,0,0,0.08,-0.75,0.0,0.0,0.0,0.0,0.0,0,90,0,0.01,0,0,0,0,0,0,0
1781254521.74,0,0,0,0,0,0.1,-0.77,0.0,0.0,0.0,0.0,0.0,0,90,0,0.01,0,0,0,0,0,0,0
1781254521.765,0,0,0,0,0,0.11,-0.79,0.0,0.0,0.0,0.0,0.0,0,90,0,0.01,0,0,0,0,0,0,0
1781254521.787,0,0,0,0,0,0.09,-0.8,0.0,0.0,0.0,0.0,0.0,0,90,0,0.02,0,0,0,0,0,0,0
1781254521.812,0,0,0,0,0,0.04,-0.81,0.0,0.0,0.0,0.0,0.0,0,90,0,0.02,0,0,0,0,0,0,0
1781254521.835,0,0,0,0,0,-0.02,-0.82,0.0,0.0,0.0,0.0,0.0,0,90,0,0.02,0,0,0,0,0,0,0
1781254521.857,0,0,0,0,0,-0.06,-0.81,0.0,0.0,0.0,0.0,0.0,0,90,0,0.01,0,0,0,0,0,0,0
1781254521.881,0,0,0,0,0,-0.07,-0.79,0.0,0.0,0.0,0.0,0.0,0,90,0,0.01,0,0,0,0,0,0,0
1781254521.905,0,0,0,0,0,-0.06,-0.75,0.0,0.0,0.0,0.0,0.0,0,90,0,0.01,0,0,0,0,0,0,0
1781254521.928,0,0,0,0,0,-0.05,-0.71,0.0,0.0,0.0,0.0,0.0,0,90,0,0.01,0,0,0,0,0,0,0
1781254521.952,0,0,0,0,0,-0.03,-0.7,0.0,0.0,0.0,0.0,0.0,0,90,0,0.01,0,0,0,0,0,0,0
1781254521.975,0,0,0,0,0,-0.01,-0.7,0.0,0.0,0.0,0.0,0.0,0,90,0,0.01,0,0,0,0,0,0,0
1781254521.998,0,0,0,0,0,0.0,-0.68,0.0,0.0,0.0,0.0,0.0,0,90,0,0.01,0,0,0,0,0,0,0
1781254522.021,0,0,0,0,0,0.01,-0.67,0.0,0.0,0.0,0.0,0.0,0,90,0,0.01,0,0,0,0,0,0,0
1781254522.045,0,0,0,0,0,0.01,-0.66,0.0,0.0,0.0,0.0,0.0,0,90,0,0.01,0,0,0,0,0,0,0
1781254522.071,0,0,0,0,0,0.01,-0.68,0.0,0.0,0.0,0.0,0.0,0,90,0,0.01,0,0,0,0,0,0,0
1781254522.094,0,0,0,0,0,-0.0,-0.69,0.0,0.0,0.0,0.0,0.0,0,90,0,0.01,0,0,0,0,0,0,0
1781254522.115,0,0,0,0,0,-0.02,-0.68,0.0,0.0,0.0,0.0,0.0,0,90,0,0.0,0,0,0,0,0,0,0
1781254522.139,0,0,0,0,0,-0.04,-0.65,0.0,0.0,0.0,0.0,0.0,0,90,0,0.0,0,0,0,0,0,0,0
1781254522.163,0,0,0,0,0,-0.05,-0.64,0.0,0.0,0.0,0.0,0.0,0,90,0,0.0,0,0,0,0,0,0,0
1781254522.187,0,0,0,0,0,-0.04,-0.65,0.0,0.0,0.0,0.0,0.0,0,90,0,0.0,0,0,0,0,0,0,0
1781254522.21,0,0,0,0,0,-0.03,-0.66,0.0,0.0,0.0,0.0,0.0,0,90,0,0.0,0,0,0,0,0,0,0
1781254522.232,0,0,0,0,0,-0.05,-0.65,0.0,0.0,0.0,0.0,0.0,0,90,0,0.0,0,0,0,0,0,0,0
1781254522.257,0,0,0,0,0,-0.08,-0.65,0.0,0.0,0.0,0.0,0.0,0,90,0,0.0,0,0,0,0,0,0,0
1781254522.28,0,0,0,0,0,-0.11,-0.66,0.0,0.0,0.0,0.0,0.0,0,90,0,0.0,0,0,0,0,0,0,0
1781254522.305,0,0,0,0,0,-0.13,-0.68,0.0,0.0,0.0,0.0,0.0,0,90,0,0.0,0,0,0,0,0,0,0
1781254522.327,0,0,0,0,0,-0.13,-0.7,0.0,0.0,0.0,0.0,0.0,0,90,0,0.0,0,0,0,0,0,0,0
1781254522.349,0,0,0,0,0,-0.16,-0.71,0.0,0.0,0.0,0.0,0.0,0,90,0,0.0,0,0,0,0,0,0,0
1781254522.373,0,0,0,0,0,-0.19,-0.72,0.0,0.0,0.0,0.0,0.0,0,90,0,0.01,0,0,0,0,0,0,0
1781254522.398,0,0,0,0,0,-0.2,-0.73,0.0,0.0,0.0,0.0,0.0,0,90,0,0.01,0,0,0,0,0,0,0
1781254522.421,0,0,0,0,0,-0.19,-0.73,0.0,0.0,0.0,0.0,0.0,0,90,0,0.01,0,0,0,0,0,0,0
1781254522.444,0,0,0,0,0,-0.16,-0.71,0.0,0.0,0.0,0.0,0.0,0,90,0,0.01,0,0,0,0,0,0,0
1781254522.466,0,0,0,0,0,-0.15,-0.68,0.0,0.0,0.0,0.0,0.0,0,90,0,0.01,0,0,0,0,0,0,0
1781254522.491,0,0,0,0,0,-0.16,-0.64,0.0,0.0,0.0,0.0,0.0,0,90,0,0.01,0,0,0,0,0,0,0
1781254522.515,0,0,0,0,0,-0.17,-0.62,0.0,0.0,0.0,0.0,0.0,0,90,0,0.01,0,0,0,0,0,0,0
1781254522.539,0,0,0,0,0,-0.16,-0.6,0.0,0.0,0.0,0.0,0.0,0,90,0,0.01,0,0,0,0,0,0,0
1781254522.561,0,0,0,0,0,-0.12,-0.58,0.0,0.0,0.0,0.0,0.0,0,90,0,0.01,0,0,0,0,0,0,0
1781254522.583,0,0,0,0,0,-0.1,-0.56,0.0,0.0,0.0,0.0,0.0,0,90,0,0.01,0,0,0,0,0,0,0
1781254522.608,0,0,0,0,0,-0.11,-0.58,0.0,0.0,0.0,0.0,0.0,0,90,0,0.01,0,0,0,0,0,0,0
1781254522.63,0,0,0,0,0,-0.13,-0.61,0.0,0.0,0.0,0.0,0.0,0,90,0,0.01,0,0,0,0,0,0,0
1781254522.656,0,0,0,0,0,-0.12,-0.64,0.0,0.0,0.0,0.0,0.0,0,90,0,0.01,0,0,0,0,0,0,0
1781254522.678,0,0,0,0,0,-0.1,-0.62,0.0,0.0,0.0,0.0,0.0,0,90,0,0.01,0,0,0,0,0,0,0
1781254522.7,0,0,0,0,0,-0.1,-0.57,0.0,0.0,0.0,0.0,0.0,0,90,0,0.01,0,0,0,0,0,0,0
1781254522.724,0,0,0,0,0,-0.13,-0.52,0.0,0.0,0.0,0.0,0.0,0,90,0,0.01,0,0,0,0,0,0,0
1781254522.749,0,0,0,0,0,-0.18,-0.47,0.0,0.0,0.0,0.0,0.0,0,90,0,0.01,0,0,0,0,0,0,0
1781254522.773,0,0,0,0,0,-0.22,-0.44,0.0,0.0,0.0,0.0,0.0,0,90,0,0.01,0,0,0,0,0,0,0
1781254522.796,0,0,0,0,0,-0.22,-0.42,0.0,0.0,0.0,0.0,0.0,0,90,0,0.01,0,0,0,0,0,0,0
1781254522.819,0,0,0,0,0,-0.2,-0.39,0.0,0.0,0.0,0.0,0.0,0,90,0,0.01,0,0,0,0,0,0,0
1781254522.841,0,0,0,0,0,-0.17,-0.39,0.0,0.0,0.0,0.0,0.0,0,90,0,0.01,0,0,0,0,0,0,0
1781254522.866,0,0,0,0,0,-0.13,-0.4,0.0,0.0,0.0,0.0,0.0,0,90,0,0.01,0,0,0,0,0,0,0
1781254522.89,0,0,0,0,0,-0.1,-0.44,0.0,0.0,0.0,0.0,0.0,0,90,0,0.01,0,0,0,0,0,0,0
1781254522.913,0,0,0,0,0,-0.08,-0.48,0.0,0.0,0.0,0.0,0.0,0,90,0,0.01,0,0,0,0,0,0,0
1781254522.936,0,0,0,0,0,-0.1,-0.52,0.0,0.0,0.0,0.0,0.0,0,90,0,0.01,0,0,0,0,0,0,0
1781254522.958,0,0,0,0,0,-0.13,-0.56,0.0,0.0,0.0,0.0,0.0,0,90,0,0.01,0,0,0,0,0,0,0
1781254522.982,0,0,0,0,0,-0.16,-0.57,0.0,0.0,0.0,0.0,0.0,0,90,0,0.01,0,0,0,0,0,0,0
1781254523.008,0,0,0,0,0,-0.16,-0.56,0.0,0.0,0.0,0.0,0.0,0,90,0,0.01,0,0,0,0,0,0,0
1781254523.03,0,0,0,0,0,-0.14,-0.54,0.0,0.0,0.0,0.0,0.0,0,90,0,0.01,0,0,0,0,0,0,0
1781254523.052,0,0,0,0,0,-0.09,-0.53,0.0,0.0,0.0,0.0,0.0,0,90,0,0.01,0,0,0,0,0,0,0
1781254523.077,0,0,0,0,0,-0.03,-0.53,0.0,0.0,0.0,0.0,0.0,0,90,0,0.01,0,0,0,0,0,0,0
1781254523.1,0,0,0,0,0,0.02,-0.56,0.0,0.0,0.0,0.0,0.0,0,90,0,0.01,0,0,0,0,0,0,0
1781254523.123,0,0,0,0,0,0.04,-0.61,0.0,0.0,0.0,0.0,0.0,0,90,0,0.01,0,0,0,0,0,0,0
1781254523.148,0,0,0,0,0,0.02,-0.66,0.0,0.0,0.0,0.0,0.0,0,90,0,0.01,0,0,0,0,0,0,0
1781254523.17,0,0,0,0,0,-0.03,-0.71,0.0,0.0,0.0,0.0,0.0,0,90,0,0.01,0,0,0,0,0,0,0
1781254523.193,0,0,0,0,0,-0.07,-0.72,0.0,0.0,0.0,0.0,0.0,0,90,0,0.01,0,0,0,0,0,0,0
1781254523.217,0,0,0,0,0,-0.09,-0.7,0.0,0.0,0.0,0.0,0.0,0,90,0,0.01,0,0,0,0,0,0,0
1781254523.244,0,0,0,0,0,-0.09,-0.67,0.0,0.0,0.0,0.0,0.0,0,90,0,0.01,0,0,0,0,0,0,0
1781254523.265,0,0,0,0,0,-0.08,-0.64,0.0,0.0,0.0,0.0,0.0,0,90,0,0.01,0,0,0,0,0,0,0
1781254523.287,0,0,0,0,0,-0.09,-0.62,0.0,0.0,0.0,0.0,0.0,0,90,0,0.01,0,0,0,0,0,0,0
1781254523.312,0,0,0,0,0,-0.12,-0.6,0.0,0.0,0.0,0.0,0.0,0,90,0,0.01,0,0,0,0,0,0,0
1781254523.335,0,0,0,0,0,-0.14,-0.55,0.0,0.0,0.0,0.0,0.0,0,90,0,0.01,0,0,0,0,0,0,0
1781254523.363,0,0,0,0,0,-0.14,-0.5,0.0,0.0,0.0,0.0,0.0,0,90,0,0.01,0,0,0,0,0,0,0
1781254523.382,0,0,0,0,0,-0.14,-0.47,0.0,0.0,0.0,0.0,0.0,0,90,0,0.01,0,0,0,0,0,0,0
1781254523.404,0,0,0,0,0,-0.15,-0.43,0.0,0.0,0.0,0.0,0.0,0,90,0,0.01,0,0,0,0,0,0,0
1781254523.428,0,0,0,0,0,-0.19,-0.41,0.0,0.0,0.0,0.0,0.0,0,90,0,0.01,0,0,0,0,0,0,0
1781254523.453,0,0,0,0,0,-0.23,-0.4,0.0,0.0,0.0,0.0,0.0,0,90,0,0.01,0,0,0,0,0,0,0
1781254523.475,0,0,0,0,0,-0.26,-0.42,0.0,0.0,0.0,0.0,0.0,0,90,0,0.01,0,0,0,0,0,0,0
1781254523.499,0,0,0,0,0,-0.26,-0.42,0.0,0.0,0.0,0.0,0.0,0,90,0,0.01,0,0,0,0,0,0,0
1781254523.522,0,0,0,0,0,-0.25,-0.42,0.0,0.0,0.0,0.0,0.0,0,90,0,0.01,0,0,0,0,0,0,0
1781254523.545,0,0,0,0,0,-0.24,-0.42,0.0,0.0,0.0,0.0,0.0,0,90,0,0.01,0,0,0,0,0,0,0
1781254523.569,0,0,0,0,0,-0.25,-0.44,0.0,0.0,0.0,0.0,0.0,0,90,0,0.01,0,0,0,0,0,0,0
1781254523.593,0,0,0,0,0,-0.26,-0.48,0.0,0.0,0.0,0.0,0.0,0,90,0,0.01,0,0,0,0,0,0,0
1781254523.617,0,0,0,0,0,-0.24,-0.51,0.0,0.0,0.0,0.0,0.0,0,90,0,0.01,0,0,0,0,0,0,0
1781254523.64,0,0,0,0,0,-0.2,-0.52,0.0,0.0,0.0,0.0,0.0,0,90,0,0.01,0,0,0,0,0,0,0
1781254523.662,0,0,0,0,0,-0.16,-0.51,0.0,0.0,0.0,0.0,0.0,0,90,0,0.01,0,0,0,0,0,0,0
1781254523.687,0,0,0,0,0,-0.14,-0.52,0.0,0.0,0.0,0.0,0.0,0,90,0,0.01,0,0,0,0,0,0,0
1781254523.709,0,0,0,0,0,-0.15,-0.54,0.0,0.0,0.0,0.0,0.0,0,90,0,0.01,0,0,0,0,0,0,0
1781254523.733,0,0,0,0,0,-0.16,-0.58,0.0,0.0,0.0,0.0,0.0,0,90,0,0.01,0,0,0,0,0,0,0
1781254523.757,0,0,0,0,0,-0.15,-0.63,0.0,0.0,0.0,0.0,0.0,0,90,0,0.01,0,0,0,0,0,0,0
1781254523.78,0,0,0,0,0,-0.14,-0.66,0.0,0.0,0.0,0.0,0.0,0,90,0,0.01,0,0,0,0,0,0,0
1781254523.803,0,0,0,0,0,-0.14,-0.66,0.0,0.0,0.0,0.0,0.0,0,90,0,0.01,0,0,0,0,0,0,0
1781254523.828,0,0,0,0,0,-0.16,-0.65,0.0,0.0,0.0,0.0,0.0,0,90,0,0.01,0,0,0,0,0,0,0
1781254523.85,0,0,0,0,0,-0.19,-0.65,0.0,0.0,0.0,0.0,0.0,0,90,0,0.01,0,0,0,0,0,0,0
1781254523.874,0,0,0,0,0,-0.21,-0.67,0.0,0.0,0.0,0.0,0.0,0,90,0,0.01,0,0,0,0,0,0,0
1781254523.897,0,0,0,0,0,-0.2,-0.7,0.0,0.0,0.0,0.0,0.0,0,90,0,0.01,0,0,0,0,0,0,0
1781254523.921,0,0,0,0,0,-0.19,-0.72,0.0,0.0,0.0,0.0,0.0,0,90,0,0.01,0,0,0,0,0,0,0
1781254523.944,0,0,0,0,0,-0.18,-0.7,0.0,0.0,0.0,0.0,0.0,0,90,0,0.01,0,0,0,0,0,0,0
1781254523.968,0,0,0,0,0,-0.18,-0.65,0.0,0.0,0.0,0.0,0.0,0,90,0,0.01,0,0,0,0,0,0,0
1781254523.991,0,0,0,0,0,-0.19,-0.62,0.0,0.0,0.0,0.0,0.0,0,90,0,0.01,0,0,0,0,0,0,0
1781254524.014,0,0,0,0,0,-0.19,-0.61,0.0,0.0,0.0,0.0,0.0,0,90,0,0.01,0,0,0,0,0,0,0
1781254524.038,0,0,0,0,0,-0.17,-0.62,0.0,0.0,0.0,0.0,0.0,0,90,0,0.01,0,0,0,0,0,0,0
1781254524.062,0,0,0,0,0,-0.15,-0.61,0.0,0.0,0.0,0.0,0.0,0,90,0,0.01,0,0,0,0,0,0,0
1781254524.085,0,0,0,0,0,-0.14,-0.61,0.0,0.0,0.0,0.0,0.0,0,90,0,0.01,0,0,0,0,0,0,0
1781254524.108,0,0,0,0,0,-0.15,-0.63,0.0,0.0,0.0,0.0,0.0,0,90,0,0.01,0,0,0,0,0,0,0
1781254524.132,0,0,0,0,0,-0.14,-0.65,0.0,0.0,0.0,0.0,0.0,0,90,0,0.01,0,0,0,0,0,0,0
1781254524.155,0,0,0,0,0,-0.12,-0.65,0.0,0.0,0.0,0.0,0.0,0,90,0,0.01,0,0,0,0,0,0,0
1781254524.179,0,0,0,0,0,-0.11,-0.63,0.0,0.0,0.0,0.0,0.0,0,90,0,0.01,0,0,0,0,0,0,0
1781254524.202,0,0,0,0,0,-0.14,-0.6,0.0,0.0,0.0,0.0,0.0,0,90,0,0.01,0,0,0,0,0,0,0
1781254524.227,0,0,0,0,0,-0.19,-0.58,0.0,0.0,0.0,0.0,0.0,0,90,0,0.01,0,0,0,0,0,0,0
1781254524.249,0,0,0,0,0,-0.21,-0.58,0.0,0.0,0.0,0.0,0.0,0,90,0,0.01,0,0,0,0,0,0,0
1781254524.272,0,0,0,0,0,-0.19,-0.57,0.0,0.0,0.0,0.0,0.0,0,90,0,0.01,0,0,0,0,0,0,0
1781254524.296,0,0,0,0,0,-0.14,-0.55,0.0,0.0,0.0,0.0,0.0,0,90,0,0.01,0,0,0,0,0,0,0
1781254524.319,0,0,0,0,0,-0.13,-0.52,0.0,0.0,0.0,0.0,0.0,0,90,0,0.01,0,0,0,0,0,0,0
1781254524.343,0,0,0,0,0,-0.14,-0.51,0.0,0.0,0.0,0.0,0.0,0,90,0,0.01,0,0,0,0,0,0,0
1781254524.365,0,0,0,0,0,-0.16,-0.52,0.0,0.0,0.0,0.0,0.0,0,90,0,0.01,0,0,0,0,0,0,0
1781254524.39,0,0,0,0,0,-0.14,-0.54,0.0,0.0,0.0,0.0,0.0,0,90,0,0.01,0,0,0,0,0,0,0
1781254524.413,0,0,0,0,0,-0.11,-0.55,0.0,0.0,0.0,0.0,0.0,0,90,0,0.01,0,0,0,0,0,0,0
1781254524.435,0,0,0,0,0,-0.08,-0.56,0.0,0.0,0.0,0.0,0.0,0,90,0,0.01,0,0,0,0,0,0,0
1781254524.46,0,0,0,0,0,-0.09,-0.58,0.0,0.0,0.0,0.0,0.0,0,90,0,0.01,0,0,0,0,0,0,0
1781254524.483,0,0,0,0,0,-0.11,-0.6,0.0,0.0,0.0,0.0,0.0,0,90,0,0.01,0,0,0,0,0,0,0
1781254524.506,0,0,0,0,0,-0.12,-0.62,0.0,0.0,0.0,0.0,0.0,0,90,0,0.01,0,0,0,0,0,0,0
1781254524.531,0,0,0,0,0,-0.09,-0.65,0.0,0.0,0.0,0.0,0.0,0,90,0,0.01,0,0,0,0,0,0,0
1781254524.553,0,0,0,0,0,-0.04,-0.67,0.0,0.0,0.0,0.0,0.0,0,90,0,0.01,0,0,0,0,0,0,0
1781254524.577,0,0,0,0,0,-0.02,-0.67,0.0,0.0,0.0,0.0,0.0,0,90,0,0.01,0,0,0,0,0,0,0
1781254524.601,0,0,0,0,0,-0.04,-0.67,0.0,0.0,0.0,0.0,0.0,0,90,0,0.01,0,0,0,0,0,0,0
1781254524.624,0,0,0,0,0,-0.07,-0.69,0.0,0.0,0.0,0.0,0.0,0,90,0,0.01,0,0,0,0,0,0,0
1781254524.648,0,0,0,0,0,-0.09,-0.7,0.0,0.0,0.0,0.0,0.0,0,90,0,0.01,0,0,0,0,0,0,0
1781254524.671,0,0,0,0,0,-0.08,-0.69,0.0,0.0,0.0,0.0,0.0,0,90,0,0.01,0,0,0,0,0,0,0
1781254524.694,0,0,0,0,0,-0.05,-0.66,0.0,0.0,0.0,0.0,0.0,0,90,0,0.0,0,0,0,0,0,0,0
1781254524.718,0,0,0,0,0,-0.0,-0.62,0.0,0.0,0.0,0.0,0.0,0,90,0,0.0,0,0,0,0,0,0,0
1781254524.741,0,0,0,0,0,0.03,-0.6,0.0,0.0,0.0,0.0,0.0,0,90,0,0.0,0,0,0,0,0,0,0
1781254524.764,0,0,0,0,0,0.03,-0.61,0.0,0.0,0.0,0.0,0.0,0,90,0,0.0,0,0,0,0,0,0,0
1781254524.788,0,0,0,0,0,0.01,-0.62,0.0,0.0,0.0,0.0,0.0,0,90,0,0.0,0,0,0,0,0,0,0
1781254524.811,0,0,0,0,0,-0.0,-0.63,0.0,0.0,0.0,0.0,0.0,0,90,0,0.0,0,0,0,0,0,0,0
1781254524.835,0,0,0,0,0,-0.01,-0.62,0.0,0.0,0.0,0.0,0.0,0,90,0,0.0,0,0,0,0,0,0,0
1781254524.858,0,0,0,0,0,-0.02,-0.61,0.0,0.0,0.0,0.0,0.0,0,90,0,0.0,0,0,0,0,0,0,0
1781254524.882,0,0,0,0,0,-0.04,-0.6,0.0,0.0,0.0,0.0,0.0,0,90,0,0.0,0,0,0,0,0,0,0
1781254524.905,0,0,0,0,0,-0.08,-0.62,0.0,0.0,0.0,0.0,0.0,0,90,0,0.0,0,0,0,0,0,0,0
1781254524.929,0,0,0,0,0,-0.13,-0.64,0.0,0.0,0.0,0.0,0.0,0,90,0,0.0,0,0,0,0,0,0,0
1781254524.952,0,0,0,0,0,-0.16,-0.66,0.0,0.0,0.0,0.0,0.0,0,90,0,0.0,0,0,0,0,0,0,0
1781254524.975,0,0,0,0,0,-0.17,-0.68,0.0,0.0,0.0,0.0,0.0,0,90,0,0.0,0,0,0,0,0,0,0
1781254524.999,0,0,0,0,0,-0.18,-0.71,0.0,0.0,0.0,0.0,0.0,0,90,0,0.0,0,0,0,0,0,0,0
1781254525.023,0,0,0,0,0,-0.16,-0.73,0.0,0.0,0.0,0.0,0.0,0,90,0,0.0,0,0,0,0,0,0,0
1781254525.046,0,0,0,0,0,-0.15,-0.74,0.0,0.0,0.0,0.0,0.0,0,90,0,0.0,0,0,0,0,0,0,0
1781254525.07,0,0,0,0,0,-0.12,-0.74,0.0,0.0,0.0,0.0,0.0,0,90,0,0.0,0,0,0,0,0,0,0
1781254525.093,0,0,0,0,0,-0.07,-0.74,0.0,0.0,0.0,0.0,0.0,0,90,0,0.0,0,0,0,0,0,0,0
1781254525.117,0,0,0,0,0,0.0,-0.74,0.0,0.0,0.0,0.0,0.0,0,90,0,0.0,0,0,0,0,0,0,0
1781254525.14,0,0,0,0,0,0.05,-0.73,0.0,0.0,0.0,0.0,0.0,0,90,0,0.0,0,0,0,0,0,0,0
1781254525.163,0,0,0,0,0,0.07,-0.71,0.0,0.0,0.0,0.0,0.0,0,90,0,0.0,0,0,0,0,0,0,0
1781254525.187,0,0,0,0,0,0.09,-0.7,0.0,0.0,0.0,0.0,0.0,0,90,0,0.01,0,0,0,0,0,0,0
1781254525.21,0,0,0,0,0,0.12,-0.7,0.0,0.0,0.0,0.0,0.0,0,90,0,0.01,0,0,0,0,0,0,0
1781254525.235,0,0,0,0,0,0.16,-0.7,0.0,0.0,0.0,0.0,0.0,0,90,0,0.01,0,0,0,0,0,0,0
1781254525.258,0,0,0,0,0,0.19,-0.7,0.0,0.0,0.0,0.0,0.0,0,90,0,0.01,0,0,0,0,0,0,0
1781254525.281,0,0,0,0,0,0.16,-0.71,0.0,0.0,0.0,0.0,0.0,0,90,0,0.01,0,0,0,0,0,0,0
1781254525.304,0,0,0,0,0,0.1,-0.7,0.0,0.0,0.0,0.0,0.0,0,90,0,0.01,0,0,0,0,0,0,0
1781254525.327,0,0,0,0,0,0.04,-0.7,0.0,0.0,0.0,0.0,0.0,0,90,0,0.01,0,0,0,0,0,0,0
1781254525.352,0,0,0,0,0,0.01,-0.69,0.0,0.0,0.0,0.0,0.0,0,90,0,0.01,0,0,0,0,0,0,0
1781254525.374,0,0,0,0,0,0.02,-0.68,0.0,0.0,0.0,0.0,0.0,0,90,0,0.01,0,0,0,0,0,0,0
1781254525.397,0,0,0,0,0,0.02,-0.68,0.0,0.0,0.0,0.0,0.0,0,90,0,0.01,0,0,0,0,0,0,0
1781254525.421,0,0,0,0,0,0.01,-0.69,0.0,0.0,0.0,0.0,0.0,0,90,0,0.01,0,0,0,0,0,0,0
1781254525.445,0,0,0,0,0,-0.0,-0.7,0.0,0.0,0.0,0.0,0.0,0,90,0,0.01,0,0,0,0,0,0,0
1781254525.468,0,0,0,0,0,0.01,-0.7,0.0,0.0,0.0,0.0,0.0,0,90,0,0.01,0,0,0,0,0,0,0
1781254525.492,0,0,0,0,0,0.04,-0.69,0.0,0.0,0.0,0.0,0.0,0,90,0,0.01,0,0,0,0,0,0,0
1781254525.515,0,0,0,0,0,0.04,-0.65,0.0,0.0,0.0,0.0,0.0,0,90,0,0.01,0,0,0,0,0,0,0
1781254525.539,0,0,0,0,0,0.01,-0.62,0.0,0.0,0.0,0.0,0.0,0,90,0,0.01,0,0,0,0,0,0,0
1781254525.562,0,0,0,0,0,-0.03,-0.61,0.0,0.0,0.0,0.0,0.0,0,90,0,0.01,0,0,0,0,0,0,0
1781254525.586,0,0,0,0,0,-0.04,-0.62,0.0,0.0,0.0,0.0,0.0,0,90,0,0.01,0,0,0,0,0,0,0
1781254525.608,0,0,0,0,0,-0.04,-0.62,0.0,0.0,0.0,0.0,0.0,0,90,0,0.01,0,0,0,0,0,0,0
1781254525.633,0,0,0,0,0,-0.03,-0.62,0.0,0.0,0.0,0.0,0.0,0,90,0,0.01,0,0,0,0,0,0,0
1781254525.656,0,0,0,0,0,-0.03,-0.63,0.0,0.0,0.0,0.0,0.0,0,90,0,0.01,0,0,0,0,0,0,0
1781254525.679,0,0,0,0,0,-0.02,-0.65,0.0,0.0,0.0,0.0,0.0,0,90,0,0.01,0,0,0,0,0,0,0
1781254525.703,0,0,0,0,0,-0.01,-0.66,0.0,0.0,0.0,0.0,0.0,0,90,0,0.01,0,0,0,0,0,0,0
1781254525.726,0,0,0,0,0,-0.01,-0.65,0.0,0.0,0.0,0.0,0.0,0,90,0,0.01,0,0,0,0,0,0,0
1781254525.75,0,0,0,0,0,-0.01,-0.65,0.0,0.0,0.0,0.0,0.0,0,90,0,0.01,0,0,0,0,0,0,0
1781254525.772,0,0,0,0,0,-0.01,-0.66,0.0,0.0,0.0,0.0,0.0,0,90,0,0.01,0,0,0,0,0,0,0
1781254525.795,0,0,0,0,0,-0.02,-0.68,0.0,0.0,0.0,0.0,0.0,0,90,0,0.01,0,0,0,0,0,0,0
1781254525.819,0,0,0,0,0,-0.01,-0.69,0.0,0.0,0.0,0.0,0.0,0,90,0,0.01,0,0,0,0,0,0,0
1781254525.843,0,0,0,0,0,0.01,-0.67,0.0,0.0,0.0,0.0,0.0,0,90,0,0.01,0,0,0,0,0,0,0
1781254525.865,0,0,0,0,0,0.03,-0.65,0.0,0.0,0.0,0.0,0.0,0,90,0,0.01,0,0,0,0,0,0,0
1781254525.89,0,0,0,0,0,0.03,-0.64,0.0,0.0,0.0,0.0,0.0,0,90,0,0.01,0,0,0,0,0,0,0
1781254525.912,0,0,0,0,0,0.02,-0.65,0.0,0.0,0.0,0.0,0.0,0,90,0,0.01,0,0,0,0,0,0,0
1781254525.937,0,0,0,0,0,0.02,-0.67,0.0,0.0,0.0,0.0,0.0,0,90,0,0.01,0,0,0,0,0,0,0
1781254525.959,0,0,0,0,0,0.03,-0.7,0.0,0.0,0.0,0.0,0.0,0,90,0,0.01,0,0,0,0,0,0,0
1781254525.983,0,0,0,0,0,0.03,-0.72,0.0,0.0,0.0,0.0,0.0,0,90,0,0.01,0,0,0,0,0,0,0
1781254526.007,0,0,0,0,0,-0.02,-0.73,0.0,0.0,0.0,0.0,0.0,0,90,0,0.01,0,0,0,0,0,0,0
1781254526.03,0,0,0,0,0,-0.07,-0.74,0.0,0.0,0.0,0.0,0.0,0,90,0,0.01,0,0,0,0,0,0,0
1781254526.053,0,0,0,0,0,-0.1,-0.74,0.0,0.0,0.0,0.0,0.0,0,90,0,0.01,0,0,0,0,0,0,0
1781254526.076,0,0,0,0,0,-0.11,-0.74,0.0,0.0,0.0,0.0,0.0,0,90,0,0.01,0,0,0,0,0,0,0
1781254526.1,0,0,0,0,0,-0.11,-0.73,0.0,0.0,0.0,0.0,0.0,0,90,0,0.01,0,0,0,0,0,0,0
1781254526.123,0,0,0,0,0,-0.1,-0.71,0.0,0.0,0.0,0.0,0.0,0,90,0,0.01,0,0,0,0,0,0,0
1781254526.148,0,0,0,0,0,-0.09,-0.68,0.0,0.0,0.0,0.0,0.0,0,90,0,0.01,0,0,0,0,0,0,0
1781254526.17,0,0,0,0,0,-0.07,-0.65,0.0,0.0,0.0,0.0,0.0,0,90,0,0.01,0,0,0,0,0,0,0
1781254526.194,0,0,0,0,0,-0.07,-0.63,0.0,0.0,0.0,0.0,0.0,0,90,0,0.0,0,0,0,0,0,0,0
1781254526.217,0,0,0,0,0,-0.09,-0.62,0.0,0.0,0.0,0.0,0.0,0,90,0,0.0,0,0,0,0,0,0,0
1781254526.241,0,0,0,0,0,-0.13,-0.61,0.0,0.0,0.0,0.0,0.0,0,90,0,0.0,0,0,0,0,0,0,0
1781254526.264,0,0,0,0,0,-0.17,-0.6,0.0,0.0,0.0,0.0,0.0,0,90,0,0.01,0,0,0,0,0,0,0
1781254526.288,0,0,0,0,0,-0.17,-0.56,0.0,0.0,0.0,0.0,0.0,0,90,0,0.01,0,0,0,0,0,0,0
1781254526.311,0,0,0,0,0,-0.15,-0.52,0.0,0.0,0.0,0.0,0.0,0,90,0,0.01,0,0,0,0,0,0,0
1781254526.335,0,0,0,0,0,-0.13,-0.5,0.0,0.0,0.0,0.0,0.0,0,90,0,0.01,0,0,0,0,0,0,0
1781254526.357,0,0,0,0,0,-0.14,-0.52,0.0,0.0,0.0,0.0,0.0,0,90,0,0.01,0,0,0,0,0,0,0
1781254526.381,0,0,0,0,0,-0.15,-0.55,0.0,0.0,0.0,0.0,0.0,0,90,0,0.01,0,0,0,0,0,0,0
1781254526.405,0,0,0,0,0,-0.15,-0.59,0.0,0.0,0.0,0.0,0.0,0,90,0,0.01,0,0,0,0,0,0,0
1781254526.428,0,0,0,0,0,-0.13,-0.63,0.0,0.0,0.0,0.0,0.0,0,90,0,0.01,0,0,0,0,0,0,0
1781254526.451,0,0,0,0,0,-0.13,-0.66,0.0,0.0,0.0,0.0,0.0,0,90,0,0.0,0,0,0,0,0,0,0
1781254526.475,0,0,0,0,0,-0.14,-0.7,0.0,0.0,0.0,0.0,0.0,0,90,0,0.0,0,0,0,0,0,0,0
1781254526.499,0,0,0,0,0,-0.18,-0.73,0.0,0.0,0.0,0.0,0.0,0,90,0,0.0,0,0,0,0,0,0,0
1781254526.522,0,0,0,0,0,-0.21,-0.73,0.0,0.0,0.0,0.0,0.0,0,90,0,0.0,0,0,0,0,0,0,0
1781254526.545,0,0,0,0,0,-0.19,-0.71,0.0,0.0,0.0,0.0,0.0,0,90,0,0.01,0,0,0,0,0,0,0
1781254526.569,0,0,0,0,0,-0.12,-0.7,0.0,0.0,0.0,0.0,0.0,0,90,0,0.01,0,0,0,0,0,0,0
1781254526.592,0,0,0,0,0,-0.02,-0.7,0.0,0.0,0.0,0.0,0.0,0,90,0,0.01,0,0,0,0,0,0,0
1781254526.615,0,0,0,0,0,0.09,-0.68,0.0,0.0,0.0,0.0,0.0,0,90,0,0.01,0,0,0,0,0,0,0
1781254526.64,0,0,0,0,0,0.15,-0.63,0.0,0.0,0.0,0.0,0.0,0,90,0,0.01,0,0,0,0,0,0,0
1781254526.663,0,0,0,0,0,0.14,-0.58,0.0,0.0,0.0,0.0,0.0,0,90,0,0.01,0,0,0,0,0,0,0
1781254526.685,0,0,0,0,0,0.05,-0.55,0.0,0.0,0.0,0.0,0.0,0,90,0,0.01,0,0,0,0,0,0,0
1781254526.71,0,0,0,0,0,-0.07,-0.54,0.0,0.0,0.0,0.0,0.0,0,90,0,0.01,0,0,0,0,0,0,0
1781254526.733,0,0,0,0,0,-0.19,-0.54,0.0,0.0,0.0,0.0,0.0,0,90,0,0.01,0,0,0,0,0,0,0
1781254526.757,0,0,0,0,0,-0.28,-0.53,0.0,0.0,0.0,0.0,0.0,0,90,0,0.01,0,0,0,0,0,0,0
1781254526.781,0,0,0,0,0,-0.36,-0.51,0.0,0.0,0.0,0.0,0.0,0,90,0,0.01,0,0,0,0,0,0,0
1781254526.803,0,0,0,0,0,-0.41,-0.51,0.0,0.0,0.0,0.0,0.0,0,90,0,0.01,0,0,0,0,0,0,0
1781254526.827,0,0,0,0,0,-0.41,-0.52,0.0,0.0,0.0,0.0,0.0,0,90,0,0.01,0,0,0,0,0,0,0
1781254526.851,0,0,0,0,0,-0.39,-0.54,0.0,0.0,0.0,0.0,0.0,0,90,0,0.02,0,0,0,0,0,0,0
1781254526.875,0,0,0,0,0,-0.36,-0.55,0.0,0.0,0.0,0.0,0.0,0,90,0,0.02,0,0,0,0,0,0,0
1781254526.899,0,0,0,0,0,-0.36,-0.57,0.0,0.0,0.0,0.0,0.0,0,90,0,0.02,0,0,0,0,0,0,0
1781254526.921,0,0,0,0,0,-0.36,-0.58,0.0,0.0,0.0,0.0,0.0,0,90,0,0.02,0,0,0,0,0,0,0
1781254526.945,0,0,0,0,0,-0.36,-0.59,0.0,0.0,0.0,0.0,0.0,0,90,0,0.02,0,0,0,0,0,0,0
1781254526.968,0,0,0,0,0,-0.34,-0.59,0.0,0.0,0.0,0.0,0.0,0,90,0,0.02,0,0,0,0,0,0,0
1781254526.992,0,0,0,0,0,-0.3,-0.56,0.0,0.0,0.0,0.0,0.0,0,90,0,0.02,0,0,0,0,0,0,0
1781254527.016,0,0,0,0,0,-0.26,-0.53,0.0,0.0,0.0,0.0,0.0,0,90,0,0.02,0,0,0,0,0,0,0
1781254527.038,0,0,0,0,0,-0.24,-0.5,0.0,0.0,0.0,0.0,0.0,0,90,0,0.02,0,0,0,0,0,0,0
1781254527.062,0,0,0,0,0,-0.25,-0.48,0.0,0.0,0.0,0.0,0.0,0,90,0,0.02,0,0,0,0,0,0,0
1781254527.085,0,0,0,0,0,-0.28,-0.48,0.0,0.0,0.0,0.0,0.0,0,90,0,0.02,0,0,0,0,0,0,0
1781254527.11,0,0,0,0,0,-0.31,-0.48,0.0,0.0,0.0,0.0,0.0,0,90,0,0.02,0,0,0,0,0,0,0
1781254527.132,0,0,0,0,0,-0.36,-0.48,0.0,0.0,0.0,0.0,0.0,0,90,0,0.02,0,0,0,0,0,0,0
1781254527.155,0,0,0,0,0,-0.42,-0.49,0.0,0.0,0.0,0.0,0.0,0,90,0,0.02,0,0,0,0,0,0,0
1781254527.18,0,0,0,0,0,-0.48,-0.52,0.0,0.0,0.0,0.0,0.0,0,90,0,0.02,0,0,0,0,0,0,0
1781254527.203,0,0,0,0,0,-0.51,-0.56,0.0,0.0,0.0,0.0,0.0,0,90,0,0.02,0,0,0,0,0,0,0
1781254527.227,0,0,0,0,0,-0.52,-0.59,0.0,0.0,0.0,0.0,0.0,0,90,0,0.02,0,0,0,0,0,0,0
1781254527.251,0,0,0,0,0,-0.51,-0.6,0.0,0.0,0.0,0.0,0.0,0,90,0,0.03,0,0,0,0,0,0,0
1781254527.274,0,0,0,0,0,-0.49,-0.61,0.0,0.0,0.0,0.0,0.0,0,90,0,0.03,0,0,0,0,0,0,0
1781254527.297,0,0,0,0,0,-0.44,-0.61,0.0,0.0,0.0,0.0,0.0,0,90,0,0.03,0,0,0,0,0,0,0
1781254527.32,0,0,0,0,0,-0.37,-0.61,0.0,0.0,0.0,0.0,0.0,0,90,0,0.03,0,0,0,0,0,0,0
1781254527.344,0,0,0,0,0,-0.3,-0.59,0.0,0.0,0.0,0.0,0.0,0,90,0,0.03,0,0,0,0,0,0,0
1781254527.367,0,0,0,0,0,-0.24,-0.57,0.0,0.0,0.0,0.0,0.0,0,90,0,0.03,0,0,0,0,0,0,0
1781254527.391,0,0,0,0,0,-0.21,-0.54,0.0,0.0,0.0,0.0,0.0,0,90,0,0.03,0,0,0,0,0,0,0
1781254527.415,0,0,0,0,0,-0.2,-0.5,0.0,0.0,0.0,0.0,0.0,0,90,0,0.03,0,0,0,0,0,0,0
1781254527.438,0,0,0,0,0,-0.21,-0.48,0.0,0.0,0.0,0.0,0.0,0,90,0,0.03,0,0,0,0,0,0,0
1781254527.462,0,0,0,0,0,-0.21,-0.47,0.0,0.0,0.0,0.0,0.0,0,90,0,0.03,0,0,0,0,0,0,0
1781254527.485,0,0,0,0,0,-0.21,-0.45,0.0,0.0,0.0,0.0,0.0,0,90,0,0.03,0,0,0,0,0,0,0
1781254527.508,0,0,0,0,0,-0.21,-0.44,0.0,0.0,0.0,0.0,0.0,0,90,0,0.03,0,0,0,0,0,0,0
1781254527.531,0,0,0,0,0,-0.19,-0.44,0.0,0.0,0.0,0.0,0.0,0,90,0,0.03,0,0,0,0,0,0,0
1781254527.555,0,0,0,0,0,-0.17,-0.46,0.0,0.0,0.0,0.0,0.0,0,90,0,0.03,0,0,0,0,0,0,0
1781254527.579,0,0,0,0,0,-0.13,-0.49,0.0,0.0,0.0,0.0,0.0,0,90,0,0.03,0,0,0,0,0,0,0
1781254527.602,0,0,0,0,0,-0.1,-0.52,0.0,0.0,0.0,0.0,0.0,0,90,0,0.03,0,0,0,0,0,0,0
1781254527.625,0,0,0,0,0,-0.1,-0.56,0.0,0.0,0.0,0.0,0.0,0,90,0,0.03,0,0,0,0,0,0,0
1781254527.65,0,0,0,0,0,-0.11,-0.59,0.0,0.0,0.0,0.0,0.0,0,90,0,0.03,0,0,0,0,0,0,0
1781254527.673,0,0,0,0,0,-0.08,-0.59,0.0,0.0,0.0,0.0,0.0,0,90,0,0.03,0,0,0,0,0,0,0
1781254527.697,0,0,0,0,0,-0.04,-0.59,0.0,0.0,0.0,0.0,0.0,0,90,0,0.03,0,0,0,0,0,0,0
1781254527.719,0,0,0,0,0,0.02,-0.58,0.0,0.0,0.0,0.0,0.0,0,90,0,0.03,0,0,0,0,0,0,0
1781254527.743,0,0,0,0,0,0.06,-0.56,0.0,0.0,0.0,0.0,0.0,0,90,0,0.03,0,0,0,0,0,0,0
1781254527.766,0,0,0,0,0,0.06,-0.52,0.0,0.0,0.0,0.0,0.0,0,90,0,0.03,0,0,0,0,0,0,0
1781254527.79,0,0,0,0,0,-0.0,-0.47,0.0,0.0,0.0,0.0,0.0,0,90,0,0.03,0,0,0,0,0,0,0
1781254527.814,0,0,0,0,0,-0.1,-0.46,0.0,0.0,0.0,0.0,0.0,0,90,0,0.03,0,0,0,0,0,0,0
1781254527.837,0,0,0,0,0,-0.2,-0.49,0.0,0.0,0.0,0.0,0.0,0,90,0,0.02,0,0,0,0,0,0,0
1781254527.86,0,0,0,0,0,-0.26,-0.53,0.0,0.0,0.0,0.0,0.0,0,90,0,0.02,0,0,0,0,0,0,0
1781254527.884,0,0,0,0,0,-0.27,-0.54,0.0,0.0,0.0,0.0,0.0,0,90,0,0.02,0,0,0,0,0,0,0
1781254527.907,0,0,0,0,0,-0.24,-0.53,0.0,0.0,0.0,0.0,0.0,0,90,0,0.02,0,0,0,0,0,0,0
1781254527.932,0,0,0,0,0,-0.23,-0.51,0.0,0.0,0.0,0.0,0.0,0,90,0,0.02,0,0,0,0,0,0,0
1781254527.954,0,0,0,0,0,-0.24,-0.51,0.0,0.0,0.0,0.0,0.0,0,90,0,0.02,0,0,0,0,0,0,0
1781254527.978,0,0,0,0,0,-0.25,-0.52,0.0,0.0,0.0,0.0,0.0,0,90,0,0.02,0,0,0,0,0,0,0
1781254528.001,0,0,0,0,0,-0.25,-0.51,0.0,0.0,0.0,0.0,0.0,0,90,0,0.02,0,0,0,0,0,0,0
1781254528.025,0,0,0,0,0,-0.22,-0.49,0.0,0.0,0.0,0.0,0.0,0,90,0,0.02,0,0,0,0,0,0,0
1781254528.048,0,0,0,0,0,-0.2,-0.49,0.0,0.0,0.0,0.0,0.0,0,90,0,0.02,0,0,0,0,0,0,0
1781254528.071,0,0,0,0,0,-0.19,-0.5,0.0,0.0,0.0,0.0,0.0,0,90,0,0.02,0,0,0,0,0,0,0
1781254528.095,0,0,0,0,0,-0.18,-0.52,0.0,0.0,0.0,0.0,0.0,0,90,0,0.02,0,0,0,0,0,0,0
1781254528.118,0,0,0,0,0,-0.15,-0.52,0.0,0.0,0.0,0.0,0.0,0,90,0,0.02,0,0,0,0,0,0,0
1781254528.141,0,0,0,0,0,-0.14,-0.54,0.0,0.0,0.0,0.0,0.0,0,90,0,0.02,0,0,0,0,0,0,0
1781254528.165,0,0,0,0,0,-0.14,-0.56,0.0,0.0,0.0,0.0,0.0,0,90,0,0.02,0,0,0,0,0,0,0
1781254528.189,0,0,0,0,0,-0.16,-0.59,0.0,0.0,0.0,0.0,0.0,0,90,0,0.02,0,0,0,0,0,0,0
1781254528.212,0,0,0,0,0,-0.21,-0.6,0.0,0.0,0.0,0.0,0.0,0,90,0,0.02,0,0,0,0,0,0,0
1781254528.235,0,0,0,0,0,-0.26,-0.62,0.0,0.0,0.0,0.0,0.0,0,90,0,0.02,0,0,0,0,0,0,0
1781254528.26,0,0,0,0,0,-0.28,-0.63,0.0,0.0,0.0,0.0,0.0,0,90,0,0.02,0,0,0,0,0,0,0
1781254528.283,0,0,0,0,0,-0.26,-0.63,0.0,0.0,0.0,0.0,0.0,0,90,0,0.02,0,0,0,0,0,0,0
1781254528.307,0,0,0,0,0,-0.22,-0.61,0.0,0.0,0.0,0.0,0.0,0,90,0,0.02,0,0,0,0,0,0,0
1781254528.33,0,0,0,0,0,-0.19,-0.58,0.0,0.0,0.0,0.0,0.0,0,90,0,0.02,0,0,0,0,0,0,0
1781254528.353,0,0,0,0,0,-0.2,-0.56,0.0,0.0,0.0,0.0,0.0,0,90,0,0.02,0,0,0,0,0,0,0
1781254528.377,0,0,0,0,0,-0.23,-0.56,0.0,0.0,0.0,0.0,0.0,0,90,0,0.01,0,0,0,0,0,0,0
1781254528.4,0,0,0,0,0,-0.25,-0.57,0.0,0.0,0.0,0.0,0.0,0,90,0,0.01,0,0,0,0,0,0,0
1781254528.423,0,0,0,0,0,-0.23,-0.6,0.0,0.0,0.0,0.0,0.0,0,90,0,0.01,0,0,0,0,0,0,0
1781254528.448,0,0,0,0,0,-0.2,-0.61,0.0,0.0,0.0,0.0,0.0,0,90,0,0.01,0,0,0,0,0,0,0
1781254528.469,0,0,0,0,0,-0.17,-0.59,0.0,0.0,0.0,0.0,0.0,0,90,0,0.01,0,0,0,0,0,0,0
1781254528.493,0,0,0,0,0,-0.19,-0.56,0.0,0.0,0.0,0.0,0.0,0,90,0,0.01,0,0,0,0,0,0,0
1781254528.517,0,0,0,0,0,-0.24,-0.53,0.0,0.0,0.0,0.0,0.0,0,90,0,0.01,0,0,0,0,0,0,0
1781254528.541,0,0,0,0,0,-0.27,-0.52,0.0,0.0,0.0,0.0,0.0,0,90,0,0.01,0,0,0,0,0,0,0
1781254528.564,0,0,0,0,0,-0.26,-0.52,0.0,0.0,0.0,0.0,0.0,0,90,0,0.01,0,0,0,0,0,0,0
1781254528.588,0,0,0,0,0,-0.24,-0.52,0.0,0.0,0.0,0.0,0.0,0,90,0,0.01,0,0,0,0,0,0,0
1781254528.611,0,0,0,0,0,-0.24,-0.53,0.0,0.0,0.0,0.0,0.0,0,90,0,0.01,0,0,0,0,0,0,0
1781254528.634,0,0,0,0,0,-0.25,-0.55,0.0,0.0,0.0,0.0,0.0,0,90,0,0.01,0,0,0,0,0,0,0
1781254528.657,0,0,0,0,0,-0.27,-0.56,0.0,0.0,0.0,0.0,0.0,0,90,0,0.01,0,0,0,0,0,0,0
1781254528.681,0,0,0,0,0,-0.26,-0.59,0.0,0.0,0.0,0.0,0.0,0,90,0,0.01,0,0,0,0,0,0,0
1781254528.704,0,0,0,0,0,-0.23,-0.6,0.0,0.0,0.0,0.0,0.0,0,90,0,0.01,0,0,0,0,0,0,0
1781254528.728,0,0,0,0,0,-0.21,-0.6,0.0,0.0,0.0,0.0,0.0,0,90,0,0.01,0,0,0,0,0,0,0
1781254528.752,0,0,0,0,0,-0.18,-0.6,0.0,0.0,0.0,0.0,0.0,0,90,0,0.01,0,0,0,0,0,0,0
1781254528.775,0,0,0,0,0,-0.15,-0.6,0.0,0.0,0.0,0.0,0.0,0,90,0,0.01,0,0,0,0,0,0,0
1781254528.799,0,0,0,0,0,-0.11,-0.6,0.0,0.0,0.0,0.0,0.0,0,90,0,0.01,0,0,0,0,0,0,0
1781254528.822,0,0,0,0,0,-0.1,-0.6,0.0,0.0,0.0,0.0,0.0,0,90,0,0.01,0,0,0,0,0,0,0
1781254528.845,0,0,0,0,0,-0.09,-0.61,0.0,0.0,0.0,0.0,0.0,0,90,0,0.01,0,0,0,0,0,0,0
1781254528.869,0,0,0,0,0,-0.08,-0.62,0.0,0.0,0.0,0.0,0.0,0,90,0,0.01,0,0,0,0,0,0,0
1781254528.892,0,0,0,0,0,-0.08,-0.62,0.0,0.0,0.0,0.0,0.0,0,90,0,0.01,0,0,0,0,0,0,0
1781254528.916,0,0,0,0,0,-0.09,-0.61,0.0,0.0,0.0,0.0,0.0,0,90,0,0.01,0,0,0,0,0,0,0
1781254528.939,0,0,0,0,0,-0.12,-0.61,0.0,0.0,0.0,0.0,0.0,0,90,0,0.0,0,0,0,0,0,0,0
1781254528.963,0,0,0,0,0,-0.14,-0.64,0.0,0.0,0.0,0.0,0.0,0,90,0,0.0,0,0,0,0,0,0,0
1781254528.986,0,0,0,0,0,-0.14,-0.67,0.0,0.0,0.0,0.0,0.0,0,90,0,0.0,0,0,0,0,0,0,0
1781254529.01,0,0,0,0,0,-0.13,-0.66,0.0,0.0,0.0,0.0,0.0,0,90,0,0.0,0,0,0,0,0,0,0
1781254529.034,0,0,0,0,0,-0.13,-0.62,0.0,0.0,0.0,0.0,0.0,0,90,0,0.0,0,0,0,0,0,0,0
1781254529.057,0,0,0,0,0,-0.13,-0.55,0.0,0.0,0.0,0.0,0.0,0,90,0,0.0,0,0,0,0,0,0,0
1781254529.08,0,0,0,0,0,-0.14,-0.5,0.0,0.0,0.0,0.0,0.0,0,90,0,0.0,0,0,0,0,0,0,0
1781254529.104,0,0,0,0,0,-0.14,-0.48,0.0,0.0,0.0,0.0,0.0,0,90,0,0.0,0,0,0,0,0,0,0
1781254529.127,0,0,0,0,0,-0.13,-0.47,0.0,0.0,0.0,0.0,0.0,0,90,0,0.0,0,0,0,0,0,0,0
1781254529.151,0,0,0,0,0,-0.13,-0.46,0.0,0.0,0.0,0.0,0.0,0,90,0,0.0,0,0,0,0,0,0,0
1781254529.174,0,0,0,0,0,-0.16,-0.45,0.0,0.0,0.0,0.0,0.0,0,90,0,0.0,0,0,0,0,0,0,0
1781254529.197,0,0,0,0,0,-0.22,-0.47,0.0,0.0,0.0,0.0,0.0,0,90,0,0.0,0,0,0,0,0,0,0
1781254529.221,0,0,0,0,0,-0.27,-0.51,0.0,0.0,0.0,0.0,0.0,0,90,0,0.0,0,0,0,0,0,0,0
1781254529.243,0,0,0,0,0,-0.31,-0.55,0.0,0.0,0.0,0.0,0.0,0,90,0,0.0,0,0,0,0,0,0,0
1781254529.267,0,0,0,0,0,-0.3,-0.57,0.0,0.0,0.0,0.0,0.0,0,90,0,0.0,0,0,0,0,0,0,0
1781254529.291,0,0,0,0,0,-0.27,-0.58,0.0,0.0,0.0,0.0,0.0,0,90,0,0.0,0,0,0,0,0,0,0
1781254529.315,0,0,0,0,0,-0.25,-0.59,0.0,0.0,0.0,0.0,0.0,0,90,0,0.0,0,0,0,0,0,0,0
1781254529.339,0,0,0,0,0,-0.26,-0.6,0.0,0.0,0.0,0.0,0.0,0,90,0,0.0,0,0,0,0,0,0,0
1781254529.361,0,0,0,0,0,-0.29,-0.61,0.0,0.0,0.0,0.0,0.0,0,90,0,0.0,0,0,0,0,0,0,0
1781254529.385,0,0,0,0,0,-0.3,-0.6,0.0,0.0,0.0,0.0,0.0,0,90,0,0.0,0,0,0,0,0,0,0
1781254529.409,0,0,0,0,0,-0.31,-0.59,0.0,0.0,0.0,0.0,0.0,0,90,0,0.0,0,0,0,0,0,0,0
1781254529.433,0,0,0,0,0,-0.34,-0.58,0.0,0.0,0.0,0.0,0.0,0,90,0,0.0,0,0,0,0,0,0,0
1781254529.457,0,0,0,0,0,-0.36,-0.58,0.0,0.0,0.0,0.0,0.0,0,90,0,0.01,0,0,0,0,0,0,0
1781254529.479,0,0,0,0,0,-0.35,-0.57,0.0,0.0,0.0,0.0,0.0,0,90,0,0.01,0,0,0,0,0,0,0
1781254529.503,0,0,0,0,0,-0.3,-0.57,0.0,0.0,0.0,0.0,0.0,0,90,0,0.01,0,0,0,0,0,0,0
1781254529.525,0,0,0,0,0,-0.25,-0.56,0.0,0.0,0.0,0.0,0.0,0,90,0,0.01,0,0,0,0,0,0,0
1781254529.549,0,0,0,0,0,-0.26,-0.55,0.0,0.0,0.0,0.0,0.0,0,90,0,0.01,0,0,0,0,0,0,0
1781254529.573,0,0,0,0,0,-0.33,-0.52,0.0,0.0,0.0,0.0,0.0,0,90,0,0.01,0,0,0,0,0,0,0
1781254529.595,0,0,0,0,0,-0.42,-0.5,0.0,0.0,0.0,0.0,0.0,0,90,0,0.01,0,0,0,0,0,0,0
1781254529.619,0,0,0,0,0,-0.47,-0.49,0.0,0.0,0.0,0.0,0.0,0,90,0,0.01,0,0,0,0,0,0,0
1781254529.643,0,0,0,0,0,-0.49,-0.48,0.0,0.0,0.0,0.0,0.0,0,90,0,0.01,0,0,0,0,0,0,0
1781254529.667,0,0,0,0,0,-0.49,-0.46,0.0,0.0,0.0,0.0,0.0,0,90,0,0.01,0,0,0,0,0,0,0
1781254529.69,0,0,0,0,0,-0.51,-0.45,0.0,0.0,0.0,0.0,0.0,0,90,0,0.01,0,0,0,0,0,0,0
1781254529.717,0,0,0,0,0,-0.58,-0.45,0.0,0.0,0.0,0.0,0.0,0,90,0,0.01,0,0,0,0,0,0,0
1781254529.737,0,0,0,0,0,-0.64,-0.46,0.0,0.0,0.0,0.0,0.0,0,90,0,0.02,0,0,0,0,0,0,0
1781254529.761,0,0,0,0,0,-0.65,-0.47,0.0,0.0,0.0,0.0,0.0,0,90,0,0.02,0,0,0,0,0,0,0
1781254529.784,0,0,0,0,0,-0.63,-0.46,0.0,0.0,0.0,0.0,0.0,0,90,0,0.02,0,0,0,0,0,0,0
1781254529.807,0,0,0,0,0,-0.59,-0.44,0.0,0.0,0.0,0.0,0.0,0,90,0,0.03,0,0,0,0,0,0,0
1781254529.83,0,0,0,0,0,-0.58,-0.42,0.0,0.0,0.0,0.0,0.0,0,90,0,0.03,0,0,0,0,0,0,0
1781254529.854,0,0,0,0,0,-0.62,-0.4,0.0,0.0,0.0,0.0,0.0,0,90,0,0.03,0,0,0,0,0,0,0
1781254529.877,0,0,0,0,0,-0.65,-0.39,0.0,0.0,0.0,0.0,0.0,0,90,0,0.03,0,0,0,0,0,0,0
1781254529.9,0,0,0,0,0,-0.66,-0.4,0.0,0.0,0.0,0.0,0.0,0,90,0,0.03,0,0,0,0,0,0,0
1781254529.925,0,0,0,0,0,-0.62,-0.42,0.0,0.0,0.0,0.0,0.0,0,90,0,0.04,0,0,0,0,0,0,0
1781254529.948,0,0,0,0,0,-0.58,-0.43,0.0,0.0,0.0,0.0,0.0,0,90,0,0.04,0,0,0,0,0,0,0
1781254529.972,0,0,0,0,0,-0.56,-0.45,0.0,0.0,0.0,0.0,0.0,0,90,0,0.04,0,0,0,0,0,0,0
1781254529.995,0,0,0,0,0,-0.56,-0.47,0.0,0.0,0.0,0.0,0.0,0,90,0,0.04,0,0,0,0,0,0,0
1781254530.018,0,0,0,0,0,-0.55,-0.49,0.0,0.0,0.0,0.0,0.0,0,90,0,0.04,0,0,0,0,0,0,0
1781254530.043,0,0,0,0,0,-0.54,-0.51,0.0,0.0,0.0,0.0,0.0,0,90,0,0.04,0,0,0,0,0,0,0
1781254530.065,0,0,0,0,0,-0.52,-0.51,0.0,0.0,0.0,0.0,0.0,0,90,0,0.03,0,0,0,0,0,0,0
1781254530.089,0,0,0,0,0,-0.5,-0.5,0.0,0.0,0.0,0.0,0.0,0,90,0,0.03,0,0,0,0,0,0,0
1781254530.111,0,0,0,0,0,-0.46,-0.48,0.0,0.0,0.0,0.0,0.0,0,90,0,0.03,0,0,0,0,0,0,0
1781254530.136,0,0,0,0,0,-0.41,-0.45,0.0,0.0,0.0,0.0,0.0,0,90,0,0.03,0,0,0,0,0,0,0
1781254530.159,0,0,0,0,0,-0.38,-0.43,0.0,0.0,0.0,0.0,0.0,0,90,0,0.03,0,0,0,0,0,0,0
1781254530.182,0,0,0,0,0,-0.38,-0.42,0.0,0.0,0.0,0.0,0.0,0,90,0,0.03,0,0,0,0,0,0,0
1781254530.205,0,0,0,0,0,-0.41,-0.43,0.0,0.0,0.0,0.0,0.0,0,90,0,0.03,0,0,0,0,0,0,0
1781254530.229,0,0,0,0,0,-0.44,-0.44,0.0,0.0,0.0,0.0,0.0,0,90,0,0.02,0,0,0,0,0,0,0
1781254530.253,0,0,0,0,0,-0.45,-0.46,0.0,0.0,0.0,0.0,0.0,0,90,0,0.02,0,0,0,0,0,0,0
1781254530.276,0,0,0,0,0,-0.44,-0.47,0.0,0.0,0.0,0.0,0.0,0,90,0,0.02,0,0,0,0,0,0,0
1781254530.3,0,0,0,0,0,-0.44,-0.5,0.0,0.0,0.0,0.0,0.0,0,90,0,0.02,0,0,0,0,0,0,0
1781254530.323,0,0,0,0,0,-0.44,-0.53,0.0,0.0,0.0,0.0,0.0,0,90,0,0.02,0,0,0,0,0,0,0
1781254530.346,0,0,0,0,0,-0.44,-0.53,0.0,0.0,0.0,0.0,0.0,0,90,0,0.02,0,0,0,0,0,0,0
1781254530.369,0,0,0,0,0,-0.43,-0.51,0.0,0.0,0.0,0.0,0.0,0,90,0,0.02,0,0,0,0,0,0,0
1781254530.394,0,0,0,0,0,-0.41,-0.48,0.0,0.0,0.0,0.0,0.0,0,90,0,0.01,0,0,0,0,0,0,0
1781254530.418,0,0,0,0,0,-0.37,-0.46,0.0,0.0,0.0,0.0,0.0,0,90,0,0.01,0,0,0,0,0,0,0
1781254530.44,0,0,0,0,0,-0.32,-0.44,0.0,0.0,0.0,0.0,0.0,0,90,0,0.01,0,0,0,0,0,0,0
1781254530.463,0,0,0,0,0,-0.3,-0.42,0.0,0.0,0.0,0.0,0.0,0,90,0,0.01,0,0,0,0,0,0,0
1781254530.487,0,0,0,0,0,-0.31,-0.4,0.0,0.0,0.0,0.0,0.0,0,90,0,0.01,0,0,0,0,0,0,0
1781254530.511,0,0,0,0,0,-0.32,-0.4,0.0,0.0,0.0,0.0,0.0,0,90,0,0.01,0,0,0,0,0,0,0
1781254530.534,0,0,0,0,0,-0.33,-0.42,0.0,0.0,0.0,0.0,0.0,0,90,0,0.01,0,0,0,0,0,0,0
1781254530.557,0,0,0,0,0,-0.33,-0.41,0.0,0.0,0.0,0.0,0.0,0,90,0,0.01,0,0,0,0,0,0,0
1781254530.581,0,0,0,0,0,-0.34,-0.38,0.0,0.0,0.0,0.0,0.0,0,90,0,0.01,0,0,0,0,0,0,0
1781254530.604,0,0,0,0,0,-0.37,-0.36,0.0,0.0,0.0,0.0,0.0,0,90,0,0.01,0,0,0,0,0,0,0
1781254530.629,0,0,0,0,0,-0.38,-0.36,0.0,0.0,0.0,0.0,0.0,0,90,0,0.01,0,0,0,0,0,0,0
1781254530.651,0,0,0,0,0,-0.37,-0.37,0.0,0.0,0.0,0.0,0.0,0,90,0,0.01,0,0,0,0,0,0,0
1781254530.674,0,0,0,0,0,-0.34,-0.38,0.0,0.0,0.0,0.0,0.0,0,90,0,0.01,0,0,0,0,0,0,0
1781254530.699,0,0,0,0,0,-0.32,-0.39,0.0,0.0,0.0,0.0,0.0,0,90,0,0.01,0,0,0,0,0,0,0
1781254530.722,0,0,0,0,0,-0.3,-0.42,0.0,0.0,0.0,0.0,0.0,0,90,0,0.01,0,0,0,0,0,0,0
1781254530.747,0,0,0,0,0,-0.29,-0.46,0.0,0.0,0.0,0.0,0.0,0,90,0,0.01,0,0,0,0,0,0,0
1781254530.769,0,0,0,0,0,-0.3,-0.5,0.0,0.0,0.0,0.0,0.0,0,90,0,0.01,0,0,0,0,0,0,0
1781254530.792,0,0,0,0,0,-0.31,-0.51,0.0,0.0,0.0,0.0,0.0,0,90,0,0.01,0,0,0,0,0,0,0
1781254530.817,0,0,0,0,0,-0.32,-0.5,0.0,0.0,0.0,0.0,0.0,0,90,0,0.01,0,0,0,0,0,0,0
1781254530.84,0,0,0,0,0,-0.32,-0.49,0.0,0.0,0.0,0.0,0.0,0,90,0,0.01,0,0,0,0,0,0,0
1781254530.863,0,0,0,0,0,-0.31,-0.5,0.0,0.0,0.0,0.0,0.0,0,90,0,0.01,0,0,0,0,0,0,0
1781254530.887,0,0,0,0,0,-0.29,-0.52,0.0,0.0,0.0,0.0,0.0,0,90,0,0.01,0,0,0,0,0,0,0
1781254530.91,0,0,0,0,0,-0.27,-0.53,0.0,0.0,0.0,0.0,0.0,0,90,0,0.01,0,0,0,0,0,0,0
1781254530.933,0,0,0,0,0,-0.23,-0.52,0.0,0.0,0.0,0.0,0.0,0,90,0,0.01,0,0,0,0,0,0,0
1781254530.957,0,0,0,0,0,-0.21,-0.5,0.0,0.0,0.0,0.0,0.0,0,90,0,0.01,0,0,0,0,0,0,0
1781254530.981,0,0,0,0,0,-0.23,-0.48,0.0,0.0,0.0,0.0,0.0,0,90,0,0.01,0,0,0,0,0,0,0
1781254531.004,0,0,0,0,0,-0.27,-0.48,0.0,0.0,0.0,0.0,0.0,0,90,0,0.01,0,0,0,0,0,0,0
1781254531.027,0,0,0,0,0,-0.3,-0.48,0.0,0.0,0.0,0.0,0.0,0,90,0,0.01,0,0,0,0,0,0,0
1781254531.051,0,0,0,0,0,-0.29,-0.48,0.0,0.0,0.0,0.0,0.0,0,90,0,0.01,0,0,0,0,0,0,0
1781254531.074,0,0,0,0,0,-0.28,-0.48,0.0,0.0,0.0,0.0,0.0,0,90,0,0.01,0,0,0,0,0,0,0
1781254531.098,0,0,0,0,0,-0.28,-0.47,0.0,0.0,0.0,0.0,0.0,0,90,0,0.01,0,0,0,0,0,0,0
1781254531.12,0,0,0,0,0,-0.29,-0.49,0.0,0.0,0.0,0.0,0.0,0,90,0,0.01,0,0,0,0,0,0,0
1781254531.144,0,0,0,0,0,-0.3,-0.52,0.0,0.0,0.0,0.0,0.0,0,90,0,0.01,0,0,0,0,0,0,0
1781254531.168,0,0,0,0,0,-0.3,-0.54,0.0,0.0,0.0,0.0,0.0,0,90,0,0.01,0,0,0,0,0,0,0
1781254531.191,0,0,0,0,0,-0.3,-0.53,0.0,0.0,0.0,0.0,0.0,0,90,0,0.01,0,0,0,0,0,0,0
1781254531.217,0,0,0,0,0,-0.31,-0.52,0.0,0.0,0.0,0.0,0.0,0,90,0,0.01,0,0,0,0,0,0,0
1781254531.239,0,0,0,0,0,-0.33,-0.51,0.0,0.0,0.0,0.0,0.0,0,90,0,0.0,0,0,0,0,0,0,0
1781254531.262,0,0,0,0,0,-0.36,-0.52,0.0,0.0,0.0,0.0,0.0,0,90,0,0.0,0,0,0,0,0,0,0
1781254531.285,0,0,0,0,0,-0.38,-0.54,0.0,0.0,0.0,0.0,0.0,0,90,0,0.0,0,0,0,0,0,0,0
1781254531.309,0,0,0,0,0,-0.37,-0.54,0.0,0.0,0.0,0.0,0.0,0,90,0,0.0,0,0,0,0,0,0,0
1781254531.332,0,0,0,0,0,-0.34,-0.54,0.0,0.0,0.0,0.0,0.0,0,90,0,0.0,0,0,0,0,0,0,0
1781254531.355,0,0,0,0,0,-0.3,-0.54,0.0,0.0,0.0,0.0,0.0,0,90,0,0.0,0,0,0,0,0,0,0
1781254531.379,0,0,0,0,0,-0.27,-0.53,0.0,0.0,0.0,0.0,0.0,0,90,0,0.0,0,0,0,0,0,0,0
1781254531.403,0,0,0,0,0,-0.26,-0.52,0.0,0.0,0.0,0.0,0.0,0,90,0,0.0,0,0,0,0,0,0,0
1781254531.425,0,0,0,0,0,-0.28,-0.52,0.0,0.0,0.0,0.0,0.0,0,90,0,0.0,0,0,0,0,0,0,0
1781254531.45,0,0,0,0,0,-0.31,-0.53,0.0,0.0,0.0,0.0,0.0,0,90,0,0.0,0,0,0,0,0,0,0
1781254531.473,0,0,0,0,0,-0.33,-0.55,0.0,0.0,0.0,0.0,0.0,0,90,0,0.0,0,0,0,0,0,0,0
1781254531.497,0,0,0,0,0,-0.33,-0.56,0.0,0.0,0.0,0.0,0.0,0,90,0,0.0,0,0,0,0,0,0,0
1781254531.52,0,0,0,0,0,-0.3,-0.55,0.0,0.0,0.0,0.0,0.0,0,90,0,0.0,0,0,0,0,0,0,0
1781254531.543,0,0,0,0,0,-0.26,-0.54,0.0,0.0,0.0,0.0,0.0,0,90,0,0.0,0,0,0,0,0,0,0
1781254531.567,0,0,0,0,0,-0.24,-0.53,0.0,0.0,0.0,0.0,0.0,0,90,0,0.0,0,0,0,0,0,0,0
1781254531.591,0,0,0,0,0,-0.24,-0.54,0.0,0.0,0.0,0.0,0.0,0,90,0,0.0,0,0,0,0,0,0,0
1781254531.614,0,0,0,0,0,-0.23,-0.54,0.0,0.0,0.0,0.0,0.0,0,90,0,0.0,0,0,0,0,0,0,0
1781254531.638,0,0,0,0,0,-0.21,-0.54,0.0,0.0,0.0,0.0,0.0,0,90,0,0.0,0,0,0,0,0,0,0
1781254531.661,0,0,0,0,0,-0.2,-0.54,0.0,0.0,0.0,0.0,0.0,0,90,0,0.0,0,0,0,0,0,0,0
1781254531.685,0,0,0,0,0,-0.21,-0.54,0.0,0.0,0.0,0.0,0.0,0,90,0,0.0,0,0,0,0,0,0,0
1781254531.708,0,0,0,0,0,-0.23,-0.57,0.0,0.0,0.0,0.0,0.0,0,90,0,0.0,0,0,0,0,0,0,0
1781254531.732,0,0,0,0,0,-0.24,-0.6,0.0,0.0,0.0,0.0,0.0,0,90,0,0.0,0,0,0,0,0,0,0
1781254531.756,0,0,0,0,0,-0.22,-0.61,0.0,0.0,0.0,0.0,0.0,0,90,0,0.0,0,0,0,0,0,0,0
1781254531.778,0,0,0,0,0,-0.19,-0.57,0.0,0.0,0.0,0.0,0.0,0,90,0,0.0,0,0,0,0,0,0,0
1781254531.802,0,0,0,0,0,-0.17,-0.51,0.0,0.0,0.0,0.0,0.0,0,90,0,0.0,0,0,0,0,0,0,0
1781254531.826,0,0,0,0,0,-0.2,-0.47,0.0,0.0,0.0,0.0,0.0,0,90,0,0.0,0,0,0,0,0,0,0
1781254531.849,0,0,0,0,0,-0.24,-0.46,0.0,0.0,0.0,0.0,0.0,0,90,0,0.0,0,0,0,0,0,0,0
1781254531.872,0,0,0,0,0,-0.26,-0.48,0.0,0.0,0.0,0.0,0.0,0,90,0,0.0,0,0,0,0,0,0,0
1781254531.895,0,0,0,0,0,-0.25,-0.51,0.0,0.0,0.0,0.0,0.0,0,90,0,0.0,0,0,0,0,0,0,0
1781254531.92,0,0,0,0,0,-0.23,-0.52,0.0,0.0,0.0,0.0,0.0,0,90,0,0.0,0,0,0,0,0,0,0
1781254531.944,0,0,0,0,0,-0.22,-0.53,0.0,0.0,0.0,0.0,0.0,0,90,0,0.0,0,0,0,0,0,0,0
1781254531.967,0,0,0,0,0,-0.23,-0.54,0.0,0.0,0.0,0.0,0.0,0,90,0,0.0,0,0,0,0,0,0,0
1781254531.99,0,0,0,0,0,-0.25,-0.55,0.0,0.0,0.0,0.0,0.0,0,90,0,0.0,0,0,0,0,0,0,0
1781254532.013,0,0,0,0,0,-0.26,-0.53,0.0,0.0,0.0,0.0,0.0,0,90,0,0.0,0,0,0,0,0,0,0
1781254532.037,0,0,0,0,0,-0.26,-0.49,0.0,0.0,0.0,0.0,0.0,0,90,0,0.0,0,0,0,0,0,0,0
1781254532.06,0,0,0,0,0,-0.26,-0.46,0.0,0.0,0.0,0.0,0.0,0,90,0,0.0,0,0,0,0,0,0,0
1781254532.084,0,0,0,0,0,-0.28,-0.47,0.0,0.0,0.0,0.0,0.0,0,90,0,0.0,0,0,0,0,0,0,0
1781254532.107,0,0,0,0,0,-0.29,-0.51,0.0,0.0,0.0,0.0,0.0,0,90,0,0.0,0,0,0,0,0,0,0
1781254532.131,0,0,0,0,0,-0.27,-0.56,0.0,0.0,0.0,0.0,0.0,0,90,0,0.0,0,0,0,0,0,0,0
1781254532.154,0,0,0,0,0,-0.21,-0.59,0.0,0.0,0.0,0.0,0.0,0,90,0,0.0,0,0,0,0,0,0,0
1781254532.178,0,0,0,0,0,-0.15,-0.59,0.0,0.0,0.0,0.0,0.0,0,90,0,0.0,0,0,0,0,0,0,0
1781254532.201,0,0,0,0,0,-0.15,-0.55,0.0,0.0,0.0,0.0,0.0,0,90,0,0.0,0,0,0,0,0,0,0
1781254532.224,0,0,0,0,0,-0.2,-0.52,0.0,0.0,0.0,0.0,0.0,0,90,0,0.0,0,0,0,0,0,0,0
1781254532.248,0,0,0,0,0,-0.27,-0.52,0.0,0.0,0.0,0.0,0.0,0,90,0,0.0,0,0,0,0,0,0,0
1781254532.272,0,0,0,0,0,-0.3,-0.53,0.0,0.0,0.0,0.0,0.0,0,90,0,0.0,0,0,0,0,0,0,0
1781254532.296,0,0,0,0,0,-0.3,-0.53,0.0,0.0,0.0,0.0,0.0,0,90,0,0.0,0,0,0,0,0,0,0
1781254532.318,0,0,0,0,0,-0.28,-0.53,0.0,0.0,0.0,0.0,0.0,0,90,0,0.0,0,0,0,0,0,0,0
1781254532.342,0,0,0,0,0,-0.27,-0.54,0.0,0.0,0.0,0.0,0.0,0,90,0,0.0,0,0,0,0,0,0,0
1781254532.365,0,0,0,0,0,-0.27,-0.56,0.0,0.0,0.0,0.0,0.0,0,90,0,0.0,0,0,0,0,0,0,0
1781254532.389,0,0,0,0,0,-0.24,-0.59,0.0,0.0,0.0,0.0,0.0,0,90,0,0.0,0,0,0,0,0,0,0
1781254532.412,0,0,0,0,0,-0.21,-0.61,0.0,0.0,0.0,0.0,0.0,0,90,0,0.0,0,0,0,0,0,0,0
1781254532.435,0,0,0,0,0,-0.2,-0.61,0.0,0.0,0.0,0.0,0.0,0,90,0,0.0,0,0,0,0,0,0,0
1781254532.459,0,0,0,0,0,-0.21,-0.62,0.0,0.0,0.0,0.0,0.0,0,90,0,0.0,0,0,0,0,0,0,0
1781254532.482,0,0,0,0,0,-0.23,-0.63,0.0,0.0,0.0,0.0,0.0,0,90,0,0.0,0,0,0,0,0,0,0
1781254532.507,0,0,0,0,0,-0.25,-0.64,0.0,0.0,0.0,0.0,0.0,0,90,0,0.0,0,0,0,0,0,0,0
1781254532.53,0,0,0,0,0,-0.26,-0.64,0.0,0.0,0.0,0.0,0.0,0,90,0,0.0,0,0,0,0,0,0,0
1781254532.554,0,0,0,0,0,-0.24,-0.62,0.0,0.0,0.0,0.0,0.0,0,90,0,0.0,0,0,0,0,0,0,0
1781254532.577,0,0,0,0,0,-0.23,-0.6,0.0,0.0,0.0,0.0,0.0,0,90,0,0.0,0,0,0,0,0,0,0
1781254532.599,0,0,0,0,0,-0.24,-0.58,0.0,0.0,0.0,0.0,0.0,0,90,0,0.0,0,0,0,0,0,0,0
1781254532.624,0,0,0,0,0,-0.27,-0.56,0.0,0.0,0.0,0.0,0.0,0,90,0,0.0,0,0,0,0,0,0,0
1781254532.647,0,0,0,0,0,-0.3,-0.52,0.0,0.0,0.0,0.0,0.0,0,90,0,0.0,0,0,0,0,0,0,0
1781254532.67,0,0,0,0,0,-0.32,-0.5,0.0,0.0,0.0,0.0,0.0,0,90,0,0.0,0,0,0,0,0,0,0
1781254532.693,0,0,0,0,0,-0.32,-0.51,0.0,0.0,0.0,0.0,0.0,0,90,0,0.0,0,0,0,0,0,0,0
1781254532.718,0,0,0,0,0,-0.32,-0.54,0.0,0.0,0.0,0.0,0.0,0,90,0,0.0,0,0,0,0,0,0,0
1781254532.741,0,0,0,0,0,-0.3,-0.57,0.0,0.0,0.0,0.0,0.0,0,90,0,0.0,0,0,0,0,0,0,0
1781254532.765,0,0,0,0,0,-0.27,-0.59,0.0,0.0,0.0,0.0,0.0,0,90,0,0.0,0,0,0,0,0,0,0
1781254532.789,0,0,0,0,0,-0.25,-0.61,0.0,0.0,0.0,0.0,0.0,0,90,0,0.0,0,0,0,0,0,0,0
1781254532.812,0,0,0,0,0,-0.26,-0.63,0.0,0.0,0.0,0.0,0.0,0,90,0,0.0,0,0,0,0,0,0,0
1781254532.836,0,0,0,0,0,-0.26,-0.65,0.0,0.0,0.0,0.0,0.0,0,90,0,0.0,0,0,0,0,0,0,0
1781254532.859,0,0,0,0,0,-0.26,-0.66,0.0,0.0,0.0,0.0,0.0,0,90,0,0.0,0,0,0,0,0,0,0
1781254532.882,0,0,0,0,0,-0.24,-0.67,0.0,0.0,0.0,0.0,0.0,0,90,0,0.0,0,0,0,0,0,0,0
1781254532.905,0,0,0,0,0,-0.22,-0.68,0.0,0.0,0.0,0.0,0.0,0,90,0,0.0,0,0,0,0,0,0,0
1781254532.929,0,0,0,0,0,-0.18,-0.68,0.0,0.0,0.0,0.0,0.0,0,90,0,0.0,0,0,0,0,0,0,0
1781254532.954,0,0,0,0,0,-0.14,-0.67,0.0,0.0,0.0,0.0,0.0,0,90,0,0.0,0,0,0,0,0,0,0
1781254532.976,0,0,0,0,0,-0.11,-0.64,0.0,0.0,0.0,0.0,0.0,0,90,0,0.0,0,0,0,0,0,0,0
1781254532.999,0,0,0,0,0,-0.08,-0.6,0.0,0.0,0.0,0.0,0.0,0,90,0,0.0,0,0,0,0,0,0,0
1781254533.023,0,0,0,0,0,-0.06,-0.55,0.0,0.0,0.0,0.0,0.0,0,90,0,0.0,0,0,0,0,0,0,0
1781254533.047,0,0,0,0,0,-0.09,-0.5,0.0,0.0,0.0,0.0,0.0,0,90,0,0.0,0,0,0,0,0,0,0
1781254533.069,0,0,0,0,0,-0.15,-0.46,0.0,0.0,0.0,0.0,0.0,0,90,0,0.0,0,0,0,0,0,0,0
1781254533.093,0,0,0,0,0,-0.22,-0.46,0.0,0.0,0.0,0.0,0.0,0,90,0,0.0,0,0,0,0,0,0,0
1781254533.118,0,0,0,0,0,-0.25,-0.48,0.0,0.0,0.0,0.0,0.0,0,90,0,0.0,0,0,0,0,0,0,0
1781254533.141,0,0,0,0,0,-0.24,-0.5,0.0,0.0,0.0,0.0,0.0,0,90,0,0.0,0,0,0,0,0,0,0
1781254533.164,0,0,0,0,0,-0.23,-0.53,0.0,0.0,0.0,0.0,0.0,0,90,0,0.0,0,0,0,0,0,0,0
1781254533.187,0,0,0,0,0,-0.23,-0.58,0.0,0.0,0.0,0.0,0.0,0,90,0,0.0,0,0,0,0,0,0,0
1781254533.211,0,0,0,0,0,-0.24,-0.61,0.0,0.0,0.0,0.0,0.0,0,90,0,0.0,0,0,0,0,0,0,0
1781254533.234,0,0,0,0,0,-0.24,-0.61,0.0,0.0,0.0,0.0,0.0,0,90,0,0.0,0,0,0,0,0,0,0
1781254533.258,0,0,0,0,0,-0.22,-0.57,0.0,0.0,0.0,0.0,0.0,0,90,0,0.0,0,0,0,0,0,0,0
1781254533.281,0,0,0,0,0,-0.21,-0.54,0.0,0.0,0.0,0.0,0.0,0,90,0,0.0,0,0,0,0,0,0,0
1781254533.304,0,0,0,0,0,-0.22,-0.52,0.0,0.0,0.0,0.0,0.0,0,90,0,0.0,0,0,0,0,0,0,0
1781254533.328,0,0,0,0,0,-0.23,-0.51,0.0,0.0,0.0,0.0,0.0,0,90,0,0.0,0,0,0,0,0,0,0
1781254533.351,0,0,0,0,0,-0.24,-0.51,0.0,0.0,0.0,0.0,0.0,0,90,0,0.0,0,0,0,0,0,0,0
1781254533.375,0,0,0,0,0,-0.25,-0.51,0.0,0.0,0.0,0.0,0.0,0,90,0,0.0,0,0,0,0,0,0,0
1781254533.399,0,0,0,0,0,-0.26,-0.54,0.0,0.0,0.0,0.0,0.0,0,90,0,0.0,0,0,0,0,0,0,0
1781254533.422,0,0,0,0,0,-0.27,-0.58,0.0,0.0,0.0,0.0,0.0,0,90,0,0.0,0,0,0,0,0,0,0
1781254533.446,0,0,0,0,0,-0.25,-0.62,0.0,0.0,0.0,0.0,0.0,0,90,0,0.0,0,0,0,0,0,0,0
1781254533.468,0,0,0,0,0,-0.22,-0.66,0.0,0.0,0.0,0.0,0.0,0,90,0,0.0,0,0,0,0,0,0,0
1781254533.493,0,0,0,0,0,-0.19,-0.68,0.0,0.0,0.0,0.0,0.0,0,90,0,0.0,0,0,0,0,0,0,0
1781254533.517,0,0,0,0,0,-0.19,-0.67,0.0,0.0,0.0,0.0,0.0,0,90,0,0.0,0,0,0,0,0,0,0
1781254533.538,0,0,0,0,0,-0.26,-0.66,0.0,0.0,0.0,0.0,0.0,0,90,0,0.0,0,0,0,0,0,0,0
1781254533.564,0,0,0,0,0,-0.42,-0.62,0.0,0.0,0.0,0.0,0.0,0,90,0,0.0,0,0,0,0,0,0,0
1781254533.585,0,0,0,0,0,-0.57,-0.5,0.0,0.0,0.0,0.0,0.0,0,90,0,0.01,0,0,0,0,0,0,0
1781254533.609,0,0,0,0,0,-0.56,-0.31,0.0,0.0,0.0,0.0,0.0,0,90,0,0.01,0,0,0,0,0,0,0
1781254533.632,0,0,0,0,0,-0.33,-0.09,0.0,0.0,0.0,0.0,0.0,0,90,0,0.01,0,0,0,0,0,0,0
1781254533.656,0,0,0,0,0,0.12,0.12,0.0,0.0,0.0,0.0,0.0,0,90,0,0.02,0,0,0,0,0,0,0
1781254533.68,0,0,0,0,0,0.81,0.32,0.0,0.0,0.0,0.0,0.0,0,90,0,0.03,0,0,0,0,0,0,0
1781254533.703,0,0,0,0,0,1.76,0.5,0.0,0.0,0.0,0.0,0.0,0,90,0,0.11,0,0,0,0,0,0,0
1781254533.726,0,0,0,0,0,2.91,0.63,0.0,0.0,0.0,0.0,0.0,0,90,0,0.3,0,0,0,0,0,0,0
1781254533.749,0,0,0,0,0,4.15,0.74,0.0,0.0,0.0,0.0,0.0,0,90,0,0.65,0,0,0,0,0,0,0
1781254533.773,0,0,0,0,0,5.33,0.79,0.0,0.0,0.0,0.0,0.0,0,90,0,1.21,0,0,0,0,0,0,0
1781254533.798,0,0,0,0,0,6.33,0.79,0.0,0.0,0.0,0.0,0.0,0,90,0,1.97,0,0,0,0,0,0,0
1781254533.82,0,0,0,0,0,7.09,0.77,0.0,0.0,0.0,0.0,0.0,0,90,0,2.89,0,0,0,0,0,0,0
1781254533.844,0,0,0,0,0,7.61,0.74,0.0,0.0,0.0,0.0,0.0,0,90,0,3.91,0,0,0,0,0,0,0
1781254533.867,0,0,0,0,0,7.99,0.7,0.0,0.0,0.0,0.0,0.0,0,90,1,4.98,0,0,0,0,0,0,0
1781254533.89,0,0,0,0,0,8.39,0.66,0.0,0.0,0.0,0.0,0.0,0,90,1,6.11,0,0,0,0,0,0,0
1781254533.915,0,0,0,0,0,8.95,0.63,0.0,0.0,0.0,0.0,0.0,0,90,1,7.36,0,0,0,0,0,0,0
1781254533.936,0,0,0,0,0,9.72,0.62,0.0,0.0,0.0,0.0,0.0,0,90,1,8.79,0,0,0,0,0,0,0
1781254533.961,0,0,0,0,0,10.65,0.63,0.0,0.0,0.0,0.0,0.0,0,90,1,10.47,0,0,0,0,0,0,0
1781254533.984,0,0,0,0,0,11.67,0.64,0.0,0.0,0.0,0.0,0.0,0,90,1,12.43,0,0,0,0,0,0,0
1781254534.007,0,0,0,0,0,12.71,0.65,0.0,0.0,0.0,0.0,0.0,0,90,1,14.71,0,0,0,0,0,0,0
1781254534.033,0,0,0,0,0,13.79,0.66,0.0,0.0,0.0,0.0,0.0,0,90,1,17.33,0,0,0,0,0,0,0
1781254534.054,0,0,0,0,0,14.93,0.67,0.0,0.0,0.0,0.0,0.0,0,90,1,20.33,0,0,0,0,0,0,0
1781254534.078,0,0,0,0,0,16.17,0.68,0.0,0.0,0.0,0.0,0.0,0,90,1,23.78,0,0,0,0,0,0,0
1781254534.102,0,0,0,0,0,17.48,0.68,0.0,0.0,0.0,0.0,0.0,0,90,1,27.74,0,0,0,0,0,0,0
1781254534.124,0,0,0,0,0,18.83,0.73,0.0,0.0,0.0,0.0,0.0,0,90,1,32.24,0,0,0,0,0,0,0
1781254534.148,0,0,0,0,0,20.15,0.89,0.0,0.0,0.0,0.0,0.0,0,90,1,37.27,0,0,0,0,0,0,0
1781254534.171,0,0,0,0,0,21.44,1.11,0.0,0.0,0.0,0.0,0.0,0,90,1,42.83,0,0,0,0,0,0,0
1781254534.196,0,0,0,0,0,22.7,1.35,0.0,0.0,0.0,0.0,0.0,0,90,1,48.88,0,0,0,0,0,0,0
1781254534.219,0,0,0,0,0,23.89,1.57,0.0,0.0,0.0,0.0,0.0,0,90,1,55.36,0,0,0,0,0,0,0
1781254534.24,0,0,0,0,0,24.99,1.76,0.0,0.0,0.0,0.0,0.0,0,90,1,62.19,0,0,0,0,0,0,0
1781254534.265,0,0,0,0,0,26.02,1.93,0.0,0.0,0.0,0.0,0.0,0,90,1,69.29,0,0,0,0,0,0,0
1781254534.288,0,0,0,0,0,27.04,2.09,0.0,0.0,0.0,0.0,0.0,0,90,1,76.62,0,0,0,0,0,0,0
1781254534.313,0,0,0,0,0,28.11,2.22,0.0,0.0,0.0,0.0,0.0,0,90,1,84.23,0,0,0,0,0,0,0
1781254534.335,0,0,0,0,0,29.24,2.34,0.0,0.0,0.0,0.0,0.0,0,90,1,92.11,0,0,0,0,0,0,0
1781254534.359,0,0,0,0,0,30.37,2.48,0.0,0.0,0.0,0.0,0.0,0,90,1,100.26,0,0,0,0,0,0,0
1781254534.384,0,0,0,0,0,31.46,2.62,0.0,0.0,0.0,0.0,0.0,0,90,1,108.6,0,0,0,0,0,0,0
1781254534.406,0,0,0,0,0,32.49,2.75,0.0,0.0,0.0,0.0,0.0,0,90,1,117.03,0,0,0,0,0,0,0
1781254534.428,0,0,0,0,0,33.51,2.8,0.0,0.0,0.0,0.0,0.0,0,90,1,125.53,0,0,0,0,0,0,0
1781254534.452,0,0,0,0,0,34.55,2.76,0.0,0.0,0.0,0.0,0.0,0,90,1,134.07,0,0,0,0,0,0,0
1781254534.476,0,0,0,0,0,35.62,2.63,0.0,0.0,0.0,0.0,0.0,0,90,1,142.62,0,0,0,0,0,0,0
1781254534.5,0,0,0,0,0,36.63,2.42,0.0,0.0,0.0,0.0,0.0,0,90,1,151.08,0,0,0,0,0,0,0
1781254534.523,0,0,0,0,0,37.47,2.17,0.0,0.0,0.0,0.0,0.0,0,90,1,159.24,0,0,0,0,0,0,0
1781254534.547,0,0,0,0,0,38.08,1.9,0.0,0.0,0.0,0.0,0.0,0,90,1,166.82,0,0,0,0,0,0,0
1781254534.57,0,0,0,0,0,38.47,1.62,0.0,0.0,0.0,0.0,0.0,0,90,1,173.59,0,0,0,0,0,0,0
1781254534.593,0,0,0,0,0,38.71,1.34,0.0,0.0,0.0,0.0,0.0,0,90,1,179.37,0,0,0,0,0,0,0
1781254534.618,0,0,0,0,0,38.78,1.09,0.0,0.0,0.0,0.0,0.0,0,90,1,184.0,0,0,0,0,0,0,0
1781254534.64,0,0,0,0,0,38.67,0.9,0.0,0.0,0.0,0.0,0.0,0,90,1,187.34,0,0,0,0,0,0,0
1781254534.664,0,0,0,0,0,38.52,0.81,0.0,0.0,0.0,0.0,0.0,0,90,1,189.38,0,0,0,0,0,0,0
1781254534.688,0,0,0,0,0,38.4,0.84,0.0,0.0,0.0,0.0,0.0,0,90,1,190.12,0,0,0,0,0,0,0
1781254534.711,0,0,0,0,0,37.47,0.95,0.0,0.0,0.0,0.0,0.0,0,90,1,188.93,0,0,0,0,0,0,0
1781254534.738,0,0,0,0,0,34.58,1.07,0.0,0.0,0.0,0.0,0.0,0,90,1,184.68,0,0,0,0,0,0,0
1781254534.757,0,0,0,0,0,30.18,1.07,0.0,0.0,0.0,0.0,0.0,0,90,1,177.34,0,0,0,0,0,0,0
1781254534.782,0,0,0,0,0,25.5,0.97,0.0,0.0,0.0,0.0,0.0,0,90,1,168.09,0,0,0,0,0,0,0
1781254534.804,0,0,0,0,0,21.27,0.89,0.0,0.0,0.0,0.0,0.0,0,90,1,158.28,0,0,0,0,0,0,0
1781254534.829,0,0,0,0,0,17.72,0.64,0.0,0.0,0.0,0.0,0.0,0,90,1,148.93,0,0,0,0,0,0,0
1781254534.854,0,0,0,0,0,14.8,-0.17,0.0,0.0,0.0,0.0,0.0,0,90,1,140.7,0,0,0,0,0,0,0
1781254534.875,0,0,0,0,0,12.32,-1.47,0.0,0.0,0.0,0.0,0.0,0,90,1,134.05,0,0,0,0,0,0,0
1781254534.898,0,0,0,0,0,10.03,-2.9,0.0,0.0,0.0,0.0,0.0,0,90,1,129.36,0,0,0,0,0,0,0
1781254534.921,0,0,0,0,0,7.69,-4.24,0.0,0.0,0.0,0.0,0.0,0,90,1,126.93,0,0,0,0,0,0,0
1781254534.944,0,0,0,0,0,5.15,-5.4,0.0,0.0,0.0,0.0,0.0,0,90,1,127.05,0,0,0,0,0,0,0
1781254534.97,0,0,0,0,0,2.39,-6.39,0.0,0.0,0.0,0.0,0.0,0,90,1,130.0,0,0,0,0,0,0,0
1781254534.992,0,0,0,0,0,-0.53,-7.25,0.0,0.0,0.0,0.0,0.0,0,90,1,135.99,0,0,0,0,0,0,0
1781254535.015,0,0,0,0,0,-3.51,-7.98,0.0,0.0,0.0,0.0,0.0,0,90,1,145.19,0,0,0,0,0,0,0
1781254535.038,0,0,0,0,0,-6.46,-8.56,0.0,0.0,0.0,0.0,0.0,0,90,1,157.75,0,0,0,0,0,0,0
1781254535.063,0,0,0,0,0,-9.35,-8.93,0.0,0.0,0.0,0.0,0.0,0,90,1,173.82,0,0,0,0,0,0,0
1781254535.087,0,0,0,0,0,-12.12,-9.14,0.0,0.0,0.0,0.0,0.0,0,90,1,193.52,0,0,0,0,0,0,0
1781254535.109,0,0,0,0,0,-14.73,-9.33,0.0,0.0,0.0,0.0,0.0,0,90,1,216.81,0,0,0,0,0,0,0
1781254535.133,0,0,0,0,0,-17.11,-9.53,0.0,0.0,0.0,0.0,0.0,0,90,1,243.49,0,0,0,0,0,0,0
1781254535.157,0,0,0,0,0,-19.26,-9.59,0.0,0.0,0.0,0.0,0.0,0,90,1,273.2,0,0,0,0,0,0,0
1781254535.18,0,0,0,0,0,-21.23,-9.87,0.0,0.0,0.0,0.0,0.0,0,90,1,305.55,0,0,0,0,0,0,0
1781254535.206,0,0,0,0,0,-23.12,-10.91,0.0,0.0,0.0,0.0,0.0,0,90,1,340.28,0,0,0,0,0,0,0
1781254535.227,0,0,0,0,0,-25.04,-12.54,0.0,0.0,0.0,0.0,0.0,0,90,1,377.28,0,0,0,0,0,0,0
1781254535.252,0,0,0,0,0,-27.07,-14.29,0.0,0.0,0.0,0.0,0.0,0,90,1,416.56,0,0,0,0,0,0,0
1781254535.274,0,0,0,0,0,-29.3,-15.92,0.0,0.0,0.0,0.0,0.0,0,90,1,458.22,0,0,0,0,0,0,0
1781254535.3,0,0,0,0,0,-31.74,-17.35,0.0,0.0,0.0,0.0,0.0,0,90,1,502.38,0,0,0,0,0,0,0
1781254535.324,0,0,0,0,0,-34.35,-18.56,0.0,0.0,0.0,0.0,0.0,0,90,1,549.1,0,0,0,0,0,0,0
1781254535.348,0,0,0,0,0,-36.97,-19.54,0.0,0.0,0.0,0.0,0.0,0,90,1,598.08,0,0,0,0,0,0,0
1781254535.371,0,0,0,0,0,-39.39,-20.27,0.0,0.0,0.0,0.0,0.0,0,90,1,648.6,0,0,0,0,0,0,0
1781254535.395,0,0,0,0,0,-41.46,-20.78,0.0,0.0,0.0,0.0,0.0,0,90,1,699.6,0,0,0,0,0,0,0
1781254535.419,0,0,0,0,0,-43.16,-21.11,0.0,0.0,0.0,0.0,0.0,0,90,1,749.97,0,0,0,0,0,0,0
1781254535.442,0,0,0,0,0,-44.51,-21.3,0.0,0.0,0.0,0.0,0.0,0,90,1,798.62,0,0,0,0,0,0,0
1781254535.468,0,0,0,0,0,-45.55,-21.4,0.0,0.0,0.0,0.0,0.0,0,90,1,844.56,0,0,0,0,0,0,0
1781254535.491,0,0,0,0,0,-46.35,-21.44,0.0,0.0,0.0,0.0,0.0,0,90,1,886.9,0,0,0,0,0,0,0
1781254535.514,0,0,0,0,0,-46.99,-21.47,0.0,0.0,0.0,0.0,0.0,0,90,1,924.92,0,0,0,0,0,0,0
1781254535.538,0,0,0,0,0,-47.52,-21.49,0.0,0.0,0.0,0.0,0.0,0,90,1,958.02,0,0,0,0,0,0,0
1781254535.561,0,0,0,0,0,-47.96,-21.49,0.0,0.0,0.0,0.0,0.0,0,90,1,985.76,0,0,0,0,0,0,0
1781254535.587,0,0,0,0,0,-48.31,-21.48,0.0,0.0,0.0,0.0,0.0,0,90,1,1007.68,0,0,0,0,0,0,0
1781254535.609,0,0,0,0,0,-48.52,-21.45,0.0,0.0,0.0,0.0,0.0,0,90,1,1023.29,0,0,0,0,0,0,0
1781254535.633,0,0,0,0,0,-48.56,-21.43,0.0,0.0,0.0,0.0,0.0,0,90,1,1031.94,0,0,0,0,0,0,0
1781254535.657,0,0,0,0,0,-48.45,-21.4,0.0,0.0,0.0,0.0,0.0,0,90,1,1033.09,0,0,0,0,0,0,0
1781254535.683,0,0,0,0,0,-48.35,-21.34,0.0,0.0,0.0,0.0,0.0,0,90,1,1026.61,0,0,0,0,0,0,0
1781254535.704,0,0,0,0,0,-48.28,-21.02,0.0,0.0,0.0,0.0,0.0,0,90,1,1012.65,0,0,0,0,0,0,0
1781254535.728,0,0,0,0,0,-47.71,-20.19,0.0,0.0,0.0,0.0,0.0,0,90,1,990.78,0,0,0,0,0,0,0
1781254535.753,0,0,0,0,0,-46.05,-18.97,0.0,0.0,0.0,0.0,0.0,0,90,1,960.0,0,0,0,0,0,0,0
1781254535.776,0,0,0,0,0,-43.67,-17.63,0.0,0.0,0.0,0.0,0.0,0,90,1,920.18,0,0,0,0,0,0,0
1781254535.799,0,0,0,0,0,-41.31,-16.28,0.0,0.0,0.0,0.0,0.0,0,90,1,872.39,0,0,0,0,0,0,0
1781254535.824,0,0,0,0,0,-39.29,-14.9,0.0,0.0,0.0,0.0,0.0,0,90,1,817.96,0,0,0,0,0,0,0
1781254535.845,0,0,0,0,0,-37.65,-13.46,0.0,0.0,0.0,0.0,0.0,0,90,1,757.81,0,0,0,0,0,0,0
1781254535.87,0,0,0,0,0,-36.33,-11.92,0.0,0.0,0.0,0.0,0.0,0,90,1,692.48,0,0,0,0,0,0,0
1781254535.893,0,0,0,0,0,-35.18,-10.29,0.0,0.0,0.0,0.0,0.0,0,90,1,624.39,0,0,0,0,0,0,0
1781254535.917,0,0,0,0,0,-34.1,-8.64,0.0,0.0,0.0,0.0,0.0,0,90,1,558.61,0,0,0,0,0,0,0
1781254535.94,0,0,0,0,0,-33.02,-7.03,0.0,0.0,0.0,0.0,0.0,0,90,1,498.96,0,0,0,0,0,0,0
1781254535.964,0,0,0,0,0,-31.95,-5.49,0.0,0.0,0.0,0.0,0.0,0,90,1,446.09,0,0,0,0,0,0,0
1781254535.988,0,0,0,0,0,-30.87,-4.04,0.0,0.0,0.0,0.0,0.0,0,90,1,399.12,0,0,0,0,0,0,0
1781254536.011,0,0,0,0,0,-29.79,-2.67,0.0,0.0,0.0,0.0,0.0,0,90,1,356.77,0,0,0,0,0,0,0
1781254536.035,0,0,0,0,0,-28.68,-1.38,0.0,0.0,0.0,0.0,0.0,0,90,1,318.0,0,0,0,0,0,0,0
1781254536.057,0,0,0,0,0,-27.47,-0.11,0.0,0.0,0.0,0.0,0.0,0,90,1,282.21,0,0,0,0,0,0,0
1781254536.082,0,0,0,0,0,-26.05,1.17,0.0,0.0,0.0,0.0,0.0,0,90,1,249.29,0,0,0,0,0,0,0
1781254536.104,0,0,0,0,0,-24.34,2.5,0.0,0.0,0.0,0.0,0.0,0,90,1,219.59,0,0,0,0,0,0,0
1781254536.127,0,0,0,0,0,-22.32,3.88,0.0,0.0,0.0,0.0,0.0,0,90,1,193.75,0,0,0,0,0,0,0
1781254536.152,0,0,0,0,0,-20.0,5.23,0.0,0.0,0.0,0.0,0.0,0,90,1,172.45,0,0,0,0,0,0,0
1781254536.174,0,0,0,0,0,-17.48,6.5,0.0,0.0,0.0,0.0,0.0,0,90,1,156.19,0,0,0,0,0,0,0
1781254536.198,0,0,0,0,0,-14.86,7.64,0.0,0.0,0.0,0.0,0.0,0,90,1,145.24,0,0,0,0,0,0,0
1781254536.221,0,0,0,0,0,-12.29,8.64,0.0,0.0,0.0,0.0,0.0,0,90,1,139.63,0,0,0,0,0,0,0
1781254536.244,0,0,0,0,0,-9.86,9.55,0.0,0.0,0.0,0.0,0.0,0,90,1,139.15,0,0,0,0,0,0,0
1781254536.269,0,0,0,0,0,-7.59,10.43,0.0,0.0,0.0,0.0,0.0,0,90,1,143.44,0,0,0,0,0,0,0
1781254536.292,0,0,0,0,0,-5.47,11.31,0.0,0.0,0.0,0.0,0.0,0,90,1,152.04,0,0,0,0,0,0,0
1781254536.317,0,0,0,0,0,-3.46,12.17,0.0,0.0,0.0,0.0,0.0,0,90,1,164.5,0,0,0,0,0,0,0
1781254536.338,0,0,0,0,0,-1.54,13.03,0.0,0.0,0.0,0.0,0.0,0,90,1,180.37,0,0,0,0,0,0,0
1781254536.362,0,0,0,0,0,0.25,13.87,0.0,0.0,0.0,0.0,0.0,0,90,1,199.19,0,0,0,0,0,0,0
1781254536.387,0,0,0,0,0,1.84,14.68,0.0,0.0,0.0,0.0,0.0,0,90,1,220.45,0,0,0,0,0,0,0
1781254536.41,0,0,0,0,0,3.12,15.43,0.0,0.0,0.0,0.0,0.0,0,90,1,243.47,0,0,0,0,0,0,0
1781254536.434,0,0,0,0,0,3.99,16.08,0.0,0.0,0.0,0.0,0.0,0,90,1,267.4,0,0,0,0,0,0,0
1781254536.457,0,0,0,0,0,4.35,16.58,0.0,0.0,0.0,0.0,0.0,0,90,1,291.21,0,0,0,0,0,0,0
1781254536.482,0,0,0,0,0,4.17,16.89,0.0,0.0,0.0,0.0,0.0,0,90,1,313.73,0,0,0,0,0,0,0
1781254536.505,0,0,0,0,0,3.52,17.01,0.0,0.0,0.0,0.0,0.0,0,90,1,333.9,0,0,0,0,0,0,0
1781254536.528,0,0,0,0,0,2.62,16.98,0.0,0.0,0.0,0.0,0.0,0,90,1,350.97,0,0,0,0,0,0,0
1781254536.554,0,0,0,0,0,1.81,16.89,0.0,0.0,0.0,0.0,0.0,0,90,1,364.73,0,0,0,0,0,0,0
1781254536.571,0,0,0,0,0,1.33,16.81,0.0,0.0,0.0,0.0,0.0,0,90,1,375.41,0,0,0,0,0,0,0
1781254536.596,0,0,0,0,0,1.23,16.81,0.0,0.0,0.0,0.0,0.0,0,90,1,383.34,0,0,0,0,0,0,0
1781254536.62,0,0,0,0,0,1.37,16.87,0.0,0.0,0.0,0.0,0.0,0,90,1,388.77,0,0,0,0,0,0,0
1781254536.643,0,0,0,0,0,1.53,16.92,0.0,0.0,0.0,0.0,0.0,0,90,1,391.78,0,0,0,0,0,0,0
1781254536.664,0,0,0,0,0,1.6,16.91,0.0,0.0,0.0,0.0,0.0,0,90,1,392.31,0,0,0,0,0,0,0
1781254536.686,0,0,0,0,0,1.58,16.82,0.0,0.0,0.0,0.0,0.0,0,90,1,390.33,0,0,0,0,0,0,0
1781254536.71,0,0,0,0,0,1.55,16.7,0.0,0.0,0.0,0.0,0.0,0,90,1,385.86,0,0,0,0,0,0,0
1781254536.735,0,0,0,0,0,1.57,16.58,0.0,0.0,0.0,0.0,0.0,0,90,1,378.98,0,0,0,0,0,0,0
1781254536.757,0,0,0,0,0,1.65,16.48,0.0,0.0,0.0,0.0,0.0,0,90,1,369.79,0,0,0,0,0,0,0
1781254536.782,0,0,0,0,0,1.77,16.42,0.0,0.0,0.0,0.0,0.0,0,90,1,358.42,0,0,0,0,0,0,0
1781254536.804,0,0,0,0,0,1.89,16.39,0.0,0.0,0.0,0.0,0.0,0,90,1,345.06,0,0,0,0,0,0,0
1781254536.828,0,0,0,0,0,1.99,16.38,0.0,0.0,0.0,0.0,0.0,0,90,1,329.89,0,0,0,0,0,0,0
1781254536.853,0,0,0,0,0,2.09,16.4,0.0,0.0,0.0,0.0,0.0,0,90,1,312.88,0,0,0,0,0,0,0
1781254536.876,0,0,0,0,0,2.16,16.43,0.0,0.0,0.0,0.0,0.0,0,90,1,293.98,0,0,0,0,0,0,0
1781254536.9,0,0,0,0,0,2.23,16.47,0.0,0.0,0.0,0.0,0.0,0,90,1,273.9,0,0,0,0,0,0,0
1781254536.925,0,0,0,0,0,2.29,16.51,0.0,0.0,0.0,0.0,0.0,0,90,1,254.23,0,0,0,0,0,0,0
1781254536.947,0,0,0,0,0,2.35,16.54,0.0,0.0,0.0,0.0,0.0,0,90,1,236.01,0,0,0,0,0,0,0
1781254536.974,0,0,0,0,0,2.41,16.56,0.0,0.0,0.0,0.0,0.0,0,90,1,219.24,0,0,0,0,0,0,0
1781254536.995,0,0,0,0,0,2.47,16.58,0.0,0.0,0.0,0.0,0.0,0,90,1,203.54,0,0,0,0,0,0,0
1781254537.019,0,0,0,0,0,2.53,16.59,0.0,0.0,0.0,0.0,0.0,0,90,1,188.48,0,0,0,0,0,0,0
1781254537.043,0,0,0,0,0,2.56,16.61,0.0,0.0,0.0,0.0,0.0,0,90,1,173.73,0,0,0,0,0,0,0
1781254537.067,0,0,0,0,0,2.56,16.68,0.0,0.0,0.0,0.0,0.0,0,90,1,159.12,0,0,0,0,0,0,0
1781254537.086,0,0,0,0,0,2.51,16.78,0.0,0.0,0.0,0.0,0.0,0,90,1,144.62,0,0,0,0,0,0,0
1781254537.109,0,0,0,0,0,2.45,16.88,0.0,0.0,0.0,0.0,0.0,0,90,1,130.26,0,0,0,0,0,0,0
1781254537.133,0,0,0,0,0,2.39,16.99,0.0,0.0,0.0,0.0,0.0,0,90,1,116.11,0,0,0,0,0,0,0
1781254537.156,0,0,0,0,0,2.28,17.11,0.0,0.0,0.0,0.0,0.0,0,90,1,102.18,0,0,0,0,0,0,0
1781254537.181,0,0,0,0,0,2.12,17.25,0.0,0.0,0.0,0.0,0.0,0,90,1,88.54,0,0,0,0,0,0,0
1781254537.207,0,0,0,0,0,1.98,17.44,0.0,0.0,0.0,0.0,0.0,0,90,1,75.25,0,0,0,0,0,0,0
1781254537.228,0,0,0,0,0,1.87,17.68,0.0,0.0,0.0,0.0,0.0,0,90,1,62.48,0,0,0,0,0,0,0
1781254537.252,0,0,0,0,0,1.78,17.96,0.0,0.0,0.0,0.0,0.0,0,90,1,50.47,0,0,0,0,0,0,0
1781254537.275,0,0,0,0,0,1.71,18.27,0.0,0.0,0.0,0.0,0.0,0,90,1,39.52,0,0,0,0,0,0,0
1781254537.298,0,0,0,0,0,1.67,18.6,0.0,0.0,0.0,0.0,0.0,0,90,1,29.91,0,0,0,0,0,0,0
1781254537.324,0,0,0,0,0,1.61,18.92,0.0,0.0,0.0,0.0,0.0,0,90,1,21.83,0,0,0,0,0,0,0
1781254537.342,0,0,0,0,0,1.57,19.22,0.0,0.0,0.0,0.0,0.0,0,90,1,15.34,0,0,0,0,0,0,0
1781254537.365,0,0,0,0,0,1.57,19.5,0.0,0.0,0.0,0.0,0.0,0,90,1,10.38,0,0,0,0,0,0,0
1781254537.389,0,0,0,0,0,1.62,19.76,0.0,0.0,0.0,0.0,0.0,0,90,1,6.73,0,0,0,0,0,0,0
1781254537.413,0,0,0,0,0,1.69,20.0,0.0,0.0,0.0,0.0,0.0,0,90,1,4.17,0,0,0,0,0,0,0
1781254537.437,0,0,0,0,0,1.76,20.2,0.0,0.0,0.0,0.0,0.0,0,90,0,2.79,0,0,0,0,0,0,0
1781254537.46,0,0,0,0,0,1.82,20.33,0.0,0.0,0.0,0.0,0.0,0,90,0,2.41,0,0,0,0,0,0,0
1781254537.485,0,0,0,0,0,1.83,20.36,0.0,0.0,0.0,0.0,0.0,0,90,0,2.15,0,0,0,0,0,0,0
1781254537.508,0,0,0,0,0,1.81,20.3,0.0,0.0,0.0,0.0,0.0,0,90,0,2.0,0,0,0,0,0,0,0
1781254537.532,0,0,0,0,0,1.77,20.18,0.0,0.0,0.0,0.0,0.0,0,90,0,1.92,0,0,0,0,0,0,0
1781254537.558,0,0,0,0,0,1.72,20.03,0.0,0.0,0.0,0.0,0.0,0,90,0,1.9,0,0,0,0,0,0,0
1781254537.582,0,0,0,0,0,1.63,19.86,0.0,0.0,0.0,0.0,0.0,0,90,0,1.92,0,0,0,0,0,0,0
1781254537.599,0,0,0,0,0,1.56,19.67,0.0,0.0,0.0,0.0,0.0,0,90,0,1.95,0,0,0,0,0,0,0
1781254537.622,0,0,0,0,0,1.39,19.47,0.0,0.0,0.0,0.0,0.0,0,90,0,1.99,0,0,0,0,0,0,0
1781254537.647,0,0,0,0,0,0.9,19.25,0.0,0.0,0.0,0.0,0.0,0,90,0,2.02,0,0,0,0,0,0,0
1781254537.674,0,0,0,0,0,0.12,19.0,0.0,0.0,0.0,0.0,0.0,0,90,0,2.04,0,0,0,0,0,0,0
1781254537.694,0,0,0,0,0,-0.81,18.7,0.0,0.0,0.0,0.0,0.0,0,90,0,2.04,0,0,0,0,0,0,0
1781254537.718,0,0,0,0,0,-1.79,18.32,0.0,0.0,0.0,0.0,0.0,0,90,0,2.03,0,0,0,0,0,0,0
1781254537.743,0,0,0,0,0,-2.85,17.82,0.0,0.0,0.0,0.0,0.0,0,90,0,2.0,0,0,0,0,0,0,0
1781254537.761,0,0,0,0,0,-4.02,17.17,0.0,0.0,0.0,0.0,0.0,0,90,0,1.99,0,0,0,0,0,0,0
1781254537.785,0,0,0,0,0,-5.28,16.38,0.0,0.0,0.0,0.0,0.0,0,90,0,2.52,0,0,0,0,0,0,0
1781254537.808,0,0,0,0,0,-6.63,15.38,0.0,0.0,0.0,0.0,0.0,0,90,0,3.78,0,0,0,0,0,0,0
1781254537.832,0,0,0,0,0,-8.0,14.15,0.0,0.0,0.0,0.0,0.0,0,90,1,5.44,0,0,0,0,0,0,0
1781254537.855,0,0,0,0,0,-9.37,12.74,0.0,0.0,0.0,0.0,0.0,0,90,1,7.55,0,0,0,0,0,0,0
1781254537.878,0,0,0,0,0,-10.76,11.25,0.0,0.0,0.0,0.0,0.0,0,90,1,10.15,0,0,0,0,0,0,0
1781254537.905,0,0,0,0,0,-12.23,9.79,0.0,0.0,0.0,0.0,0.0,0,90,1,13.33,0,0,0,0,0,0,0
1781254537.925,0,0,0,0,0,-13.81,8.47,0.0,0.0,0.0,0.0,0.0,0,90,1,17.17,0,0,0,0,0,0,0
1781254537.95,0,0,0,0,0,-15.5,7.34,0.0,0.0,0.0,0.0,0.0,0,90,1,21.78,0,0,0,0,0,0,0
1781254537.972,0,0,0,0,0,-17.26,6.41,0.0,0.0,0.0,0.0,0.0,0,90,1,27.24,0,0,0,0,0,0,0
1781254537.997,0,0,0,0,0,-19.06,5.65,0.0,0.0,0.0,0.0,0.0,0,90,1,33.62,0,0,0,0,0,0,0
1781254538.024,0,0,0,0,0,-20.9,4.99,0.0,0.0,0.0,0.0,0.0,0,90,1,40.98,0,0,0,0,0,0,0
1781254538.043,0,0,0,0,0,-22.73,4.34,0.0,0.0,0.0,0.0,0.0,0,90,1,49.35,0,0,0,0,0,0,0
1781254538.067,0,0,0,0,0,-24.52,3.64,0.0,0.0,0.0,0.0,0.0,0,90,1,58.71,0,0,0,0,0,0,0
1781254538.09,0,0,0,0,0,-26.23,2.88,0.0,0.0,0.0,0.0,0.0,0,90,1,68.99,0,0,0,0,0,0,0
1781254538.113,0,0,0,0,0,-27.85,2.07,0.0,0.0,0.0,0.0,0.0,0,90,1,80.12,0,0,0,0,0,0,0
1781254538.14,0,0,0,0,0,-29.39,1.25,0.0,0.0,0.0,0.0,0.0,0,90,1,91.99,0,0,0,0,0,0,0
1781254538.161,0,0,0,0,0,-30.86,0.45,0.0,0.0,0.0,0.0,0.0,0,90,1,104.51,0,0,0,0,0,0,0
1781254538.184,0,0,0,0,0,-32.29,-0.29,0.0,0.0,0.0,0.0,0.0,0,90,1,117.59,0,0,0,0,0,0,0
1781254538.205,0,0,0,0,0,-33.69,-0.96,0.0,0.0,0.0,0.0,0.0,0,90,1,131.17,0,0,0,0,0,0,0
1781254538.23,0,0,0,0,0,-35.03,-1.54,0.0,0.0,0.0,0.0,0.0,0,90,1,145.15,0,0,0,0,0,0,0
1781254538.255,0,0,0,0,0,-36.24,-2.03,0.0,0.0,0.0,0.0,0.0,0,90,1,159.35,0,0,0,0,0,0,0
1781254538.277,0,0,0,0,0,-37.27,-2.42,0.0,0.0,0.0,0.0,0.0,0,90,1,173.52,0,0,0,0,0,0,0
1781254538.3,0,0,0,0,0,-38.06,-2.68,0.0,0.0,0.0,0.0,0.0,0,90,1,187.36,0,0,0,0,0,0,0
1781254538.323,0,0,0,0,0,-38.61,-2.81,0.0,0.0,0.0,0.0,0.0,0,90,1,200.55,0,0,0,0,0,0,0
1781254538.348,0,0,0,0,0,-38.96,-2.86,0.0,0.0,0.0,0.0,0.0,0,90,1,212.87,0,0,0,0,0,0,0
1781254538.371,0,0,0,0,0,-39.16,-2.85,0.0,0.0,0.0,0.0,0.0,0,90,1,224.14,0,0,0,0,0,0,0
1781254538.393,0,0,0,0,0,-39.28,-2.83,0.0,0.0,0.0,0.0,0.0,0,90,1,234.24,0,0,0,0,0,0,0
1781254538.417,0,0,0,0,0,-39.35,-2.83,0.0,0.0,0.0,0.0,0.0,0,90,1,243.11,0,0,0,0,0,0,0
1781254538.44,0,0,0,0,0,-39.37,-2.9,0.0,0.0,0.0,0.0,0.0,0,90,1,250.69,0,0,0,0,0,0,0
1781254538.465,0,0,0,0,0,-39.31,-2.99,0.0,0.0,0.0,0.0,0.0,0,90,1,256.91,0,0,0,0,0,0,0
1781254538.488,0,0,0,0,0,-39.2,-3.05,0.0,0.0,0.0,0.0,0.0,0,90,1,261.72,0,0,0,0,0,0,0
1781254538.51,0,0,0,0,0,-39.13,-3.04,0.0,0.0,0.0,0.0,0.0,0,90,1,265.16,0,0,0,0,0,0,0
1781254538.535,0,0,0,0,0,-39.09,-3.0,0.0,0.0,0.0,0.0,0.0,0,90,1,267.24,0,0,0,0,0,0,0
1781254538.557,0,0,0,0,0,-38.72,-2.92,0.0,0.0,0.0,0.0,0.0,0,90,1,267.66,0,0,0,0,0,0,0
1781254538.581,0,0,0,0,0,-37.56,-2.74,0.0,0.0,0.0,0.0,0.0,0,90,1,265.85,0,0,0,0,0,0,0
1781254538.604,0,0,0,0,0,-35.71,-2.43,0.0,0.0,0.0,0.0,0.0,0,90,1,261.54,0,0,0,0,0,0,0
1781254538.628,0,0,0,0,0,-33.62,-2.07,0.0,0.0,0.0,0.0,0.0,0,90,1,254.91,0,0,0,0,0,0,0
1781254538.652,0,0,0,0,0,-31.63,-1.72,0.0,0.0,0.0,0.0,0.0,0,90,1,246.38,0,0,0,0,0,0,0
1781254538.674,0,0,0,0,0,-30.01,-1.45,0.0,0.0,0.0,0.0,0.0,0,90,1,236.42,0,0,0,0,0,0,0
1781254538.697,0,0,0,0,0,-28.85,-1.31,0.0,0.0,0.0,0.0,0.0,0,90,1,225.39,0,0,0,0,0,0,0
1781254538.726,0,0,0,0,0,-28.16,-1.32,0.0,0.0,0.0,0.0,0.0,0,90,1,213.52,0,0,0,0,0,0,0
1781254538.744,0,0,0,0,0,-27.8,-1.4,0.0,0.0,0.0,0.0,0.0,0,90,1,200.98,0,0,0,0,0,0,0
1781254538.768,0,0,0,0,0,-27.61,-1.47,0.0,0.0,0.0,0.0,0.0,0,90,1,187.79,0,0,0,0,0,0,0
1781254538.79,0,0,0,0,0,-27.51,-1.48,0.0,0.0,0.0,0.0,0.0,0,90,1,174.08,0,0,0,0,0,0,0
1781254538.815,0,0,0,0,0,-27.52,-1.38,0.0,0.0,0.0,0.0,0.0,0,90,1,160.24,0,0,0,0,0,0,0
1781254538.842,0,0,0,0,0,-27.36,-1.25,0.0,0.0,0.0,0.0,0.0,0,90,1,146.59,0,0,0,0,0,0,0
1781254538.86,0,0,0,0,0,-26.59,-1.07,0.0,0.0,0.0,0.0,0.0,0,90,1,133.3,0,0,0,0,0,0,0
1781254538.884,0,0,0,0,0,-25.24,-0.67,0.0,0.0,0.0,0.0,0.0,0,90,1,120.59,0,0,0,0,0,0,0
1781254538.909,0,0,0,0,0,-23.6,-0.01,0.0,0.0,0.0,0.0,0.0,0,90,1,108.74,0,0,0,0,0,0,0
1781254538.931,0,0,0,0,0,-21.87,0.77,0.0,0.0,0.0,0.0,0.0,0,90,1,98.06,0,0,0,0,0,0,0
1781254538.957,0,0,0,0,0,-20.19,1.57,0.0,0.0,0.0,0.0,0.0,0,90,1,88.82,0,0,0,0,0,0,0
1781254538.978,0,0,0,0,0,-18.71,2.3,0.0,0.0,0.0,0.0,0.0,0,90,1,81.18,0,0,0,0,0,0,0
1781254539.003,0,0,0,0,0,-17.49,2.91,0.0,0.0,0.0,0.0,0.0,0,90,1,75.12,0,0,0,0,0,0,0
1781254539.025,0,0,0,0,0,-16.55,3.4,0.0,0.0,0.0,0.0,0.0,0,90,1,70.54,0,0,0,0,0,0,0
1781254539.049,0,0,0,0,0,-15.86,3.78,0.0,0.0,0.0,0.0,0.0,0,90,1,67.34,0,0,0,0,0,0,0
1781254539.073,0,0,0,0,0,-15.33,4.09,0.0,0.0,0.0,0.0,0.0,0,90,1,65.45,0,0,0,0,0,0,0
1781254539.095,0,0,0,0,0,-14.85,4.37,0.0,0.0,0.0,0.0,0.0,0,90,1,64.83,0,0,0,0,0,0,0
1781254539.12,0,0,0,0,0,-14.37,4.63,0.0,0.0,0.0,0.0,0.0,0,90,1,65.47,0,0,0,0,0,0,0
1781254539.142,0,0,0,0,0,-13.86,4.92,0.0,0.0,0.0,0.0,0.0,0,90,1,67.31,0,0,0,0,0,0,0
1781254539.167,0,0,0,0,0,-13.31,5.22,0.0,0.0,0.0,0.0,0.0,0,90,1,70.25,0,0,0,0,0,0,0
1781254539.19,0,0,0,0,0,-12.74,5.54,0.0,0.0,0.0,0.0,0.0,0,90,1,74.18,0,0,0,0,0,0,0
1781254539.213,0,0,0,0,0,-12.21,5.86,0.0,0.0,0.0,0.0,0.0,0,90,1,78.89,0,0,0,0,0,0,0
1781254539.237,0,0,0,0,0,-11.76,6.13,0.0,0.0,0.0,0.0,0.0,0,90,1,84.14,0,0,0,0,0,0,0
1781254539.26,0,0,0,0,0,-11.43,6.36,0.0,0.0,0.0,0.0,0.0,0,90,1,89.66,0,0,0,0,0,0,0
1781254539.284,0,0,0,0,0,-11.19,6.54,0.0,0.0,0.0,0.0,0.0,0,90,1,95.2,0,0,0,0,0,0,0
1781254539.307,0,0,0,0,0,-10.98,6.69,0.0,0.0,0.0,0.0,0.0,0,90,1,100.58,0,0,0,0,0,0,0
1781254539.33,0,0,0,0,0,-10.74,6.86,0.0,0.0,0.0,0.0,0.0,0,90,1,105.65,0,0,0,0,0,0,0
1781254539.354,0,0,0,0,0,-10.42,7.06,0.0,0.0,0.0,0.0,0.0,0,90,1,110.31,0,0,0,0,0,0,0
1781254539.377,0,0,0,0,0,-10.04,7.31,0.0,0.0,0.0,0.0,0.0,0,90,1,114.43,0,0,0,0,0,0,0
1781254539.4,0,0,0,0,0,-9.61,7.57,0.0,0.0,0.0,0.0,0.0,0,90,1,117.9,0,0,0,0,0,0,0
1781254539.423,0,0,0,0,0,-9.22,7.84,0.0,0.0,0.0,0.0,0.0,0,90,1,120.58,0,0,0,0,0,0,0
1781254539.447,0,0,0,0,0,-8.93,8.07,0.0,0.0,0.0,0.0,0.0,0,90,1,122.35,0,0,0,0,0,0,0
1781254539.472,0,0,0,0,0,-8.79,8.25,0.0,0.0,0.0,0.0,0.0,0,90,1,123.12,0,0,0,0,0,0,0
1781254539.494,0,0,0,0,0,-8.74,8.41,0.0,0.0,0.0,0.0,0.0,0,90,1,122.89,0,0,0,0,0,0,0
1781254539.518,0,0,0,0,0,-8.73,8.59,0.0,0.0,0.0,0.0,0.0,0,90,1,121.73,0,0,0,0,0,0,0
1781254539.542,0,0,0,0,0,-8.71,8.82,0.0,0.0,0.0,0.0,0.0,0,90,1,119.72,0,0,0,0,0,0,0
1781254539.565,0,0,0,0,0,-8.7,9.09,0.0,0.0,0.0,0.0,0.0,0,90,1,116.88,0,0,0,0,0,0,0
1781254539.588,0,0,0,0,0,-8.62,9.41,0.0,0.0,0.0,0.0,0.0,0,90,1,113.29,0,0,0,0,0,0,0
1781254539.612,0,0,0,0,0,-8.36,9.73,0.0,0.0,0.0,0.0,0.0,0,90,1,109.04,0,0,0,0,0,0,0
1781254539.634,0,0,0,0,0,-7.97,10.04,0.0,0.0,0.0,0.0,0.0,0,90,1,104.25,0,0,0,0,0,0,0
1781254539.66,0,0,0,0,0,-7.6,10.33,0.0,0.0,0.0,0.0,0.0,0,90,1,98.92,0,0,0,0,0,0,0
1781254539.682,0,0,0,0,0,-7.3,10.62,0.0,0.0,0.0,0.0,0.0,0,90,1,92.99,0,0,0,0,0,0,0
1781254539.704,0,0,0,0,0,-7.04,10.93,0.0,0.0,0.0,0.0,0.0,0,90,1,86.39,0,0,0,0,0,0,0
1781254539.728,0,0,0,0,0,-6.77,11.29,0.0,0.0,0.0,0.0,0.0,0,90,1,79.4,0,0,0,0,0,0,0
1781254539.751,0,0,0,0,0,-6.46,11.71,0.0,0.0,0.0,0.0,0.0,0,90,1,72.72,0,0,0,0,0,0,0
1781254539.777,0,0,0,0,0,-6.15,12.17,0.0,0.0,0.0,0.0,0.0,0,90,1,66.94,0,0,0,0,0,0,0
1781254539.799,0,0,0,0,0,-5.83,12.68,0.0,0.0,0.0,0.0,0.0,0,90,1,62.2,0,0,0,0,0,0,0
1781254539.821,0,0,0,0,0,-5.47,13.22,0.0,0.0,0.0,0.0,0.0,0,90,1,58.41,0,0,0,0,0,0,0
1781254539.846,0,0,0,0,0,-5.01,13.81,0.0,0.0,0.0,0.0,0.0,0,90,1,55.31,0,0,0,0,0,0,0
1781254539.87,0,0,0,0,0,-4.46,14.43,0.0,0.0,0.0,0.0,0.0,0,90,1,52.64,0,0,0,0,0,0,0
1781254539.894,0,0,0,0,0,-3.87,15.04,0.0,0.0,0.0,0.0,0.0,0,90,1,50.13,0,0,0,0,0,0,0
1781254539.918,0,0,0,0,0,-3.3,15.6,0.0,0.0,0.0,0.0,0.0,0,90,1,47.58,0,0,0,0,0,0,0
1781254539.941,0,0,0,0,0,-2.8,16.08,0.0,0.0,0.0,0.0,0.0,0,90,1,44.84,0,0,0,0,0,0,0
1781254539.965,0,0,0,0,0,-2.41,16.47,0.0,0.0,0.0,0.0,0.0,0,90,1,41.82,0,0,0,0,0,0,0
1781254539.99,0,0,0,0,0,-2.09,16.8,0.0,0.0,0.0,0.0,0.0,0,90,1,38.4,0,0,0,0,0,0,0
1781254540.013,0,0,0,0,0,-1.8,17.09,0.0,0.0,0.0,0.0,0.0,0,90,1,34.68,0,0,0,0,0,0,0
1781254540.036,0,0,0,0,0,-1.53,17.36,0.0,0.0,0.0,0.0,0.0,0,90,1,31.04,0,0,0,0,0,0,0
1781254540.06,0,0,0,0,0,-1.28,17.63,0.0,0.0,0.0,0.0,0.0,0,90,1,27.86,0,0,0,0,0,0,0
1781254540.085,0,0,0,0,0,-1.05,17.9,0.0,0.0,0.0,0.0,0.0,0,90,1,25.29,0,0,0,0,0,0,0
1781254540.109,0,0,0,0,0,-0.87,18.21,0.0,0.0,0.0,0.0,0.0,0,90,1,23.33,0,0,0,0,0,0,0
1781254540.133,0,0,0,0,0,-0.72,18.55,0.0,0.0,0.0,0.0,0.0,0,90,1,21.91,0,0,0,0,0,0,0
1781254540.156,0,0,0,0,0,-0.59,18.93,0.0,0.0,0.0,0.0,0.0,0,90,1,22.01,0,0,0,0,0,0,0
1781254540.18,0,0,0,0,0,-0.45,19.33,0.0,0.0,0.0,0.0,0.0,0,90,1,22.45,0,0,0,0,0,0,0
1781254540.205,0,0,0,0,0,-0.31,19.73,0.0,0.0,0.0,0.0,0.0,0,90,1,22.96,0,0,0,0,0,0,0
1781254540.228,0,0,0,0,0,-0.19,20.1,0.0,0.0,0.0,0.0,0.0,0,90,1,23.51,0,0,0,0,0,0,0
1781254540.252,0,0,0,0,0,-0.16,20.4,0.0,0.0,0.0,0.0,0.0,0,90,1,24.04,0,0,0,0,0,0,0
1781254540.275,0,0,0,0,0,-0.27,20.63,0.0,0.0,0.0,0.0,0.0,0,90,1,24.52,0,0,0,0,0,0,0
1781254540.299,0,0,0,0,0,-0.51,20.85,0.0,0.0,0.0,0.0,0.0,0,90,1,24.95,0,0,0,0,0,0,0
1781254540.323,0,0,0,0,0,-0.82,21.08,0.0,0.0,0.0,0.0,0.0,0,90,1,25.33,0,0,0,0,0,0,0
1781254540.347,0,0,0,0,0,-1.08,21.35,0.0,0.0,0.0,0.0,0.0,0,90,1,25.69,0,0,0,0,0,0,0
1781254540.367,0,0,0,0,0,-1.24,21.66,0.0,0.0,0.0,0.0,0.0,0,90,1,26.04,0,0,0,0,0,0,0
1781254540.39,0,0,0,0,0,-1.29,21.99,0.0,0.0,0.0,0.0,0.0,0,90,1,26.4,0,0,0,0,0,0,0
1781254540.414,0,0,0,0,0,-1.28,22.37,0.0,0.0,0.0,0.0,0.0,0,90,1,26.76,0,0,0,0,0,0,0
1781254540.437,0,0,0,0,0,-1.25,22.81,0.0,0.0,0.0,0.0,0.0,0,90,1,27.13,0,0,0,0,0,0,0
1781254540.455,0,0,0,0,0,-1.22,23.33,0.0,0.0,0.0,0.0,0.0,0,90,1,27.51,0,0,0,0,0,0,0
1781254540.479,0,0,0,0,0,-1.2,23.92,0.0,0.0,0.0,0.0,0.0,0,90,1,27.93,0,0,0,0,0,0,0
1781254540.504,0,0,0,0,0,-1.18,24.61,0.0,0.0,0.0,0.0,0.0,0,90,1,28.42,0,0,0,0,0,0,0
1781254540.528,0,0,0,0,0,-1.17,25.44,0.0,0.0,0.0,0.0,0.0,0,90,1,29.04,0,0,0,0,0,0,0
1781254540.552,0,0,0,0,0,-1.16,26.46,0.0,0.0,0.0,0.0,0.0,0,90,1,29.88,0,0,0,0,0,0,0
1781254540.574,0,0,0,0,0,-1.16,27.62,0.0,0.0,0.0,0.0,0.0,0,90,1,31.02,0,0,0,0,0,0,0
1781254540.599,0,0,0,0,0,-1.15,28.87,0.0,0.0,0.0,0.0,0.0,0,90,1,32.51,0,0,0,0,0,0,0
1781254540.623,0,0,0,0,0,-0.79,30.17,0.0,0.0,0.0,0.0,0.0,0,90,1,34.37,0,0,0,0,0,0,0
1781254540.646,0,0,0,0,0,0.32,31.59,0.0,0.0,0.0,0.0,0.0,0,90,1,36.66,0,0,0,0,0,0,0
1781254540.67,0,0,0,0,0,1.96,33.15,0.0,0.0,0.0,0.0,0.0,0,90,1,39.46,0,0,0,0,0,0,0
1781254540.693,0,0,0,0,0,3.59,34.9,0.0,0.0,0.0,0.0,0.0,0,90,1,42.92,0,0,0,0,0,0,0
1781254540.717,0,0,0,0,0,4.9,36.88,0.0,0.0,0.0,0.0,0.0,0,90,1,47.23,0,0,0,0,0,0,0
1781254540.741,0,0,0,0,0,5.81,39.12,0.0,0.0,0.0,0.0,0.0,0,90,1,52.66,0,0,0,0,0,0,0
1781254540.765,0,0,0,0,0,6.41,41.58,0.0,0.0,0.0,0.0,0.0,0,90,1,59.47,0,0,0,0,0,0,0
1781254540.79,0,0,0,0,0,6.92,44.17,0.0,0.0,0.0,0.0,0.0,0,90,1,67.83,0,0,0,0,0,0,0
1781254540.813,0,0,0,0,0,7.49,46.78,0.0,0.0,0.0,0.0,0.0,0,90,1,77.86,0,0,0,0,0,0,0
1781254540.838,0,0,0,0,0,8.09,49.4,0.0,0.0,0.0,0.0,0.0,0,90,1,89.61,0,0,0,0,0,0,0
1781254540.86,0,0,0,0,0,8.62,52.0,0.0,0.0,0.0,0.0,0.0,0,90,1,103.12,0,0,0,0,0,0,0
1781254540.885,0,0,0,0,0,8.98,54.61,0.0,0.0,0.0,0.0,0.0,0,90,1,118.44,0,0,0,0,0,0,0
1781254540.908,0,0,0,0,0,9.18,57.2,0.0,0.0,0.0,0.0,0.0,0,90,1,135.61,0,0,0,0,0,0,0
1781254540.931,0,0,0,0,0,9.24,59.76,0.0,0.0,0.0,0.0,0.0,0,90,1,154.63,0,0,0,0,0,0,0
1781254540.959,0,0,0,0,0,9.23,62.21,0.0,0.0,0.0,0.0,0.0,0,90,1,175.4,0,0,0,0,0,0,0
1781254540.98,0,0,0,0,0,9.19,64.49,0.0,0.0,0.0,0.0,0.0,0,90,1,197.67,0,0,0,0,0,0,0
1781254540.997,0,0,0,0,0,9.12,66.5,0.0,0.0,0.0,0.0,0.0,0,90,1,221.06,0,0,0,0,0,0,0
1781254541.023,0,0,0,0,0,8.82,68.26,0.0,0.0,0.0,0.0,0.0,0,90,1,245.18,0,0,0,0,0,0,0
1781254541.045,0,0,0,0,0,8.07,69.89,0.0,0.0,0.0,0.0,0.0,0,90,1,269.8,0,0,0,0,0,0,0
1781254541.071,0,0,0,0,0,7.07,71.54,0.0,0.0,0.0,0.0,0.0,0,90,1,294.91,0,0,0,0,0,0,0
1781254541.093,0,0,0,0,0,6.18,73.25,0.0,0.0,0.0,0.0,0.0,0,90,1,320.51,0,0,0,0,0,0,0
1781254541.118,0,0,0,0,0,5.56,74.94,0.0,0.0,0.0,0.0,0.0,0,90,1,346.46,0,0,0,0,0,0,0
1781254541.141,0,0,0,0,0,5.21,76.53,0.0,0.0,0.0,0.0,0.0,0,90,1,372.46,0,0,0,0,0,0,0
1781254541.164,0,0,0,0,0,5.07,78.0,0.0,0.0,0.0,0.0,0.0,0,90,1,398.18,0,0,0,0,0,0,0
1781254541.191,0,0,0,0,0,5.05,79.4,0.0,0.0,0.0,0.0,0.0,0,90,1,423.4,0,0,0,0,0,0,0
1781254541.213,0,0,0,0,0,4.71,80.87,0.0,0.0,0.0,0.0,0.0,0,90,1,448.11,0,0,0,0,0,0,0
1781254541.237,0,0,0,0,0,3.77,82.5,0.0,0.0,0.0,0.0,0.0,0,90,1,472.5,0,0,0,0,0,0,0
1781254541.26,0,0,0,0,0,3.06,84.34,0.0,0.0,0.0,0.0,0.0,0,90,1,496.79,0,0,0,0,0,0,0
1781254541.284,0,0,0,0,0,3.1,86.31,0.0,0.0,0.0,0.0,0.0,0,90,1,521.13,0,0,0,0,0,0,0
1781254541.309,0,0,0,0,0,3.81,88.3,0.0,0.0,0.0,0.0,0.0,0,90,1,545.45,0,0,0,0,0,0,0
1781254541.332,0,0,0,0,0,5.64,90.14,0.0,0.0,0.0,0.0,0.0,0,90,1,569.44,0,0,0,0,0,0,0
1781254541.35,0,0,0,0,0,8.29,91.72,0.0,0.0,0.0,0.0,0.0,0,90,1,592.53,0,0,0,0,0,0,0
1781254541.374,0,0,0,0,0,10.9,92.96,0.0,0.0,0.0,0.0,0.0,0,90,1,614.03,0,0,0,0,0,0,0
1781254541.399,0,0,0,0,0,12.85,93.88,0.0,0.0,0.0,0.0,0.0,0,90,1,633.25,0,0,0,0,0,0,0
1781254541.423,0,0,0,0,0,13.82,94.53,0.0,0.0,0.0,0.0,0.0,0,90,1,649.59,0,0,0,0,0,0,0
1781254541.445,0,0,0,0,0,14.25,94.97,0.0,0.0,0.0,0.0,0.0,0,90,1,662.56,0,0,0,0,0,0,0
1781254541.47,0,0,0,0,0,15.1,95.23,0.0,0.0,0.0,0.0,0.0,0,90,1,671.82,0,0,0,0,0,0,0
1781254541.494,0,0,0,0,0,22.86,95.3,0.0,0.0,0.0,0.0,0.0,0,90,1,677.09,0,0,0,0,0,0,0
1781254541.519,0,0,0,0,0,45.08,95.22,0.0,0.0,0.0,0.0,0.0,0,90,1,678.25,0,0,0,0,0,0,0
1781254541.545,0,0,0,0,0,77.12,95.02,0.0,0.0,0.0,0.0,0.0,0,90,1,675.22,0,0,0,0,0,0,0
1781254541.565,0,0,0,0,0,108.93,94.71,0.0,0.0,0.0,0.0,0.0,0,90,1,668.01,0,0,0,0,0,0,0
1781254541.59,0,0,0,0,0,135.04,94.34,0.0,0.0,0.0,0.0,0.0,0,90,1,656.72,0,0,0,0,0,0,0
1781254541.609,0,0,0,0,0,153.74,93.94,0.0,0.0,0.0,0.0,0.0,0,90,1,1038.98,0,0,0,0,0,0,0
1781254541.632,0,0,0,0,0,165.73,93.55,0.0,0.0,0.0,0.0,0.0,0,90,1,1471.22,0,0,0,0,0,0,0
1781254541.652,0,0,0,0,0,172.61,93.2,0.0,0.0,0.0,0.0,0.0,0,90,1,1921.53,0,0,0,0,0,0,0
1781254541.675,0,0,0,0,0,175.89,92.89,0.0,0.0,0.0,0.0,0.0,0,90,1,2367.07,0,0,0,0,0,0,0
1781254541.7,0,0,0,0,0,176.8,92.59,0.0,0.0,0.0,0.0,0.0,0,90,1,2792.91,0,0,0,0,0,0,0
1781254541.724,0,0,0,0,0,176.52,92.24,0.0,0.0,0.0,0.0,0.0,0,90,1,3191.79,0,0,0,0,0,0,0
1781254541.748,0,0,0,0,0,175.94,91.81,0.0,0.0,0.0,0.0,0.0,0,90,1,3562.2,0,0,0,0,0,0,0
1781254541.767,0,0,0,0,0,175.52,91.28,0.0,0.0,0.0,0.0,0.0,0,90,1,3905.28,0,0,0,0,0,0,0
1781254541.791,0,0,0,0,0,175.38,90.65,0.0,0.0,0.0,0.0,0.0,0,90,1,4223.28,0,0,0,0,0,0,0
1781254541.814,0,0,0,0,0,175.57,89.88,0.0,0.0,0.0,0.0,0.0,0,90,1,4519.55,0,0,0,0,0,0,0
1781254541.839,0,0,0,0,0,176.14,88.94,0.0,0.0,0.0,0.0,0.0,0,90,1,4797.32,0,0,0,0,0,0,0
1781254541.862,0,0,0,0,0,176.92,87.91,0.0,0.0,0.0,0.0,0.0,0,90,1,5058.05,0,0,0,0,0,0,0
1781254541.887,0,0,0,0,0,177.72,86.9,0.0,0.0,0.0,0.0,0.0,0,90,1,5301.35,0,0,0,0,0,0,0
1781254541.91,0,0,0,0,0,178.39,85.98,0.0,0.0,0.0,0.0,0.0,0,90,1,5525.89,0,0,0,0,0,0,0
1781254541.935,0,0,0,0,0,178.85,85.17,0.0,0.0,0.0,0.0,0.0,0,90,1,5730.14,0,0,0,0,0,0,0
1781254541.957,0,0,0,0,0,179.05,84.45,0.0,0.0,0.0,0.0,0.0,0,90,1,5912.74,0,0,0,0,0,0,0
1781254541.982,0,0,0,0,0,179.03,83.84,0.0,0.0,0.0,0.0,0.0,0,90,1,6073.01,0,0,0,0,0,0,0
1781254542.008,0,0,0,0,0,178.92,83.35,0.0,0.0,0.0,0.0,0.0,0,90,1,6210.89,0,0,0,0,0,0,0
1781254542.031,0,0,0,0,0,178.66,82.98,0.0,0.0,0.0,0.0,0.0,0,90,1,6325.88,0,0,0,0,0,0,0
1781254542.055,0,0,0,0,0,177.71,82.56,0.0,0.0,0.0,0.0,0.0,0,90,1,6415.13,0,0,0,0,0,0,0
1781254542.073,0,0,0,0,0,171.79,82.12,0.0,0.0,0.0,0.0,0.0,0,90,1,6460.97,0,0,0,0,0,0,0
1781254542.097,0,0,0,0,0,156.74,81.94,0.0,0.0,0.0,0.0,0.0,0,90,1,6440.05,0,0,0,0,0,0,0
1781254542.121,0,0,0,0,0,137.07,81.4,0.0,0.0,0.0,0.0,0.0,0,90,1,6357.51,0,0,0,0,0,0,0
1781254542.144,0,0,0,0,0,119.75,79.56,0.0,0.0,0.0,0.0,0.0,0,90,1,6237.2,0,0,0,0,0,0,0
1781254542.168,0,0,0,0,0,107.44,76.82,0.0,0.0,0.0,0.0,0.0,0,90,1,6097.65,0,0,0,0,0,0,0
1781254542.193,0,0,0,0,0,100.22,74.25,0.0,0.0,0.0,0.0,0.0,0,90,1,5947.24,0,0,0,0,0,0,0
1781254542.216,0,0,0,0,0,96.89,72.36,0.0,0.0,0.0,0.0,0.0,0,90,1,5787.43,0,0,0,0,0,0,0
1781254542.241,0,0,0,0,0,95.93,71.27,0.0,0.0,0.0,0.0,0.0,0,90,1,5617.76,0,0,0,0,0,0,0
1781254542.264,0,0,0,0,0,96.14,70.85,0.0,0.0,0.0,0.0,0.0,0,90,1,5438.34,0,0,0,0,0,0,0
1781254542.284,0,0,0,0,0,96.83,70.91,0.0,0.0,0.0,0.0,0.0,0,90,1,5249.8,0,0,0,0,0,0,0
1781254542.308,0,0,0,0,0,97.77,71.19,0.0,0.0,0.0,0.0,0.0,0,90,1,5052.87,0,0,0,0,0,0,0
1781254542.33,0,0,0,0,0,98.71,71.43,0.0,0.0,0.0,0.0,0.0,0,90,1,4848.17,0,0,0,0,0,0,0
1781254542.357,0,0,0,0,0,99.28,71.61,0.0,0.0,0.0,0.0,0.0,0,90,1,4636.14,0,0,0,0,0,0,0
1781254542.378,0,0,0,0,0,99.55,72.3,0.0,0.0,0.0,0.0,0.0,0,90,1,4415.44,0,0,0,0,0,0,0
1781254542.402,0,0,0,0,0,100.85,74.05,0.0,0.0,0.0,0.0,0.0,0,90,1,4182.76,0,0,0,0,0,0,0
1781254542.425,0,0,0,0,0,104.43,76.37,0.0,0.0,0.0,0.0,0.0,0,90,1,3937.59,0,0,0,0,0,0,0
1781254542.452,0,0,0,0,0,109.34,78.44,0.0,0.0,0.0,0.0,0.0,0,90,1,3682.34,0,0,0,0,0,0,0
1781254542.477,0,0,0,0,0,114.62,80.09,0.0,0.0,0.0,0.0,0.0,0,90,1,3419.76,0,0,0,0,0,0,0
1781254542.498,0,0,0,0,0,119.23,81.22,0.0,0.0,0.0,0.0,0.0,0,90,1,3155.02,0,0,0,0,0,0,0
1781254542.522,0,0,0,0,0,121.5,81.8,0.0,0.0,0.0,0.0,0.0,0,90,1,2892.03,0,0,0,0,0,0,0
1781254542.547,0,0,0,0,0,121.77,81.88,0.0,0.0,0.0,0.0,0.0,0,90,1,2630.92,0,0,0,0,0,0,0
1781254542.572,0,0,0,0,0,121.36,81.1,0.0,0.0,0.0,0.0,0.0,0,90,1,2369.21,0,0,0,0,0,0,0
1781254542.591,0,0,0,0,0,120.78,79.49,0.0,0.0,0.0,0.0,0.0,0,90,1,2102.83,0,0,0,0,0,0,0
1781254542.614,0,0,0,0,0,100.28,77.79,0.0,0.0,0.0,0.0,0.0,0,90,1,1847.39,0,0,0,0,0,0,0
1781254542.637,0,0,0,0,0,36.99,76.58,0.0,0.0,0.0,0.0,0.0,0,90,1,1754.09,0,0,0,0,0,0,0
1781254542.66,0,0,0,0,0,-47.06,75.99,0.0,0.0,0.0,0.0,0.0,0,90,1,2157.4,0,0,0,0,0,0,0
1781254542.686,0,0,0,0,0,-117.07,75.82,0.0,0.0,0.0,0.0,0.0,0,90,1,3232.55,0,0,0,0,0,0,0
1781254542.705,0,0,0,0,0,-162.28,75.82,0.0,0.0,0.0,0.0,0.0,0,90,1,4844.54,0,0,0,0,0,0,0
1781254542.727,0,0,0,0,0,-184.88,75.81,0.0,0.0,0.0,0.0,0.0,0,90,1,6706.01,0,0,0,0,0,0,0
1781254542.752,0,0,0,0,0,-191.77,75.69,0.0,0.0,0.0,0.0,0.0,0,90,1,8569.87,0,0,0,0,0,0,0
1781254542.776,0,0,0,0,0,-190.0,75.43,0.0,0.0,0.0,0.0,0.0,0,90,1,10297.39,0,0,0,0,0,0,0
1781254542.799,0,0,0,0,0,-184.75,75.01,0.0,0.0,0.0,0.0,0.0,0,90,1,11840.56,0,0,0,0,0,0,0
1781254542.825,0,0,0,0,0,-179.07,74.44,0.0,0.0,0.0,0.0,0.0,0,90,1,13201.94,0,0,0,0,0,0,0
1781254542.847,0,0,0,0,0,-174.39,73.76,0.0,0.0,0.0,0.0,0.0,0,90,1,14403.72,0,0,0,0,0,0,0
1781254542.871,0,0,0,0,0,-170.97,73.0,0.0,0.0,0.0,0.0,0.0,0,90,1,15469.73,0,0,0,0,0,0,0
1781254542.891,0,0,0,0,0,-168.56,72.11,0.0,0.0,0.0,0.0,0.0,0,90,1,16417.11,0,0,0,0,0,0,0
1781254542.913,0,0,0,0,0,-166.71,71.05,0.0,0.0,0.0,0.0,0.0,0,90,1,17254.81,0,0,0,0,0,0,0
1781254542.939,0,0,0,0,0,-165.03,69.76,0.0,0.0,0.0,0.0,0.0,0,90,1,17985.77,0,0,0,0,0,0,0
1781254542.961,0,0,0,0,0,-163.35,68.28,0.0,0.0,0.0,0.0,0.0,0,90,1,18610.37,0,0,0,0,0,0,0
1781254542.986,0,0,0,0,0,-161.71,66.73,0.0,0.0,0.0,0.0,0.0,0,90,1,19128.73,0,0,0,0,0,0,0
1781254543.01,0,0,0,0,0,-160.28,65.31,0.0,0.0,0.0,0.0,0.0,0,90,1,19541.71,0,0,0,0,0,0,0
1781254543.033,0,0,0,0,0,-159.17,64.15,0.0,0.0,0.0,0.0,0.0,0,90,1,19851.09,0,0,0,0,0,0,0
1781254543.058,0,0,0,0,0,-158.28,63.2,0.0,0.0,0.0,0.0,0.0,0,90,1,20058.72,0,0,0,0,0,0,0
1781254543.083,0,0,0,0,0,-157.35,62.3,0.0,0.0,0.0,0.0,0.0,0,90,1,20165.28,0,0,0,0,0,0,0
1781254543.099,0,0,0,0,0,-156.13,61.33,0.0,0.0,0.0,0.0,0.0,0,90,1,20170.47,0,0,0,0,0,0,0
1781254543.123,0,0,0,0,0,-154.48,60.29,0.0,0.0,0.0,0.0,0.0,0,90,1,20074.12,0,0,0,0,0,0,0
1781254543.148,0,0,0,0,0,-152.4,59.19,0.0,0.0,0.0,0.0,0.0,0,90,1,19876.52,0,0,0,0,0,0,0
1781254543.172,0,0,0,0,0,-150.08,58.1,0.0,0.0,0.0,0.0,0.0,0,90,1,19578.93,0,0,0,0,0,0,0
1781254543.195,0,0,0,0,0,-147.87,57.07,0.0,0.0,0.0,0.0,0.0,0,90,1,19185.23,0,0,0,0,0,0,0
1781254543.22,0,0,0,0,0,-146.09,56.18,0.0,0.0,0.0,0.0,0.0,0,90,1,18705.23,0,0,0,0,0,0,0
1781254543.244,0,0,0,0,0,-144.9,55.54,0.0,0.0,0.0,0.0,0.0,0,90,1,18184.61,0,0,0,0,0,0,0
1781254543.267,0,0,0,0,0,-144.33,55.29,0.0,0.0,0.0,0.0,0.0,0,90,1,17702.43,0,0,0,0,0,0,0
1781254543.292,0,0,0,0,0,-144.32,55.48,0.0,0.0,0.0,0.0,0.0,0,90,1,17296.84,0,0,0,0,0,0,0
1781254543.309,0,0,0,0,0,-144.71,55.92,0.0,0.0,0.0,0.0,0.0,0,90,1,16951.58,0,0,0,0,0,0,0
1781254543.333,0,0,0,0,0,-145.33,56.49,0.0,0.0,0.0,0.0,0.0,0,90,1,16634.65,0,0,0,0,0,0,0
1781254543.358,0,0,0,0,0,-145.98,57.51,0.0,0.0,0.0,0.0,0.0,0,90,1,16315.6,0,0,0,0,0,0,0
1781254543.381,0,0,0,0,0,-146.5,58.88,0.0,0.0,0.0,0.0,0.0,0,90,1,15971.28,0,0,0,0,0,0,0
1781254543.406,0,0,0,0,0,-146.8,60.11,0.0,0.0,0.0,0.0,0.0,0,90,1,15586.81,0,0,0,0,0,0,0
1781254543.43,0,0,0,0,0,-146.9,60.97,0.0,0.0,0.0,0.0,0.0,0,90,1,15154.09,0,0,0,0,0,0,0
1781254543.454,0,0,0,0,0,-146.91,61.45,0.0,0.0,0.0,0.0,0.0,0,90,1,14669.29,0,0,0,0,0,0,0
1781254543.477,0,0,0,0,0,-146.93,61.7,0.0,0.0,0.0,0.0,0.0,0,90,1,14130.3,0,0,0,0,0,0,0
1781254543.501,0,0,0,0,0,-146.97,61.83,0.0,0.0,0.0,0.0,0.0,0,90,1,13536.53,0,0,0,0,0,0,0
1781254543.528,0,0,0,0,0,-147.02,61.9,0.0,0.0,0.0,0.0,0.0,0,90,1,12890.24,0,0,0,0,0,0,0
1781254543.549,0,0,0,0,0,-147.09,61.96,0.0,0.0,0.0,0.0,0.0,0,90,1,12193.44,0,0,0,0,0,0,0
1781254543.573,0,0,0,0,0,-147.17,62.03,0.0,0.0,0.0,0.0,0.0,0,90,1,11437.6,0,0,0,0,0,0,0
1781254543.597,0,0,0,0,0,-147.26,62.11,0.0,0.0,0.0,0.0,0.0,0,90,1,10602.75,0,0,0,0,0,0,0
1781254543.615,0,0,0,0,0,-147.37,62.22,0.0,0.0,0.0,0.0,0.0,0,90,1,9674.33,0,0,0,0,0,0,0
1781254543.639,0,0,0,0,0,-147.48,62.33,0.0,0.0,0.0,0.0,0.0,0,90,1,8645.0,0,0,0,0,0,0,0
1781254543.663,0,0,0,0,0,-147.57,62.45,0.0,0.0,0.0,0.0,0.0,0,90,1,7516.61,0,0,0,0,0,0,0
1781254543.687,0,0,0,0,0,-147.59,62.68,0.0,0.0,0.0,0.0,0.0,0,90,1,6308.77,0,0,0,0,0,0,0
1781254543.71,0,0,0,0,0,-147.54,62.98,0.0,0.0,0.0,0.0,0.0,0,90,1,5040.17,0,0,0,0,0,0,0
1781254543.733,0,0,0,0,0,-147.45,63.23,0.0,0.0,0.0,0.0,0.0,0,90,1,3717.79,0,0,0,0,0,0,0
1781254543.757,0,0,0,0,0,-147.32,63.39,0.0,0.0,0.0,0.0,0.0,0,90,1,2343.76,0,0,0,0,0,0,0
1781254543.778,0,0,0,0,0,-147.2,63.47,0.0,0.0,0.0,0.0,0.0,0,90,1,1125.24,0,0,0,0,0,0,0
1781254543.801,0,0,0,0,0,-147.16,63.5,0.0,0.0,0.0,0.0,0.0,0,90,1,419.67,0,0,0,0,0,0,0
1781254543.824,0,0,0,0,0,-147.17,63.5,0.0,0.0,0.0,0.0,0.0,0,90,1,193.04,0,0,0,0,0,0,0
1781254543.849,0,0,0,0,0,-147.2,63.48,0.0,0.0,0.0,0.0,0.0,0,90,1,165.46,0,0,0,0,0,0,0
1781254543.866,0,0,0,0,0,-147.24,63.45,0.0,0.0,0.0,0.0,0.0,0,90,1,165.71,0,0,0,0,0,0,0
1781254543.891,0,0,0,0,0,-147.27,63.39,0.0,0.0,0.0,0.0,0.0,0,90,1,148.51,0,0,0,0,0,0,0
1781254543.914,0,0,0,0,0,-147.28,63.31,0.0,0.0,0.0,0.0,0.0,0,90,1,120.56,0,0,0,0,0,0,0
1781254543.938,0,0,0,0,0,-147.28,63.22,0.0,0.0,0.0,0.0,0.0,0,90,1,93.73,0,0,0,0,0,0,0
1781254543.963,0,0,0,0,0,-147.27,63.13,0.0,0.0,0.0,0.0,0.0,0,90,1,72.94,0,0,0,0,0,0,0
1781254543.987,0,0,0,0,0,-147.25,63.05,0.0,0.0,0.0,0.0,0.0,0,90,1,58.03,0,0,0,0,0,0,0
1781254544.01,0,0,0,0,0,-147.18,62.99,0.0,0.0,0.0,0.0,0.0,0,90,1,47.24,0,0,0,0,0,0,0
1781254544.029,0,0,0,0,0,-147.09,62.95,0.0,0.0,0.0,0.0,0.0,0,90,1,38.94,0,0,0,0,0,0,0
1781254544.053,0,0,0,0,0,-147.01,62.94,0.0,0.0,0.0,0.0,0.0,0,90,1,32.14,0,0,0,0,0,0,0
1781254544.077,0,0,0,0,0,-146.95,62.95,0.0,0.0,0.0,0.0,0.0,0,90,1,26.34,0,0,0,0,0,0,0
1781254544.101,0,0,0,0,0,-146.93,62.96,0.0,0.0,0.0,0.0,0.0,0,90,1,21.36,0,0,0,0,0,0,0
1781254544.125,0,0,0,0,0,-146.92,62.99,0.0,0.0,0.0,0.0,0.0,0,90,1,17.17,0,0,0,0,0,0,0
1781254544.147,0,0,0,0,0,-146.91,63.08,0.0,0.0,0.0,0.0,0.0,0,90,1,13.69,0,0,0,0,0,0,0
1781254544.171,0,0,0,0,0,-146.91,63.21,0.0,0.0,0.0,0.0,0.0,0,90,1,10.79,0,0,0,0,0,0,0
1781254544.197,0,0,0,0,0,-146.88,63.32,0.0,0.0,0.0,0.0,0.0,0,90,1,8.27,0,0,0,0,0,0,0
1781254544.219,0,0,0,0,0,-146.76,63.39,0.0,0.0,0.0,0.0,0.0,0,90,1,6.61,0,0,0,0,0,0,0
1781254544.242,0,0,0,0,0,-146.6,63.43,0.0,0.0,0.0,0.0,0.0,0,90,1,6.67,0,0,0,0,0,0,0
1781254544.267,0,0,0,0,0,-146.48,63.44,0.0,0.0,0.0,0.0,0.0,0,90,1,6.76,0,0,0,0,0,0,0
1781254544.285,0,0,0,0,0,-146.42,63.44,0.0,0.0,0.0,0.0,0.0,0,90,1,6.81,0,0,0,0,0,0,0
1781254544.31,0,0,0,0,0,-146.41,63.45,0.0,0.0,0.0,0.0,0.0,0,90,1,6.78,0,0,0,0,0,0,0
1781254544.333,0,0,0,0,0,-146.43,63.49,0.0,0.0,0.0,0.0,0.0,0,90,1,6.6,0,0,0,0,0,0,0
1781254544.358,0,0,0,0,0,-146.46,63.55,0.0,0.0,0.0,0.0,0.0,0,90,1,6.23,0,0,0,0,0,0,0
1781254544.381,0,0,0,0,0,-146.48,63.6,0.0,0.0,0.0,0.0,0.0,0,90,1,5.65,0,0,0,0,0,0,0
1781254544.405,0,0,0,0,0,-146.49,63.64,0.0,0.0,0.0,0.0,0.0,0,90,1,4.86,0,0,0,0,0,0,0
1781254544.428,0,0,0,0,0,-146.49,63.68,0.0,0.0,0.0,0.0,0.0,0,90,0,3.95,0,0,0,0,0,0,0
1781254544.453,0,0,0,0,0,-146.5,63.71,0.0,0.0,0.0,0.0,0.0,0,90,0,3.04,0,0,0,0,0,0,0
1781254544.477,0,0,0,0,0,-146.53,63.76,0.0,0.0,0.0,0.0,0.0,0,90,0,2.2,0,0,0,0,0,0,0
1781254544.501,0,0,0,0,0,-146.55,63.79,0.0,0.0,0.0,0.0,0.0,0,90,0,1.47,0,0,0,0,0,0,0
1781254544.524,0,0,0,0,0,-146.54,63.8,0.0,0.0,0.0,0.0,0.0,0,90,0,0.93,0,0,0,0,0,0,0
1781254544.548,0,0,0,0,0,-146.51,63.79,0.0,0.0,0.0,0.0,0.0,0,90,0,0.62,0,0,0,0,0,0,0
1781254544.573,0,0,0,0,0,-146.46,63.77,0.0,0.0,0.0,0.0,0.0,0,90,0,0.46,0,0,0,0,0,0,0
1781254544.597,0,0,0,0,0,-146.43,63.75,0.0,0.0,0.0,0.0,0.0,0,90,0,0.38,0,0,0,0,0,0,0
1781254544.619,0,0,0,0,0,-146.41,63.75,0.0,0.0,0.0,0.0,0.0,0,90,0,0.34,0,0,0,0,0,0,0
1781254544.644,0,0,0,0,0,-146.39,63.76,0.0,0.0,0.0,0.0,0.0,0,90,0,0.3,0,0,0,0,0,0,0
1781254544.667,0,0,0,0,0,-146.37,63.78,0.0,0.0,0.0,0.0,0.0,0,90,0,0.27,0,0,0,0,0,0,0
1781254544.692,0,0,0,0,0,-146.36,63.8,0.0,0.0,0.0,0.0,0.0,0,90,0,0.24,0,0,0,0,0,0,0
1781254544.714,0,0,0,0,0,-146.35,63.81,0.0,0.0,0.0,0.0,0.0,0,90,0,0.21,0,0,0,0,0,0,0
1781254544.739,0,0,0,0,0,-146.36,63.81,0.0,0.0,0.0,0.0,0.0,0,90,0,0.18,0,0,0,0,0,0,0
1781254544.758,0,0,0,0,0,-146.39,63.81,0.0,0.0,0.0,0.0,0.0,0,90,0,0.16,0,0,0,0,0,0,0
1781254544.78,0,0,0,0,0,-146.42,63.82,0.0,0.0,0.0,0.0,0.0,0,90,0,0.16,0,0,0,0,0,0,0
1781254544.806,0,0,0,0,0,-146.49,63.89,0.0,0.0,0.0,0.0,0.0,0,90,0,0.16,0,0,0,0,0,0,0
1781254544.829,0,0,0,0,0,-146.58,64.11,0.0,0.0,0.0,0.0,0.0,0,90,0,0.15,0,0,0,0,0,0,0
1781254544.849,0,0,0,0,0,-146.65,64.41,0.0,0.0,0.0,0.0,0.0,0,90,0,0.13,0,0,0,0,0,0,0
1781254544.871,0,0,0,0,0,-146.65,64.68,0.0,0.0,0.0,0.0,0.0,0,90,0,0.13,0,0,0,0,0,0,0
1781254544.895,0,0,0,0,0,-146.58,64.85,0.0,0.0,0.0,0.0,0.0,0,90,0,0.16,0,0,0,0,0,0,0
1781254544.92,0,0,0,0,0,-146.44,64.91,0.0,0.0,0.0,0.0,0.0,0,90,0,0.2,0,0,0,0,0,0,0
1781254544.944,0,0,0,0,0,-146.26,64.88,0.0,0.0,0.0,0.0,0.0,0,90,0,0.23,0,0,0,0,0,0,0
1781254544.967,0,0,0,0,0,-146.09,64.81,0.0,0.0,0.0,0.0,0.0,0,90,0,0.26,0,0,0,0,0,0,0
1781254544.991,0,0,0,0,0,-145.99,64.75,0.0,0.0,0.0,0.0,0.0,0,90,0,0.28,0,0,0,0,0,0,0
1781254545.01,0,0,0,0,0,-145.99,64.73,0.0,0.0,0.0,0.0,0.0,0,90,0,0.3,0,0,0,0,0,0,0
1781254545.037,0,0,0,0,0,-146.06,64.74,0.0,0.0,0.0,0.0,0.0,0,90,0,0.32,0,0,0,0,0,0,0
1781254545.058,0,0,0,0,0,-146.17,64.76,0.0,0.0,0.0,0.0,0.0,0,90,0,0.34,0,0,0,0,0,0,0
1781254545.082,0,0,0,0,0,-146.29,64.77,0.0,0.0,0.0,0.0,0.0,0,90,0,0.36,0,0,0,0,0,0,0
1781254545.105,0,0,0,0,0,-146.39,64.77,0.0,0.0,0.0,0.0,0.0,0,90,0,0.37,0,0,0,0,0,0,0
1781254545.13,0,0,0,0,0,-146.46,64.75,0.0,0.0,0.0,0.0,0.0,0,90,0,0.38,0,0,0,0,0,0,0
1781254545.154,0,0,0,0,0,-146.49,64.73,0.0,0.0,0.0,0.0,0.0,0,90,0,0.38,0,0,0,0,0,0,0
1781254545.178,0,0,0,0,0,-146.5,64.72,0.0,0.0,0.0,0.0,0.0,0,90,0,0.38,0,0,0,0,0,0,0
1781254545.201,0,0,0,0,0,-146.49,64.73,0.0,0.0,0.0,0.0,0.0,0,90,0,0.37,0,0,0,0,0,0,0
1781254545.225,0,0,0,0,0,-146.48,64.77,0.0,0.0,0.0,0.0,0.0,0,90,0,0.36,0,0,0,0,0,0,0
1781254545.248,0,0,0,0,0,-146.46,64.82,0.0,0.0,0.0,0.0,0.0,0,90,0,0.35,0,0,0,0,0,0,0
1781254545.273,0,0,0,0,0,-146.45,64.86,0.0,0.0,0.0,0.0,0.0,0,90,0,0.34,0,0,0,0,0,0,0
1781254545.295,0,0,0,0,0,-146.44,64.88,0.0,0.0,0.0,0.0,0.0,0,90,0,0.33,0,0,0,0,0,0,0
1781254545.319,0,0,0,0,0,-146.42,64.89,0.0,0.0,0.0,0.0,0.0,0,90,0,0.32,0,0,0,0,0,0,0
1781254545.344,0,0,0,0,0,-146.41,64.89,0.0,0.0,0.0,0.0,0.0,0,90,0,0.32,0,0,0,0,0,0,0
1781254545.367,0,0,0,0,0,-146.43,64.91,0.0,0.0,0.0,0.0,0.0,0,90,0,0.31,0,0,0,0,0,0,0
1781254545.392,0,0,0,0,0,-146.47,64.96,0.0,0.0,0.0,0.0,0.0,0,90,0,0.31,0,0,0,0,0,0,0
1781254545.415,0,0,0,0,0,-146.52,65.02,0.0,0.0,0.0,0.0,0.0,0,90,0,0.31,0,0,0,0,0,0,0
1781254545.44,0,0,0,0,0,-146.55,65.08,0.0,0.0,0.0,0.0,0.0,0,90,0,0.31,0,0,0,0,0,0,0
1781254545.463,0,0,0,0,0,-146.58,65.13,0.0,0.0,0.0,0.0,0.0,0,90,0,0.31,0,0,0,0,0,0,0
1781254545.482,0,0,0,0,0,-146.6,65.17,0.0,0.0,0.0,0.0,0.0,0,90,0,0.31,0,0,0,0,0,0,0
1781254545.506,0,0,0,0,0,-146.61,65.2,0.0,0.0,0.0,0.0,0.0,0,90,0,0.3,0,0,0,0,0,0,0
1781254545.53,0,0,0,0,0,-146.59,65.22,0.0,0.0,0.0,0.0,0.0,0,90,0,0.3,0,0,0,0,0,0,0
1781254545.553,0,0,0,0,0,-146.56,65.22,0.0,0.0,0.0,0.0,0.0,0,90,0,0.3,0,0,0,0,0,0,0
1781254545.571,0,0,0,0,0,-146.52,65.19,0.0,0.0,0.0,0.0,0.0,0,90,0,0.3,0,0,0,0,0,0,0
1781254545.596,0,0,0,0,0,-146.48,65.16,0.0,0.0,0.0,0.0,0.0,0,90,0,0.29,0,0,0,0,0,0,0
1781254545.62,0,0,0,0,0,-146.41,65.12,0.0,0.0,0.0,0.0,0.0,0,90,0,0.28,0,0,0,0,0,0,0
1781254545.644,0,0,0,0,0,-146.35,65.09,0.0,0.0,0.0,0.0,0.0,0,90,0,0.28,0,0,0,0,0,0,0
1781254545.662,0,0,0,0,0,-146.3,65.08,0.0,0.0,0.0,0.0,0.0,0,90,0,0.27,0,0,0,0,0,0,0
1781254545.686,0,0,0,0,0,-146.26,65.08,0.0,0.0,0.0,0.0,0.0,0,90,0,0.26,0,0,0,0,0,0,0
1781254545.71,0,0,0,0,0,-146.24,65.07,0.0,0.0,0.0,0.0,0.0,0,90,0,0.25,0,0,0,0,0,0,0
1781254545.734,0,0,0,0,0,-146.21,65.07,0.0,0.0,0.0,0.0,0.0,0,90,0,0.24,0,0,0,0,0,0,0
1781254545.758,0,0,0,0,0,-146.2,65.06,0.0,0.0,0.0,0.0,0.0,0,90,0,0.22,0,0,0,0,0,0,0
1781254545.781,0,0,0,0,0,-146.17,65.06,0.0,0.0,0.0,0.0,0.0,0,90,0,0.2,0,0,0,0,0,0,0
1781254545.804,0,0,0,0,0,-146.13,65.05,0.0,0.0,0.0,0.0,0.0,0,90,0,0.19,0,0,0,0,0,0,0
1781254545.828,0,0,0,0,0,-146.1,65.03,0.0,0.0,0.0,0.0,0.0,0,90,0,0.17,0,0,0,0,0,0,0
1781254545.854,0,0,0,0,0,-146.08,65.01,0.0,0.0,0.0,0.0,0.0,0,90,0,0.15,0,0,0,0,0,0,0
1781254545.877,0,0,0,0,0,-146.07,65.0,0.0,0.0,0.0,0.0,0.0,0,90,0,0.13,0,0,0,0,0,0,0
1781254545.901,0,0,0,0,0,-146.08,64.99,0.0,0.0,0.0,0.0,0.0,0,90,0,0.11,0,0,0,0,0,0,0
1781254545.924,0,0,0,0,0,-146.09,64.99,0.0,0.0,0.0,0.0,0.0,0,90,0,0.09,0,0,0,0,0,0,0
1781254545.947,0,0,0,0,0,-146.09,64.98,0.0,0.0,0.0,0.0,0.0,0,90,0,0.06,0,0,0,0,0,0,0
1781254545.972,0,0,0,0,0,-146.09,64.98,0.0,0.0,0.0,0.0,0.0,0,90,0,0.04,0,0,0,0,0,0,0
1781254545.995,0,0,0,0,0,-146.08,64.95,0.0,0.0,0.0,0.0,0.0,0,90,0,0.04,0,0,0,0,0,0,0
1781254546.02,0,0,0,0,0,-146.07,64.92,0.0,0.0,0.0,0.0,0.0,0,90,0,0.04,0,0,0,0,0,0,0
1781254546.044,0,0,0,0,0,-146.07,64.89,0.0,0.0,0.0,0.0,0.0,0,90,0,0.04,0,0,0,0,0,0,0
1781254546.067,0,0,0,0,0,-146.06,64.88,0.0,0.0,0.0,0.0,0.0,0,90,0,0.04,0,0,0,0,0,0,0
1781254546.092,0,0,0,0,0,-146.07,64.88,0.0,0.0,0.0,0.0,0.0,0,90,0,0.04,0,0,0,0,0,0,0
1781254546.114,0,0,0,0,0,-146.08,64.9,0.0,0.0,0.0,0.0,0.0,0,90,0,0.04,0,0,0,0,0,0,0
1781254546.139,0,0,0,0,0,-146.1,64.91,0.0,0.0,0.0,0.0,0.0,0,90,0,0.04,0,0,0,0,0,0,0
1781254546.163,0,0,0,0,0,-146.1,64.93,0.0,0.0,0.0,0.0,0.0,0,90,0,0.04,0,0,0,0,0,0,0
1781254546.187,0,0,0,0,0,-146.1,64.95,0.0,0.0,0.0,0.0,0.0,0,90,0,0.04,0,0,0,0,0,0,0
1781254546.212,0,0,0,0,0,-146.11,64.97,0.0,0.0,0.0,0.0,0.0,0,90,0,0.04,0,0,0,0,0,0,0
1781254546.234,0,0,0,0,0,-146.13,64.98,0.0,0.0,0.0,0.0,0.0,0,90,0,0.04,0,0,0,0,0,0,0
1781254546.259,0,0,0,0,0,-146.15,64.99,0.0,0.0,0.0,0.0,0.0,0,90,0,0.04,0,0,0,0,0,0,0
1781254546.283,0,0,0,0,0,-146.18,65.02,0.0,0.0,0.0,0.0,0.0,0,90,0,0.04,0,0,0,0,0,0,0
1781254546.305,0,0,0,0,0,-146.21,65.05,0.0,0.0,0.0,0.0,0.0,0,90,0,0.04,0,0,0,0,0,0,0
1781254546.329,0,0,0,0,0,-146.23,65.09,0.0,0.0,0.0,0.0,0.0,0,90,0,0.04,0,0,0,0,0,0,0
1781254546.354,0,0,0,0,0,-146.25,65.13,0.0,0.0,0.0,0.0,0.0,0,90,0,0.03,0,0,0,0,0,0,0
1781254546.377,0,0,0,0,0,-146.26,65.16,0.0,0.0,0.0,0.0,0.0,0,90,0,0.03,0,0,0,0,0,0,0
1781254546.401,0,0,0,0,0,-146.27,65.18,0.0,0.0,0.0,0.0,0.0,0,90,0,0.03,0,0,0,0,0,0,0
1781254546.425,0,0,0,0,0,-146.26,65.2,0.0,0.0,0.0,0.0,0.0,0,90,0,0.03,0,0,0,0,0,0,0
1781254546.448,0,0,0,0,0,-146.26,65.2,0.0,0.0,0.0,0.0,0.0,0,90,0,0.03,0,0,0,0,0,0,0
1781254546.472,0,0,0,0,0,-146.26,65.21,0.0,0.0,0.0,0.0,0.0,0,90,0,0.03,0,0,0,0,0,0,0
1781254546.497,0,0,0,0,0,-146.27,65.21,0.0,0.0,0.0,0.0,0.0,0,90,0,0.03,0,0,0,0,0,0,0
1781254546.515,0,0,0,0,0,-146.29,65.22,0.0,0.0,0.0,0.0,0.0,0,90,0,0.03,0,0,0,0,0,0,0
1781254546.539,0,0,0,0,0,-146.32,65.24,0.0,0.0,0.0,0.0,0.0,0,90,0,0.03,0,0,0,0,0,0,0
1781254546.566,0,0,0,0,0,-146.33,65.28,0.0,0.0,0.0,0.0,0.0,0,90,0,0.03,0,0,0,0,0,0,0
1781254546.587,0,0,0,0,0,-146.33,65.32,0.0,0.0,0.0,0.0,0.0,0,90,0,0.03,0,0,0,0,0,0,0
1781254546.611,0,0,0,0,0,-146.32,65.35,0.0,0.0,0.0,0.0,0.0,0,90,0,0.03,0,0,0,0,0,0,0
1781254546.635,0,0,0,0,0,-146.31,65.36,0.0,0.0,0.0,0.0,0.0,0,90,0,0.02,0,0,0,0,0,0,0
1781254546.658,0,0,0,0,0,-146.29,65.37,0.0,0.0,0.0,0.0,0.0,0,90,0,0.02,0,0,0,0,0,0,0
1781254546.679,0,0,0,0,0,-146.28,65.37,0.0,0.0,0.0,0.0,0.0,0,90,0,0.02,0,0,0,0,0,0,0
1781254546.701,0,0,0,0,0,-146.27,65.36,0.0,0.0,0.0,0.0,0.0,0,90,0,0.02,0,0,0,0,0,0,0
1781254546.725,0,0,0,0,0,-146.27,65.35,0.0,0.0,0.0,0.0,0.0,0,90,0,0.02,0,0,0,0,0,0,0
1781254546.748,0,0,0,0,0,-146.27,65.35,0.0,0.0,0.0,0.0,0.0,0,90,0,0.02,0,0,0,0,0,0,0
1781254546.774,0,0,0,0,0,-146.28,65.35,0.0,0.0,0.0,0.0,0.0,0,90,0,0.02,0,0,0,0,0,0,0
1781254546.797,0,0,0,0,0,-146.28,65.36,0.0,0.0,0.0,0.0,0.0,0,90,0,0.02,0,0,0,0,0,0,0
1781254546.82,0,0,0,0,0,-146.29,65.37,0.0,0.0,0.0,0.0,0.0,0,90,0,0.03,0,0,0,0,0,0,0
1781254546.844,0,0,0,0,0,-146.29,65.37,0.0,0.0,0.0,0.0,0.0,0,90,0,0.03,0,0,0,0,0,0,0
1781254546.867,0,0,0,0,0,-146.29,65.37,0.0,0.0,0.0,0.0,0.0,0,90,0,0.03,0,0,0,0,0,0,0
1781254546.893,0,0,0,0,0,-146.28,65.38,0.0,0.0,0.0,0.0,0.0,0,90,0,0.03,0,0,0,0,0,0,0
1781254546.917,0,0,0,0,0,-146.29,65.4,0.0,0.0,0.0,0.0,0.0,0,90,0,0.03,0,0,0,0,0,0,0
1781254546.938,0,0,0,0,0,-146.29,65.43,0.0,0.0,0.0,0.0,0.0,0,90,0,0.03,0,0,0,0,0,0,0
1781254546.965,0,0,0,0,0,-146.29,65.44,0.0,0.0,0.0,0.0,0.0,0,90,0,0.03,0,0,0,0,0,0,0
1781254546.988,0,0,0,0,0,-146.27,65.44,0.0,0.0,0.0,0.0,0.0,0,90,0,0.04,0,0,0,0,0,0,0
1781254547.011,0,0,0,0,0,-146.23,65.42,0.0,0.0,0.0,0.0,0.0,0,90,0,0.04,0,0,0,0,0,0,0
1781254547.034,0,0,0,0,0,-146.2,65.42,0.0,0.0,0.0,0.0,0.0,0,90,0,0.04,0,0,0,0,0,0,0
1781254547.06,0,0,0,0,0,-146.19,65.42,0.0,0.0,0.0,0.0,0.0,0,90,0,0.04,0,0,0,0,0,0,0
1781254547.081,0,0,0,0,0,-146.2,65.44,0.0,0.0,0.0,0.0,0.0,0,90,0,0.04,0,0,0,0,0,0,0
1781254547.105,0,0,0,0,0,-146.21,65.47,0.0,0.0,0.0,0.0,0.0,0,90,0,0.04,0,0,0,0,0,0,0
1781254547.13,0,0,0,0,0,-146.21,65.51,0.0,0.0,0.0,0.0,0.0,0,90,0,0.04,0,0,0,0,0,0,0
1781254547.154,0,0,0,0,0,-146.2,65.53,0.0,0.0,0.0,0.0,0.0,0,90,0,0.04,0,0,0,0,0,0,0
1781254547.178,0,0,0,0,0,-146.18,65.54,0.0,0.0,0.0,0.0,0.0,0,90,0,0.04,0,0,0,0,0,0,0
1781254547.202,0,0,0,0,0,-146.15,65.54,0.0,0.0,0.0,0.0,0.0,0,90,0,0.04,0,0,0,0,0,0,0
1781254547.225,0,0,0,0,0,-146.12,65.55,0.0,0.0,0.0,0.0,0.0,0,90,0,0.04,0,0,0,0,0,0,0
1781254547.249,0,0,0,0,0,-146.1,65.55,0.0,0.0,0.0,0.0,0.0,0,90,0,0.04,0,0,0,0,0,0,0
1781254547.274,0,0,0,0,0,-146.09,65.56,0.0,0.0,0.0,0.0,0.0,0,90,0,0.04,0,0,0,0,0,0,0
1781254547.297,0,0,0,0,0,-146.09,65.56,0.0,0.0,0.0,0.0,0.0,0,90,0,0.03,0,0,0,0,0,0,0
1781254547.316,0,0,0,0,0,-146.09,65.58,0.0,0.0,0.0,0.0,0.0,0,90,0,0.03,0,0,0,0,0,0,0
1781254547.339,0,0,0,0,0,-146.09,65.6,0.0,0.0,0.0,0.0,0.0,0,90,0,0.03,0,0,0,0,0,0,0
1781254547.363,0,0,0,0,0,-146.09,65.62,0.0,0.0,0.0,0.0,0.0,0,90,0,0.03,0,0,0,0,0,0,0
1781254547.387,0,0,0,0,0,-146.08,65.63,0.0,0.0,0.0,0.0,0.0,0,90,0,0.03,0,0,0,0,0,0,0
1781254547.406,0,0,0,0,0,-146.07,65.63,0.0,0.0,0.0,0.0,0.0,0,90,0,0.03,0,0,0,0,0,0,0
1781254547.43,0,0,0,0,0,-146.07,65.64,0.0,0.0,0.0,0.0,0.0,0,90,0,0.02,0,0,0,0,0,0,0
1781254547.453,0,0,0,0,0,-146.06,65.65,0.0,0.0,0.0,0.0,0.0,0,90,0,0.02,0,0,0,0,0,0,0
1781254547.477,0,0,0,0,0,-146.05,65.67,0.0,0.0,0.0,0.0,0.0,0,90,0,0.02,0,0,0,0,0,0,0
1781254547.497,0,0,0,0,0,-146.04,65.68,0.0,0.0,0.0,0.0,0.0,0,90,0,0.02,0,0,0,0,0,0,0
1781254547.52,0,0,0,0,0,-146.02,65.69,0.0,0.0,0.0,0.0,0.0,0,90,0,0.02,0,0,0,0,0,0,0
1781254547.544,0,0,0,0,0,-146.0,65.69,0.0,0.0,0.0,0.0,0.0,0,90,0,0.02,0,0,0,0,0,0,0
1781254547.567,0,0,0,0,0,-145.99,65.7,0.0,0.0,0.0,0.0,0.0,0,90,0,0.02,0,0,0,0,0,0,0
1781254547.59,0,0,0,0,0,-145.99,65.7,0.0,0.0,0.0,0.0,0.0,0,90,0,0.02,0,0,0,0,0,0,0
1781254547.615,0,0,0,0,0,-146.0,65.71,0.0,0.0,0.0,0.0,0.0,0,90,0,0.02,0,0,0,0,0,0,0
1781254547.639,0,0,0,0,0,-146.01,65.73,0.0,0.0,0.0,0.0,0.0,0,90,0,0.02,0,0,0,0,0,0,0
1781254547.663,0,0,0,0,0,-146.01,65.76,0.0,0.0,0.0,0.0,0.0,0,90,0,0.02,0,0,0,0,0,0,0
1781254547.686,0,0,0,0,0,-146.02,65.8,0.0,0.0,0.0,0.0,0.0,0,90,0,0.02,0,0,0,0,0,0,0
1781254547.711,0,0,0,0,0,-146.05,65.84,0.0,0.0,0.0,0.0,0.0,0,90,0,0.02,0,0,0,0,0,0,0
1781254547.735,0,0,0,0,0,-146.08,65.87,0.0,0.0,0.0,0.0,0.0,0,90,0,0.02,0,0,0,0,0,0,0
1781254547.759,0,0,0,0,0,-146.1,65.9,0.0,0.0,0.0,0.0,0.0,0,90,0,0.02,0,0,0,0,0,0,0
1781254547.782,0,0,0,0,0,-146.11,65.92,0.0,0.0,0.0,0.0,0.0,0,90,0,0.03,0,0,0,0,0,0,0
1781254547.807,0,0,0,0,0,-146.12,65.93,0.0,0.0,0.0,0.0,0.0,0,90,0,0.03,0,0,0,0,0,0,0
1781254547.83,0,0,0,0,0,-146.14,65.93,0.0,0.0,0.0,0.0,0.0,0,90,0,0.03,0,0,0,0,0,0,0
1781254547.854,0,0,0,0,0,-146.15,65.93,0.0,0.0,0.0,0.0,0.0,0,90,0,0.03,0,0,0,0,0,0,0
1781254547.879,0,0,0,0,0,-146.17,65.93,0.0,0.0,0.0,0.0,0.0,0,90,0,0.03,0,0,0,0,0,0,0
1781254547.9,0,0,0,0,0,-146.17,65.95,0.0,0.0,0.0,0.0,0.0,0,90,0,0.03,0,0,0,0,0,0,0
1781254547.926,0,0,0,0,0,-146.16,65.97,0.0,0.0,0.0,0.0,0.0,0,90,0,0.04,0,0,0,0,0,0,0
1781254547.949,0,0,0,0,0,-146.13,65.98,0.0,0.0,0.0,0.0,0.0,0,90,0,0.04,0,0,0,0,0,0,0
1781254547.973,0,0,0,0,0,-146.11,65.99,0.0,0.0,0.0,0.0,0.0,0,90,0,0.04,0,0,0,0,0,0,0
1781254547.997,0,0,0,0,0,-146.09,65.99,0.0,0.0,0.0,0.0,0.0,0,90,0,0.04,0,0,0,0,0,0,0
1781254548.019,0,0,0,0,0,-146.07,65.99,0.0,0.0,0.0,0.0,0.0,0,90,0,0.04,0,0,0,0,0,0,0
1781254548.045,0,0,0,0,0,-146.07,65.99,0.0,0.0,0.0,0.0,0.0,0,90,0,0.04,0,0,0,0,0,0,0
1781254548.069,0,0,0,0,0,-146.07,65.99,0.0,0.0,0.0,0.0,0.0,0,90,0,0.04,0,0,0,0,0,0,0
1781254548.093,0,0,0,0,0,-146.08,65.98,0.0,0.0,0.0,0.0,0.0,0,90,0,0.04,0,0,0,0,0,0,0
1781254548.117,0,0,0,0,0,-146.09,65.98,0.0,0.0,0.0,0.0,0.0,0,90,0,0.04,0,0,0,0,0,0,0
1781254548.139,0,0,0,0,0,-146.08,65.97,0.0,0.0,0.0,0.0,0.0,0,90,0,0.04,0,0,0,0,0,0,0
1781254548.164,0,0,0,0,0,-146.08,65.96,0.0,0.0,0.0,0.0,0.0,0,90,0,0.04,0,0,0,0,0,0,0
1781254548.187,0,0,0,0,0,-146.06,65.95,0.0,0.0,0.0,0.0,0.0,0,90,0,0.04,0,0,0,0,0,0,0
1781254548.213,0,0,0,0,0,-146.01,65.95,0.0,0.0,0.0,0.0,0.0,0,90,0,0.03,0,0,0,0,0,0,0
1781254548.235,0,0,0,0,0,-145.94,65.96,0.0,0.0,0.0,0.0,0.0,0,90,0,0.03,0,0,0,0,0,0,0
1781254548.26,0,0,0,0,0,-145.87,65.97,0.0,0.0,0.0,0.0,0.0,0,90,0,0.03,0,0,0,0,0,0,0
1781254548.283,0,0,0,0,0,-145.81,65.98,0.0,0.0,0.0,0.0,0.0,0,90,0,0.03,0,0,0,0,0,0,0
1781254548.302,0,0,0,0,0,-145.8,65.99,0.0,0.0,0.0,0.0,0.0,0,90,0,0.03,0,0,0,0,0,0,0
1781254548.327,0,0,0,0,0,-145.81,65.99,0.0,0.0,0.0,0.0,0.0,0,90,0,0.03,0,0,0,0,0,0,0
1781254548.349,0,0,0,0,0,-145.91,66.04,0.0,0.0,0.0,0.0,0.0,0,90,0,0.03,0,0,0,0,0,0,0
1781254548.373,0,0,0,0,0,-146.68,66.55,0.0,0.0,0.0,0.0,0.0,0,90,0,0.04,0,0,0,0,0,0,0
1781254548.399,0,0,0,0,0,-148.6,67.91,0.0,0.0,0.0,0.0,0.0,0,90,0,0.14,0,0,0,0,0,0,0
1781254548.421,0,0,0,0,0,-150.84,69.64,0.0,0.0,0.0,0.0,0.0,0,90,0,0.58,0,0,0,0,0,0,0
1781254548.447,0,0,0,0,0,-152.31,71.06,0.0,0.0,0.0,0.0,0.0,0,90,0,1.31,0,0,0,0,0,0,0
1781254548.47,0,0,0,0,0,-152.67,71.91,0.0,0.0,0.0,0.0,0.0,0,90,0,2.1,0,0,0,0,0,0,0
1781254548.493,0,0,0,0,0,-152.22,72.29,0.0,0.0,0.0,0.0,0.0,0,90,0,2.74,0,0,0,0,0,0,0
1781254548.512,0,0,0,0,0,-151.48,72.44,0.0,0.0,0.0,0.0,0.0,0,90,0,3.21,0,0,0,0,0,0,0
1781254548.535,0,0,0,0,0,-150.73,72.48,0.0,0.0,0.0,0.0,0.0,0,90,0,3.66,0,0,0,0,0,0,0
1781254548.56,0,0,0,0,0,-149.92,72.47,0.0,0.0,0.0,0.0,0.0,0,90,1,4.31,0,0,0,0,0,0,0
1781254548.584,0,0,0,0,0,-149.19,72.81,0.0,0.0,0.0,0.0,0.0,0,90,1,5.0,0,0,0,0,0,0,0
1781254548.607,0,0,0,0,0,-148.86,73.98,0.0,0.0,0.0,0.0,0.0,0,90,1,5.94,0,0,0,0,0,0,0
1781254548.631,0,0,0,0,0,-148.73,75.83,0.0,0.0,0.0,0.0,0.0,0,90,1,7.4,0,0,0,0,0,0,0
1781254548.656,0,0,0,0,0,-148.16,77.93,0.0,0.0,0.0,0.0,0.0,0,90,1,9.56,0,0,0,0,0,0,0
1781254548.681,0,0,0,0,0,-143.51,80.0,0.0,0.0,0.0,0.0,0.0,0,90,1,12.53,0,0,0,0,0,0,0
1781254548.704,0,0,0,0,0,-129.9,81.63,0.0,0.0,0.0,0.0,0.0,0,90,1,16.16,0,0,0,0,0,0,0
1781254548.728,0,0,0,0,0,-108.78,82.33,0.0,0.0,0.0,0.0,0.0,0,90,1,38.06,0,0,0,0,0,0,0
1781254548.751,0,0,0,0,0,-85.77,81.72,0.0,0.0,0.0,0.0,0.0,0,90,1,109.06,0,0,0,0,0,0,0
1781254548.775,0,0,0,0,0,-65.0,80.41,0.0,0.0,0.0,0.0,0.0,0,90,1,233.63,0,0,0,0,0,0,0
1781254548.803,0,0,0,0,0,-48.58,78.69,0.0,0.0,0.0,0.0,0.0,0,90,1,408.49,0,0,0,0,0,0,0
1781254548.817,0,0,0,0,0,-36.97,75.53,0.0,0.0,0.0,0.0,0.0,0,90,1,620.49,0,0,0,0,0,0,0
1781254548.842,0,0,0,0,0,-29.53,70.89,0.0,0.0,0.0,0.0,0.0,0,90,1,853.78,0,0,0,0,0,0,0
1781254548.866,0,0,0,0,0,-25.06,65.7,0.0,0.0,0.0,0.0,0.0,0,90,1,1095.33,0,0,0,0,0,0,0
1781254548.888,0,0,0,0,0,-22.35,60.39,0.0,0.0,0.0,0.0,0.0,0,90,1,1336.91,0,0,0,0,0,0,0
1781254548.914,0,0,0,0,0,-20.5,55.13,0.0,0.0,0.0,0.0,0.0,0,90,1,1574.19,0,0,0,0,0,0,0
1781254548.938,0,0,0,0,0,-19.03,49.97,0.0,0.0,0.0,0.0,0.0,0,90,1,1805.13,0,0,0,0,0,0,0
1781254548.96,0,0,0,0,0,-17.7,44.96,0.0,0.0,0.0,0.0,0.0,0,90,1,2028.75,0,0,0,0,0,0,0
1781254548.98,0,0,0,0,0,-16.45,40.2,0.0,0.0,0.0,0.0,0.0,0,90,1,2244.4,0,0,0,0,0,0,0
1781254549.003,0,0,0,0,0,-15.29,35.71,0.0,0.0,0.0,0.0,0.0,0,90,1,2451.39,0,0,0,0,0,0,0
1781254549.028,0,0,0,0,0,-14.22,31.4,0.0,0.0,0.0,0.0,0.0,0,90,1,2648.99,0,0,0,0,0,0,0
1781254549.051,0,0,0,0,0,-13.3,27.14,0.0,0.0,0.0,0.0,0.0,0,90,1,2836.34,0,0,0,0,0,0,0
1781254549.075,0,0,0,0,0,-12.58,22.9,0.0,0.0,0.0,0.0,0.0,0,90,1,3012.4,0,0,0,0,0,0,0
1781254549.098,0,0,0,0,0,-12.06,18.74,0.0,0.0,0.0,0.0,0.0,0,90,1,3176.19,0,0,0,0,0,0,0
1781254549.121,0,0,0,0,0,-11.72,14.78,0.0,0.0,0.0,0.0,0.0,0,90,1,3326.88,0,0,0,0,0,0,0
1781254549.145,0,0,0,0,0,-11.58,11.07,0.0,0.0,0.0,0.0,0.0,0,90,1,3463.7,0,0,0,0,0,0,0
1781254549.169,0,0,0,0,0,-11.66,7.59,0.0,0.0,0.0,0.0,0.0,0,90,1,3585.78,0,0,0,0,0,0,0
1781254549.193,0,0,0,0,0,-11.91,4.32,0.0,0.0,0.0,0.0,0.0,0,90,1,3692.58,0,0,0,0,0,0,0
1781254549.216,0,0,0,0,0,-12.09,1.23,0.0,0.0,0.0,0.0,0.0,0,90,1,3784.39,0,0,0,0,0,0,0
1781254549.239,0,0,0,0,0,-12.48,-1.63,0.0,0.0,0.0,0.0,0.0,0,90,1,3860.58,0,0,0,0,0,0,0
1781254549.263,0,0,0,0,0,-13.59,-4.16,0.0,0.0,0.0,0.0,0.0,0,90,1,3919.09,0,0,0,0,0,0,0
1781254549.288,0,0,0,0,0,-15.21,-6.23,0.0,0.0,0.0,0.0,0.0,0,90,1,3958.85,0,0,0,0,0,0,0
1781254549.31,0,0,0,0,0,-16.77,-7.75,0.0,0.0,0.0,0.0,0.0,0,90,1,3980.62,0,0,0,0,0,0,0
1781254549.333,0,0,0,0,0,-18.05,-8.72,0.0,0.0,0.0,0.0,0.0,0,90,1,3985.77,0,0,0,0,0,0,0
1781254549.357,0,0,0,0,0,-19.02,-9.28,0.0,0.0,0.0,0.0,0.0,0,90,1,3975.48,0,0,0,0,0,0,0
1781254549.381,0,0,0,0,0,-19.78,-9.54,0.0,0.0,0.0,0.0,0.0,0,90,1,3950.67,0,0,0,0,0,0,0
1781254549.405,0,0,0,0,0,-20.39,-9.61,0.0,0.0,0.0,0.0,0.0,0,90,1,3911.99,0,0,0,0,0,0,0
1781254549.428,0,0,0,0,0,-20.89,-9.57,0.0,0.0,0.0,0.0,0.0,0,90,1,3859.9,0,0,0,0,0,0,0
1781254549.451,0,0,0,0,0,-21.28,-9.46,0.0,0.0,0.0,0.0,0.0,0,90,1,3794.75,0,0,0,0,0,0,0
1781254549.474,0,0,0,0,0,-21.56,-9.34,0.0,0.0,0.0,0.0,0.0,0,90,1,3716.71,0,0,0,0,0,0,0
1781254549.499,0,0,0,0,0,-21.75,-9.25,0.0,0.0,0.0,0.0,0.0,0,90,1,3625.96,0,0,0,0,0,0,0
1781254549.522,0,0,0,0,0,-21.84,-9.14,0.0,0.0,0.0,0.0,0.0,0,90,1,3522.44,0,0,0,0,0,0,0
1781254549.545,0,0,0,0,0,-21.86,-8.88,0.0,0.0,0.0,0.0,0.0,0,90,1,3403.89,0,0,0,0,0,0,0
1781254549.569,0,0,0,0,0,-21.85,-8.52,0.0,0.0,0.0,0.0,0.0,0,90,1,3265.9,0,0,0,0,0,0,0
1781254549.591,0,0,0,0,0,-21.82,-8.18,0.0,0.0,0.0,0.0,0.0,0,90,1,3106.52,0,0,0,0,0,0,0
1781254549.618,0,0,0,0,0,-21.8,-7.91,0.0,0.0,0.0,0.0,0.0,0,90,1,2927.98,0,0,0,0,0,0,0
1781254549.639,0,0,0,0,0,-21.79,-7.68,0.0,0.0,0.0,0.0,0.0,0,90,1,2734.32,0,0,0,0,0,0,0
1781254549.662,0,0,0,0,0,-21.78,-7.49,0.0,0.0,0.0,0.0,0.0,0,90,1,2528.87,0,0,0,0,0,0,0
1781254549.686,0,0,0,0,0,-21.78,-7.32,0.0,0.0,0.0,0.0,0.0,0,90,1,2313.01,0,0,0,0,0,0,0
1781254549.71,0,0,0,0,0,-21.78,-7.22,0.0,0.0,0.0,0.0,0.0,0,90,1,2086.99,0,0,0,0,0,0,0
1781254549.737,0,0,0,0,0,-21.78,-7.17,0.0,0.0,0.0,0.0,0.0,0,90,1,1851.29,0,0,0,0,0,0,0
1781254549.757,0,0,0,0,0,-21.85,-7.17,0.0,0.0,0.0,0.0,0.0,0,90,1,1605.74,0,0,0,0,0,0,0
1781254549.779,0,0,0,0,0,-22.03,-7.21,0.0,0.0,0.0,0.0,0.0,0,90,1,1348.64,0,0,0,0,0,0,0
1781254549.802,0,0,0,0,0,-22.27,-7.25,0.0,0.0,0.0,0.0,0.0,0,90,1,1176.62,0,0,0,0,0,0,0
1781254549.826,0,0,0,0,0,-22.43,-7.27,0.0,0.0,0.0,0.0,0.0,0,90,1,1121.81,0,0,0,0,0,0,0
1781254549.852,0,0,0,0,0,-22.49,-7.27,0.0,0.0,0.0,0.0,0.0,0,90,1,1056.02,0,0,0,0,0,0,0
1781254549.874,0,0,0,0,0,-22.45,-7.26,0.0,0.0,0.0,0.0,0.0,0,90,1,979.82,0,0,0,0,0,0,0
1781254549.898,0,0,0,0,0,-22.35,-7.25,0.0,0.0,0.0,0.0,0.0,0,90,1,895.39,0,0,0,0,0,0,0
1781254549.921,0,0,0,0,0,-22.18,-7.18,0.0,0.0,0.0,0.0,0.0,0,90,1,806.19,0,0,0,0,0,0,0
1781254549.944,0,0,0,0,0,-21.94,-6.99,0.0,0.0,0.0,0.0,0.0,0,90,1,714.3,0,0,0,0,0,0,0
1781254549.969,0,0,0,0,0,-21.63,-6.73,0.0,0.0,0.0,0.0,0.0,0,90,1,621.06,0,0,0,0,0,0,0
1781254549.992,0,0,0,0,0,-21.25,-6.48,0.0,0.0,0.0,0.0,0.0,0,90,1,530.83,0,0,0,0,0,0,0
1781254550.013,0,0,0,0,0,-20.82,-6.28,0.0,0.0,0.0,0.0,0.0,0,90,1,447.87,0,0,0,0,0,0,0
1781254550.038,0,0,0,0,0,-20.35,-6.12,0.0,0.0,0.0,0.0,0.0,0,90,1,373.61,0,0,0,0,0,0,0
1781254550.06,0,0,0,0,0,-19.84,-6.0,0.0,0.0,0.0,0.0,0.0,0,90,1,308.18,0,0,0,0,0,0,0
1781254550.084,0,0,0,0,0,-19.28,-5.88,0.0,0.0,0.0,0.0,0.0,0,90,1,251.23,0,0,0,0,0,0,0
1781254550.108,0,0,0,0,0,-18.66,-5.76,0.0,0.0,0.0,0.0,0.0,0,90,1,202.22,0,0,0,0,0,0,0
1781254550.131,0,0,0,0,0,-18.0,-5.63,0.0,0.0,0.0,0.0,0.0,0,90,1,160.49,0,0,0,0,0,0,0
1781254550.154,0,0,0,0,0,-17.35,-5.48,0.0,0.0,0.0,0.0,0.0,0,90,1,125.29,0,0,0,0,0,0,0
1781254550.178,0,0,0,0,0,-16.73,-5.35,0.0,0.0,0.0,0.0,0.0,0,90,1,95.79,0,0,0,0,0,0,0
1781254550.203,0,0,0,0,0,-16.19,-5.22,0.0,0.0,0.0,0.0,0.0,0,90,1,71.41,0,0,0,0,0,0,0
1781254550.225,0,0,0,0,0,-15.76,-5.12,0.0,0.0,0.0,0.0,0.0,0,90,1,51.72,0,0,0,0,0,0,0
1781254550.249,0,0,0,0,0,-15.44,-5.03,0.0,0.0,0.0,0.0,0.0,0,90,1,36.32,0,0,0,0,0,0,0
1781254550.272,0,0,0,0,0,-15.22,-4.96,0.0,0.0,0.0,0.0,0.0,0,90,1,24.71,0,0,0,0,0,0,0
1781254550.296,0,0,0,0,0,-15.07,-4.92,0.0,0.0,0.0,0.0,0.0,0,90,1,16.25,0,0,0,0,0,0,0
1781254550.323,0,0,0,0,0,-14.99,-4.88,0.0,0.0,0.0,0.0,0.0,0,90,1,10.87,0,0,0,0,0,0,0
1781254550.342,0,0,0,0,0,-14.97,-4.84,0.0,0.0,0.0,0.0,0.0,0,90,1,10.08,0,0,0,0,0,0,0
1781254550.366,0,0,0,0,0,-15.03,-4.8,0.0,0.0,0.0,0.0,0.0,0,90,1,9.35,0,0,0,0,0,0,0
1781254550.39,0,0,0,0,0,-15.1,-4.73,0.0,0.0,0.0,0.0,0.0,0,90,1,8.65,0,0,0,0,0,0,0
1781254550.414,0,0,0,0,0,-15.15,-4.62,0.0,0.0,0.0,0.0,0.0,0,90,1,8.05,0,0,0,0,0,0,0
1781254550.437,0,0,0,0,0,-15.14,-4.52,0.0,0.0,0.0,0.0,0.0,0,90,1,7.74,0,0,0,0,0,0,0
1781254550.46,0,0,0,0,0,-15.09,-4.44,0.0,0.0,0.0,0.0,0.0,0,90,1,7.76,0,0,0,0,0,0,0
1781254550.484,0,0,0,0,0,-15.02,-4.38,0.0,0.0,0.0,0.0,0.0,0,90,1,8.01,0,0,0,0,0,0,0
1781254550.507,0,0,0,0,0,-14.95,-4.33,0.0,0.0,0.0,0.0,0.0,0,90,1,8.37,0,0,0,0,0,0,0
1781254550.532,0,0,0,0,0,-14.89,-4.3,0.0,0.0,0.0,0.0,0.0,0,90,1,8.77,0,0,0,0,0,0,0
1781254550.555,0,0,0,0,0,-14.83,-4.27,0.0,0.0,0.0,0.0,0.0,0,90,1,9.16,0,0,0,0,0,0,0
1781254550.577,0,0,0,0,0,-14.77,-4.23,0.0,0.0,0.0,0.0,0.0,0,90,1,9.51,0,0,0,0,0,0,0
1781254550.601,0,0,0,0,0,-14.73,-4.18,0.0,0.0,0.0,0.0,0.0,0,90,1,9.81,0,0,0,0,0,0,0
1781254550.624,0,0,0,0,0,-14.66,-4.11,0.0,0.0,0.0,0.0,0.0,0,90,1,10.06,0,0,0,0,0,0,0
1781254550.649,0,0,0,0,0,-14.59,-4.04,0.0,0.0,0.0,0.0,0.0,0,90,1,10.26,0,0,0,0,0,0,0
1781254550.672,0,0,0,0,0,-14.55,-3.99,0.0,0.0,0.0,0.0,0.0,0,90,1,10.4,0,0,0,0,0,0,0
1781254550.694,0,0,0,0,0,-14.56,-3.94,0.0,0.0,0.0,0.0,0.0,0,90,1,10.48,0,0,0,0,0,0,0
1781254550.718,0,0,0,0,0,-14.59,-3.88,0.0,0.0,0.0,0.0,0.0,0,90,1,10.52,0,0,0,0,0,0,0
1781254550.742,0,0,0,0,0,-14.62,-3.81,0.0,0.0,0.0,0.0,0.0,0,90,1,10.51,0,0,0,0,0,0,0
1781254550.767,0,0,0,0,0,-14.63,-3.73,0.0,0.0,0.0,0.0,0.0,0,90,1,10.46,0,0,0,0,0,0,0
1781254550.789,0,0,0,0,0,-14.6,-3.65,0.0,0.0,0.0,0.0,0.0,0,90,1,10.37,0,0,0,0,0,0,0
1781254550.813,0,0,0,0,0,-14.56,-3.58,0.0,0.0,0.0,0.0,0.0,0,90,1,10.26,0,0,0,0,0,0,0
1781254550.837,0,0,0,0,0,-14.52,-3.51,0.0,0.0,0.0,0.0,0.0,0,90,1,10.1,0,0,0,0,0,0,0
1781254550.859,0,0,0,0,0,-14.45,-3.44,0.0,0.0,0.0,0.0,0.0,0,90,1,9.92,0,0,0,0,0,0,0
1781254550.882,0,0,0,0,0,-14.35,-3.38,0.0,0.0,0.0,0.0,0.0,0,90,1,9.7,0,0,0,0,0,0,0
1781254550.906,0,0,0,0,0,-14.27,-3.33,0.0,0.0,0.0,0.0,0.0,0,90,1,9.44,0,0,0,0,0,0,0
1781254550.93,0,0,0,0,0,-14.2,-3.3,0.0,0.0,0.0,0.0,0.0,0,90,1,9.14,0,0,0,0,0,0,0
1781254550.954,0,0,0,0,0,-14.16,-3.26,0.0,0.0,0.0,0.0,0.0,0,90,1,8.75,0,0,0,0,0,0,0
1781254550.976,0,0,0,0,0,-14.14,-3.22,0.0,0.0,0.0,0.0,0.0,0,90,1,8.27,0,0,0,0,0,0,0
1781254550.999,0,0,0,0,0,-14.11,-3.17,0.0,0.0,0.0,0.0,0.0,0,90,1,7.69,0,0,0,0,0,0,0
1781254551.024,0,0,0,0,0,-14.03,-3.12,0.0,0.0,0.0,0.0,0.0,0,90,1,7.06,0,0,0,0,0,0,0
1781254551.048,0,0,0,0,0,-13.92,-3.08,0.0,0.0,0.0,0.0,0.0,0,90,1,6.38,0,0,0,0,0,0,0
1781254551.069,0,0,0,0,0,-13.84,-3.05,0.0,0.0,0.0,0.0,0.0,0,90,1,5.68,0,0,0,0,0,0,0
1781254551.093,0,0,0,0,0,-13.81,-3.01,0.0,0.0,0.0,0.0,0.0,0,90,1,4.97,0,0,0,0,0,0,0
1781254551.118,0,0,0,0,0,-13.8,-2.95,0.0,0.0,0.0,0.0,0.0,0,90,1,4.27,0,0,0,0,0,0,0
1781254551.141,0,0,0,0,0,-13.78,-2.88,0.0,0.0,0.0,0.0,0.0,0,90,0,3.59,0,0,0,0,0,0,0
1781254551.163,0,0,0,0,0,-13.75,-2.8,0.0,0.0,0.0,0.0,0.0,0,90,0,2.96,0,0,0,0,0,0,0
1781254551.185,0,0,0,0,0,-13.7,-2.72,0.0,0.0,0.0,0.0,0.0,0,90,0,2.38,0,0,0,0,0,0,0
1781254551.211,0,0,0,0,0,-13.63,-2.66,0.0,0.0,0.0,0.0,0.0,0,90,0,1.88,0,0,0,0,0,0,0
1781254551.235,0,0,0,0,0,-13.57,-2.61,0.0,0.0,0.0,0.0,0.0,0,90,0,1.44,0,0,0,0,0,0,0
1781254551.259,0,0,0,0,0,-13.5,-2.58,0.0,0.0,0.0,0.0,0.0,0,90,0,1.09,0,0,0,0,0,0,0
1781254551.28,0,0,0,0,0,-13.45,-2.55,0.0,0.0,0.0,0.0,0.0,0,90,0,0.82,0,0,0,0,0,0,0
1781254551.304,0,0,0,0,0,-13.43,-2.53,0.0,0.0,0.0,0.0,0.0,0,90,0,0.71,0,0,0,0,0,0,0
1781254551.327,0,0,0,0,0,-13.43,-2.51,0.0,0.0,0.0,0.0,0.0,0,90,0,0.69,0,0,0,0,0,0,0
1781254551.352,0,0,0,0,0,-13.42,-2.48,0.0,0.0,0.0,0.0,0.0,0,90,0,0.67,0,0,0,0,0,0,0
1781254551.375,0,0,0,0,0,-13.39,-2.44,0.0,0.0,0.0,0.0,0.0,0,90,0,0.66,0,0,0,0,0,0,0
1781254551.398,0,0,0,0,0,-13.36,-2.39,0.0,0.0,0.0,0.0,0.0,0,90,0,0.65,0,0,0,0,0,0,0
1781254551.421,0,0,0,0,0,-13.33,-2.35,0.0,0.0,0.0,0.0,0.0,0,90,0,0.64,0,0,0,0,0,0,0
1781254551.445,0,0,0,0,0,-13.24,-2.32,0.0,0.0,0.0,0.0,0.0,0,90,0,0.63,0,0,0,0,0,0,0
1781254551.471,0,0,0,0,0,-13.12,-2.31,0.0,0.0,0.0,0.0,0.0,0,90,0,0.61,0,0,0,0,0,0,0
1781254551.494,0,0,0,0,0,-13.02,-2.3,0.0,0.0,0.0,0.0,0.0,0,90,0,0.6,0,0,0,0,0,0,0
1781254551.515,0,0,0,0,0,-12.95,-2.3,0.0,0.0,0.0,0.0,0.0,0,90,0,0.58,0,0,0,0,0,0,0
1781254551.538,0,0,0,0,0,-12.92,-2.3,0.0,0.0,0.0,0.0,0.0,0,90,0,0.56,0,0,0,0,0,0,0
1781254551.562,0,0,0,0,0,-12.9,-2.29,0.0,0.0,0.0,0.0,0.0,0,90,0,0.54,0,0,0,0,0,0,0
1781254551.586,0,0,0,0,0,-12.9,-2.29,0.0,0.0,0.0,0.0,0.0,0,90,0,0.52,0,0,0,0,0,0,0
1781254551.61,0,0,0,0,0,-12.88,-2.29,0.0,0.0,0.0,0.0,0.0,0,90,0,0.5,0,0,0,0,0,0,0
1781254551.633,0,0,0,0,0,-12.78,-2.27,0.0,0.0,0.0,0.0,0.0,0,90,0,0.48,0,0,0,0,0,0,0
1781254551.657,0,0,0,0,0,-12.65,-2.21,0.0,0.0,0.0,0.0,0.0,0,90,0,0.46,0,0,0,0,0,0,0
1781254551.68,0,0,0,0,0,-12.53,-2.13,0.0,0.0,0.0,0.0,0.0,0,90,0,0.45,0,0,0,0,0,0,0
1781254551.704,0,0,0,0,0,-12.42,-2.06,0.0,0.0,0.0,0.0,0.0,0,90,0,0.46,0,0,0,0,0,0,0
1781254551.726,0,0,0,0,0,-12.32,-2.02,0.0,0.0,0.0,0.0,0.0,0,90,0,0.48,0,0,0,0,0,0,0
1781254551.75,0,0,0,0,0,-12.23,-2.0,0.0,0.0,0.0,0.0,0.0,0,90,0,0.5,0,0,0,0,0,0,0
1781254551.773,0,0,0,0,0,-12.16,-1.98,0.0,0.0,0.0,0.0,0.0,0,90,0,0.52,0,0,0,0,0,0,0
1781254551.797,0,0,0,0,0,-12.1,-1.96,0.0,0.0,0.0,0.0,0.0,0,90,0,0.55,0,0,0,0,0,0,0
1781254551.82,0,0,0,0,0,-12.04,-1.93,0.0,0.0,0.0,0.0,0.0,0,90,0,0.57,0,0,0,0,0,0,0
1781254551.843,0,0,0,0,0,-11.96,-1.89,0.0,0.0,0.0,0.0,0.0,0,90,0,0.6,0,0,0,0,0,0,0
1781254551.867,0,0,0,0,0,-11.88,-1.85,0.0,0.0,0.0,0.0,0.0,0,90,0,0.62,0,0,0,0,0,0,0
1781254551.892,0,0,0,0,0,-11.81,-1.82,0.0,0.0,0.0,0.0,0.0,0,90,0,0.65,0,0,0,0,0,0,0
1781254551.916,0,0,0,0,0,-11.76,-1.8,0.0,0.0,0.0,0.0,0.0,0,90,0,0.66,0,0,0,0,0,0,0
1781254551.938,0,0,0,0,0,-11.72,-1.78,0.0,0.0,0.0,0.0,0.0,0,90,0,0.68,0,0,0,0,0,0,0
1781254551.961,0,0,0,0,0,-11.67,-1.75,0.0,0.0,0.0,0.0,0.0,0,90,0,0.69,0,0,0,0,0,0,0
1781254551.983,0,0,0,0,0,-11.62,-1.72,0.0,0.0,0.0,0.0,0.0,0,90,0,0.7,0,0,0,0,0,0,0
1781254552.008,0,0,0,0,0,-11.57,-1.7,0.0,0.0,0.0,0.0,0.0,0,90,0,0.7,0,0,0,0,0,0,0
1781254552.031,0,0,0,0,0,-11.53,-1.68,0.0,0.0,0.0,0.0,0.0,0,90,0,0.71,0,0,0,0,0,0,0
1781254552.055,0,0,0,0,0,-11.48,-1.68,0.0,0.0,0.0,0.0,0.0,0,90,0,0.72,0,0,0,0,0,0,0
1781254552.079,0,0,0,0,0,-11.45,-1.67,0.0,0.0,0.0,0.0,0.0,0,90,0,0.73,0,0,0,0,0,0,0
1781254552.101,0,0,0,0,0,-11.38,-1.66,0.0,0.0,0.0,0.0,0.0,0,90,0,0.74,0,0,0,0,0,0,0
1781254552.124,0,0,0,0,0,-11.3,-1.62,0.0,0.0,0.0,0.0,0.0,0,90,0,0.75,0,0,0,0,0,0,0
1781254552.149,0,0,0,0,0,-11.21,-1.57,0.0,0.0,0.0,0.0,0.0,0,90,0,0.76,0,0,0,0,0,0,0
1781254552.172,0,0,0,0,0,-11.13,-1.53,0.0,0.0,0.0,0.0,0.0,0,90,0,0.77,0,0,0,0,0,0,0
1781254552.197,0,0,0,0,0,-11.06,-1.5,0.0,0.0,0.0,0.0,0.0,0,90,0,0.78,0,0,0,0,0,0,0
1781254552.219,0,0,0,0,0,-11.0,-1.47,0.0,0.0,0.0,0.0,0.0,0,90,0,0.8,0,0,0,0,0,0,0
1781254552.242,0,0,0,0,0,-10.93,-1.43,0.0,0.0,0.0,0.0,0.0,0,90,0,0.81,0,0,0,0,0,0,0
1781254552.267,0,0,0,0,0,-10.87,-1.39,0.0,0.0,0.0,0.0,0.0,0,90,0,0.83,0,0,0,0,0,0,0
1781254552.289,0,0,0,0,0,-10.81,-1.35,0.0,0.0,0.0,0.0,0.0,0,90,0,0.84,0,0,0,0,0,0,0
1781254552.312,0,0,0,0,0,-10.77,-1.3,0.0,0.0,0.0,0.0,0.0,0,90,0,0.85,0,0,0,0,0,0,0
1781254552.337,0,0,0,0,0,-10.73,-1.26,0.0,0.0,0.0,0.0,0.0,0,90,0,0.86,0,0,0,0,0,0,0
1781254552.36,0,0,0,0,0,-10.7,-1.22,0.0,0.0,0.0,0.0,0.0,0,90,0,0.86,0,0,0,0,0,0,0
1781254552.384,0,0,0,0,0,-10.69,-1.2,0.0,0.0,0.0,0.0,0.0,0,90,0,0.86,0,0,0,0,0,0,0
1781254552.408,0,0,0,0,0,-10.67,-1.18,0.0,0.0,0.0,0.0,0.0,0,90,0,0.86,0,0,0,0,0,0,0
1781254552.431,0,0,0,0,0,-10.62,-1.16,0.0,0.0,0.0,0.0,0.0,0,90,0,0.86,0,0,0,0,0,0,0
1781254552.455,0,0,0,0,0,-10.56,-1.15,0.0,0.0,0.0,0.0,0.0,0,90,0,0.86,0,0,0,0,0,0,0
1781254552.477,0,0,0,0,0,-10.52,-1.14,0.0,0.0,0.0,0.0,0.0,0,90,0,0.85,0,0,0,0,0,0,0
1781254552.502,0,0,0,0,0,-10.48,-1.13,0.0,0.0,0.0,0.0,0.0,0,90,0,0.84,0,0,0,0,0,0,0
1781254552.524,0,0,0,0,0,-10.43,-1.12,0.0,0.0,0.0,0.0,0.0,0,90,0,0.83,0,0,0,0,0,0,0
1781254552.55,0,0,0,0,0,-10.37,-1.11,0.0,0.0,0.0,0.0,0.0,0,90,0,0.82,0,0,0,0,0,0,0
1781254552.571,0,0,0,0,0,-10.31,-1.09,0.0,0.0,0.0,0.0,0.0,0,90,0,0.8,0,0,0,0,0,0,0
1781254552.594,0,0,0,0,0,-10.27,-1.07,0.0,0.0,0.0,0.0,0.0,0,90,0,0.78,0,0,0,0,0,0,0
1781254552.618,0,0,0,0,0,-10.24,-1.05,0.0,0.0,0.0,0.0,0.0,0,90,0,0.76,0,0,0,0,0,0,0
1781254552.641,0,0,0,0,0,-10.22,-1.03,0.0,0.0,0.0,0.0,0.0,0,90,0,0.75,0,0,0,0,0,0,0
1781254552.665,0,0,0,0,0,-10.21,-1.0,0.0,0.0,0.0,0.0,0.0,0,90,0,0.73,0,0,0,0,0,0,0
1781254552.688,0,0,0,0,0,-10.19,-0.97,0.0,0.0,0.0,0.0,0.0,0,90,0,0.71,0,0,0,0,0,0,0
1781254552.711,0,0,0,0,0,-10.14,-0.95,0.0,0.0,0.0,0.0,0.0,0,90,0,0.69,0,0,0,0,0,0,0
1781254552.735,0,0,0,0,0,-10.06,-0.94,0.0,0.0,0.0,0.0,0.0,0,90,0,0.67,0,0,0,0,0,0,0
1781254552.759,0,0,0,0,0,-9.98,-0.95,0.0,0.0,0.0,0.0,0.0,0,90,0,0.65,0,0,0,0,0,0,0
1781254552.783,0,0,0,0,0,-9.9,-0.95,0.0,0.0,0.0,0.0,0.0,0,90,0,0.62,0,0,0,0,0,0,0
1781254552.807,0,0,0,0,0,-9.83,-0.94,0.0,0.0,0.0,0.0,0.0,0,90,0,0.6,0,0,0,0,0,0,0
1781254552.829,0,0,0,0,0,-9.75,-0.92,0.0,0.0,0.0,0.0,0.0,0,90,0,0.58,0,0,0,0,0,0,0
1781254552.853,0,0,0,0,0,-9.66,-0.91,0.0,0.0,0.0,0.0,0.0,0,90,0,0.57,0,0,0,0,0,0,0
1781254552.876,0,0,0,0,0,-9.57,-0.91,0.0,0.0,0.0,0.0,0.0,0,90,0,0.57,0,0,0,0,0,0,0
1781254552.901,0,0,0,0,0,-9.49,-0.92,0.0,0.0,0.0,0.0,0.0,0,90,0,0.56,0,0,0,0,0,0,0
1781254552.923,0,0,0,0,0,-9.4,-0.93,0.0,0.0,0.0,0.0,0.0,0,90,0,0.57,0,0,0,0,0,0,0
1781254552.953,0,0,0,0,0,-9.27,-0.91,0.0,0.0,0.0,0.0,0.0,0,90,0,0.57,0,0,0,0,0,0,0
1781254552.97,0,0,0,0,0,-9.09,-0.89,0.0,0.0,0.0,0.0,0.0,0,90,0,0.59,0,0,0,0,0,0,0
1781254552.993,0,0,0,0,0,-8.87,-0.87,0.0,0.0,0.0,0.0,0.0,0,90,0,0.61,0,0,0,0,0,0,0
1781254553.017,0,0,0,0,0,-8.65,-0.84,0.0,0.0,0.0,0.0,0.0,0,90,0,0.65,0,0,0,0,0,0,0
1781254553.04,0,0,0,0,0,-8.47,-0.83,0.0,0.0,0.0,0.0,0.0,0,90,0,0.7,0,0,0,0,0,0,0
1781254553.064,0,0,0,0,0,-8.31,-0.84,0.0,0.0,0.0,0.0,0.0,0,90,0,0.75,0,0,0,0,0,0,0
1781254553.087,0,0,0,0,0,-8.18,-0.85,0.0,0.0,0.0,0.0,0.0,0,90,0,0.81,0,0,0,0,0,0,0
1781254553.111,0,0,0,0,0,-8.08,-0.86,0.0,0.0,0.0,0.0,0.0,0,90,0,0.87,0,0,0,0,0,0,0
1781254553.134,0,0,0,0,0,-8.0,-0.85,0.0,0.0,0.0,0.0,0.0,0,90,0,0.93,0,0,0,0,0,0,0
1781254553.159,0,0,0,0,0,-7.94,-0.85,0.0,0.0,0.0,0.0,0.0,0,90,0,0.99,0,0,0,0,0,0,0
1781254553.181,0,0,0,0,0,-7.89,-0.87,0.0,0.0,0.0,0.0,0.0,0,90,0,1.04,0,0,0,0,0,0,0
1781254553.206,0,0,0,0,0,-7.82,-0.9,0.0,0.0,0.0,0.0,0.0,0,90,0,1.09,0,0,0,0,0,0,0
1781254553.228,0,0,0,0,0,-7.75,-0.94,0.0,0.0,0.0,0.0,0.0,0,90,0,1.14,0,0,0,0,0,0,0
1781254553.255,0,0,0,0,0,-7.7,-0.95,0.0,0.0,0.0,0.0,0.0,0,90,0,1.18,0,0,0,0,0,0,0
1781254553.276,0,0,0,0,0,-7.66,-0.93,0.0,0.0,0.0,0.0,0.0,0,90,0,1.22,0,0,0,0,0,0,0
1781254553.299,0,0,0,0,0,-7.62,-0.9,0.0,0.0,0.0,0.0,0.0,0,90,0,1.26,0,0,0,0,0,0,0
1781254553.322,0,0,0,0,0,-7.59,-0.89,0.0,0.0,0.0,0.0,0.0,0,90,0,1.3,0,0,0,0,0,0,0
1781254553.345,0,0,0,0,0,-7.58,-0.9,0.0,0.0,0.0,0.0,0.0,0,90,0,1.33,0,0,0,0,0,0,0
1781254553.369,0,0,0,0,0,-7.56,-0.93,0.0,0.0,0.0,0.0,0.0,0,90,0,1.36,0,0,0,0,0,0,0
1781254553.394,0,0,0,0,0,-7.47,-0.95,0.0,0.0,0.0,0.0,0.0,0,90,0,1.38,0,0,0,0,0,0,0
1781254553.415,0,0,0,0,0,-7.3,-0.95,0.0,0.0,0.0,0.0,0.0,0,90,0,1.42,0,0,0,0,0,0,0
1781254553.439,0,0,0,0,0,-7.09,-0.93,0.0,0.0,0.0,0.0,0.0,0,90,0,1.47,0,0,0,0,0,0,0
1781254553.463,0,0,0,0,0,-6.83,-0.92,0.0,0.0,0.0,0.0,0.0,0,90,0,1.53,0,0,0,0,0,0,0
1781254553.487,0,0,0,0,0,-6.58,-0.92,0.0,0.0,0.0,0.0,0.0,0,90,0,1.6,0,0,0,0,0,0,0
1781254553.509,0,0,0,0,0,-6.37,-0.96,0.0,0.0,0.0,0.0,0.0,0,90,0,1.69,0,0,0,0,0,0,0
1781254553.532,0,0,0,0,0,-6.24,-1.06,0.0,0.0,0.0,0.0,0.0,0,90,0,1.78,0,0,0,0,0,0,0
1781254553.557,0,0,0,0,0,-6.18,-1.19,0.0,0.0,0.0,0.0,0.0,0,90,0,1.85,0,0,0,0,0,0,0
1781254553.581,0,0,0,0,0,-6.21,-1.3,0.0,0.0,0.0,0.0,0.0,0,90,0,1.91,0,0,0,0,0,0,0
1781254553.606,0,0,0,0,0,-6.26,-1.36,0.0,0.0,0.0,0.0,0.0,0,90,0,1.96,0,0,0,0,0,0,0
1781254553.628,0,0,0,0,0,-6.29,-1.37,0.0,0.0,0.0,0.0,0.0,0,90,0,1.98,0,0,0,0,0,0,0
1781254553.651,0,0,0,0,0,-6.27,-1.34,0.0,0.0,0.0,0.0,0.0,0,90,0,2.0,0,0,0,0,0,0,0
1781254553.674,0,0,0,0,0,-6.2,-1.31,0.0,0.0,0.0,0.0,0.0,0,90,0,2.02,0,0,0,0,0,0,0
1781254553.698,0,0,0,0,0,-6.11,-1.28,0.0,0.0,0.0,0.0,0.0,0,90,0,2.03,0,0,0,0,0,0,0
1781254553.722,0,0,0,0,0,-6.04,-1.27,0.0,0.0,0.0,0.0,0.0,0,90,0,2.04,0,0,0,0,0,0,0
1781254553.744,0,0,0,0,0,-5.99,-1.28,0.0,0.0,0.0,0.0,0.0,0,90,0,2.04,0,0,0,0,0,0,0
1781254553.768,0,0,0,0,0,-5.96,-1.29,0.0,0.0,0.0,0.0,0.0,0,90,0,2.04,0,0,0,0,0,0,0
1781254553.791,0,0,0,0,0,-5.94,-1.3,0.0,0.0,0.0,0.0,0.0,0,90,0,2.02,0,0,0,0,0,0,0
1781254553.821,0,0,0,0,0,-5.93,-1.31,0.0,0.0,0.0,0.0,0.0,0,90,0,2.0,0,0,0,0,0,0,0
1781254553.838,0,0,0,0,0,-5.94,-1.33,0.0,0.0,0.0,0.0,0.0,0,90,0,1.95,0,0,0,0,0,0,0
1781254553.86,0,0,0,0,0,-5.94,-1.36,0.0,0.0,0.0,0.0,0.0,0,90,0,1.9,0,0,0,0,0,0,0
1781254553.884,0,0,0,0,0,-5.93,-1.39,0.0,0.0,0.0,0.0,0.0,0,90,0,1.84,0,0,0,0,0,0,0
1781254553.907,0,0,0,0,0,-5.91,-1.43,0.0,0.0,0.0,0.0,0.0,0,90,0,1.77,0,0,0,0,0,0,0
1781254553.93,0,0,0,0,0,-5.9,-1.46,0.0,0.0,0.0,0.0,0.0,0,90,0,1.69,0,0,0,0,0,0,0
1781254553.955,0,0,0,0,0,-5.89,-1.5,0.0,0.0,0.0,0.0,0.0,0,90,0,1.62,0,0,0,0,0,0,0
1781254553.978,0,0,0,0,0,-5.88,-1.53,0.0,0.0,0.0,0.0,0.0,0,90,0,1.53,0,0,0,0,0,0,0
1781254554.0,0,0,0,0,0,-5.86,-1.56,0.0,0.0,0.0,0.0,0.0,0,90,0,1.45,0,0,0,0,0,0,0
1781254554.024,0,0,0,0,0,-5.84,-1.59,0.0,0.0,0.0,0.0,0.0,0,90,0,1.36,0,0,0,0,0,0,0
1781254554.048,0,0,0,0,0,-5.78,-1.6,0.0,0.0,0.0,0.0,0.0,0,90,0,1.27,0,0,0,0,0,0,0
1781254554.072,0,0,0,0,0,-5.74,-1.62,0.0,0.0,0.0,0.0,0.0,0,90,0,1.18,0,0,0,0,0,0,0
1781254554.095,0,0,0,0,0,-5.73,-1.62,0.0,0.0,0.0,0.0,0.0,0,90,0,1.09,0,0,0,0,0,0,0
1781254554.118,0,0,0,0,0,-5.75,-1.62,0.0,0.0,0.0,0.0,0.0,0,90,0,1.01,0,0,0,0,0,0,0
1781254554.141,0,0,0,0,0,-5.74,-1.62,0.0,0.0,0.0,0.0,0.0,0,90,0,0.92,0,0,0,0,0,0,0
1781254554.165,0,0,0,0,0,-5.72,-1.6,0.0,0.0,0.0,0.0,0.0,0,90,0,0.85,0,0,0,0,0,0,0
1781254554.191,0,0,0,0,0,-5.71,-1.55,0.0,0.0,0.0,0.0,0.0,0,90,0,0.8,0,0,0,0,0,0,0
1781254554.212,0,0,0,0,0,-5.72,-1.49,0.0,0.0,0.0,0.0,0.0,0,90,0,0.74,0,0,0,0,0,0,0
1781254554.236,0,0,0,0,0,-5.75,-1.45,0.0,0.0,0.0,0.0,0.0,0,90,0,0.7,0,0,0,0,0,0,0
1781254554.259,0,0,0,0,0,-5.77,-1.43,0.0,0.0,0.0,0.0,0.0,0,90,0,0.65,0,0,0,0,0,0,0
1781254554.283,0,0,0,0,0,-5.78,-1.44,0.0,0.0,0.0,0.0,0.0,0,90,0,0.61,0,0,0,0,0,0,0
1781254554.305,0,0,0,0,0,-5.76,-1.45,0.0,0.0,0.0,0.0,0.0,0,90,0,0.57,0,0,0,0,0,0,0
1781254554.329,0,0,0,0,0,-5.75,-1.49,0.0,0.0,0.0,0.0,0.0,0,90,0,0.53,0,0,0,0,0,0,0
1781254554.353,0,0,0,0,0,-5.72,-1.51,0.0,0.0,0.0,0.0,0.0,0,90,0,0.49,0,0,0,0,0,0,0
1781254554.377,0,0,0,0,0,-5.7,-1.52,0.0,0.0,0.0,0.0,0.0,0,90,0,0.45,0,0,0,0,0,0,0
1781254554.399,0,0,0,0,0,-5.67,-1.5,0.0,0.0,0.0,0.0,0.0,0,90,0,0.42,0,0,0,0,0,0,0
1781254554.424,0,0,0,0,0,-5.67,-1.47,0.0,0.0,0.0,0.0,0.0,0,90,0,0.38,0,0,0,0,0,0,0
1781254554.446,0,0,0,0,0,-5.72,-1.45,0.0,0.0,0.0,0.0,0.0,0,90,0,0.34,0,0,0,0,0,0,0
1781254554.469,0,0,0,0,0,-5.82,-1.47,0.0,0.0,0.0,0.0,0.0,0,90,0,0.3,0,0,0,0,0,0,0
1781254554.492,0,0,0,0,0,-5.9,-1.51,0.0,0.0,0.0,0.0,0.0,0,90,0,0.25,0,0,0,0,0,0,0
1781254554.515,0,0,0,0,0,-5.93,-1.54,0.0,0.0,0.0,0.0,0.0,0,90,0,0.21,0,0,0,0,0,0,0
1781254554.541,0,0,0,0,0,-5.93,-1.51,0.0,0.0,0.0,0.0,0.0,0,90,0,0.16,0,0,0,0,0,0,0
1781254554.563,0,0,0,0,0,-5.92,-1.43,0.0,0.0,0.0,0.0,0.0,0,90,0,0.12,0,0,0,0,0,0,0
1781254554.589,0,0,0,0,0,-5.9,-1.34,0.0,0.0,0.0,0.0,0.0,0,90,0,0.08,0,0,0,0,0,0,0
1781254554.61,0,0,0,0,0,-5.87,-1.28,0.0,0.0,0.0,0.0,0.0,0,90,0,0.06,0,0,0,0,0,0,0
1781254554.633,0,0,0,0,0,-5.85,-1.26,0.0,0.0,0.0,0.0,0.0,0,90,0,0.04,0,0,0,0,0,0,0
1781254554.657,0,0,0,0,0,-5.85,-1.26,0.0,0.0,0.0,0.0,0.0,0,90,0,0.03,0,0,0,0,0,0,0
1781254554.68,0,0,0,0,0,-5.87,-1.27,0.0,0.0,0.0,0.0,0.0,0,90,0,0.03,0,0,0,0,0,0,0
1781254554.703,0,0,0,0,0,-5.92,-1.28,0.0,0.0,0.0,0.0,0.0,0,90,0,0.03,0,0,0,0,0,0,0
1781254554.725,0,0,0,0,0,-5.98,-1.3,0.0,0.0,0.0,0.0,0.0,0,90,0,0.02,0,0,0,0,0,0,0
1781254554.749,0,0,0,0,0,-6.01,-1.32,0.0,0.0,0.0,0.0,0.0,0,90,0,0.02,0,0,0,0,0,0,0
1781254554.774,0,0,0,0,0,-6.01,-1.36,0.0,0.0,0.0,0.0,0.0,0,90,0,0.02,0,0,0,0,0,0,0
1781254554.798,0,0,0,0,0,-6.0,-1.43,0.0,0.0,0.0,0.0,0.0,0,90,0,0.02,0,0,0,0,0,0,0
1781254554.82,0,0,0,0,0,-5.98,-1.5,0.0,0.0,0.0,0.0,0.0,0,90,0,0.01,0,0,0,0,0,0,0
1781254554.844,0,0,0,0,0,-5.97,-1.6,0.0,0.0,0.0,0.0,0.0,0,90,0,0.01,0,0,0,0,0,0,0
1781254554.866,0,0,0,0,0,-5.96,-1.69,0.0,0.0,0.0,0.0,0.0,0,90,0,0.01,0,0,0,0,0,0,0
1781254554.89,0,0,0,0,0,-5.94,-1.78,0.0,0.0,0.0,0.0,0.0,0,90,0,0.02,0,0,0,0,0,0,0
1781254554.913,0,0,0,0,0,-5.91,-1.83,0.0,0.0,0.0,0.0,0.0,0,90,0,0.02,0,0,0,0,0,0,0
1781254554.937,0,0,0,0,0,-5.89,-1.83,0.0,0.0,0.0,0.0,0.0,0,90,0,0.02,0,0,0,0,0,0,0
1781254554.959,0,0,0,0,0,-5.87,-1.8,0.0,0.0,0.0,0.0,0.0,0,90,0,0.02,0,0,0,0,0,0,0
1781254554.983,0,0,0,0,0,-5.85,-1.77,0.0,0.0,0.0,0.0,0.0,0,90,0,0.02,0,0,0,0,0,0,0
1781254555.007,0,0,0,0,0,-5.84,-1.74,0.0,0.0,0.0,0.0,0.0,0,90,0,0.02,0,0,0,0,0,0,0
1781254555.03,0,0,0,0,0,-5.84,-1.71,0.0,0.0,0.0,0.0,0.0,0,90,0,0.02,0,0,0,0,0,0,0
1781254555.053,0,0,0,0,0,-5.85,-1.7,0.0,0.0,0.0,0.0,0.0,0,90,0,0.02,0,0,0,0,0,0,0
1781254555.077,0,0,0,0,0,-5.85,-1.69,0.0,0.0,0.0,0.0,0.0,0,90,0,0.02,0,0,0,0,0,0,0
1781254555.101,0,0,0,0,0,-5.84,-1.64,0.0,0.0,0.0,0.0,0.0,0,90,0,0.02,0,0,0,0,0,0,0
1781254555.124,0,0,0,0,0,-5.81,-1.52,0.0,0.0,0.0,0.0,0.0,0,90,0,0.02,0,0,0,0,0,0,0
1781254555.147,0,0,0,0,0,-5.75,-1.37,0.0,0.0,0.0,0.0,0.0,0,90,0,0.02,0,0,0,0,0,0,0
1781254555.171,0,0,0,0,0,-5.71,-1.27,0.0,0.0,0.0,0.0,0.0,0,90,0,0.02,0,0,0,0,0,0,0
1781254555.195,0,0,0,0,0,-5.72,-1.22,0.0,0.0,0.0,0.0,0.0,0,90,0,0.03,0,0,0,0,0,0,0
1781254555.218,0,0,0,0,0,-5.78,-1.19,0.0,0.0,0.0,0.0,0.0,0,90,0,0.03,0,0,0,0,0,0,0
1781254555.243,0,0,0,0,0,-5.82,-1.16,0.0,0.0,0.0,0.0,0.0,0,90,0,0.03,0,0,0,0,0,0,0
1781254555.266,0,0,0,0,0,-5.79,-1.12,0.0,0.0,0.0,0.0,0.0,0,90,0,0.03,0,0,0,0,0,0,0
1781254555.289,0,0,0,0,0,-5.71,-1.08,0.0,0.0,0.0,0.0,0.0,0,90,0,0.04,0,0,0,0,0,0,0
1781254555.312,0,0,0,0,0,-5.59,-1.08,0.0,0.0,0.0,0.0,0.0,0,90,0,0.04,0,0,0,0,0,0,0
1781254555.335,0,0,0,0,0,-5.5,-1.12,0.0,0.0,0.0,0.0,0.0,0,90,0,0.04,0,0,0,0,0,0,0
1781254555.36,0,0,0,0,0,-5.45,-1.18,0.0,0.0,0.0,0.0,0.0,0,90,0,0.04,0,0,0,0,0,0,0
1781254555.382,0,0,0,0,0,-5.42,-1.24,0.0,0.0,0.0,0.0,0.0,0,90,0,0.04,0,0,0,0,0,0,0
1781254555.406,0,0,0,0,0,-5.4,-1.29,0.0,0.0,0.0,0.0,0.0,0,90,0,0.04,0,0,0,0,0,0,0
1781254555.428,0,0,0,0,0,-5.38,-1.34,0.0,0.0,0.0,0.0,0.0,0,90,0,0.04,0,0,0,0,0,0,0
1781254555.452,0,0,0,0,0,-5.35,-1.38,0.0,0.0,0.0,0.0,0.0,0,90,0,0.04,0,0,0,0,0,0,0
1781254555.476,0,0,0,0,0,-5.32,-1.43,0.0,0.0,0.0,0.0,0.0,0,90,0,0.04,0,0,0,0,0,0,0
1781254555.499,0,0,0,0,0,-5.29,-1.49,0.0,0.0,0.0,0.0,0.0,0,90,0,0.04,0,0,0,0,0,0,0
1781254555.523,0,0,0,0,0,-5.27,-1.56,0.0,0.0,0.0,0.0,0.0,0,90,0,0.04,0,0,0,0,0,0,0
1781254555.545,0,0,0,0,0,-5.28,-1.61,0.0,0.0,0.0,0.0,0.0,0,90,0,0.05,0,0,0,0,0,0,0
1781254555.569,0,0,0,0,0,-5.29,-1.64,0.0,0.0,0.0,0.0,0.0,0,90,0,0.05,0,0,0,0,0,0,0
1781254555.593,0,0,0,0,0,-5.29,-1.65,0.0,0.0,0.0,0.0,0.0,0,90,0,0.06,0,0,0,0,0,0,0
1781254555.615,0,0,0,0,0,-5.29,-1.64,0.0,0.0,0.0,0.0,0.0,0,90,0,0.06,0,0,0,0,0,0,0
1781254555.639,0,0,0,0,0,-5.28,-1.58,0.0,0.0,0.0,0.0,0.0,0,90,0,0.06,0,0,0,0,0,0,0
1781254555.662,0,0,0,0,0,-5.29,-1.51,0.0,0.0,0.0,0.0,0.0,0,90,0,0.07,0,0,0,0,0,0,0
1781254555.687,0,0,0,0,0,-5.32,-1.47,0.0,0.0,0.0,0.0,0.0,0,90,0,0.07,0,0,0,0,0,0,0
1781254555.71,0,0,0,0,0,-5.4,-1.44,0.0,0.0,0.0,0.0,0.0,0,90,0,0.07,0,0,0,0,0,0,0
1781254555.732,0,0,0,0,0,-5.5,-1.42,0.0,0.0,0.0,0.0,0.0,0,90,0,0.07,0,0,0,0,0,0,0
1781254555.757,0,0,0,0,0,-5.57,-1.4,0.0,0.0,0.0,0.0,0.0,0,90,0,0.07,0,0,0,0,0,0,0
1781254555.78,0,0,0,0,0,-5.59,-1.38,0.0,0.0,0.0,0.0,0.0,0,90,0,0.07,0,0,0,0,0,0,0
1781254555.803,0,0,0,0,0,-5.55,-1.34,0.0,0.0,0.0,0.0,0.0,0,90,0,0.07,0,0,0,0,0,0,0
1781254555.827,0,0,0,0,0,-5.5,-1.31,0.0,0.0,0.0,0.0,0.0,0,90,0,0.07,0,0,0,0,0,0,0
1781254555.85,0,0,0,0,0,-5.47,-1.31,0.0,0.0,0.0,0.0,0.0,0,90,0,0.07,0,0,0,0,0,0,0
1781254555.875,0,0,0,0,0,-5.5,-1.34,0.0,0.0,0.0,0.0,0.0,0,90,0,0.06,0,0,0,0,0,0,0
1781254555.897,0,0,0,0,0,-5.55,-1.39,0.0,0.0,0.0,0.0,0.0,0,90,0,0.06,0,0,0,0,0,0,0
1781254555.92,0,0,0,0,0,-5.6,-1.45,0.0,0.0,0.0,0.0,0.0,0,90,0,0.06,0,0,0,0,0,0,0
1781254555.945,0,0,0,0,0,-5.61,-1.5,0.0,0.0,0.0,0.0,0.0,0,90,0,0.06,0,0,0,0,0,0,0
1781254555.967,0,0,0,0,0,-5.59,-1.53,0.0,0.0,0.0,0.0,0.0,0,90,0,0.05,0,0,0,0,0,0,0
1781254555.992,0,0,0,0,0,-5.56,-1.53,0.0,0.0,0.0,0.0,0.0,0,90,0,0.05,0,0,0,0,0,0,0
1781254556.013,0,0,0,0,0,-5.58,-1.53,0.0,0.0,0.0,0.0,0.0,0,90,0,0.05,0,0,0,0,0,0,0
1781254556.037,0,0,0,0,0,-5.64,-1.54,0.0,0.0,0.0,0.0,0.0,0,90,0,0.04,0,0,0,0,0,0,0
1781254556.061,0,0,0,0,0,-5.71,-1.57,0.0,0.0,0.0,0.0,0.0,0,90,0,0.04,0,0,0,0,0,0,0
1781254556.084,0,0,0,0,0,-5.77,-1.59,0.0,0.0,0.0,0.0,0.0,0,90,0,0.04,0,0,0,0,0,0,0
1781254556.108,0,0,0,0,0,-5.8,-1.58,0.0,0.0,0.0,0.0,0.0,0,90,0,0.04,0,0,0,0,0,0,0
1781254556.131,0,0,0,0,0,-5.82,-1.55,0.0,0.0,0.0,0.0,0.0,0,90,0,0.04,0,0,0,0,0,0,0
1781254556.154,0,0,0,0,0,-5.82,-1.53,0.0,0.0,0.0,0.0,0.0,0,90,0,0.04,0,0,0,0,0,0,0
1781254556.179,0,0,0,0,0,-5.81,-1.54,0.0,0.0,0.0,0.0,0.0,0,90,0,0.04,0,0,0,0,0,0,0
1781254556.201,0,0,0,0,0,-5.8,-1.58,0.0,0.0,0.0,0.0,0.0,0,90,0,0.04,0,0,0,0,0,0,0
1781254556.224,0,0,0,0,0,-5.8,-1.61,0.0,0.0,0.0,0.0,0.0,0,90,0,0.04,0,0,0,0,0,0,0
1781254556.247,0,0,0,0,0,-5.79,-1.63,0.0,0.0,0.0,0.0,0.0,0,90,0,0.04,0,0,0,0,0,0,0
1781254556.271,0,0,0,0,0,-5.78,-1.63,0.0,0.0,0.0,0.0,0.0,0,90,0,0.04,0,0,0,0,0,0,0
1781254556.295,0,0,0,0,0,-5.74,-1.64,0.0,0.0,0.0,0.0,0.0,0,90,0,0.04,0,0,0,0,0,0,0
1781254556.318,0,0,0,0,0,-5.71,-1.66,0.0,0.0,0.0,0.0,0.0,0,90,0,0.03,0,0,0,0,0,0,0
1781254556.341,0,0,0,0,0,-5.67,-1.69,0.0,0.0,0.0,0.0,0.0,0,90,0,0.03,0,0,0,0,0,0,0
1781254556.364,0,0,0,0,0,-5.64,-1.7,0.0,0.0,0.0,0.0,0.0,0,90,0,0.03,0,0,0,0,0,0,0
1781254556.389,0,0,0,0,0,-5.63,-1.67,0.0,0.0,0.0,0.0,0.0,0,90,0,0.03,0,0,0,0,0,0,0
1781254556.412,0,0,0,0,0,-5.65,-1.62,0.0,0.0,0.0,0.0,0.0,0,90,0,0.03,0,0,0,0,0,0,0
1781254556.434,0,0,0,0,0,-5.66,-1.57,0.0,0.0,0.0,0.0,0.0,0,90,0,0.03,0,0,0,0,0,0,0
1781254556.458,0,0,0,0,0,-5.65,-1.48,0.0,0.0,0.0,0.0,0.0,0,90,0,0.03,0,0,0,0,0,0,0
1781254556.481,0,0,0,0,0,-5.63,-1.36,0.0,0.0,0.0,0.0,0.0,0,90,0,0.03,0,0,0,0,0,0,0
1781254556.505,0,0,0,0,0,-5.61,-1.26,0.0,0.0,0.0,0.0,0.0,0,90,0,0.03,0,0,0,0,0,0,0
1781254556.528,0,0,0,0,0,-5.6,-1.2,0.0,0.0,0.0,0.0,0.0,0,90,0,0.03,0,0,0,0,0,0,0
1781254556.552,0,0,0,0,0,-5.61,-1.18,0.0,0.0,0.0,0.0,0.0,0,90,0,0.03,0,0,0,0,0,0,0
1781254556.576,0,0,0,0,0,-5.63,-1.19,0.0,0.0,0.0,0.0,0.0,0,90,0,0.03,0,0,0,0,0,0,0
1781254556.598,0,0,0,0,0,-5.63,-1.21,0.0,0.0,0.0,0.0,0.0,0,90,0,0.03,0,0,0,0,0,0,0
1781254556.621,0,0,0,0,0,-5.63,-1.27,0.0,0.0,0.0,0.0,0.0,0,90,0,0.03,0,0,0,0,0,0,0
1781254556.646,0,0,0,0,0,-5.62,-1.35,0.0,0.0,0.0,0.0,0.0,0,90,0,0.03,0,0,0,0,0,0,0
1781254556.67,0,0,0,0,0,-5.62,-1.44,0.0,0.0,0.0,0.0,0.0,0,90,0,0.03,0,0,0,0,0,0,0
1781254556.693,0,0,0,0,0,-5.61,-1.51,0.0,0.0,0.0,0.0,0.0,0,90,0,0.02,0,0,0,0,0,0,0
1781254556.715,0,0,0,0,0,-5.6,-1.56,0.0,0.0,0.0,0.0,0.0,0,90,0,0.02,0,0,0,0,0,0,0
1781254556.739,0,0,0,0,0,-5.58,-1.59,0.0,0.0,0.0,0.0,0.0,0,90,0,0.02,0,0,0,0,0,0,0
1781254556.763,0,0,0,0,0,-5.59,-1.61,0.0,0.0,0.0,0.0,0.0,0,90,0,0.02,0,0,0,0,0,0,0
1781254556.785,0,0,0,0,0,-5.61,-1.61,0.0,0.0,0.0,0.0,0.0,0,90,0,0.02,0,0,0,0,0,0,0
1781254556.809,0,0,0,0,0,-5.64,-1.61,0.0,0.0,0.0,0.0,0.0,0,90,0,0.02,0,0,0,0,0,0,0
1781254556.833,0,0,0,0,0,-5.68,-1.61,0.0,0.0,0.0,0.0,0.0,0,90,0,0.02,0,0,0,0,0,0,0
1781254556.858,0,0,0,0,0,-5.71,-1.58,0.0,0.0,0.0,0.0,0.0,0,90,0,0.02,0,0,0,0,0,0,0
1781254556.881,0,0,0,0,0,-5.74,-1.54,0.0,0.0,0.0,0.0,0.0,0,90,0,0.02,0,0,0,0,0,0,0
1781254556.904,0,0,0,0,0,-5.75,-1.51,0.0,0.0,0.0,0.0,0.0,0,90,0,0.02,0,0,0,0,0,0,0
1781254556.927,0,0,0,0,0,-5.77,-1.51,0.0,0.0,0.0,0.0,0.0,0,90,0,0.02,0,0,0,0,0,0,0
1781254556.949,0,0,0,0,0,-5.79,-1.51,0.0,0.0,0.0,0.0,0.0,0,90,0,0.02,0,0,0,0,0,0,0
1781254556.975,0,0,0,0,0,-5.82,-1.52,0.0,0.0,0.0,0.0,0.0,0,90,0,0.02,0,0,0,0,0,0,0
1781254556.999,0,0,0,0,0,-5.85,-1.53,0.0,0.0,0.0,0.0,0.0,0,90,0,0.02,0,0,0,0,0,0,0
1781254557.021,0,0,0,0,0,-5.89,-1.55,0.0,0.0,0.0,0.0,0.0,0,90,0,0.02,0,0,0,0,0,0,0
1781254557.044,0,0,0,0,0,-5.92,-1.56,0.0,0.0,0.0,0.0,0.0,0,90,0,0.02,0,0,0,0,0,0,0
1781254557.068,0,0,0,0,0,-5.94,-1.6,0.0,0.0,0.0,0.0,0.0,0,90,0,0.02,0,0,0,0,0,0,0
1781254557.092,0,0,0,0,0,-5.96,-1.66,0.0,0.0,0.0,0.0,0.0,0,90,0,0.02,0,0,0,0,0,0,0
1781254557.115,0,0,0,0,0,-6.03,-1.69,0.0,0.0,0.0,0.0,0.0,0,90,0,0.02,0,0,0,0,0,0,0
1781254557.139,0,0,0,0,0,-6.12,-1.69,0.0,0.0,0.0,0.0,0.0,0,90,0,0.02,0,0,0,0,0,0,0
1781254557.162,0,0,0,0,0,-6.18,-1.69,0.0,0.0,0.0,0.0,0.0,0,90,0,0.02,0,0,0,0,0,0,0
1781254557.185,0,0,0,0,0,-6.22,-1.68,0.0,0.0,0.0,0.0,0.0,0,90,0,0.02,0,0,0,0,0,0,0
1781254557.208,0,0,0,0,0,-6.23,-1.65,0.0,0.0,0.0,0.0,0.0,0,90,0,0.03,0,0,0,0,0,0,0
1781254557.232,0,0,0,0,0,-6.24,-1.6,0.0,0.0,0.0,0.0,0.0,0,90,0,0.03,0,0,0,0,0,0,0
1781254557.256,0,0,0,0,0,-6.24,-1.55,0.0,0.0,0.0,0.0,0.0,0,90,0,0.04,0,0,0,0,0,0,0
1781254557.279,0,0,0,0,0,-6.24,-1.49,0.0,0.0,0.0,0.0,0.0,0,90,0,0.04,0,0,0,0,0,0,0
1781254557.302,0,0,0,0,0,-6.22,-1.45,0.0,0.0,0.0,0.0,0.0,0,90,0,0.04,0,0,0,0,0,0,0
1781254557.326,0,0,0,0,0,-6.2,-1.45,0.0,0.0,0.0,0.0,0.0,0,90,0,0.05,0,0,0,0,0,0,0
1781254557.349,0,0,0,0,0,-6.21,-1.48,0.0,0.0,0.0,0.0,0.0,0,90,0,0.05,0,0,0,0,0,0,0
1781254557.373,0,0,0,0,0,-6.24,-1.53,0.0,0.0,0.0,0.0,0.0,0,90,0,0.05,0,0,0,0,0,0,0
1781254557.396,0,0,0,0,0,-6.27,-1.58,0.0,0.0,0.0,0.0,0.0,0,90,0,0.06,0,0,0,0,0,0,0
1781254557.419,0,0,0,0,0,-6.28,-1.61,0.0,0.0,0.0,0.0,0.0,0,90,0,0.06,0,0,0,0,0,0,0
1781254557.443,0,0,0,0,0,-6.28,-1.63,0.0,0.0,0.0,0.0,0.0,0,90,0,0.07,0,0,0,0,0,0,0
1781254557.468,0,0,0,0,0,-6.27,-1.65,0.0,0.0,0.0,0.0,0.0,0,90,0,0.07,0,0,0,0,0,0,0
1781254557.489,0,0,0,0,0,-6.25,-1.66,0.0,0.0,0.0,0.0,0.0,0,90,0,0.07,0,0,0,0,0,0,0
1781254557.513,0,0,0,0,0,-6.23,-1.66,0.0,0.0,0.0,0.0,0.0,0,90,0,0.07,0,0,0,0,0,0,0
1781254557.537,0,0,0,0,0,-6.21,-1.65,0.0,0.0,0.0,0.0,0.0,0,90,0,0.07,0,0,0,0,0,0,0
1781254557.56,0,0,0,0,0,-6.19,-1.6,0.0,0.0,0.0,0.0,0.0,0,90,0,0.07,0,0,0,0,0,0,0
1781254557.584,0,0,0,0,0,-6.14,-1.57,0.0,0.0,0.0,0.0,0.0,0,90,0,0.07,0,0,0,0,0,0,0
1781254557.607,0,0,0,0,0,-6.08,-1.55,0.0,0.0,0.0,0.0,0.0,0,90,0,0.07,0,0,0,0,0,0,0
1781254557.629,0,0,0,0,0,-6.02,-1.55,0.0,0.0,0.0,0.0,0.0,0,90,0,0.07,0,0,0,0,0,0,0
1781254557.653,0,0,0,0,0,-5.95,-1.54,0.0,0.0,0.0,0.0,0.0,0,90,0,0.07,0,0,0,0,0,0,0
1781254557.677,0,0,0,0,0,-5.89,-1.52,0.0,0.0,0.0,0.0,0.0,0,90,0,0.07,0,0,0,0,0,0,0
1781254557.7,0,0,0,0,0,-5.84,-1.52,0.0,0.0,0.0,0.0,0.0,0,90,0,0.06,0,0,0,0,0,0,0
1781254557.726,0,0,0,0,0,-5.79,-1.52,0.0,0.0,0.0,0.0,0.0,0,90,0,0.06,0,0,0,0,0,0,0
1781254557.747,0,0,0,0,0,-5.75,-1.53,0.0,0.0,0.0,0.0,0.0,0,90,0,0.06,0,0,0,0,0,0,0
1781254557.77,0,0,0,0,0,-5.75,-1.55,0.0,0.0,0.0,0.0,0.0,0,90,0,0.06,0,0,0,0,0,0,0
1781254557.794,0,0,0,0,0,-5.78,-1.57,0.0,0.0,0.0,0.0,0.0,0,90,0,0.06,0,0,0,0,0,0,0
1781254557.818,0,0,0,0,0,-5.79,-1.59,0.0,0.0,0.0,0.0,0.0,0,90,0,0.06,0,0,0,0,0,0,0
1781254557.841,0,0,0,0,0,-5.79,-1.61,0.0,0.0,0.0,0.0,0.0,0,90,0,0.06,0,0,0,0,0,0,0
1781254557.864,0,0,0,0,0,-5.77,-1.61,0.0,0.0,0.0,0.0,0.0,0,90,0,0.05,0,0,0,0,0,0,0
1781254557.889,0,0,0,0,0,-5.77,-1.6,0.0,0.0,0.0,0.0,0.0,0,90,0,0.05,0,0,0,0,0,0,0
1781254557.912,0,0,0,0,0,-5.78,-1.59,0.0,0.0,0.0,0.0,0.0,0,90,0,0.05,0,0,0,0,0,0,0
1781254557.935,0,0,0,0,0,-5.78,-1.58,0.0,0.0,0.0,0.0,0.0,0,90,0,0.05,0,0,0,0,0,0,0
1781254557.959,0,0,0,0,0,-5.78,-1.54,0.0,0.0,0.0,0.0,0.0,0,90,0,0.04,0,0,0,0,0,0,0
1781254557.982,0,0,0,0,0,-5.78,-1.5,0.0,0.0,0.0,0.0,0.0,0,90,0,0.04,0,0,0,0,0,0,0
1781254558.006,0,0,0,0,0,-5.77,-1.49,0.0,0.0,0.0,0.0,0.0,0,90,0,0.04,0,0,0,0,0,0,0
1781254558.03,0,0,0,0,0,-5.74,-1.49,0.0,0.0,0.0,0.0,0.0,0,90,0,0.04,0,0,0,0,0,0,0
1781254558.053,0,0,0,0,0,-5.71,-1.5,0.0,0.0,0.0,0.0,0.0,0,90,0,0.04,0,0,0,0,0,0,0
1781254558.075,0,0,0,0,0,-5.71,-1.53,0.0,0.0,0.0,0.0,0.0,0,90,0,0.04,0,0,0,0,0,0,0
1781254558.099,0,0,0,0,0,-5.71,-1.56,0.0,0.0,0.0,0.0,0.0,0,90,0,0.04,0,0,0,0,0,0,0
1781254558.123,0,0,0,0,0,-5.71,-1.61,0.0,0.0,0.0,0.0,0.0,0,90,0,0.04,0,0,0,0,0,0,0
1781254558.147,0,0,0,0,0,-5.7,-1.65,0.0,0.0,0.0,0.0,0.0,0,90,0,0.05,0,0,0,0,0,0,0
1781254558.175,0,0,0,0,0,-5.69,-1.69,0.0,0.0,0.0,0.0,0.0,0,90,0,0.05,0,0,0,0,0,0,0
1781254558.193,0,0,0,0,0,-5.67,-1.7,0.0,0.0,0.0,0.0,0.0,0,90,0,0.05,0,0,0,0,0,0,0
1781254558.215,0,0,0,0,0,-5.62,-1.68,0.0,0.0,0.0,0.0,0.0,0,90,0,0.05,0,0,0,0,0,0,0
1781254558.24,0,0,0,0,0,-5.55,-1.63,0.0,0.0,0.0,0.0,0.0,0,90,0,0.05,0,0,0,0,0,0,0
1781254558.263,0,0,0,0,0,-5.48,-1.57,0.0,0.0,0.0,0.0,0.0,0,90,0,0.06,0,0,0,0,0,0,0
1781254558.289,0,0,0,0,0,-5.45,-1.51,0.0,0.0,0.0,0.0,0.0,0,90,0,0.06,0,0,0,0,0,0,0
1781254558.31,0,0,0,0,0,-5.45,-1.48,0.0,0.0,0.0,0.0,0.0,0,90,0,0.07,0,0,0,0,0,0,0
1781254558.333,0,0,0,0,0,-5.45,-1.49,0.0,0.0,0.0,0.0,0.0,0,90,0,0.07,0,0,0,0,0,0,0
1781254558.358,0,0,0,0,0,-5.45,-1.51,0.0,0.0,0.0,0.0,0.0,0,90,0,0.07,0,0,0,0,0,0,0
1781254558.381,0,0,0,0,0,-5.44,-1.52,0.0,0.0,0.0,0.0,0.0,0,90,0,0.07,0,0,0,0,0,0,0
1781254558.406,0,0,0,0,0,-5.43,-1.53,0.0,0.0,0.0,0.0,0.0,0,90,0,0.08,0,0,0,0,0,0,0
1781254558.427,0,0,0,0,0,-5.45,-1.54,0.0,0.0,0.0,0.0,0.0,0,90,0,0.08,0,0,0,0,0,0,0
1781254558.45,0,0,0,0,0,-5.46,-1.55,0.0,0.0,0.0,0.0,0.0,0,90,0,0.08,0,0,0,0,0,0,0
1781254558.474,0,0,0,0,0,-5.46,-1.55,0.0,0.0,0.0,0.0,0.0,0,90,0,0.08,0,0,0,0,0,0,0
1781254558.497,0,0,0,0,0,-5.45,-1.53,0.0,0.0,0.0,0.0,0.0,0,90,0,0.08,0,0,0,0,0,0,0
1781254558.522,0,0,0,0,0,-5.44,-1.51,0.0,0.0,0.0,0.0,0.0,0,90,0,0.07,0,0,0,0,0,0,0
1781254558.545,0,0,0,0,0,-5.45,-1.46,0.0,0.0,0.0,0.0,0.0,0,90,0,0.07,0,0,0,0,0,0,0
1781254558.568,0,0,0,0,0,-5.5,-1.4,0.0,0.0,0.0,0.0,0.0,0,90,0,0.07,0,0,0,0,0,0,0
1781254558.59,0,0,0,0,0,-5.55,-1.34,0.0,0.0,0.0,0.0,0.0,0,90,0,0.06,0,0,0,0,0,0,0
1781254558.614,0,0,0,0,0,-5.58,-1.28,0.0,0.0,0.0,0.0,0.0,0,90,0,0.06,0,0,0,0,0,0,0
1781254558.638,0,0,0,0,0,-5.58,-1.23,0.0,0.0,0.0,0.0,0.0,0,90,0,0.05,0,0,0,0,0,0,0
1781254558.661,0,0,0,0,0,-5.56,-1.21,0.0,0.0,0.0,0.0,0.0,0,90,0,0.05,0,0,0,0,0,0,0
1781254558.686,0,0,0,0,0,-5.56,-1.22,0.0,0.0,0.0,0.0,0.0,0,90,0,0.04,0,0,0,0,0,0,0
1781254558.708,0,0,0,0,0,-5.59,-1.25,0.0,0.0,0.0,0.0,0.0,0,90,0,0.04,0,0,0,0,0,0,0
1781254558.732,0,0,0,0,0,-5.65,-1.3,0.0,0.0,0.0,0.0,0.0,0,90,0,0.03,0,0,0,0,0,0,0
1781254558.756,0,0,0,0,0,-5.71,-1.34,0.0,0.0,0.0,0.0,0.0,0,90,0,0.03,0,0,0,0,0,0,0
1781254558.779,0,0,0,0,0,-5.75,-1.38,0.0,0.0,0.0,0.0,0.0,0,90,0,0.02,0,0,0,0,0,0,0
1781254558.803,0,0,0,0,0,-5.75,-1.4,0.0,0.0,0.0,0.0,0.0,0,90,0,0.02,0,0,0,0,0,0,0
1781254558.827,0,0,0,0,0,-5.75,-1.4,0.0,0.0,0.0,0.0,0.0,0,90,0,0.02,0,0,0,0,0,0,0
1781254558.849,0,0,0,0,0,-5.74,-1.41,0.0,0.0,0.0,0.0,0.0,0,90,0,0.02,0,0,0,0,0,0,0
1781254558.873,0,0,0,0,0,-5.76,-1.42,0.0,0.0,0.0,0.0,0.0,0,90,0,0.02,0,0,0,0,0,0,0
1781254558.895,0,0,0,0,0,-5.78,-1.42,0.0,0.0,0.0,0.0,0.0,0,90,0,0.02,0,0,0,0,0,0,0
1781254558.919,0,0,0,0,0,-5.8,-1.41,0.0,0.0,0.0,0.0,0.0,0,90,0,0.02,0,0,0,0,0,0,0
1781254558.943,0,0,0,0,0,-5.79,-1.39,0.0,0.0,0.0,0.0,0.0,0,90,0,0.02,0,0,0,0,0,0,0
1781254558.967,0,0,0,0,0,-5.76,-1.38,0.0,0.0,0.0,0.0,0.0,0,90,0,0.02,0,0,0,0,0,0,0
1781254558.99,0,0,0,0,0,-5.76,-1.38,0.0,0.0,0.0,0.0,0.0,0,90,0,0.02,0,0,0,0,0,0,0
1781254559.012,0,0,0,0,0,-5.8,-1.41,0.0,0.0,0.0,0.0,0.0,0,90,0,0.02,0,0,0,0,0,0,0
1781254559.037,0,0,0,0,0,-5.87,-1.43,0.0,0.0,0.0,0.0,0.0,0,90,0,0.02,0,0,0,0,0,0,0
1781254559.06,0,0,0,0,0,-5.91,-1.45,0.0,0.0,0.0,0.0,0.0,0,90,0,0.02,0,0,0,0,0,0,0
1781254559.084,0,0,0,0,0,-5.9,-1.45,0.0,0.0,0.0,0.0,0.0,0,90,0,0.02,0,0,0,0,0,0,0
1781254559.107,0,0,0,0,0,-5.88,-1.42,0.0,0.0,0.0,0.0,0.0,0,90,0,0.02,0,0,0,0,0,0,0
1781254559.13,0,0,0,0,0,-5.91,-1.38,0.0,0.0,0.0,0.0,0.0,0,90,0,0.02,0,0,0,0,0,0,0
1781254559.155,0,0,0,0,0,-5.99,-1.32,0.0,0.0,0.0,0.0,0.0,0,90,0,0.02,0,0,0,0,0,0,0
1781254559.178,0,0,0,0,0,-6.09,-1.26,0.0,0.0,0.0,0.0,0.0,0,90,0,0.03,0,0,0,0,0,0,0
1781254559.201,0,0,0,0,0,-6.14,-1.21,0.0,0.0,0.0,0.0,0.0,0,90,0,0.03,0,0,0,0,0,0,0
1781254559.224,0,0,0,0,0,-6.06,-1.16,0.0,0.0,0.0,0.0,0.0,0,90,0,0.03,0,0,0,0,0,0,0
1781254559.247,0,0,0,0,0,-5.89,-1.11,0.0,0.0,0.0,0.0,0.0,0,90,0,0.04,0,0,0,0,0,0,0
1781254559.271,0,0,0,0,0,-5.78,-1.05,0.0,0.0,0.0,0.0,0.0,0,90,0,0.04,0,0,0,0,0,0,0
1781254559.293,0,0,0,0,0,-5.86,-0.98,0.0,0.0,0.0,0.0,0.0,0,90,0,0.04,0,0,0,0,0,0,0
1781254559.318,0,0,0,0,0,-6.12,-0.91,0.0,0.0,0.0,0.0,0.0,0,90,0,0.04,0,0,0,0,0,0,0
1781254559.341,0,0,0,0,0,-6.42,-0.89,0.0,0.0,0.0,0.0,0.0,0,90,0,0.05,0,0,0,0,0,0,0
1781254559.364,0,0,0,0,0,-6.58,-0.91,0.0,0.0,0.0,0.0,0.0,0,90,0,0.07,0,0,0,0,0,0,0
1781254559.388,0,0,0,0,0,-6.58,-0.92,0.0,0.0,0.0,0.0,0.0,0,90,0,0.08,0,0,0,0,0,0,0
1781254559.412,0,0,0,0,0,-6.49,-0.9,0.0,0.0,0.0,0.0,0.0,0,90,0,0.09,0,0,0,0,0,0,0
1781254559.434,0,0,0,0,0,-6.42,-0.85,0.0,0.0,0.0,0.0,0.0,0,90,0,0.1,0,0,0,0,0,0,0
1781254559.458,0,0,0,0,0,-6.44,-0.81,0.0,0.0,0.0,0.0,0.0,0,90,0,0.1,0,0,0,0,0,0,0
1781254559.481,0,0,0,0,0,-6.53,-0.82,0.0,0.0,0.0,0.0,0.0,0,90,0,0.11,0,0,0,0,0,0,0
1781254559.505,0,0,0,0,0,-6.63,-0.84,0.0,0.0,0.0,0.0,0.0,0,90,0,0.12,0,0,0,0,0,0,0
1781254559.528,0,0,0,0,0,-6.69,-0.85,0.0,0.0,0.0,0.0,0.0,0,90,0,0.13,0,0,0,0,0,0,0
1781254559.553,0,0,0,0,0,-6.69,-0.85,0.0,0.0,0.0,0.0,0.0,0,90,0,0.14,0,0,0,0,0,0,0
1781254559.578,0,0,0,0,0,-6.63,-0.85,0.0,0.0,0.0,0.0,0.0,0,90,0,0.15,0,0,0,0,0,0,0
1781254559.6,0,0,0,0,0,-6.54,-0.86,0.0,0.0,0.0,0.0,0.0,0,90,0,0.15,0,0,0,0,0,0,0
1781254559.623,0,0,0,0,0,-6.46,-0.88,0.0,0.0,0.0,0.0,0.0,0,90,0,0.15,0,0,0,0,0,0,0
1781254559.646,0,0,0,0,0,-6.43,-0.91,0.0,0.0,0.0,0.0,0.0,0,90,0,0.15,0,0,0,0,0,0,0
1781254559.67,0,0,0,0,0,-6.44,-0.94,0.0,0.0,0.0,0.0,0.0,0,90,0,0.15,0,0,0,0,0,0,0
1781254559.694,0,0,0,0,0,-6.46,-0.96,0.0,0.0,0.0,0.0,0.0,0,90,0,0.14,0,0,0,0,0,0,0
1781254559.715,0,0,0,0,0,-6.47,-0.98,0.0,0.0,0.0,0.0,0.0,0,90,0,0.14,0,0,0,0,0,0,0
1781254559.74,0,0,0,0,0,-6.45,-0.98,0.0,0.0,0.0,0.0,0.0,0,90,0,0.14,0,0,0,0,0,0,0
1781254559.763,0,0,0,0,0,-6.41,-0.98,0.0,0.0,0.0,0.0,0.0,0,90,0,0.14,0,0,0,0,0,0,0
1781254559.788,0,0,0,0,0,-6.38,-0.99,0.0,0.0,0.0,0.0,0.0,0,90,0,0.13,0,0,0,0,0,0,0
1781254559.811,0,0,0,0,0,-6.37,-1.0,0.0,0.0,0.0,0.0,0.0,0,90,0,0.13,0,0,0,0,0,0,0
1781254559.834,0,0,0,0,0,-6.37,-1.02,0.0,0.0,0.0,0.0,0.0,0,90,0,0.12,0,0,0,0,0,0,0
1781254559.858,0,0,0,0,0,-6.37,-1.09,0.0,0.0,0.0,0.0,0.0,0,90,0,0.12,0,0,0,0,0,0,0
1781254559.88,0,0,0,0,0,-6.37,-1.2,0.0,0.0,0.0,0.0,0.0,0,90,0,0.11,0,0,0,0,0,0,0
1781254559.903,0,0,0,0,0,-6.36,-1.33,0.0,0.0,0.0,0.0,0.0,0,90,0,0.11,0,0,0,0,0,0,0
1781254559.928,0,0,0,0,0,-6.35,-1.45,0.0,0.0,0.0,0.0,0.0,0,90,0,0.1,0,0,0,0,0,0,0
1781254559.951,0,0,0,0,0,-6.35,-1.54,0.0,0.0,0.0,0.0,0.0,0,90,0,0.1,0,0,0,0,0,0,0
1781254559.975,0,0,0,0,0,-6.36,-1.61,0.0,0.0,0.0,0.0,0.0,0,90,0,0.1,0,0,0,0,0,0,0
1781254559.999,0,0,0,0,0,-6.4,-1.67,0.0,0.0,0.0,0.0,0.0,0,90,0,0.09,0,0,0,0,0,0,0
1781254560.022,0,0,0,0,0,-6.46,-1.73,0.0,0.0,0.0,0.0,0.0,0,90,0,0.09,0,0,0,0,0,0,0
1781254560.044,0,0,0,0,0,-6.51,-1.75,0.0,0.0,0.0,0.0,0.0,0,90,0,0.09,0,0,0,0,0,0,0
1781254560.068,0,0,0,0,0,-6.52,-1.7,0.0,0.0,0.0,0.0,0.0,0,90,0,0.08,0,0,0,0,0,0,0
1781254560.091,0,0,0,0,0,-6.52,-1.57,0.0,0.0,0.0,0.0,0.0,0,90,0,0.08,0,0,0,0,0,0,0
1781254560.115,0,0,0,0,0,-6.52,-1.43,0.0,0.0,0.0,0.0,0.0,0,90,0,0.08,0,0,0,0,0,0,0
1781254560.139,0,0,0,0,0,-6.53,-1.33,0.0,0.0,0.0,0.0,0.0,0,90,0,0.08,0,0,0,0,0,0,0
1781254560.163,0,0,0,0,0,-6.57,-1.3,0.0,0.0,0.0,0.0,0.0,0,90,0,0.08,0,0,0,0,0,0,0
1781254560.186,0,0,0,0,0,-6.62,-1.31,0.0,0.0,0.0,0.0,0.0,0,90,0,0.08,0,0,0,0,0,0,0
1781254560.209,0,0,0,0,0,-6.64,-1.33,0.0,0.0,0.0,0.0,0.0,0,90,0,0.08,0,0,0,0,0,0,0
1781254560.232,0,0,0,0,0,-6.6,-1.35,0.0,0.0,0.0,0.0,0.0,0,90,0,0.08,0,0,0,0,0,0,0
1781254560.256,0,0,0,0,0,-6.52,-1.35,0.0,0.0,0.0,0.0,0.0,0,90,0,0.08,0,0,0,0,0,0,0
1781254560.28,0,0,0,0,0,-6.43,-1.35,0.0,0.0,0.0,0.0,0.0,0,90,0,0.08,0,0,0,0,0,0,0
1781254560.303,0,0,0,0,0,-6.36,-1.35,0.0,0.0,0.0,0.0,0.0,0,90,0,0.08,0,0,0,0,0,0,0
1781254560.326,0,0,0,0,0,-6.31,-1.36,0.0,0.0,0.0,0.0,0.0,0,90,0,0.08,0,0,0,0,0,0,0
1781254560.348,0,0,0,0,0,-6.27,-1.38,0.0,0.0,0.0,0.0,0.0,0,90,0,0.08,0,0,0,0,0,0,0
1781254560.373,0,0,0,0,0,-6.21,-1.39,0.0,0.0,0.0,0.0,0.0,0,90,0,0.08,0,0,0,0,0,0,0
1781254560.396,0,0,0,0,0,-6.14,-1.38,0.0,0.0,0.0,0.0,0.0,0,90,0,0.08,0,0,0,0,0,0,0
1781254560.418,0,0,0,0,0,-6.06,-1.35,0.0,0.0,0.0,0.0,0.0,0,90,0,0.08,0,0,0,0,0,0,0
1781254560.443,0,0,0,0,0,-5.99,-1.33,0.0,0.0,0.0,0.0,0.0,0,90,0,0.08,0,0,0,0,0,0,0
1781254560.465,0,0,0,0,0,-5.92,-1.3,0.0,0.0,0.0,0.0,0.0,0,90,0,0.08,0,0,0,0,0,0,0
1781254560.489,0,0,0,0,0,-5.86,-1.28,0.0,0.0,0.0,0.0,0.0,0,90,0,0.08,0,0,0,0,0,0,0
1781254560.512,0,0,0,0,0,-5.82,-1.26,0.0,0.0,0.0,0.0,0.0,0,90,0,0.08,0,0,0,0,0,0,0
1781254560.536,0,0,0,0,0,-5.84,-1.26,0.0,0.0,0.0,0.0,0.0,0,90,0,0.08,0,0,0,0,0,0,0
1781254560.561,0,0,0,0,0,-5.87,-1.3,0.0,0.0,0.0,0.0,0.0,0,90,0,0.07,0,0,0,0,0,0,0
1781254560.584,0,0,0,0,0,-5.89,-1.35,0.0,0.0,0.0,0.0,0.0,0,90,0,0.07,0,0,0,0,0,0,0
1781254560.607,0,0,0,0,0,-5.89,-1.38,0.0,0.0,0.0,0.0,0.0,0,90,0,0.07,0,0,0,0,0,0,0
1781254560.63,0,0,0,0,0,-5.87,-1.4,0.0,0.0,0.0,0.0,0.0,0,90,0,0.07,0,0,0,0,0,0,0
1781254560.654,0,0,0,0,0,-5.88,-1.42,0.0,0.0,0.0,0.0,0.0,0,90,0,0.07,0,0,0,0,0,0,0
1781254560.679,0,0,0,0,0,-5.92,-1.46,0.0,0.0,0.0,0.0,0.0,0,90,0,0.07,0,0,0,0,0,0,0
1781254560.7,0,0,0,0,0,-5.94,-1.5,0.0,0.0,0.0,0.0,0.0,0,90,0,0.07,0,0,0,0,0,0,0
1781254560.723,0,0,0,0,0,-5.94,-1.52,0.0,0.0,0.0,0.0,0.0,0,90,0,0.07,0,0,0,0,0,0,0
1781254560.748,0,0,0,0,0,-5.91,-1.51,0.0,0.0,0.0,0.0,0.0,0,90,0,0.07,0,0,0,0,0,0,0
1781254560.771,0,0,0,0,0,-5.89,-1.49,0.0,0.0,0.0,0.0,0.0,0,90,0,0.07,0,0,0,0,0,0,0
1781254560.796,0,0,0,0,0,-5.89,-1.48,0.0,0.0,0.0,0.0,0.0,0,90,0,0.07,0,0,0,0,0,0,0
1781254560.817,0,0,0,0,0,-5.89,-1.49,0.0,0.0,0.0,0.0,0.0,0,90,0,0.07,0,0,0,0,0,0,0
1781254560.84,0,0,0,0,0,-5.89,-1.48,0.0,0.0,0.0,0.0,0.0,0,90,0,0.07,0,0,0,0,0,0,0
1781254560.865,0,0,0,0,0,-5.88,-1.46,0.0,0.0,0.0,0.0,0.0,0,90,0,0.07,0,0,0,0,0,0,0
1781254560.889,0,0,0,0,0,-5.89,-1.46,0.0,0.0,0.0,0.0,0.0,0,90,0,0.08,0,0,0,0,0,0,0
1781254560.912,0,0,0,0,0,-5.91,-1.49,0.0,0.0,0.0,0.0,0.0,0,90,0,0.08,0,0,0,0,0,0,0
1781254560.934,0,0,0,0,0,-5.92,-1.52,0.0,0.0,0.0,0.0,0.0,0,90,0,0.08,0,0,0,0,0,0,0
1781254560.958,0,0,0,0,0,-5.94,-1.55,0.0,0.0,0.0,0.0,0.0,0,90,0,0.08,0,0,0,0,0,0,0
1781254560.983,0,0,0,0,0,-5.98,-1.56,0.0,0.0,0.0,0.0,0.0,0,90,0,0.08,0,0,0,0,0,0,0
1781254561.005,0,0,0,0,0,-6.02,-1.55,0.0,0.0,0.0,0.0,0.0,0,90,0,0.08,0,0,0,0,0,0,0
1781254561.028,0,0,0,0,0,-6.05,-1.51,0.0,0.0,0.0,0.0,0.0,0,90,0,0.08,0,0,0,0,0,0,0
1781254561.052,0,0,0,0,0,-6.07,-1.45,0.0,0.0,0.0,0.0,0.0,0,90,0,0.07,0,0,0,0,0,0,0
1781254561.076,0,0,0,0,0,-6.08,-1.39,0.0,0.0,0.0,0.0,0.0,0,90,0,0.07,0,0,0,0,0,0,0
1781254561.1,0,0,0,0,0,-6.09,-1.36,0.0,0.0,0.0,0.0,0.0,0,90,0,0.07,0,0,0,0,0,0,0
1781254561.121,0,0,0,0,0,-6.1,-1.36,0.0,0.0,0.0,0.0,0.0,0,90,0,0.07,0,0,0,0,0,0,0
1781254561.146,0,0,0,0,0,-6.12,-1.38,0.0,0.0,0.0,0.0,0.0,0,90,0,0.07,0,0,0,0,0,0,0
1781254561.169,0,0,0,0,0,-6.12,-1.41,0.0,0.0,0.0,0.0,0.0,0,90,0,0.07,0,0,0,0,0,0,0
1781254561.192,0,0,0,0,0,-6.13,-1.46,0.0,0.0,0.0,0.0,0.0,0,90,0,0.07,0,0,0,0,0,0,0
1781254561.217,0,0,0,0,0,-6.16,-1.52,0.0,0.0,0.0,0.0,0.0,0,90,0,0.06,0,0,0,0,0,0,0
1781254561.24,0,0,0,0,0,-6.19,-1.57,0.0,0.0,0.0,0.0,0.0,0,90,0,0.06,0,0,0,0,0,0,0
1781254561.263,0,0,0,0,0,-6.22,-1.6,0.0,0.0,0.0,0.0,0.0,0,90,0,0.06,0,0,0,0,0,0,0
1781254561.287,0,0,0,0,0,-6.25,-1.61,0.0,0.0,0.0,0.0,0.0,0,90,0,0.05,0,0,0,0,0,0,0
1781254561.31,0,0,0,0,0,-6.27,-1.61,0.0,0.0,0.0,0.0,0.0,0,90,0,0.05,0,0,0,0,0,0,0
1781254561.335,0,0,0,0,0,-6.24,-1.61,0.0,0.0,0.0,0.0,0.0,0,90,0,0.05,0,0,0,0,0,0,0
1781254561.358,0,0,0,0,0,-6.19,-1.6,0.0,0.0,0.0,0.0,0.0,0,90,0,0.04,0,0,0,0,0,0,0
1781254561.38,0,0,0,0,0,-6.16,-1.59,0.0,0.0,0.0,0.0,0.0,0,90,0,0.03,0,0,0,0,0,0,0
1781254561.404,0,0,0,0,0,-6.16,-1.58,0.0,0.0,0.0,0.0,0.0,0,90,0,0.03,0,0,0,0,0,0,0
1781254561.428,0,0,0,0,0,-6.19,-1.58,0.0,0.0,0.0,0.0,0.0,0,90,0,0.02,0,0,0,0,0,0,0
1781254561.452,0,0,0,0,0,-6.2,-1.6,0.0,0.0,0.0,0.0,0.0,0,90,0,0.02,0,0,0,0,0,0,0
1781254561.474,0,0,0,0,0,-6.18,-1.6,0.0,0.0,0.0,0.0,0.0,0,90,0,0.02,0,0,0,0,0,0,0
1781254561.497,0,0,0,0,0,-6.14,-1.58,0.0,0.0,0.0,0.0,0.0,0,90,0,0.02,0,0,0,0,0,0,0
1781254561.521,0,0,0,0,0,-6.1,-1.53,0.0,0.0,0.0,0.0,0.0,0,90,0,0.02,0,0,0,0,0,0,0
1781254561.545,0,0,0,0,0,-6.06,-1.45,0.0,0.0,0.0,0.0,0.0,0,90,0,0.02,0,0,0,0,0,0,0
1781254561.567,0,0,0,0,0,-6.02,-1.39,0.0,0.0,0.0,0.0,0.0,0,90,0,0.02,0,0,0,0,0,0,0
1781254561.591,0,0,0,0,0,-5.99,-1.35,0.0,0.0,0.0,0.0,0.0,0,90,0,0.02,0,0,0,0,0,0,0
1781254561.614,0,0,0,0,0,-5.96,-1.34,0.0,0.0,0.0,0.0,0.0,0,90,0,0.02,0,0,0,0,0,0,0
1781254561.637,0,0,0,0,0,-5.93,-1.36,0.0,0.0,0.0,0.0,0.0,0,90,0,0.02,0,0,0,0,0,0,0
1781254561.662,0,0,0,0,0,-5.92,-1.4,0.0,0.0,0.0,0.0,0.0,0,90,0,0.02,0,0,0,0,0,0,0
1781254561.685,0,0,0,0,0,-5.9,-1.44,0.0,0.0,0.0,0.0,0.0,0,90,0,0.02,0,0,0,0,0,0,0
1781254561.708,0,0,0,0,0,-5.87,-1.48,0.0,0.0,0.0,0.0,0.0,0,90,0,0.02,0,0,0,0,0,0,0
1781254561.731,0,0,0,0,0,-5.84,-1.48,0.0,0.0,0.0,0.0,0.0,0,90,0,0.02,0,0,0,0,0,0,0
1781254561.755,0,0,0,0,0,-5.82,-1.46,0.0,0.0,0.0,0.0,0.0,0,90,0,0.02,0,0,0,0,0,0,0
1781254561.777,0,0,0,0,0,-5.81,-1.43,0.0,0.0,0.0,0.0,0.0,0,90,0,0.02,0,0,0,0,0,0,0
1781254561.801,0,0,0,0,0,-5.8,-1.39,0.0,0.0,0.0,0.0,0.0,0,90,0,0.02,0,0,0,0,0,0,0
1781254561.825,0,0,0,0,0,-5.77,-1.35,0.0,0.0,0.0,0.0,0.0,0,90,0,0.02,0,0,0,0,0,0,0
1781254561.848,0,0,0,0,0,-5.75,-1.32,0.0,0.0,0.0,0.0,0.0,0,90,0,0.02,0,0,0,0,0,0,0
1781254561.871,0,0,0,0,0,-5.74,-1.31,0.0,0.0,0.0,0.0,0.0,0,90,0,0.02,0,0,0,0,0,0,0
1781254561.895,0,0,0,0,0,-5.73,-1.32,0.0,0.0,0.0,0.0,0.0,0,90,0,0.02,0,0,0,0,0,0,0
1781254561.919,0,0,0,0,0,-5.73,-1.35,0.0,0.0,0.0,0.0,0.0,0,90,0,0.02,0,0,0,0,0,0,0
1781254561.942,0,0,0,0,0,-5.73,-1.4,0.0,0.0,0.0,0.0,0.0,0,90,0,0.03,0,0,0,0,0,0,0
1781254561.965,0,0,0,0,0,-5.74,-1.46,0.0,0.0,0.0,0.0,0.0,0,90,0,0.03,0,0,0,0,0,0,0
1781254561.988,0,0,0,0,0,-5.74,-1.52,0.0,0.0,0.0,0.0,0.0,0,90,0,0.03,0,0,0,0,0,0,0
1781254562.013,0,0,0,0,0,-5.74,-1.58,0.0,0.0,0.0,0.0,0.0,0,90,0,0.03,0,0,0,0,0,0,0
1781254562.037,0,0,0,0,0,-5.75,-1.64,0.0,0.0,0.0,0.0,0.0,0,90,0,0.03,0,0,0,0,0,0,0
1781254562.06,0,0,0,0,0,-5.78,-1.65,0.0,0.0,0.0,0.0,0.0,0,90,0,0.03,0,0,0,0,0,0,0
1781254562.083,0,0,0,0,0,-5.82,-1.63,0.0,0.0,0.0,0.0,0.0,0,90,0,0.03,0,0,0,0,0,0,0
1781254562.105,0,0,0,0,0,-5.83,-1.58,0.0,0.0,0.0,0.0,0.0,0,90,0,0.03,0,0,0,0,0,0,0
1781254562.13,0,0,0,0,0,-5.81,-1.53,0.0,0.0,0.0,0.0,0.0,0,90,0,0.03,0,0,0,0,0,0,0
1781254562.153,0,0,0,0,0,-5.8,-1.49,0.0,0.0,0.0,0.0,0.0,0,90,0,0.03,0,0,0,0,0,0,0
1781254562.178,0,0,0,0,0,-5.8,-1.48,0.0,0.0,0.0,0.0,0.0,0,90,0,0.03,0,0,0,0,0,0,0
1781254562.201,0,0,0,0,0,-5.84,-1.48,0.0,0.0,0.0,0.0,0.0,0,90,0,0.03,0,0,0,0,0,0,0
1781254562.223,0,0,0,0,0,-5.88,-1.49,0.0,0.0,0.0,0.0,0.0,0,90,0,0.03,0,0,0,0,0,0,0
1781254562.247,0,0,0,0,0,-5.9,-1.48,0.0,0.0,0.0,0.0,0.0,0,90,0,0.03,0,0,0,0,0,0,0
1781254562.271,0,0,0,0,0,-5.9,-1.48,0.0,0.0,0.0,0.0,0.0,0,90,0,0.03,0,0,0,0,0,0,0
1781254562.295,0,0,0,0,0,-5.89,-1.5,0.0,0.0,0.0,0.0,0.0,0,90,0,0.03,0,0,0,0,0,0,0
1781254562.317,0,0,0,0,0,-5.88,-1.53,0.0,0.0,0.0,0.0,0.0,0,90,0,0.03,0,0,0,0,0,0,0
1781254562.341,0,0,0,0,0,-5.88,-1.57,0.0,0.0,0.0,0.0,0.0,0,90,0,0.03,0,0,0,0,0,0,0
1781254562.364,0,0,0,0,0,-5.88,-1.59,0.0,0.0,0.0,0.0,0.0,0,90,0,0.03,0,0,0,0,0,0,0
1781254562.389,0,0,0,0,0,-5.86,-1.58,0.0,0.0,0.0,0.0,0.0,0,90,0,0.03,0,0,0,0,0,0,0
1781254562.411,0,0,0,0,0,-5.82,-1.58,0.0,0.0,0.0,0.0,0.0,0,90,0,0.03,0,0,0,0,0,0,0
1781254562.435,0,0,0,0,0,-5.76,-1.57,0.0,0.0,0.0,0.0,0.0,0,90,0,0.03,0,0,0,0,0,0,0
1781254562.459,0,0,0,0,0,-5.71,-1.55,0.0,0.0,0.0,0.0,0.0,0,90,0,0.03,0,0,0,0,0,0,0
1781254562.481,0,0,0,0,0,-5.69,-1.53,0.0,0.0,0.0,0.0,0.0,0,90,0,0.02,0,0,0,0,0,0,0
1781254562.506,0,0,0,0,0,-5.69,-1.52,0.0,0.0,0.0,0.0,0.0,0,90,0,0.02,0,0,0,0,0,0,0
1781254562.528,0,0,0,0,0,-5.71,-1.52,0.0,0.0,0.0,0.0,0.0,0,90,0,0.02,0,0,0,0,0,0,0
1781254562.552,0,0,0,0,0,-5.74,-1.53,0.0,0.0,0.0,0.0,0.0,0,90,0,0.02,0,0,0,0,0,0,0
1781254562.576,0,0,0,0,0,-5.77,-1.54,0.0,0.0,0.0,0.0,0.0,0,90,0,0.02,0,0,0,0,0,0,0
1781254562.599,0,0,0,0,0,-5.8,-1.53,0.0,0.0,0.0,0.0,0.0,0,90,0,0.02,0,0,0,0,0,0,0
1781254562.622,0,0,0,0,0,-5.82,-1.5,0.0,0.0,0.0,0.0,0.0,0,90,0,0.01,0,0,0,0,0,0,0
1781254562.644,0,0,0,0,0,-5.83,-1.45,0.0,0.0,0.0,0.0,0.0,0,90,0,0.01,0,0,0,0,0,0,0
1781254562.669,0,0,0,0,0,-5.86,-1.41,0.0,0.0,0.0,0.0,0.0,0,90,0,0.01,0,0,0,0,0,0,0
1781254562.692,0,0,0,0,0,-5.91,-1.39,0.0,0.0,0.0,0.0,0.0,0,90,0,0.01,0,0,0,0,0,0,0
1781254562.715,0,0,0,0,0,-5.96,-1.39,0.0,0.0,0.0,0.0,0.0,0,90,0,0.01,0,0,0,0,0,0,0
1781254562.739,0,0,0,0,0,-5.99,-1.4,0.0,0.0,0.0,0.0,0.0,0,90,0,0.01,0,0,0,0,0,0,0
1781254562.762,0,0,0,0,0,-6.0,-1.4,0.0,0.0,0.0,0.0,0.0,0,90,0,0.01,0,0,0,0,0,0,0
1781254562.785,0,0,0,0,0,-6.0,-1.41,0.0,0.0,0.0,0.0,0.0,0,90,0,0.01,0,0,0,0,0,0,0
1781254562.809,0,0,0,0,0,-6.0,-1.43,0.0,0.0,0.0,0.0,0.0,0,90,0,0.01,0,0,0,0,0,0,0
1781254562.833,0,0,0,0,0,-5.99,-1.46,0.0,0.0,0.0,0.0,0.0,0,90,0,0.01,0,0,0,0,0,0,0
1781254562.857,0,0,0,0,0,-5.99,-1.49,0.0,0.0,0.0,0.0,0.0,0,90,0,0.01,0,0,0,0,0,0,0
1781254562.881,0,0,0,0,0,-5.99,-1.52,0.0,0.0,0.0,0.0,0.0,0,90,0,0.01,0,0,0,0,0,0,0
1781254562.903,0,0,0,0,0,-5.99,-1.55,0.0,0.0,0.0,0.0,0.0,0,90,0,0.01,0,0,0,0,0,0,0
1781254562.927,0,0,0,0,0,-6.0,-1.55,0.0,0.0,0.0,0.0,0.0,0,90,0,0.01,0,0,0,0,0,0,0
1781254562.95,0,0,0,0,0,-5.99,-1.52,0.0,0.0,0.0,0.0,0.0,0,90,0,0.01,0,0,0,0,0,0,0
1781254562.975,0,0,0,0,0,-5.98,-1.48,0.0,0.0,0.0,0.0,0.0,0,90,0,0.01,0,0,0,0,0,0,0
1781254562.995,0,0,0,0,0,-5.96,-1.46,0.0,0.0,0.0,0.0,0.0,0,90,0,0.01,0,0,0,0,0,0,0
1781254563.02,0,0,0,0,0,-5.96,-1.45,0.0,0.0,0.0,0.0,0.0,0,90,0,0.01,0,0,0,0,0,0,0
1781254563.043,0,0,0,0,0,-5.98,-1.46,0.0,0.0,0.0,0.0,0.0,0,90,0,0.01,0,0,0,0,0,0,0
1781254563.067,0,0,0,0,0,-6.02,-1.48,0.0,0.0,0.0,0.0,0.0,0,90,0,0.01,0,0,0,0,0,0,0
1781254563.09,0,0,0,0,0,-6.06,-1.51,0.0,0.0,0.0,0.0,0.0,0,90,0,0.01,0,0,0,0,0,0,0
1781254563.114,0,0,0,0,0,-6.07,-1.55,0.0,0.0,0.0,0.0,0.0,0,90,0,0.01,0,0,0,0,0,0,0
1781254563.137,0,0,0,0,0,-6.07,-1.58,0.0,0.0,0.0,0.0,0.0,0,90,0,0.01,0,0,0,0,0,0,0
1781254563.16,0,0,0,0,0,-6.08,-1.6,0.0,0.0,0.0,0.0,0.0,0,90,0,0.01,0,0,0,0,0,0,0
1781254563.183,0,0,0,0,0,-6.08,-1.59,0.0,0.0,0.0,0.0,0.0,0,90,0,0.01,0,0,0,0,0,0,0
1781254563.207,0,0,0,0,0,-6.07,-1.56,0.0,0.0,0.0,0.0,0.0,0,90,0,0.01,0,0,0,0,0,0,0
1781254563.23,0,0,0,0,0,-6.02,-1.52,0.0,0.0,0.0,0.0,0.0,0,90,0,0.01,0,0,0,0,0,0,0
1781254563.254,0,0,0,0,0,-5.98,-1.45,0.0,0.0,0.0,0.0,0.0,0,90,0,0.01,0,0,0,0,0,0,0
1781254563.278,0,0,0,0,0,-5.94,-1.35,0.0,0.0,0.0,0.0,0.0,0,90,0,0.01,0,0,0,0,0,0,0
1781254563.301,0,0,0,0,0,-5.93,-1.26,0.0,0.0,0.0,0.0,0.0,0,90,0,0.01,0,0,0,0,0,0,0
1781254563.325,0,0,0,0,0,-5.94,-1.22,0.0,0.0,0.0,0.0,0.0,0,90,0,0.01,0,0,0,0,0,0,0
1781254563.349,0,0,0,0,0,-5.94,-1.22,0.0,0.0,0.0,0.0,0.0,0,90,0,0.01,0,0,0,0,0,0,0
1781254563.371,0,0,0,0,0,-5.96,-1.26,0.0,0.0,0.0,0.0,0.0,0,90,0,0.01,0,0,0,0,0,0,0
1781254563.394,0,0,0,0,0,-6.01,-1.32,0.0,0.0,0.0,0.0,0.0,0,90,0,0.01,0,0,0,0,0,0,0
1781254563.418,0,0,0,0,0,-6.07,-1.38,0.0,0.0,0.0,0.0,0.0,0,90,0,0.01,0,0,0,0,0,0,0
1781254563.443,0,0,0,0,0,-6.13,-1.42,0.0,0.0,0.0,0.0,0.0,0,90,0,0.01,0,0,0,0,0,0,0
1781254563.465,0,0,0,0,0,-6.18,-1.46,0.0,0.0,0.0,0.0,0.0,0,90,0,0.01,0,0,0,0,0,0,0
1781254563.488,0,0,0,0,0,-6.23,-1.5,0.0,0.0,0.0,0.0,0.0,0,90,0,0.02,0,0,0,0,0,0,0
1781254563.511,0,0,0,0,0,-6.26,-1.51,0.0,0.0,0.0,0.0,0.0,0,90,0,0.02,0,0,0,0,0,0,0
1781254563.536,0,0,0,0,0,-6.28,-1.53,0.0,0.0,0.0,0.0,0.0,0,90,0,0.02,0,0,0,0,0,0,0
1781254563.559,0,0,0,0,0,-6.27,-1.61,0.0,0.0,0.0,0.0,0.0,0,90,0,0.02,0,0,0,0,0,0,0
1781254563.582,0,0,0,0,0,-6.27,-1.73,0.0,0.0,0.0,0.0,0.0,0,90,0,0.02,0,0,0,0,0,0,0
1781254563.605,0,0,0,0,0,-6.26,-1.83,0.0,0.0,0.0,0.0,0.0,0,90,0,0.02,0,0,0,0,0,0,0
1781254563.629,0,0,0,0,0,-6.27,-1.89,0.0,0.0,0.0,0.0,0.0,0,90,0,0.02,0,0,0,0,0,0,0
1781254563.652,0,0,0,0,0,-6.29,-1.91,0.0,0.0,0.0,0.0,0.0,0,90,0,0.02,0,0,0,0,0,0,0
1781254563.677,0,0,0,0,0,-6.36,-1.89,0.0,0.0,0.0,0.0,0.0,0,90,0,0.02,0,0,0,0,0,0,0
1781254563.7,0,0,0,0,0,-6.41,-1.85,0.0,0.0,0.0,0.0,0.0,0,90,0,0.02,0,0,0,0,0,0,0
1781254563.723,0,0,0,0,0,-6.43,-1.76,0.0,0.0,0.0,0.0,0.0,0,90,0,0.03,0,0,0,0,0,0,0
1781254563.747,0,0,0,0,0,-6.45,-1.62,0.0,0.0,0.0,0.0,0.0,0,90,0,0.03,0,0,0,0,0,0,0
1781254563.77,0,0,0,0,0,-6.51,-1.47,0.0,0.0,0.0,0.0,0.0,0,90,0,0.03,0,0,0,0,0,0,0
1781254563.794,0,0,0,0,0,-6.6,-1.36,0.0,0.0,0.0,0.0,0.0,0,90,0,0.03,0,0,0,0,0,0,0
1781254563.817,0,0,0,0,0,-6.67,-1.32,0.0,0.0,0.0,0.0,0.0,0,90,0,0.04,0,0,0,0,0,0,0
1781254563.84,0,0,0,0,0,-6.71,-1.31,0.0,0.0,0.0,0.0,0.0,0,90,0,0.04,0,0,0,0,0,0,0
1781254563.864,0,0,0,0,0,-6.75,-1.3,0.0,0.0,0.0,0.0,0.0,0,90,0,0.05,0,0,0,0,0,0,0
1781254563.887,0,0,0,0,0,-6.8,-1.29,0.0,0.0,0.0,0.0,0.0,0,90,0,0.06,0,0,0,0,0,0,0
1781254563.91,0,0,0,0,0,-6.85,-1.26,0.0,0.0,0.0,0.0,0.0,0,90,0,0.06,0,0,0,0,0,0,0
1781254563.934,0,0,0,0,0,-6.85,-1.23,0.0,0.0,0.0,0.0,0.0,0,90,0,0.07,0,0,0,0,0,0,0
1781254563.957,0,0,0,0,0,-6.81,-1.16,0.0,0.0,0.0,0.0,0.0,0,90,0,0.08,0,0,0,0,0,0,0
1781254563.981,0,0,0,0,0,-6.75,-1.06,0.0,0.0,0.0,0.0,0.0,0,90,0,0.08,0,0,0,0,0,0,0
1781254564.007,0,0,0,0,0,-6.7,-0.93,0.0,0.0,0.0,0.0,0.0,0,90,0,0.09,0,0,0,0,0,0,0
1781254564.028,0,0,0,0,0,-6.68,-0.83,0.0,0.0,0.0,0.0,0.0,0,90,0,0.09,0,0,0,0,0,0,0
1781254564.051,0,0,0,0,0,-6.69,-0.78,0.0,0.0,0.0,0.0,0.0,0,90,0,0.09,0,0,0,0,0,0,0
1781254564.074,0,0,0,0,0,-6.69,-0.77,0.0,0.0,0.0,0.0,0.0,0,90,0,0.09,0,0,0,0,0,0,0
1781254564.098,0,0,0,0,0,-6.68,-0.79,0.0,0.0,0.0,0.0,0.0,0,90,0,0.09,0,0,0,0,0,0,0
1781254564.121,0,0,0,0,0,-6.65,-0.84,0.0,0.0,0.0,0.0,0.0,0,90,0,0.09,0,0,0,0,0,0,0
1781254564.145,0,0,0,0,0,-6.63,-0.88,0.0,0.0,0.0,0.0,0.0,0,90,0,0.09,0,0,0,0,0,0,0
1781254564.167,0,0,0,0,0,-6.62,-0.92,0.0,0.0,0.0,0.0,0.0,0,90,0,0.09,0,0,0,0,0,0,0
1781254564.191,0,0,0,0,0,-6.6,-0.93,0.0,0.0,0.0,0.0,0.0,0,90,0,0.09,0,0,0,0,0,0,0
1781254564.214,0,0,0,0,0,-6.55,-0.9,0.0,0.0,0.0,0.0,0.0,0,90,0,0.1,0,0,0,0,0,0,0
1781254564.238,0,0,0,0,0,-6.48,-0.85,0.0,0.0,0.0,0.0,0.0,0,90,0,0.1,0,0,0,0,0,0,0
1781254564.262,0,0,0,0,0,-6.41,-0.79,0.0,0.0,0.0,0.0,0.0,0,90,0,0.11,0,0,0,0,0,0,0
1781254564.285,0,0,0,0,0,-6.37,-0.74,0.0,0.0,0.0,0.0,0.0,0,90,0,0.11,0,0,0,0,0,0,0
1781254564.308,0,0,0,0,0,-6.39,-0.71,0.0,0.0,0.0,0.0,0.0,0,90,0,0.12,0,0,0,0,0,0,0
1781254564.332,0,0,0,0,0,-6.45,-0.69,0.0,0.0,0.0,0.0,0.0,0,90,0,0.13,0,0,0,0,0,0,0
1781254564.355,0,0,0,0,0,-6.49,-0.7,0.0,0.0,0.0,0.0,0.0,0,90,0,0.13,0,0,0,0,0,0,0
1781254564.379,0,0,0,0,0,-6.5,-0.72,0.0,0.0,0.0,0.0,0.0,0,90,0,0.13,0,0,0,0,0,0,0
1781254564.403,0,0,0,0,0,-6.49,-0.73,0.0,0.0,0.0,0.0,0.0,0,90,0,0.14,0,0,0,0,0,0,0
1781254564.426,0,0,0,0,0,-6.51,-0.75,0.0,0.0,0.0,0.0,0.0,0,90,0,0.14,0,0,0,0,0,0,0
1781254564.448,0,0,0,0,0,-6.56,-0.76,0.0,0.0,0.0,0.0,0.0,0,90,0,0.14,0,0,0,0,0,0,0
1781254564.472,0,0,0,0,0,-6.6,-0.76,0.0,0.0,0.0,0.0,0.0,0,90,0,0.15,0,0,0,0,0,0,0
1781254564.499,0,0,0,0,0,-6.61,-0.78,0.0,0.0,0.0,0.0,0.0,0,90,0,0.15,0,0,0,0,0,0,0
1781254564.519,0,0,0,0,0,-6.61,-0.82,0.0,0.0,0.0,0.0,0.0,0,90,0,0.15,0,0,0,0,0,0,0
1781254564.543,0,0,0,0,0,-6.6,-0.87,0.0,0.0,0.0,0.0,0.0,0,90,0,0.15,0,0,0,0,0,0,0
1781254564.567,0,0,0,0,0,-6.6,-0.92,0.0,0.0,0.0,0.0,0.0,0,90,0,0.16,0,0,0,0,0,0,0
1781254564.59,0,0,0,0,0,-6.6,-0.97,0.0,0.0,0.0,0.0,0.0,0,90,0,0.15,0,0,0,0,0,0,0
1781254564.615,0,0,0,0,0,-6.58,-1.01,0.0,0.0,0.0,0.0,0.0,0,90,0,0.15,0,0,0,0,0,0,0
1781254564.637,0,0,0,0,0,-6.53,-1.01,0.0,0.0,0.0,0.0,0.0,0,90,0,0.15,0,0,0,0,0,0,0
1781254564.66,0,0,0,0,0,-6.48,-0.99,0.0,0.0,0.0,0.0,0.0,0,90,0,0.15,0,0,0,0,0,0,0
1781254564.684,0,0,0,0,0,-6.43,-0.99,0.0,0.0,0.0,0.0,0.0,0,90,0,0.15,0,0,0,0,0,0,0
1781254564.708,0,0,0,0,0,-6.39,-1.0,0.0,0.0,0.0,0.0,0.0,0,90,0,0.14,0,0,0,0,0,0,0
1781254564.731,0,0,0,0,0,-6.37,-1.04,0.0,0.0,0.0,0.0,0.0,0,90,0,0.14,0,0,0,0,0,0,0
1781254564.754,0,0,0,0,0,-6.37,-1.08,0.0,0.0,0.0,0.0,0.0,0,90,0,0.13,0,0,0,0,0,0,0
1781254564.778,0,0,0,0,0,-6.4,-1.13,0.0,0.0,0.0,0.0,0.0,0,90,0,0.12,0,0,0,0,0,0,0
1781254564.801,0,0,0,0,0,-6.41,-1.18,0.0,0.0,0.0,0.0,0.0,0,90,0,0.1,0,0,0,0,0,0,0
1781254564.825,0,0,0,0,0,-6.39,-1.22,0.0,0.0,0.0,0.0,0.0,0,90,0,0.09,0,0,0,0,0,0,0
1781254564.847,0,0,0,0,0,-6.34,-1.24,0.0,0.0,0.0,0.0,0.0,0,90,0,0.08,0,0,0,0,0,0,0
1781254564.871,0,0,0,0,0,-6.27,-1.24,0.0,0.0,0.0,0.0,0.0,0,90,0,0.06,0,0,0,0,0,0,0
1781254564.895,0,0,0,0,0,-6.19,-1.23,0.0,0.0,0.0,0.0,0.0,0,90,0,0.05,0,0,0,0,0,0,0
1781254564.92,0,0,0,0,0,-6.12,-1.21,0.0,0.0,0.0,0.0,0.0,0,90,0,0.05,0,0,0,0,0,0,0
1781254564.942,0,0,0,0,0,-6.09,-1.19,0.0,0.0,0.0,0.0,0.0,0,90,0,0.04,0,0,0,0,0,0,0
1781254564.967,0,0,0,0,0,-6.09,-1.18,0.0,0.0,0.0,0.0,0.0,0,90,0,0.04,0,0,0,0,0,0,0
1781254564.989,0,0,0,0,0,-6.08,-1.16,0.0,0.0,0.0,0.0,0.0,0,90,0,0.04,0,0,0,0,0,0,0
1781254565.012,0,0,0,0,0,-6.07,-1.14,0.0,0.0,0.0,0.0,0.0,0,90,0,0.04,0,0,0,0,0,0,0
1781254565.034,0,0,0,0,0,-6.06,-1.13,0.0,0.0,0.0,0.0,0.0,0,90,0,0.04,0,0,0,0,0,0,0
1781254565.059,0,0,0,0,0,-6.07,-1.13,0.0,0.0,0.0,0.0,0.0,0,90,0,0.04,0,0,0,0,0,0,0
1781254565.082,0,0,0,0,0,-6.09,-1.14,0.0,0.0,0.0,0.0,0.0,0,90,0,0.04,0,0,0,0,0,0,0
1781254565.105,0,0,0,0,0,-6.08,-1.15,0.0,0.0,0.0,0.0,0.0,0,90,0,0.04,0,0,0,0,0,0,0
1781254565.129,0,0,0,0,0,-6.07,-1.16,0.0,0.0,0.0,0.0,0.0,0,90,0,0.04,0,0,0,0,0,0,0
1781254565.151,0,0,0,0,0,-6.08,-1.17,0.0,0.0,0.0,0.0,0.0,0,90,0,0.04,0,0,0,0,0,0,0
1781254565.175,0,0,0,0,0,-6.13,-1.17,0.0,0.0,0.0,0.0,0.0,0,90,0,0.04,0,0,0,0,0,0,0
1781254565.2,0,0,0,0,0,-6.17,-1.17,0.0,0.0,0.0,0.0,0.0,0,90,0,0.04,0,0,0,0,0,0,0
1781254565.222,0,0,0,0,0,-6.18,-1.16,0.0,0.0,0.0,0.0,0.0,0,90,0,0.04,0,0,0,0,0,0,0
1781254565.247,0,0,0,0,0,-6.17,-1.14,0.0,0.0,0.0,0.0,0.0,0,90,0,0.04,0,0,0,0,0,0,0
1781254565.268,0,0,0,0,0,-6.16,-1.13,0.0,0.0,0.0,0.0,0.0,0,90,0,0.04,0,0,0,0,0,0,0
1781254565.293,0,0,0,0,0,-6.15,-1.14,0.0,0.0,0.0,0.0,0.0,0,90,0,0.04,0,0,0,0,0,0,0
1781254565.316,0,0,0,0,0,-6.12,-1.15,0.0,0.0,0.0,0.0,0.0,0,90,0,0.04,0,0,0,0,0,0,0
1781254565.339,0,0,0,0,0,-6.11,-1.14,0.0,0.0,0.0,0.0,0.0,0,90,0,0.04,0,0,0,0,0,0,0
1781254565.363,0,0,0,0,0,-6.12,-1.13,0.0,0.0,0.0,0.0,0.0,0,90,0,0.04,0,0,0,0,0,0,0
1781254565.387,0,0,0,0,0,-6.15,-1.14,0.0,0.0,0.0,0.0,0.0,0,90,0,0.04,0,0,0,0,0,0,0
1781254565.41,0,0,0,0,0,-6.19,-1.16,0.0,0.0,0.0,0.0,0.0,0,90,0,0.04,0,0,0,0,0,0,0
1781254565.435,0,0,0,0,0,-6.21,-1.18,0.0,0.0,0.0,0.0,0.0,0,90,0,0.04,0,0,0,0,0,0,0
1781254565.458,0,0,0,0,0,-6.23,-1.17,0.0,0.0,0.0,0.0,0.0,0,90,0,0.04,0,0,0,0,0,0,0
1781254565.479,0,0,0,0,0,-6.25,-1.13,0.0,0.0,0.0,0.0,0.0,0,90,0,0.04,0,0,0,0,0,0,0
1781254565.504,0,0,0,0,0,-6.25,-1.09,0.0,0.0,0.0,0.0,0.0,0,90,0,0.04,0,0,0,0,0,0,0
1781254565.527,0,0,0,0,0,-6.24,-1.05,0.0,0.0,0.0,0.0,0.0,0,90,0,0.04,0,0,0,0,0,0,0
1781254565.55,0,0,0,0,0,-6.22,-1.03,0.0,0.0,0.0,0.0,0.0,0,90,0,0.04,0,0,0,0,0,0,0
1781254565.574,0,0,0,0,0,-6.2,-1.03,0.0,0.0,0.0,0.0,0.0,0,90,0,0.03,0,0,0,0,0,0,0
1781254565.597,0,0,0,0,0,-6.2,-1.02,0.0,0.0,0.0,0.0,0.0,0,90,0,0.03,0,0,0,0,0,0,0
1781254565.62,0,0,0,0,0,-6.2,-1.01,0.0,0.0,0.0,0.0,0.0,0,90,0,0.03,0,0,0,0,0,0,0
1781254565.644,0,0,0,0,0,-6.21,-1.0,0.0,0.0,0.0,0.0,0.0,0,90,0,0.03,0,0,0,0,0,0,0
1781254565.668,0,0,0,0,0,-6.2,-0.98,0.0,0.0,0.0,0.0,0.0,0,90,0,0.03,0,0,0,0,0,0,0
1781254565.691,0,0,0,0,0,-6.18,-0.98,0.0,0.0,0.0,0.0,0.0,0,90,0,0.02,0,0,0,0,0,0,0
1781254565.714,0,0,0,0,0,-6.18,-1.0,0.0,0.0,0.0,0.0,0.0,0,90,0,0.02,0,0,0,0,0,0,0
1781254565.738,0,0,0,0,0,-6.2,-1.05,0.0,0.0,0.0,0.0,0.0,0,90,0,0.02,0,0,0,0,0,0,0
1781254565.761,0,0,0,0,0,-6.22,-1.1,0.0,0.0,0.0,0.0,0.0,0,90,0,0.02,0,0,0,0,0,0,0
1781254565.784,0,0,0,0,0,-6.21,-1.15,0.0,0.0,0.0,0.0,0.0,0,90,0,0.01,0,0,0,0,0,0,0
1781254565.808,0,0,0,0,0,-6.18,-1.18,0.0,0.0,0.0,0.0,0.0,0,90,0,0.01,0,0,0,0,0,0,0
1781254565.831,0,0,0,0,0,-6.16,-1.21,0.0,0.0,0.0,0.0,0.0,0,90,0,0.01,0,0,0,0,0,0,0
1781254565.855,0,0,0,0,0,-6.18,-1.24,0.0,0.0,0.0,0.0,0.0,0,90,0,0.01,0,0,0,0,0,0,0
1781254565.879,0,0,0,0,0,-6.22,-1.25,0.0,0.0,0.0,0.0,0.0,0,90,0,0.01,0,0,0,0,0,0,0
1781254565.902,0,0,0,0,0,-6.22,-1.23,0.0,0.0,0.0,0.0,0.0,0,90,0,0.01,0,0,0,0,0,0,0
1781254565.925,0,0,0,0,0,-6.17,-1.16,0.0,0.0,0.0,0.0,0.0,0,90,0,0.01,0,0,0,0,0,0,0
1781254565.949,0,0,0,0,0,-6.11,-1.07,0.0,0.0,0.0,0.0,0.0,0,90,0,0.01,0,0,0,0,0,0,0
1781254565.972,0,0,0,0,0,-6.07,-0.98,0.0,0.0,0.0,0.0,0.0,0,90,0,0.01,0,0,0,0,0,0,0
1781254565.995,0,0,0,0,0,-6.09,-0.93,0.0,0.0,0.0,0.0,0.0,0,90,0,0.01,0,0,0,0,0,0,0
1781254566.019,0,0,0,0,0,-6.12,-0.92,0.0,0.0,0.0,0.0,0.0,0,90,0,0.01,0,0,0,0,0,0,0
1781254566.042,0,0,0,0,0,-6.13,-0.95,0.0,0.0,0.0,0.0,0.0,0,90,0,0.01,0,0,0,0,0,0,0
1781254566.067,0,0,0,0,0,-6.13,-0.99,0.0,0.0,0.0,0.0,0.0,0,90,0,0.01,0,0,0,0,0,0,0
1781254566.09,0,0,0,0,0,-6.14,-1.05,0.0,0.0,0.0,0.0,0.0,0,90,0,0.01,0,0,0,0,0,0,0
1781254566.112,0,0,0,0,0,-6.17,-1.1,0.0,0.0,0.0,0.0,0.0,0,90,0,0.01,0,0,0,0,0,0,0
1781254566.136,0,0,0,0,0,-6.21,-1.17,0.0,0.0,0.0,0.0,0.0,0,90,0,0.01,0,0,0,0,0,0,0
1781254566.159,0,0,0,0,0,-6.24,-1.22,0.0,0.0,0.0,0.0,0.0,0,90,0,0.01,0,0,0,0,0,0,0
1781254566.183,0,0,0,0,0,-6.25,-1.23,0.0,0.0,0.0,0.0,0.0,0,90,0,0.01,0,0,0,0,0,0,0
1781254566.207,0,0,0,0,0,-6.24,-1.2,0.0,0.0,0.0,0.0,0.0,0,90,0,0.01,0,0,0,0,0,0,0
1781254566.229,0,0,0,0,0,-6.22,-1.13,0.0,0.0,0.0,0.0,0.0,0,90,0,0.01,0,0,0,0,0,0,0
1781254566.254,0,0,0,0,0,-6.2,-1.08,0.0,0.0,0.0,0.0,0.0,0,90,0,0.01,0,0,0,0,0,0,0
1781254566.276,0,0,0,0,0,-6.17,-1.07,0.0,0.0,0.0,0.0,0.0,0,90,0,0.01,0,0,0,0,0,0,0
1781254566.299,0,0,0,0,0,-6.15,-1.09,0.0,0.0,0.0,0.0,0.0,0,90,0,0.01,0,0,0,0,0,0,0
1781254566.323,0,0,0,0,0,-6.14,-1.11,0.0,0.0,0.0,0.0,0.0,0,90,0,0.01,0,0,0,0,0,0,0
1781254566.346,0,0,0,0,0,-6.14,-1.15,0.0,0.0,0.0,0.0,0.0,0,90,0,0.01,0,0,0,0,0,0,0
1781254566.37,0,0,0,0,0,-6.16,-1.19,0.0,0.0,0.0,0.0,0.0,0,90,0,0.01,0,0,0,0,0,0,0
1781254566.393,0,0,0,0,0,-6.18,-1.23,0.0,0.0,0.0,0.0,0.0,0,90,0,0.01,0,0,0,0,0,0,0
1781254566.415,0,0,0,0,0,-6.2,-1.24,0.0,0.0,0.0,0.0,0.0,0,90,0,0.01,0,0,0,0,0,0,0
1781254566.44,0,0,0,0,0,-6.21,-1.21,0.0,0.0,0.0,0.0,0.0,0,90,0,0.01,0,0,0,0,0,0,0
1781254566.463,0,0,0,0,0,-6.23,-1.17,0.0,0.0,0.0,0.0,0.0,0,90,0,0.01,0,0,0,0,0,0,0
1781254566.49,0,0,0,0,0,-6.25,-1.15,0.0,0.0,0.0,0.0,0.0,0,90,0,0.01,0,0,0,0,0,0,0
1781254566.51,0,0,0,0,0,-6.29,-1.17,0.0,0.0,0.0,0.0,0.0,0,90,0,0.01,0,0,0,0,0,0,0
1781254566.533,0,0,0,0,0,-6.31,-1.18,0.0,0.0,0.0,0.0,0.0,0,90,0,0.01,0,0,0,0,0,0,0
1781254566.558,0,0,0,0,0,-6.33,-1.16,0.0,0.0,0.0,0.0,0.0,0,90,0,0.01,0,0,0,0,0,0,0
1781254566.579,0,0,0,0,0,-6.35,-1.14,0.0,0.0,0.0,0.0,0.0,0,90,0,0.01,0,0,0,0,0,0,0
1781254566.606,0,0,0,0,0,-6.35,-1.13,0.0,0.0,0.0,0.0,0.0,0,90,0,0.01,0,0,0,0,0,0,0
1781254566.627,0,0,0,0,0,-6.35,-1.15,0.0,0.0,0.0,0.0,0.0,0,90,0,0.01,0,0,0,0,0,0,0
1781254566.651,0,0,0,0,0,-6.34,-1.17,0.0,0.0,0.0,0.0,0.0,0,90,0,0.01,0,0,0,0,0,0,0
1781254566.675,0,0,0,0,0,-6.33,-1.18,0.0,0.0,0.0,0.0,0.0,0,90,0,0.01,0,0,0,0,0,0,0
1781254566.699,0,0,0,0,0,-6.32,-1.19,0.0,0.0,0.0,0.0,0.0,0,90,0,0.01,0,0,0,0,0,0,0
1781254566.721,0,0,0,0,0,-6.31,-1.21,0.0,0.0,0.0,0.0,0.0,0,90,0,0.01,0,0,0,0,0,0,0
1781254566.745,0,0,0,0,0,-6.29,-1.23,0.0,0.0,0.0,0.0,0.0,0,90,0,0.01,0,0,0,0,0,0,0
1781254566.767,0,0,0,0,0,-6.28,-1.26,0.0,0.0,0.0,0.0,0.0,0,90,0,0.01,0,0,0,0,0,0,0
1781254566.791,0,0,0,0,0,-6.29,-1.28,0.0,0.0,0.0,0.0,0.0,0,90,0,0.01,0,0,0,0,0,0,0
1781254566.814,0,0,0,0,0,-6.3,-1.29,0.0,0.0,0.0,0.0,0.0,0,90,0,0.01,0,0,0,0,0,0,0
1781254566.839,0,0,0,0,0,-6.29,-1.29,0.0,0.0,0.0,0.0,0.0,0,90,0,0.01,0,0,0,0,0,0,0
1781254566.861,0,0,0,0,0,-6.28,-1.28,0.0,0.0,0.0,0.0,0.0,0,90,0,0.01,0,0,0,0,0,0,0
1781254566.884,0,0,0,0,0,-6.3,-1.28,0.0,0.0,0.0,0.0,0.0,0,90,0,0.01,0,0,0,0,0,0,0
1781254566.908,0,0,0,0,0,-6.33,-1.29,0.0,0.0,0.0,0.0,0.0,0,90,0,0.01,0,0,0,0,0,0,0
1781254566.931,0,0,0,0,0,-6.34,-1.28,0.0,0.0,0.0,0.0,0.0,0,90,0,0.01,0,0,0,0,0,0,0
1781254566.955,0,0,0,0,0,-6.34,-1.26,0.0,0.0,0.0,0.0,0.0,0,90,0,0.01,0,0,0,0,0,0,0
1781254566.977,0,0,0,0,0,-6.33,-1.23,0.0,0.0,0.0,0.0,0.0,0,90,0,0.01,0,0,0,0,0,0,0
1781254567.002,0,0,0,0,0,-6.32,-1.2,0.0,0.0,0.0,0.0,0.0,0,90,0,0.01,0,0,0,0,0,0,0
1781254567.025,0,0,0,0,0,-6.32,-1.15,0.0,0.0,0.0,0.0,0.0,0,90,0,0.01,0,0,0,0,0,0,0
1781254567.048,0,0,0,0,0,-6.3,-1.1,0.0,0.0,0.0,0.0,0.0,0,90,0,0.01,0,0,0,0,0,0,0
1781254567.073,0,0,0,0,0,-6.28,-1.05,0.0,0.0,0.0,0.0,0.0,0,90,0,0.01,0,0,0,0,0,0,0
1781254567.095,0,0,0,0,0,-6.26,-1.02,0.0,0.0,0.0,0.0,0.0,0,90,0,0.01,0,0,0,0,0,0,0
1781254567.12,0,0,0,0,0,-6.24,-0.99,0.0,0.0,0.0,0.0,0.0,0,90,0,0.01,0,0,0,0,0,0,0
1781254567.142,0,0,0,0,0,-6.22,-0.91,0.0,0.0,0.0,0.0,0.0,0,90,0,0.01,0,0,0,0,0,0,0
1781254567.168,0,0,0,0,0,-6.2,-0.84,0.0,0.0,0.0,0.0,0.0,0,90,0,0.01,0,0,0,0,0,0,0
1781254567.19,0,0,0,0,0,-6.19,-0.83,0.0,0.0,0.0,0.0,0.0,0,90,0,0.01,0,0,0,0,0,0,0
1781254567.212,0,0,0,0,0,-6.22,-0.86,0.0,0.0,0.0,0.0,0.0,0,90,0,0.01,0,0,0,0,0,0,0
1781254567.236,0,0,0,0,0,-6.26,-0.93,0.0,0.0,0.0,0.0,0.0,0,90,0,0.01,0,0,0,0,0,0,0
1781254567.26,0,0,0,0,0,-6.3,-1.01,0.0,0.0,0.0,0.0,0.0,0,90,0,0.01,0,0,0,0,0,0,0
1781254567.285,0,0,0,0,0,-6.3,-1.08,0.0,0.0,0.0,0.0,0.0,0,90,0,0.01,0,0,0,0,0,0,0
1781254567.307,0,0,0,0,0,-6.27,-1.13,0.0,0.0,0.0,0.0,0.0,0,90,0,0.01,0,0,0,0,0,0,0
1781254567.33,0,0,0,0,0,-6.24,-1.16,0.0,0.0,0.0,0.0,0.0,0,90,0,0.01,0,0,0,0,0,0,0
1781254567.354,0,0,0,0,0,-6.22,-1.18,0.0,0.0,0.0,0.0,0.0,0,90,0,0.01,0,0,0,0,0,0,0
1781254567.379,0,0,0,0,0,-6.21,-1.21,0.0,0.0,0.0,0.0,0.0,0,90,0,0.01,0,0,0,0,0,0,0
1781254567.401,0,0,0,0,0,-6.22,-1.22,0.0,0.0,0.0,0.0,0.0,0,90,0,0.01,0,0,0,0,0,0,0
1781254567.424,0,0,0,0,0,-6.24,-1.26,0.0,0.0,0.0,0.0,0.0,0,90,0,0.01,0,0,0,0,0,0,0
1781254567.447,0,0,0,0,0,-6.24,-1.31,0.0,0.0,0.0,0.0,0.0,0,90,0,0.01,0,0,0,0,0,0,0
1781254567.47,0,0,0,0,0,-6.24,-1.34,0.0,0.0,0.0,0.0,0.0,0,90,0,0.01,0,0,0,0,0,0,0
1781254567.494,0,0,0,0,0,-6.23,-1.33,0.0,0.0,0.0,0.0,0.0,0,90,0,0.02,0,0,0,0,0,0,0
1781254567.517,0,0,0,0,0,-6.23,-1.28,0.0,0.0,0.0,0.0,0.0,0,90,0,0.02,0,0,0,0,0,0,0
1781254567.542,0,0,0,0,0,-6.22,-1.21,0.0,0.0,0.0,0.0,0.0,0,90,0,0.02,0,0,0,0,0,0,0
1781254567.563,0,0,0,0,0,-6.2,-1.15,0.0,0.0,0.0,0.0,0.0,0,90,0,0.02,0,0,0,0,0,0,0
1781254567.587,0,0,0,0,0,-6.2,-1.12,0.0,0.0,0.0,0.0,0.0,0,90,0,0.02,0,0,0,0,0,0,0
1781254567.61,0,0,0,0,0,-6.23,-1.11,0.0,0.0,0.0,0.0,0.0,0,90,0,0.02,0,0,0,0,0,0,0
1781254567.634,0,0,0,0,0,-6.26,-1.13,0.0,0.0,0.0,0.0,0.0,0,90,0,0.02,0,0,0,0,0,0,0
1781254567.658,0,0,0,0,0,-6.26,-1.15,0.0,0.0,0.0,0.0,0.0,0,90,0,0.02,0,0,0,0,0,0,0
1781254567.68,0,0,0,0,0,-6.24,-1.16,0.0,0.0,0.0,0.0,0.0,0,90,0,0.02,0,0,0,0,0,0,0
1781254567.704,0,0,0,0,0,-6.21,-1.16,0.0,0.0,0.0,0.0,0.0,0,90,0,0.02,0,0,0,0,0,0,0
1781254567.727,0,0,0,0,0,-6.18,-1.15,0.0,0.0,0.0,0.0,0.0,0,90,0,0.02,0,0,0,0,0,0,0
1781254567.751,0,0,0,0,0,-6.17,-1.14,0.0,0.0,0.0,0.0,0.0,0,90,0,0.02,0,0,0,0,0,0,0
1781254567.776,0,0,0,0,0,-6.17,-1.11,0.0,0.0,0.0,0.0,0.0,0,90,0,0.02,0,0,0,0,0,0,0
1781254567.798,0,0,0,0,0,-6.17,-1.09,0.0,0.0,0.0,0.0,0.0,0,90,0,0.02,0,0,0,0,0,0,0
1781254567.822,0,0,0,0,0,-6.17,-1.07,0.0,0.0,0.0,0.0,0.0,0,90,0,0.02,0,0,0,0,0,0,0
1781254567.845,0,0,0,0,0,-6.16,-1.06,0.0,0.0,0.0,0.0,0.0,0,90,0,0.02,0,0,0,0,0,0,0
1781254567.869,0,0,0,0,0,-6.13,-1.05,0.0,0.0,0.0,0.0,0.0,0,90,0,0.02,0,0,0,0,0,0,0
1781254567.892,0,0,0,0,0,-6.09,-1.07,0.0,0.0,0.0,0.0,0.0,0,90,0,0.02,0,0,0,0,0,0,0
1781254567.915,0,0,0,0,0,-6.09,-1.1,0.0,0.0,0.0,0.0,0.0,0,90,0,0.02,0,0,0,0,0,0,0
1781254567.939,0,0,0,0,0,-6.11,-1.15,0.0,0.0,0.0,0.0,0.0,0,90,0,0.02,0,0,0,0,0,0,0
1781254567.962,0,0,0,0,0,-6.13,-1.19,0.0,0.0,0.0,0.0,0.0,0,90,0,0.02,0,0,0,0,0,0,0
1781254567.986,0,0,0,0,0,-6.14,-1.23,0.0,0.0,0.0,0.0,0.0,0,90,0,0.02,0,0,0,0,0,0,0
1781254568.01,0,0,0,0,0,-6.14,-1.26,0.0,0.0,0.0,0.0,0.0,0,90,0,0.02,0,0,0,0,0,0,0
1781254568.033,0,0,0,0,0,-6.16,-1.26,0.0,0.0,0.0,0.0,0.0,0,90,0,0.01,0,0,0,0,0,0,0
1781254568.057,0,0,0,0,0,-6.17,-1.23,0.0,0.0,0.0,0.0,0.0,0,90,0,0.01,0,0,0,0,0,0,0
1781254568.079,0,0,0,0,0,-6.17,-1.19,0.0,0.0,0.0,0.0,0.0,0,90,0,0.01,0,0,0,0,0,0,0
1781254568.102,0,0,0,0,0,-6.15,-1.17,0.0,0.0,0.0,0.0,0.0,0,90,0,0.01,0,0,0,0,0,0,0
1781254568.127,0,0,0,0,0,-6.14,-1.18,0.0,0.0,0.0,0.0,0.0,0,90,0,0.01,0,0,0,0,0,0,0
1781254568.15,0,0,0,0,0,-6.13,-1.21,0.0,0.0,0.0,0.0,0.0,0,90,0,0.01,0,0,0,0,0,0,0
1781254568.173,0,0,0,0,0,-6.13,-1.23,0.0,0.0,0.0,0.0,0.0,0,90,0,0.01,0,0,0,0,0,0,0
1781254568.197,0,0,0,0,0,-6.12,-1.25,0.0,0.0,0.0,0.0,0.0,0,90,0,0.01,0,0,0,0,0,0,0
1781254568.221,0,0,0,0,0,-6.11,-1.28,0.0,0.0,0.0,0.0,0.0,0,90,0,0.01,0,0,0,0,0,0,0
1781254568.244,0,0,0,0,0,-6.09,-1.29,0.0,0.0,0.0,0.0,0.0,0,90,0,0.01,0,0,0,0,0,0,0
1781254568.267,0,0,0,0,0,-6.09,-1.26,0.0,0.0,0.0,0.0,0.0,0,90,0,0.01,0,0,0,0,0,0,0
1781254568.29,0,0,0,0,0,-6.11,-1.23,0.0,0.0,0.0,0.0,0.0,0,90,0,0.01,0,0,0,0,0,0,0
1781254568.314,0,0,0,0,0,-6.12,-1.21,0.0,0.0,0.0,0.0,0.0,0,90,0,0.01,0,0,0,0,0,0,0
1781254568.335,0,0,0,0,0,-6.12,-1.2,0.0,0.0,0.0,0.0,0.0,0,90,0,0.01,0,0,0,0,0,0,0
1781254568.36,0,0,0,0,0,-6.1,-1.19,0.0,0.0,0.0,0.0,0.0,0,90,0,0.01,0,0,0,0,0,0,0
1781254568.384,0,0,0,0,0,-6.09,-1.18,0.0,0.0,0.0,0.0,0.0,0,90,0,0.01,0,0,0,0,0,0,0
1781254568.407,0,0,0,0,0,-6.1,-1.19,0.0,0.0,0.0,0.0,0.0,0,90,0,0.01,0,0,0,0,0,0,0
1781254568.43,0,0,0,0,0,-6.14,-1.22,0.0,0.0,0.0,0.0,0.0,0,90,0,0.0,0,0,0,0,0,0,0
1781254568.454,0,0,0,0,0,-6.17,-1.25,0.0,0.0,0.0,0.0,0.0,0,90,0,0.0,0,0,0,0,0,0,0
1781254568.477,0,0,0,0,0,-6.17,-1.25,0.0,0.0,0.0,0.0,0.0,0,90,0,0.0,0,0,0,0,0,0,0
1781254568.502,0,0,0,0,0,-6.16,-1.26,0.0,0.0,0.0,0.0,0.0,0,90,0,0.0,0,0,0,0,0,0,0
1781254568.524,0,0,0,0,0,-6.15,-1.28,0.0,0.0,0.0,0.0,0.0,0,90,0,0.0,0,0,0,0,0,0,0
1781254568.548,0,0,0,0,0,-6.15,-1.3,0.0,0.0,0.0,0.0,0.0,0,90,0,0.01,0,0,0,0,0,0,0
1781254568.57,0,0,0,0,0,-6.14,-1.3,0.0,0.0,0.0,0.0,0.0,0,90,0,0.01,0,0,0,0,0,0,0
1781254568.595,0,0,0,0,0,-6.12,-1.25,0.0,0.0,0.0,0.0,0.0,0,90,0,0.01,0,0,0,0,0,0,0
1781254568.618,0,0,0,0,0,-6.12,-1.17,0.0,0.0,0.0,0.0,0.0,0,90,0,0.01,0,0,0,0,0,0,0
1781254568.641,0,0,0,0,0,-6.15,-1.08,0.0,0.0,0.0,0.0,0.0,0,90,0,0.0,0,0,0,0,0,0,0
1781254568.664,0,0,0,0,0,-6.2,-1.02,0.0,0.0,0.0,0.0,0.0,0,90,0,0.01,0,0,0,0,0,0,0
1781254568.688,0,0,0,0,0,-6.25,-0.97,0.0,0.0,0.0,0.0,0.0,0,90,0,0.01,0,0,0,0,0,0,0
1781254568.712,0,0,0,0,0,-6.26,-0.95,0.0,0.0,0.0,0.0,0.0,0,90,0,0.01,0,0,0,0,0,0,0
1781254568.734,0,0,0,0,0,-6.27,-0.94,0.0,0.0,0.0,0.0,0.0,0,90,0,0.01,0,0,0,0,0,0,0
1781254568.759,0,0,0,0,0,-6.28,-0.95,0.0,0.0,0.0,0.0,0.0,0,90,0,0.01,0,0,0,0,0,0,0
1781254568.78,0,0,0,0,0,-6.31,-0.96,0.0,0.0,0.0,0.0,0.0,0,90,0,0.01,0,0,0,0,0,0,0
1781254568.804,0,0,0,0,0,-6.33,-1.0,0.0,0.0,0.0,0.0,0.0,0,90,0,0.01,0,0,0,0,0,0,0
1781254568.83,0,0,0,0,0,-6.32,-1.04,0.0,0.0,0.0,0.0,0.0,0,90,0,0.01,0,0,0,0,0,0,0
1781254568.851,0,0,0,0,0,-6.27,-1.06,0.0,0.0,0.0,0.0,0.0,0,90,0,0.01,0,0,0,0,0,0,0
1781254568.874,0,0,0,0,0,-6.22,-1.06,0.0,0.0,0.0,0.0,0.0,0,90,0,0.01,0,0,0,0,0,0,0
1781254568.898,0,0,0,0,0,-6.21,-1.07,0.0,0.0,0.0,0.0,0.0,0,90,0,0.01,0,0,0,0,0,0,0
1781254568.922,0,0,0,0,0,-6.22,-1.08,0.0,0.0,0.0,0.0,0.0,0,90,0,0.01,0,0,0,0,0,0,0
1781254568.945,0,0,0,0,0,-6.21,-1.1,0.0,0.0,0.0,0.0,0.0,0,90,0,0.01,0,0,0,0,0,0,0
1781254568.969,0,0,0,0,0,-6.18,-1.09,0.0,0.0,0.0,0.0,0.0,0,90,0,0.01,0,0,0,0,0,0,0
1781254568.992,0,0,0,0,0,-6.17,-1.07,0.0,0.0,0.0,0.0,0.0,0,90,0,0.01,0,0,0,0,0,0,0
1781254569.015,0,0,0,0,0,-6.19,-1.06,0.0,0.0,0.0,0.0,0.0,0,90,0,0.01,0,0,0,0,0,0,0
1781254569.039,0,0,0,0,0,-6.22,-1.06,0.0,0.0,0.0,0.0,0.0,0,90,0,0.01,0,0,0,0,0,0,0
1781254569.063,0,0,0,0,0,-6.24,-1.06,0.0,0.0,0.0,0.0,0.0,0,90,0,0.01,0,0,0,0,0,0,0
1781254569.085,0,0,0,0,0,-6.25,-1.06,0.0,0.0,0.0,0.0,0.0,0,90,0,0.01,0,0,0,0,0,0,0
1781254569.109,0,0,0,0,0,-6.25,-1.07,0.0,0.0,0.0,0.0,0.0,0,90,0,0.01,0,0,0,0,0,0,0
1781254569.132,0,0,0,0,0,-6.25,-1.09,0.0,0.0,0.0,0.0,0.0,0,90,0,0.01,0,0,0,0,0,0,0
1781254569.156,0,0,0,0,0,-6.25,-1.12,0.0,0.0,0.0,0.0,0.0,0,90,0,0.01,0,0,0,0,0,0,0
1781254569.179,0,0,0,0,0,-6.24,-1.14,0.0,0.0,0.0,0.0,0.0,0,90,0,0.01,0,0,0,0,0,0,0
1781254569.202,0,0,0,0,0,-6.2,-1.14,0.0,0.0,0.0,0.0,0.0,0,90,0,0.01,0,0,0,0,0,0,0
1781254569.226,0,0,0,0,0,-6.17,-1.14,0.0,0.0,0.0,0.0,0.0,0,90,0,0.01,0,0,0,0,0,0,0
1781254569.25,0,0,0,0,0,-6.16,-1.14,0.0,0.0,0.0,0.0,0.0,0,90,0,0.01,0,0,0,0,0,0,0
1781254569.273,0,0,0,0,0,-6.18,-1.14,0.0,0.0,0.0,0.0,0.0,0,90,0,0.01,0,0,0,0,0,0,0
1781254569.296,0,0,0,0,0,-6.19,-1.14,0.0,0.0,0.0,0.0,0.0,0,90,0,0.01,0,0,0,0,0,0,0
1781254569.32,0,0,0,0,0,-6.17,-1.11,0.0,0.0,0.0,0.0,0.0,0,90,0,0.01,0,0,0,0,0,0,0
1781254569.343,0,0,0,0,0,-6.15,-1.08,0.0,0.0,0.0,0.0,0.0,0,90,0,0.01,0,0,0,0,0,0,0
1781254569.367,0,0,0,0,0,-6.14,-1.08,0.0,0.0,0.0,0.0,0.0,0,90,0,0.01,0,0,0,0,0,0,0
1781254569.39,0,0,0,0,0,-6.17,-1.12,0.0,0.0,0.0,0.0,0.0,0,90,0,0.01,0,0,0,0,0,0,0
1781254569.414,0,0,0,0,0,-6.19,-1.16,0.0,0.0,0.0,0.0,0.0,0,90,0,0.01,0,0,0,0,0,0,0
1781254569.437,0,0,0,0,0,-6.18,-1.21,0.0,0.0,0.0,0.0,0.0,0,90,0,0.01,0,0,0,0,0,0,0
1781254569.46,0,0,0,0,0,-6.14,-1.24,0.0,0.0,0.0,0.0,0.0,0,90,0,0.01,0,0,0,0,0,0,0
1781254569.483,0,0,0,0,0,-6.1,-1.27,0.0,0.0,0.0,0.0,0.0,0,90,0,0.01,0,0,0,0,0,0,0
1781254569.507,0,0,0,0,0,-6.07,-1.3,0.0,0.0,0.0,0.0,0.0,0,90,0,0.01,0,0,0,0,0,0,0
1781254569.531,0,0,0,0,0,-6.04,-1.31,0.0,0.0,0.0,0.0,0.0,0,90,0,0.01,0,0,0,0,0,0,0
1781254569.555,0,0,0,0,0,-6.02,-1.29,0.0,0.0,0.0,0.0,0.0,0,90,0,0.01,0,0,0,0,0,0,0
1781254569.577,0,0,0,0,0,-6.0,-1.28,0.0,0.0,0.0,0.0,0.0,0,90,0,0.01,0,0,0,0,0,0,0
1781254569.601,0,0,0,0,0,-6.02,-1.26,0.0,0.0,0.0,0.0,0.0,0,90,0,0.01,0,0,0,0,0,0,0
1781254569.624,0,0,0,0,0,-6.05,-1.24,0.0,0.0,0.0,0.0,0.0,0,90,0,0.01,0,0,0,0,0,0,0
1781254569.648,0,0,0,0,0,-6.08,-1.2,0.0,0.0,0.0,0.0,0.0,0,90,0,0.01,0,0,0,0,0,0,0
1781254569.671,0,0,0,0,0,-6.08,-1.15,0.0,0.0,0.0,0.0,0.0,0,90,0,0.01,0,0,0,0,0,0,0
1781254569.696,0,0,0,0,0,-6.07,-1.13,0.0,0.0,0.0,0.0,0.0,0,90,0,0.01,0,0,0,0,0,0,0
1781254569.719,0,0,0,0,0,-6.04,-1.13,0.0,0.0,0.0,0.0,0.0,0,90,0,0.01,0,0,0,0,0,0,0
1781254569.743,0,0,0,0,0,-6.02,-1.16,0.0,0.0,0.0,0.0,0.0,0,90,0,0.01,0,0,0,0,0,0,0
1781254569.766,0,0,0,0,0,-6.01,-1.18,0.0,0.0,0.0,0.0,0.0,0,90,0,0.01,0,0,0,0,0,0,0
1781254569.79,0,0,0,0,0,-6.0,-1.19,0.0,0.0,0.0,0.0,0.0,0,90,0,0.01,0,0,0,0,0,0,0
1781254569.811,0,0,0,0,0,-6.0,-1.18,0.0,0.0,0.0,0.0,0.0,0,90,0,0.01,0,0,0,0,0,0,0
1781254569.836,0,0,0,0,0,-6.0,-1.18,0.0,0.0,0.0,0.0,0.0,0,90,0,0.01,0,0,0,0,0,0,0
1781254569.86,0,0,0,0,0,-6.0,-1.21,0.0,0.0,0.0,0.0,0.0,0,90,0,0.01,0,0,0,0,0,0,0
1781254569.883,0,0,0,0,0,-6.01,-1.25,0.0,0.0,0.0,0.0,0.0,0,90,0,0.01,0,0,0,0,0,0,0
1781254569.907,0,0,0,0,0,-6.02,-1.29,0.0,0.0,0.0,0.0,0.0,0,90,0,0.01,0,0,0,0,0,0,0
1781254569.929,0,0,0,0,0,-6.01,-1.3,0.0,0.0,0.0,0.0,0.0,0,90,0,0.01,0,0,0,0,0,0,0
1781254569.954,0,0,0,0,0,-5.99,-1.29,0.0,0.0,0.0,0.0,0.0,0,90,0,0.01,0,0,0,0,0,0,0
1781254569.976,0,0,0,0,0,-5.97,-1.28,0.0,0.0,0.0,0.0,0.0,0,90,0,0.01,0,0,0,0,0,0,0
1781254570.004,0,0,0,0,0,-5.98,-1.27,0.0,0.0,0.0,0.0,0.0,0,90,0,0.01,0,0,0,0,0,0,0
1781254570.024,0,0,0,0,0,-6.01,-1.27,0.0,0.0,0.0,0.0,0.0,0,90,0,0.01,0,0,0,0,0,0,0
1781254570.046,0,0,0,0,0,-6.05,-1.29,0.0,0.0,0.0,0.0,0.0,0,90,0,0.01,0,0,0,0,0,0,0
1781254570.071,0,0,0,0,0,-6.09,-1.31,0.0,0.0,0.0,0.0,0.0,0,90,0,0.01,0,0,0,0,0,0,0
1781254570.094,0,0,0,0,0,-6.14,-1.34,0.0,0.0,0.0,0.0,0.0,0,90,0,0.01,0,0,0,0,0,0,0
1781254570.119,0,0,0,0,0,-6.23,-1.36,0.0,0.0,0.0,0.0,0.0,0,90,0,0.01,0,0,0,0,0,0,0
1781254570.139,0,0,0,0,0,-6.33,-1.36,0.0,0.0,0.0,0.0,0.0,0,90,0,0.01,0,0,0,0,0,0,0
1781254570.165,0,0,0,0,0,-6.41,-1.32,0.0,0.0,0.0,0.0,0.0,0,90,0,0.01,0,0,0,0,0,0,0
1781254570.188,0,0,0,0,0,-6.45,-1.25,0.0,0.0,0.0,0.0,0.0,0,90,0,0.01,0,0,0,0,0,0,0
1781254570.211,0,0,0,0,0,-6.48,-1.19,0.0,0.0,0.0,0.0,0.0,0,90,0,0.02,0,0,0,0,0,0,0
1781254570.235,0,0,0,0,0,-6.51,-1.14,0.0,0.0,0.0,0.0,0.0,0,90,0,0.02,0,0,0,0,0,0,0
1781254570.258,0,0,0,0,0,-6.53,-1.13,0.0,0.0,0.0,0.0,0.0,0,90,0,0.02,0,0,0,0,0,0,0
1781254570.282,0,0,0,0,0,-6.53,-1.14,0.0,0.0,0.0,0.0,0.0,0,90,0,0.02,0,0,0,0,0,0,0
1781254570.305,0,0,0,0,0,-6.52,-1.17,0.0,0.0,0.0,0.0,0.0,0,90,0,0.03,0,0,0,0,0,0,0
1781254570.327,0,0,0,0,0,-6.51,-1.21,0.0,0.0,0.0,0.0,0.0,0,90,0,0.03,0,0,0,0,0,0,0
1781254570.351,0,0,0,0,0,-6.5,-1.25,0.0,0.0,0.0,0.0,0.0,0,90,0,0.03,0,0,0,0,0,0,0
1781254570.376,0,0,0,0,0,-6.49,-1.3,0.0,0.0,0.0,0.0,0.0,0,90,0,0.03,0,0,0,0,0,0,0
1781254570.397,0,0,0,0,0,-6.49,-1.35,0.0,0.0,0.0,0.0,0.0,0,90,0,0.03,0,0,0,0,0,0,0
1781254570.421,0,0,0,0,0,-6.49,-1.41,0.0,0.0,0.0,0.0,0.0,0,90,0,0.04,0,0,0,0,0,0,0
1781254570.444,0,0,0,0,0,-6.49,-1.45,0.0,0.0,0.0,0.0,0.0,0,90,0,0.04,0,0,0,0,0,0,0
1781254570.474,0,0,0,0,0,-6.5,-1.48,0.0,0.0,0.0,0.0,0.0,0,90,0,0.04,0,0,0,0,0,0,0
1781254570.491,0,0,0,0,0,-6.5,-1.48,0.0,0.0,0.0,0.0,0.0,0,90,0,0.04,0,0,0,0,0,0,0
1781254570.519,0,0,0,0,0,-6.47,-1.48,0.0,0.0,0.0,0.0,0.0,0,90,0,0.04,0,0,0,0,0,0,0
1781254570.539,0,0,0,0,0,-6.45,-1.47,0.0,0.0,0.0,0.0,0.0,0,90,0,0.05,0,0,0,0,0,0,0
1781254570.561,0,0,0,0,0,-6.44,-1.44,0.0,0.0,0.0,0.0,0.0,0,90,0,0.05,0,0,0,0,0,0,0
1781254570.586,0,0,0,0,0,-6.44,-1.36,0.0,0.0,0.0,0.0,0.0,0,90,0,0.05,0,0,0,0,0,0,0
1781254570.609,0,0,0,0,0,-6.43,-1.24,0.0,0.0,0.0,0.0,0.0,0,90,0,0.05,0,0,0,0,0,0,0
1781254570.632,0,0,0,0,0,-6.4,-1.13,0.0,0.0,0.0,0.0,0.0,0,90,0,0.05,0,0,0,0,0,0,0
1781254570.654,0,0,0,0,0,-6.37,-1.05,0.0,0.0,0.0,0.0,0.0,0,90,0,0.05,0,0,0,0,0,0,0
1781254570.678,0,0,0,0,0,-6.35,-1.01,0.0,0.0,0.0,0.0,0.0,0,90,0,0.05,0,0,0,0,0,0,0
1781254570.703,0,0,0,0,0,-6.33,-1.01,0.0,0.0,0.0,0.0,0.0,0,90,0,0.05,0,0,0,0,0,0,0
1781254570.725,0,0,0,0,0,-6.3,-1.02,0.0,0.0,0.0,0.0,0.0,0,90,0,0.05,0,0,0,0,0,0,0
1781254570.749,0,0,0,0,0,-6.28,-1.06,0.0,0.0,0.0,0.0,0.0,0,90,0,0.05,0,0,0,0,0,0,0
1781254570.772,0,0,0,0,0,-6.27,-1.11,0.0,0.0,0.0,0.0,0.0,0,90,0,0.04,0,0,0,0,0,0,0
1781254570.795,0,0,0,0,0,-6.28,-1.17,0.0,0.0,0.0,0.0,0.0,0,90,0,0.04,0,0,0,0,0,0,0
1781254570.822,0,0,0,0,0,-6.28,-1.22,0.0,0.0,0.0,0.0,0.0,0,90,0,0.04,0,0,0,0,0,0,0
1781254570.842,0,0,0,0,0,-6.25,-1.24,0.0,0.0,0.0,0.0,0.0,0,90,0,0.04,0,0,0,0,0,0,0
1781254570.866,0,0,0,0,0,-6.2,-1.23,0.0,0.0,0.0,0.0,0.0,0,90,0,0.04,0,0,0,0,0,0,0
1781254570.889,0,0,0,0,0,-6.15,-1.21,0.0,0.0,0.0,0.0,0.0,0,90,0,0.04,0,0,0,0,0,0,0
1781254570.913,0,0,0,0,0,-6.11,-1.19,0.0,0.0,0.0,0.0,0.0,0,90,0,0.04,0,0,0,0,0,0,0
1781254570.94,0,0,0,0,0,-6.09,-1.17,0.0,0.0,0.0,0.0,0.0,0,90,0,0.04,0,0,0,0,0,0,0
1781254570.96,0,0,0,0,0,-6.07,-1.15,0.0,0.0,0.0,0.0,0.0,0,90,0,0.04,0,0,0,0,0,0,0
1781254570.983,0,0,0,0,0,-6.04,-1.14,0.0,0.0,0.0,0.0,0.0,0,90,0,0.04,0,0,0,0,0,0,0
1781254571.007,0,0,0,0,0,-6.02,-1.14,0.0,0.0,0.0,0.0,0.0,0,90,0,0.04,0,0,0,0,0,0,0
1781254571.03,0,0,0,0,0,-6.02,-1.14,0.0,0.0,0.0,0.0,0.0,0,90,0,0.04,0,0,0,0,0,0,0
1781254571.055,0,0,0,0,0,-6.05,-1.13,0.0,0.0,0.0,0.0,0.0,0,90,0,0.04,0,0,0,0,0,0,0
1781254571.078,0,0,0,0,0,-6.09,-1.11,0.0,0.0,0.0,0.0,0.0,0,90,0,0.04,0,0,0,0,0,0,0
1781254571.099,0,0,0,0,0,-6.12,-1.1,0.0,0.0,0.0,0.0,0.0,0,90,0,0.03,0,0,0,0,0,0,0
1781254571.125,0,0,0,0,0,-6.12,-1.1,0.0,0.0,0.0,0.0,0.0,0,90,0,0.03,0,0,0,0,0,0,0
1781254571.146,0,0,0,0,0,-6.09,-1.09,0.0,0.0,0.0,0.0,0.0,0,90,0,0.03,0,0,0,0,0,0,0
1781254571.175,0,0,0,0,0,-6.04,-1.09,0.0,0.0,0.0,0.0,0.0,0,90,0,0.03,0,0,0,0,0,0,0
1781254571.198,0,0,0,0,0,-5.97,-1.07,0.0,0.0,0.0,0.0,0.0,0,90,0,0.03,0,0,0,0,0,0,0
1781254571.218,0,0,0,0,0,-5.9,-1.04,0.0,0.0,0.0,0.0,0.0,0,90,0,0.03,0,0,0,0,0,0,0
1781254571.241,0,0,0,0,0,-5.85,-1.0,0.0,0.0,0.0,0.0,0.0,0,90,0,0.04,0,0,0,0,0,0,0
1781254571.264,0,0,0,0,0,-5.82,-0.98,0.0,0.0,0.0,0.0,0.0,0,90,0,0.04,0,0,0,0,0,0,0
1781254571.29,0,0,0,0,0,-5.81,-0.96,0.0,0.0,0.0,0.0,0.0,0,90,0,0.05,0,0,0,0,0,0,0
1781254571.311,0,0,0,0,0,-5.81,-0.97,0.0,0.0,0.0,0.0,0.0,0,90,0,0.05,0,0,0,0,0,0,0
1781254571.335,0,0,0,0,0,-5.82,-0.99,0.0,0.0,0.0,0.0,0.0,0,90,0,0.05,0,0,0,0,0,0,0
1781254571.358,0,0,0,0,0,-5.86,-1.03,0.0,0.0,0.0,0.0,0.0,0,90,0,0.06,0,0,0,0,0,0,0
1781254571.38,0,0,0,0,0,-5.89,-1.06,0.0,0.0,0.0,0.0,0.0,0,90,0,0.06,0,0,0,0,0,0,0
1781254571.406,0,0,0,0,0,-5.91,-1.07,0.0,0.0,0.0,0.0,0.0,0,90,0,0.06,0,0,0,0,0,0,0
1781254571.429,0,0,0,0,0,-5.93,-1.08,0.0,0.0,0.0,0.0,0.0,0,90,0,0.06,0,0,0,0,0,0,0
1781254571.453,0,0,0,0,0,-5.97,-1.09,0.0,0.0,0.0,0.0,0.0,0,90,0,0.05,0,0,0,0,0,0,0
1781254571.474,0,0,0,0,0,-6.0,-1.08,0.0,0.0,0.0,0.0,0.0,0,90,0,0.05,0,0,0,0,0,0,0
1781254571.498,0,0,0,0,0,-6.03,-1.06,0.0,0.0,0.0,0.0,0.0,0,90,0,0.05,0,0,0,0,0,0,0
1781254571.522,0,0,0,0,0,-6.06,-1.01,0.0,0.0,0.0,0.0,0.0,0,90,0,0.05,0,0,0,0,0,0,0
1781254571.545,0,0,0,0,0,-6.08,-0.96,0.0,0.0,0.0,0.0,0.0,0,90,0,0.05,0,0,0,0,0,0,0
1781254571.569,0,0,0,0,0,-6.12,-0.92,0.0,0.0,0.0,0.0,0.0,0,90,0,0.05,0,0,0,0,0,0,0
1781254571.593,0,0,0,0,0,-6.17,-0.92,0.0,0.0,0.0,0.0,0.0,0,90,0,0.04,0,0,0,0,0,0,0
1781254571.616,0,0,0,0,0,-6.22,-0.92,0.0,0.0,0.0,0.0,0.0,0,90,0,0.04,0,0,0,0,0,0,0
1781254571.64,0,0,0,0,0,-6.23,-0.91,0.0,0.0,0.0,0.0,0.0,0,90,0,0.04,0,0,0,0,0,0,0
1781254571.661,0,0,0,0,0,-6.22,-0.91,0.0,0.0,0.0,0.0,0.0,0,90,0,0.04,0,0,0,0,0,0,0
1781254571.685,0,0,0,0,0,-6.22,-0.91,0.0,0.0,0.0,0.0,0.0,0,90,0,0.03,0,0,0,0,0,0,0
1781254571.71,0,0,0,0,0,-6.22,-0.93,0.0,0.0,0.0,0.0,0.0,0,90,0,0.03,0,0,0,0,0,0,0
1781254571.732,0,0,0,0,0,-6.21,-0.95,0.0,0.0,0.0,0.0,0.0,0,90,0,0.03,0,0,0,0,0,0,0
1781254571.758,0,0,0,0,0,-6.18,-0.98,0.0,0.0,0.0,0.0,0.0,0,90,0,0.03,0,0,0,0,0,0,0
1781254571.779,0,0,0,0,0,-6.15,-0.99,0.0,0.0,0.0,0.0,0.0,0,90,0,0.02,0,0,0,0,0,0,0
1781254571.803,0,0,0,0,0,-6.11,-1.0,0.0,0.0,0.0,0.0,0.0,0,90,0,0.02,0,0,0,0,0,0,0
1781254571.827,0,0,0,0,0,-6.07,-0.99,0.0,0.0,0.0,0.0,0.0,0,90,0,0.02,0,0,0,0,0,0,0
1781254571.85,0,0,0,0,0,-6.03,-0.98,0.0,0.0,0.0,0.0,0.0,0,90,0,0.02,0,0,0,0,0,0,0
1781254571.873,0,0,0,0,0,-6.0,-0.96,0.0,0.0,0.0,0.0,0.0,0,90,0,0.02,0,0,0,0,0,0,0
1781254571.896,0,0,0,0,0,-6.0,-0.95,0.0,0.0,0.0,0.0,0.0,0,90,0,0.02,0,0,0,0,0,0,0
1781254571.92,0,0,0,0,0,-6.05,-0.93,0.0,0.0,0.0,0.0,0.0,0,90,0,0.02,0,0,0,0,0,0,0
1781254571.943,0,0,0,0,0,-6.1,-0.9,0.0,0.0,0.0,0.0,0.0,0,90,0,0.02,0,0,0,0,0,0,0
1781254571.967,0,0,0,0,0,-6.13,-0.85,0.0,0.0,0.0,0.0,0.0,0,90,0,0.02,0,0,0,0,0,0,0
1781254571.99,0,0,0,0,0,-6.13,-0.81,0.0,0.0,0.0,0.0,0.0,0,90,0,0.01,0,0,0,0,0,0,0
1781254572.014,0,0,0,0,0,-6.11,-0.79,0.0,0.0,0.0,0.0,0.0,0,90,0,0.01,0,0,0,0,0,0,0
1781254572.037,0,0,0,0,0,-6.08,-0.79,0.0,0.0,0.0,0.0,0.0,0,90,0,0.01,0,0,0,0,0,0,0
1781254572.061,0,0,0,0,0,-6.05,-0.82,0.0,0.0,0.0,0.0,0.0,0,90,0,0.01,0,0,0,0,0,0,0
1781254572.084,0,0,0,0,0,-6.04,-0.85,0.0,0.0,0.0,0.0,0.0,0,90,0,0.01,0,0,0,0,0,0,0
1781254572.108,0,0,0,0,0,-6.04,-0.89,0.0,0.0,0.0,0.0,0.0,0,90,0,0.01,0,0,0,0,0,0,0
1781254572.129,0,0,0,0,0,-6.05,-0.94,0.0,0.0,0.0,0.0,0.0,0,90,0,0.01,0,0,0,0,0,0,0
1781254572.153,0,0,0,0,0,-6.04,-0.97,0.0,0.0,0.0,0.0,0.0,0,90,0,0.01,0,0,0,0,0,0,0
1781254572.177,0,0,0,0,0,-6.0,-0.99,0.0,0.0,0.0,0.0,0.0,0,90,0,0.01,0,0,0,0,0,0,0
1781254572.201,0,0,0,0,0,-5.96,-1.0,0.0,0.0,0.0,0.0,0.0,0,90,0,0.01,0,0,0,0,0,0,0
1781254572.223,0,0,0,0,0,-5.91,-1.01,0.0,0.0,0.0,0.0,0.0,0,90,0,0.01,0,0,0,0,0,0,0
1781254572.246,0,0,0,0,0,-5.87,-1.02,0.0,0.0,0.0,0.0,0.0,0,90,0,0.01,0,0,0,0,0,0,0
1781254572.269,0,0,0,0,0,-5.81,-0.99,0.0,0.0,0.0,0.0,0.0,0,90,0,0.01,0,0,0,0,0,0,0
1781254572.295,0,0,0,0,0,-5.76,-0.95,0.0,0.0,0.0,0.0,0.0,0,90,0,0.02,0,0,0,0,0,0,0
1781254572.317,0,0,0,0,0,-5.72,-0.89,0.0,0.0,0.0,0.0,0.0,0,90,0,0.02,0,0,0,0,0,0,0
1781254572.342,0,0,0,0,0,-5.69,-0.83,0.0,0.0,0.0,0.0,0.0,0,90,0,0.02,0,0,0,0,0,0,0
1781254572.363,0,0,0,0,0,-5.67,-0.76,0.0,0.0,0.0,0.0,0.0,0,90,0,0.02,0,0,0,0,0,0,0
1781254572.388,0,0,0,0,0,-5.66,-0.73,0.0,0.0,0.0,0.0,0.0,0,90,0,0.02,0,0,0,0,0,0,0
1781254572.411,0,0,0,0,0,-5.66,-0.67,0.0,0.0,0.0,0.0,0.0,0,90,0,0.03,0,0,0,0,0,0,0
1781254572.434,0,0,0,0,0,-5.58,-0.47,0.0,0.0,0.0,0.0,0.0,0,90,0,0.03,0,0,0,0,0,0,0
1781254572.458,0,0,0,0,0,-5.35,-0.2,0.0,0.0,0.0,0.0,0.0,0,90,0,0.04,0,0,0,0,0,0,0
1781254572.481,0,0,0,0,0,-5.05,0.06,0.0,0.0,0.0,0.0,0.0,0,90,0,0.05,0,0,0,0,0,0,0
1781254572.504,0,0,0,0,0,-4.79,0.31,0.0,0.0,0.0,0.0,0.0,0,90,0,0.08,0,0,0,0,0,0,0
1781254572.528,0,0,0,0,0,-4.59,0.5,0.0,0.0,0.0,0.0,0.0,0,90,0,0.12,0,0,0,0,0,0,0
1781254572.551,0,0,0,0,0,-4.5,0.67,0.0,0.0,0.0,0.0,0.0,0,90,0,0.15,0,0,0,0,0,0,0
1781254572.575,0,0,0,0,0,-4.39,1.02,0.0,0.0,0.0,0.0,0.0,0,90,0,0.21,0,0,0,0,0,0,0
1781254572.598,0,0,0,0,0,-4.13,1.61,0.0,0.0,0.0,0.0,0.0,0,90,0,0.32,0,0,0,0,0,0,0
1781254572.621,0,0,0,0,0,-3.7,2.4,0.0,0.0,0.0,0.0,0.0,0,90,0,0.5,0,0,0,0,0,0,0
1781254572.657,0,0,0,0,0,-3.2,3.36,0.0,0.0,0.0,0.0,0.0,0,90,0,0.81,0,0,0,0,0,0,0
1781254572.668,0,0,0,0,0,-2.65,4.52,0.0,0.0,0.0,0.0,0.0,0,90,0,1.31,0,0,0,0,0,0,0
1781254572.693,0,0,0,0,0,-2.03,5.94,0.0,0.0,0.0,0.0,0.0,0,90,0,2.09,0,0,0,0,0,0,0
1781254572.715,0,0,0,0,0,-1.3,7.66,0.0,0.0,0.0,0.0,0.0,0,90,0,3.32,0,0,0,0,0,0,0
1781254572.738,0,0,0,0,0,-0.43,9.75,0.0,0.0,0.0,0.0,0.0,0,90,1,5.21,0,0,0,0,0,0,0
1781254572.761,0,0,0,0,0,0.56,12.19,0.0,0.0,0.0,0.0,0.0,0,90,1,8.05,0,0,0,0,0,0,0
1781254572.785,0,0,0,0,0,1.66,14.92,0.0,0.0,0.0,0.0,0.0,0,90,1,12.16,0,0,0,0,0,0,0
1781254572.811,0,0,0,0,0,2.82,17.85,0.0,0.0,0.0,0.0,0.0,0,90,1,17.88,0,0,0,0,0,0,0
1781254572.833,0,0,0,0,0,3.98,20.9,0.0,0.0,0.0,0.0,0.0,0,90,1,25.5,0,0,0,0,0,0,0
1781254572.857,0,0,0,0,0,5.08,23.97,0.0,0.0,0.0,0.0,0.0,0,90,1,35.25,0,0,0,0,0,0,0
1781254572.881,0,0,0,0,0,6.12,27.02,0.0,0.0,0.0,0.0,0.0,0,90,1,47.32,0,0,0,0,0,0,0
1781254572.904,0,0,0,0,0,7.11,30.04,0.0,0.0,0.0,0.0,0.0,0,90,1,61.82,0,0,0,0,0,0,0
1781254572.93,0,0,0,0,0,8.08,33.01,0.0,0.0,0.0,0.0,0.0,0,90,1,78.85,0,0,0,0,0,0,0
1781254572.953,0,0,0,0,0,9.05,35.95,0.0,0.0,0.0,0.0,0.0,0,90,1,98.46,0,0,0,0,0,0,0
1781254572.976,0,0,0,0,0,10.0,38.91,0.0,0.0,0.0,0.0,0.0,0,90,1,120.78,0,0,0,0,0,0,0
1781254573.001,0,0,0,0,0,10.93,41.95,0.0,0.0,0.0,0.0,0.0,0,90,1,145.99,0,0,0,0,0,0,0
1781254573.025,0,0,0,0,0,11.83,45.06,0.0,0.0,0.0,0.0,0.0,0,90,1,174.26,0,0,0,0,0,0,0
1781254573.048,0,0,0,0,0,12.59,48.16,0.0,0.0,0.0,0.0,0.0,0,90,1,205.62,0,0,0,0,0,0,0
1781254573.071,0,0,0,0,0,13.01,51.17,0.0,0.0,0.0,0.0,0.0,0,90,1,239.93,0,0,0,0,0,0,0
1781254573.095,0,0,0,0,0,12.91,54.04,0.0,0.0,0.0,0.0,0.0,0,90,1,276.94,0,0,0,0,0,0,0
1781254573.119,0,0,0,0,0,12.18,56.73,0.0,0.0,0.0,0.0,0.0,0,90,1,316.27,0,0,0,0,0,0,0
1781254573.144,0,0,0,0,0,10.9,59.23,0.0,0.0,0.0,0.0,0.0,0,90,1,357.51,0,0,0,0,0,0,0
1781254573.166,0,0,0,0,0,9.22,61.59,0.0,0.0,0.0,0.0,0.0,0,90,1,400.27,0,0,0,0,0,0,0
1781254573.191,0,0,0,0,0,7.41,63.85,0.0,0.0,0.0,0.0,0.0,0,90,1,444.24,0,0,0,0,0,0,0
1781254573.213,0,0,0,0,0,5.72,66.01,0.0,0.0,0.0,0.0,0.0,0,90,1,489.04,0,0,0,0,0,0,0
1781254573.239,0,0,0,0,0,4.29,68.01,0.0,0.0,0.0,0.0,0.0,0,90,1,534.19,0,0,0,0,0,0,0
1781254573.262,0,0,0,0,0,3.03,69.77,0.0,0.0,0.0,0.0,0.0,0,90,1,579.02,0,0,0,0,0,0,0
1781254573.286,0,0,0,0,0,1.82,71.2,0.0,0.0,0.0,0.0,0.0,0,90,1,622.66,0,0,0,0,0,0,0
1781254573.31,0,0,0,0,0,0.56,72.24,0.0,0.0,0.0,0.0,0.0,0,90,1,664.17,0,0,0,0,0,0,0
1781254573.334,0,0,0,0,0,-0.77,72.93,0.0,0.0,0.0,0.0,0.0,0,90,1,702.71,0,0,0,0,0,0,0
1781254573.358,0,0,0,0,0,-2.17,73.38,0.0,0.0,0.0,0.0,0.0,0,90,1,737.72,0,0,0,0,0,0,0
1781254573.38,0,0,0,0,0,-3.59,73.75,0.0,0.0,0.0,0.0,0.0,0,90,1,769.01,0,0,0,0,0,0,0
1781254573.405,0,0,0,0,0,-4.9,74.18,0.0,0.0,0.0,0.0,0.0,0,90,1,796.59,0,0,0,0,0,0,0
1781254573.428,0,0,0,0,0,-5.95,74.68,0.0,0.0,0.0,0.0,0.0,0,90,1,820.55,0,0,0,0,0,0,0
1781254573.452,0,0,0,0,0,-6.65,75.17,0.0,0.0,0.0,0.0,0.0,0,90,1,840.79,0,0,0,0,0,0,0
1781254573.476,0,0,0,0,0,-7.06,75.51,0.0,0.0,0.0,0.0,0.0,0,90,1,857.04,0,0,0,0,0,0,0
1781254573.499,0,0,0,0,0,-7.31,75.6,0.0,0.0,0.0,0.0,0.0,0,90,1,868.84,0,0,0,0,0,0,0
1781254573.525,0,0,0,0,0,-7.4,75.39,0.0,0.0,0.0,0.0,0.0,0,90,1,875.73,0,0,0,0,0,0,0
1781254573.547,0,0,0,0,0,-7.3,75.05,0.0,0.0,0.0,0.0,0.0,0,90,1,877.54,0,0,0,0,0,0,0
1781254573.57,0,0,0,0,0,-7.01,74.85,0.0,0.0,0.0,0.0,0.0,0,90,1,874.52,0,0,0,0,0,0,0
1781254573.594,0,0,0,0,0,-6.38,74.32,0.0,0.0,0.0,0.0,0.0,0,90,1,866.3,0,0,0,0,0,0,0
1781254573.618,0,0,0,0,0,-5.37,72.61,0.0,0.0,0.0,0.0,0.0,0,90,1,851.75,0,0,0,0,0,0,0
1781254573.642,0,0,0,0,0,-4.07,69.78,0.0,0.0,0.0,0.0,0.0,0,90,1,830.24,0,0,0,0,0,0,0
1781254573.666,0,0,0,0,0,-2.66,66.37,0.0,0.0,0.0,0.0,0.0,0,90,1,802.08,0,0,0,0,0,0,0
1781254573.685,0,0,0,0,0,-1.37,62.72,0.0,0.0,0.0,0.0,0.0,0,90,1,768.09,0,0,0,0,0,0,0
1781254573.708,0,0,0,0,0,-0.43,58.95,0.0,0.0,0.0,0.0,0.0,0,90,1,729.26,0,0,0,0,0,0,0
1781254573.733,0,0,0,0,0,0.04,54.93,0.0,0.0,0.0,0.0,0.0,0,90,1,686.59,0,0,0,0,0,0,0
1781254573.756,0,0,0,0,0,0.09,50.44,0.0,0.0,0.0,0.0,0.0,0,90,1,641.58,0,0,0,0,0,0,0
1781254573.774,0,0,0,0,0,-0.15,45.41,0.0,0.0,0.0,0.0,0.0,0,90,1,596.16,0,0,0,0,0,0,0
1781254573.798,0,0,0,0,0,-0.57,39.98,0.0,0.0,0.0,0.0,0.0,0,90,1,552.48,0,0,0,0,0,0,0
1781254573.822,0,0,0,0,0,-1.12,34.21,0.0,0.0,0.0,0.0,0.0,0,90,1,512.81,0,0,0,0,0,0,0
1781254573.846,0,0,0,0,0,-1.77,28.15,0.0,0.0,0.0,0.0,0.0,0,90,1,479.6,0,0,0,0,0,0,0
1781254573.87,0,0,0,0,0,-2.55,21.99,0.0,0.0,0.0,0.0,0.0,0,90,1,455.26,0,0,0,0,0,0,0
1781254573.893,0,0,0,0,0,-3.48,16.01,0.0,0.0,0.0,0.0,0.0,0,90,1,441.81,0,0,0,0,0,0,0
1781254573.916,0,0,0,0,0,-4.66,10.39,0.0,0.0,0.0,0.0,0.0,0,90,1,440.73,0,0,0,0,0,0,0
1781254573.94,0,0,0,0,0,-6.11,5.19,0.0,0.0,0.0,0.0,0.0,0,90,1,452.89,0,0,0,0,0,0,0
1781254573.963,0,0,0,0,0,-7.78,0.44,0.0,0.0,0.0,0.0,0.0,0,90,1,478.52,0,0,0,0,0,0,0
1781254573.987,0,0,0,0,0,-9.51,-3.87,0.0,0.0,0.0,0.0,0.0,0,90,1,517.25,0,0,0,0,0,0,0
1781254574.011,0,0,0,0,0,-11.09,-7.67,0.0,0.0,0.0,0.0,0.0,0,90,1,568.04,0,0,0,0,0,0,0
1781254574.034,0,0,0,0,0,-12.37,-10.87,0.0,0.0,0.0,0.0,0.0,0,90,1,629.18,0,0,0,0,0,0,0
1781254574.058,0,0,0,0,0,-13.29,-13.38,0.0,0.0,0.0,0.0,0.0,0,90,1,698.44,0,0,0,0,0,0,0
1781254574.077,0,0,0,0,0,-13.91,-15.18,0.0,0.0,0.0,0.0,0.0,0,90,1,773.29,0,0,0,0,0,0,0
1781254574.101,0,0,0,0,0,-14.28,-16.27,0.0,0.0,0.0,0.0,0.0,0,90,1,851.18,0,0,0,0,0,0,0
1781254574.125,0,0,0,0,0,-14.44,-16.78,0.0,0.0,0.0,0.0,0.0,0,90,1,929.77,0,0,0,0,0,0,0
1781254574.149,0,0,0,0,0,-14.45,-16.83,0.0,0.0,0.0,0.0,0.0,0,90,1,1007.21,0,0,0,0,0,0,0
1781254574.173,0,0,0,0,0,-14.34,-16.64,0.0,0.0,0.0,0.0,0.0,0,90,1,1082.13,0,0,0,0,0,0,0
1781254574.196,0,0,0,0,0,-14.26,-16.41,0.0,0.0,0.0,0.0,0.0,0,90,1,1153.67,0,0,0,0,0,0,0
1781254574.221,0,0,0,0,0,-14.27,-16.28,0.0,0.0,0.0,0.0,0.0,0,90,1,1221.28,0,0,0,0,0,0,0
1781254574.245,0,0,0,0,0,-14.32,-16.36,0.0,0.0,0.0,0.0,0.0,0,90,1,1284.59,0,0,0,0,0,0,0
1781254574.268,0,0,0,0,0,-14.37,-16.54,0.0,0.0,0.0,0.0,0.0,0,90,1,1343.07,0,0,0,0,0,0,0
1781254574.287,0,0,0,0,0,-14.76,-16.79,0.0,0.0,0.0,0.0,0.0,0,90,1,1396.16,0,0,0,0,0,0,0
1781254574.31,0,0,0,0,0,-15.93,-17.31,0.0,0.0,0.0,0.0,0.0,0,90,1,1443.8,0,0,0,0,0,0,0
1781254574.335,0,0,0,0,0,-17.68,-18.06,0.0,0.0,0.0,0.0,0.0,0,90,1,1485.84,0,0,0,0,0,0,0
1781254574.359,0,0,0,0,0,-19.47,-18.76,0.0,0.0,0.0,0.0,0.0,0,90,1,1521.51,0,0,0,0,0,0,0
1781254574.382,0,0,0,0,0,-20.95,-19.2,0.0,0.0,0.0,0.0,0.0,0,90,1,1549.65,0,0,0,0,0,0,0
1781254574.406,0,0,0,0,0,-21.98,-19.29,0.0,0.0,0.0,0.0,0.0,0,90,1,1569.13,0,0,0,0,0,0,0
1781254574.43,0,0,0,0,0,-22.59,-19.08,0.0,0.0,0.0,0.0,0.0,0,90,1,1579.19,0,0,0,0,0,0,0
1781254574.454,0,0,0,0,0,-22.89,-18.67,0.0,0.0,0.0,0.0,0.0,0,90,1,1579.64,0,0,0,0,0,0,0
1781254574.479,0,0,0,0,0,-23.01,-18.19,0.0,0.0,0.0,0.0,0.0,0,90,1,1570.81,0,0,0,0,0,0,0
1781254574.497,0,0,0,0,0,-23.07,-17.74,0.0,0.0,0.0,0.0,0.0,0,90,1,1553.33,0,0,0,0,0,0,0
1781254574.521,0,0,0,0,0,-23.12,-17.37,0.0,0.0,0.0,0.0,0.0,0,90,1,1527.75,0,0,0,0,0,0,0
1781254574.545,0,0,0,0,0,-23.2,-17.05,0.0,0.0,0.0,0.0,0.0,0,90,1,1494.31,0,0,0,0,0,0,0
1781254574.57,0,0,0,0,0,-23.27,-16.74,0.0,0.0,0.0,0.0,0.0,0,90,1,1452.87,0,0,0,0,0,0,0
1781254574.592,0,0,0,0,0,-23.27,-16.39,0.0,0.0,0.0,0.0,0.0,0,90,1,1403.18,0,0,0,0,0,0,0
1781254574.616,0,0,0,0,0,-23.17,-16.0,0.0,0.0,0.0,0.0,0.0,0,90,1,1345.19,0,0,0,0,0,0,0
1781254574.639,0,0,0,0,0,-22.99,-15.58,0.0,0.0,0.0,0.0,0.0,0,90,1,1279.23,0,0,0,0,0,0,0
1781254574.663,0,0,0,0,0,-22.77,-15.14,0.0,0.0,0.0,0.0,0.0,0,90,1,1205.97,0,0,0,0,0,0,0
1781254574.687,0,0,0,0,0,-22.54,-14.71,0.0,0.0,0.0,0.0,0.0,0,90,1,1126.29,0,0,0,0,0,0,0
1781254574.711,0,0,0,0,0,-22.32,-14.31,0.0,0.0,0.0,0.0,0.0,0,90,1,1040.76,0,0,0,0,0,0,0
1781254574.734,0,0,0,0,0,-22.15,-13.96,0.0,0.0,0.0,0.0,0.0,0,90,1,949.15,0,0,0,0,0,0,0
1781254574.757,0,0,0,0,0,-22.01,-13.66,0.0,0.0,0.0,0.0,0.0,0,90,1,852.58,0,0,0,0,0,0,0
1781254574.78,0,0,0,0,0,-21.89,-13.37,0.0,0.0,0.0,0.0,0.0,0,90,1,754.66,0,0,0,0,0,0,0
1781254574.806,0,0,0,0,0,-21.76,-13.08,0.0,0.0,0.0,0.0,0.0,0,90,1,658.92,0,0,0,0,0,0,0
1781254574.828,0,0,0,0,0,-21.61,-12.77,0.0,0.0,0.0,0.0,0.0,0,90,1,567.24,0,0,0,0,0,0,0
1781254574.851,0,0,0,0,0,-21.41,-12.45,0.0,0.0,0.0,0.0,0.0,0,90,1,480.53,0,0,0,0,0,0,0
1781254574.876,0,0,0,0,0,-21.14,-12.11,0.0,0.0,0.0,0.0,0.0,0,90,1,399.28,0,0,0,0,0,0,0
1781254574.898,0,0,0,0,0,-20.8,-11.76,0.0,0.0,0.0,0.0,0.0,0,90,1,324.24,0,0,0,0,0,0,0
1781254574.922,0,0,0,0,0,-20.41,-11.38,0.0,0.0,0.0,0.0,0.0,0,90,1,256.6,0,0,0,0,0,0,0
1781254574.945,0,0,0,0,0,-19.96,-10.98,0.0,0.0,0.0,0.0,0.0,0,90,1,197.44,0,0,0,0,0,0,0
1781254574.968,0,0,0,0,0,-19.5,-10.55,0.0,0.0,0.0,0.0,0.0,0,90,1,147.33,0,0,0,0,0,0,0
1781254574.992,0,0,0,0,0,-19.06,-10.12,0.0,0.0,0.0,0.0,0.0,0,90,1,106.42,0,0,0,0,0,0,0
1781254575.015,0,0,0,0,0,-18.66,-9.68,0.0,0.0,0.0,0.0,0.0,0,90,1,74.51,0,0,0,0,0,0,0
1781254575.039,0,0,0,0,0,-18.27,-9.2,0.0,0.0,0.0,0.0,0.0,0,90,1,50.88,0,0,0,0,0,0,0
1781254575.063,0,0,0,0,0,-17.85,-8.66,0.0,0.0,0.0,0.0,0.0,0,90,1,34.33,0,0,0,0,0,0,0
1781254575.086,0,0,0,0,0,-17.34,-8.01,0.0,0.0,0.0,0.0,0.0,0,90,1,23.5,0,0,0,0,0,0,0
1781254575.109,0,0,0,0,0,-16.68,-7.22,0.0,0.0,0.0,0.0,0.0,0,90,1,17.24,0,0,0,0,0,0,0
1781254575.133,0,0,0,0,0,-15.85,-6.25,0.0,0.0,0.0,0.0,0.0,0,90,1,15.01,0,0,0,0,0,0,0
1781254575.157,0,0,0,0,0,-14.82,-5.1,0.0,0.0,0.0,0.0,0.0,0,90,1,13.69,0,0,0,0,0,0,0
1781254575.179,0,0,0,0,0,-13.56,-3.73,0.0,0.0,0.0,0.0,0.0,0,90,1,15.01,0,0,0,0,0,0,0
1781254575.203,0,0,0,0,0,-12.06,-2.17,0.0,0.0,0.0,0.0,0.0,0,90,1,17.59,0,0,0,0,0,0,0
1781254575.227,0,0,0,0,0,-10.3,-0.46,0.0,0.0,0.0,0.0,0.0,0,90,1,21.12,0,0,0,0,0,0,0
1781254575.25,0,0,0,0,0,-8.32,1.28,0.0,0.0,0.0,0.0,0.0,0,90,1,25.39,0,0,0,0,0,0,0
1781254575.274,0,0,0,0,0,-6.2,2.93,0.0,0.0,0.0,0.0,0.0,0,90,1,30.32,0,0,0,0,0,0,0
1781254575.297,0,0,0,0,0,-4.1,4.33,0.0,0.0,0.0,0.0,0.0,0,90,1,35.77,0,0,0,0,0,0,0
1781254575.321,0,0,0,0,0,-2.22,5.4,0.0,0.0,0.0,0.0,0.0,0,90,1,41.58,0,0,0,0,0,0,0
1781254575.343,0,0,0,0,0,-0.68,6.09,0.0,0.0,0.0,0.0,0.0,0,90,1,47.52,0,0,0,0,0,0,0
1781254575.366,0,0,0,0,0,0.52,6.44,0.0,0.0,0.0,0.0,0.0,0,90,1,53.33,0,0,0,0,0,0,0
1781254575.389,0,0,0,0,0,1.49,6.51,0.0,0.0,0.0,0.0,0.0,0,90,1,58.8,0,0,0,0,0,0,0
1781254575.413,0,0,0,0,0,2.41,6.42,0.0,0.0,0.0,0.0,0.0,0,90,1,63.77,0,0,0,0,0,0,0
1781254575.436,0,0,0,0,0,3.43,6.27,0.0,0.0,0.0,0.0,0.0,0,90,1,68.19,0,0,0,0,0,0,0
1781254575.46,0,0,0,0,0,4.66,6.12,0.0,0.0,0.0,0.0,0.0,0,90,1,72.02,0,0,0,0,0,0,0
1781254575.483,0,0,0,0,0,6.09,5.99,0.0,0.0,0.0,0.0,0.0,0,90,1,80.25,0,0,0,0,0,0,0
1781254575.506,0,0,0,0,0,7.66,5.89,0.0,0.0,0.0,0.0,0.0,0,90,1,90.9,0,0,0,0,0,0,0
1781254575.53,0,0,0,0,0,9.27,5.8,0.0,0.0,0.0,0.0,0.0,0,90,1,102.25,0,0,0,0,0,0,0
1781254575.553,0,0,0,0,0,10.81,5.66,0.0,0.0,0.0,0.0,0.0,0,90,1,114.07,0,0,0,0,0,0,0
1781254575.577,0,0,0,0,0,12.25,5.49,0.0,0.0,0.0,0.0,0.0,0,90,1,126.17,0,0,0,0,0,0,0
1781254575.601,0,0,0,0,0,13.6,5.36,0.0,0.0,0.0,0.0,0.0,0,90,1,138.49,0,0,0,0,0,0,0
1781254575.624,0,0,0,0,0,14.89,5.29,0.0,0.0,0.0,0.0,0.0,0,90,1,150.97,0,0,0,0,0,0,0
1781254575.648,0,0,0,0,0,16.08,5.29,0.0,0.0,0.0,0.0,0.0,0,90,1,163.52,0,0,0,0,0,0,0
1781254575.672,0,0,0,0,0,17.13,5.32,0.0,0.0,0.0,0.0,0.0,0,90,1,175.96,0,0,0,0,0,0,0
1781254575.695,0,0,0,0,0,18.07,5.36,0.0,0.0,0.0,0.0,0.0,0,90,1,188.09,0,0,0,0,0,0,0
1781254575.718,0,0,0,0,0,18.91,5.39,0.0,0.0,0.0,0.0,0.0,0,90,1,199.73,0,0,0,0,0,0,0
1781254575.743,0,0,0,0,0,19.67,5.43,0.0,0.0,0.0,0.0,0.0,0,90,1,210.72,0,0,0,0,0,0,0
1781254575.765,0,0,0,0,0,20.31,5.47,0.0,0.0,0.0,0.0,0.0,0,90,1,220.95,0,0,0,0,0,0,0
1781254575.788,0,0,0,0,0,20.86,5.48,0.0,0.0,0.0,0.0,0.0,0,90,1,230.29,0,0,0,0,0,0,0
1781254575.813,0,0,0,0,0,21.33,5.5,0.0,0.0,0.0,0.0,0.0,0,90,1,238.7,0,0,0,0,0,0,0
1781254575.836,0,0,0,0,0,21.74,5.56,0.0,0.0,0.0,0.0,0.0,0,90,1,246.14,0,0,0,0,0,0,0
1781254575.86,0,0,0,0,0,22.12,5.65,0.0,0.0,0.0,0.0,0.0,0,90,1,252.56,0,0,0,0,0,0,0
1781254575.883,0,0,0,0,0,22.48,5.73,0.0,0.0,0.0,0.0,0.0,0,90,1,257.91,0,0,0,0,0,0,0
1781254575.907,0,0,0,0,0,22.82,5.78,0.0,0.0,0.0,0.0,0.0,0,90,1,262.12,0,0,0,0,0,0,0
1781254575.93,0,0,0,0,0,23.09,5.78,0.0,0.0,0.0,0.0,0.0,0,90,1,265.09,0,0,0,0,0,0,0
1781254575.953,0,0,0,0,0,23.25,5.75,0.0,0.0,0.0,0.0,0.0,0,90,1,266.69,0,0,0,0,0,0,0
1781254575.977,0,0,0,0,0,23.28,5.73,0.0,0.0,0.0,0.0,0.0,0,90,1,266.8,0,0,0,0,0,0,0
1781254575.999,0,0,0,0,0,23.2,5.72,0.0,0.0,0.0,0.0,0.0,0,90,1,265.36,0,0,0,0,0,0,0
1781254576.024,0,0,0,0,0,23.06,5.74,0.0,0.0,0.0,0.0,0.0,0,90,1,262.41,0,0,0,0,0,0,0
1781254576.047,0,0,0,0,0,22.87,5.77,0.0,0.0,0.0,0.0,0.0,0,90,1,257.99,0,0,0,0,0,0,0
1781254576.071,0,0,0,0,0,22.6,5.81,0.0,0.0,0.0,0.0,0.0,0,90,1,252.17,0,0,0,0,0,0,0
1781254576.094,0,0,0,0,0,22.26,5.88,0.0,0.0,0.0,0.0,0.0,0,90,1,245.03,0,0,0,0,0,0,0
1781254576.117,0,0,0,0,0,21.86,5.95,0.0,0.0,0.0,0.0,0.0,0,90,1,236.66,0,0,0,0,0,0,0
1781254576.14,0,0,0,0,0,21.42,6.03,0.0,0.0,0.0,0.0,0.0,0,90,1,227.13,0,0,0,0,0,0,0
1781254576.164,0,0,0,0,0,20.97,6.1,0.0,0.0,0.0,0.0,0.0,0,90,1,216.51,0,0,0,0,0,0,0
1781254576.187,0,0,0,0,0,20.48,6.17,0.0,0.0,0.0,0.0,0.0,0,90,1,204.81,0,0,0,0,0,0,0
1781254576.211,0,0,0,0,0,19.92,6.25,0.0,0.0,0.0,0.0,0.0,0,90,1,192.08,0,0,0,0,0,0,0
1781254576.234,0,0,0,0,0,19.24,6.35,0.0,0.0,0.0,0.0,0.0,0,90,1,178.4,0,0,0,0,0,0,0
1781254576.259,0,0,0,0,0,18.4,6.45,0.0,0.0,0.0,0.0,0.0,0,90,1,163.95,0,0,0,0,0,0,0
1781254576.281,0,0,0,0,0,17.38,6.53,0.0,0.0,0.0,0.0,0.0,0,90,1,148.99,0,0,0,0,0,0,0
1781254576.305,0,0,0,0,0,16.17,6.58,0.0,0.0,0.0,0.0,0.0,0,90,1,133.83,0,0,0,0,0,0,0
1781254576.329,0,0,0,0,0,14.78,6.56,0.0,0.0,0.0,0.0,0.0,0,90,1,118.88,0,0,0,0,0,0,0
1781254576.352,0,0,0,0,0,13.18,6.5,0.0,0.0,0.0,0.0,0.0,0,90,1,104.58,0,0,0,0,0,0,0
1781254576.375,0,0,0,0,0,11.39,6.46,0.0,0.0,0.0,0.0,0.0,0,90,1,91.43,0,0,0,0,0,0,0
1781254576.399,0,0,0,0,0,9.41,6.35,0.0,0.0,0.0,0.0,0.0,0,90,1,79.96,0,0,0,0,0,0,0
1781254576.422,0,0,0,0,0,7.34,6.02,0.0,0.0,0.0,0.0,0.0,0,90,1,70.6,0,0,0,0,0,0,0
1781254576.447,0,0,0,0,0,5.27,5.47,0.0,0.0,0.0,0.0,0.0,0,90,1,63.63,0,0,0,0,0,0,0
1781254576.47,0,0,0,0,0,3.3,4.83,0.0,0.0,0.0,0.0,0.0,0,90,1,59.09,0,0,0,0,0,0,0
1781254576.493,0,0,0,0,0,1.54,4.18,0.0,0.0,0.0,0.0,0.0,0,90,1,56.78,0,0,0,0,0,0,0
1781254576.517,0,0,0,0,0,0.06,3.6,0.0,0.0,0.0,0.0,0.0,0,90,1,56.33,0,0,0,0,0,0,0
1781254576.54,0,0,0,0,0,-1.07,3.13,0.0,0.0,0.0,0.0,0.0,0,90,1,57.3,0,0,0,0,0,0,0
1781254576.564,0,0,0,0,0,-1.8,2.82,0.0,0.0,0.0,0.0,0.0,0,90,1,59.3,0,0,0,0,0,0,0
